-- =========================================================
-- GENERATED FILE — do not edit by hand.
-- Subject: math-1ere (Mathématiques)
-- Regenerate with: npm run content:build
-- Source of truth: content/math-1ere/
-- =========================================================

DO $$
BEGIN
  IF EXISTS (SELECT 1 FROM pg_constraint WHERE conname = 'exercises_mode_check') THEN
    ALTER TABLE public.exercises DROP CONSTRAINT exercises_mode_check;
  END IF;
  ALTER TABLE public.exercises
    ADD CONSTRAINT exercises_mode_check CHECK (mode IN ('practice', 'boss', 'quiz', 'challenge'));
END $$;

INSERT INTO public.subjects (id, name_fr, description, attribute, color_token, icon, display_order, content_language, is_premium, theme_id, grade_id) VALUES
  ('math-1ere', 'Mathématiques', 'الأنشطة العددية والهندسة والتموقع في الفضاء وفق برنامج الرياضيات للسنة الأولى من التعليم الأساسي', 'Force', 'subject-math', 'Calculator', 1, 'ar', false, 'ecole-tn', (SELECT id FROM public.grades WHERE theme_id = 'ecole-tn' AND slug = '1ere-base'))
ON CONFLICT (id) DO UPDATE SET
  name_fr = EXCLUDED.name_fr,
  description = EXCLUDED.description,
  attribute = EXCLUDED.attribute,
  color_token = EXCLUDED.color_token,
  icon = EXCLUDED.icon,
  display_order = EXCLUDED.display_order,
  content_language = EXCLUDED.content_language,
  is_premium = EXCLUDED.is_premium,
  theme_id = EXCLUDED.theme_id,
  grade_id = EXCLUDED.grade_id;

-- Prune admin-authored content that is no longer in the source tree.
DO $$
BEGIN
  IF to_regclass('public.dungeon_run_questions') IS NOT NULL THEN
    DELETE FROM public.dungeon_run_questions d
    USING public.questions q, public.exercises e
    WHERE d.question_id = q.id
      AND q.exercise_id = e.id
      AND e.subject_id = 'math-1ere'
      AND e.source = 'admin'
      AND q.id NOT IN ('22bc1be9-2583-59f6-9313-9c6f101eec2f', 'e8b1ae2b-7b2f-5217-ac38-376fc22f5ad8', '1585e224-ecbf-5ced-9536-da6c29ec7fb3', 'd3066a32-5c2b-5c9b-b347-50a9b260df12', '64108a36-1a32-52bb-8ae8-a3ccb3652af8', 'a087aafb-c69d-585d-97c3-56271d8a48a6', 'ac0ceb82-56b2-5d4e-bf8d-602007ee5e55', 'b73ac76d-695b-5c14-9fa0-2f501eedc464', '1c9ffe8f-8129-545a-8669-735e33e24caa', '14d4b509-511f-5716-aba5-baad7bd31983', '71b39dd7-469b-5120-8e72-6e462db6f17f', 'd35b5636-94f9-5e7b-9bd6-b32414bd4d52', '92a41e6f-fdda-55a8-8ed3-a750d313b6c0', 'd662e1b7-0c5a-50a9-8a13-af31faf6623c', '377112bd-4ede-5b14-ad5a-158734dce1d4', '5d6dc786-aefd-5e06-8dbd-b3b3aba85100', 'b1a93572-5ad3-5eac-b608-5c44d40ff43c', '79165bf5-d403-5ee0-bb61-415501302204', 'fe4171ca-bcbf-5adf-9250-aa415e7d1ed8', '9e2e31e4-84ed-58cb-88c6-e308556fabbb', 'b9f9b894-3beb-5687-922d-0e1495bd812f', 'ea4bf596-c295-5095-afb5-a1b1a80b4629', 'e44d5b7b-66a4-5d13-ba12-00da4f0fde1c', '6b57bb64-57a9-5a41-b271-511dba252032', 'ffbc3aef-7acd-52c8-bade-17491d0b3f03', '495fd9c0-95fa-550e-9c47-2bb07e0c2abd', '6b32867e-d5d0-574a-8d2f-c25c803b56c3', '062d542a-f647-5025-9138-b3ef29b619f0', '906088ab-04a4-5cd2-9869-cf1057c25c8b', '20de4c9f-827c-5a14-9fd8-39e700372f9c', '65921bd0-bb97-5da8-8a53-e26dd3bff15c', '6359a174-80e5-56f8-bb27-41fe1bf486d0', 'dba1a28d-b391-59c0-9b3b-ba140bd04974', '61d31db6-a24b-5fde-89ad-96fe8009279d', '4e93f4b0-5cee-505a-b39b-a1129d3d78dc', '9c5b368b-1b91-5845-81f3-c9bfe7ae63b1', 'efb2f8b7-1b64-59aa-94c2-5ef8ee0d75a7', 'a15132a4-6ade-57f9-bd71-8dcffaff868a', '8e7b88bb-cd74-5780-b655-2ddd33a6fd94', '6817ab7b-4807-51cd-997a-54058567ce3c', 'af263e77-d14e-55c1-9fe9-7d6b41b7451d', 'dda0a4af-d061-5a87-8303-61d362260eaa', '2922137e-c2e3-58e7-8693-e6d803e77a99', '4a858ebd-eabb-50b4-8939-8fd36a6dec5f', 'eb0cbf45-dd30-50a1-a92d-6da781cefe87', 'fa7dbdf0-347b-548c-98a0-d9b7b230bd2c', '2ffdb7c6-d090-5c52-a887-57114178880a', '31c18015-043b-56f4-8668-ea467de9a8c4', 'd326095a-c43f-57fe-ac3b-7dd3a04417d4', '8540226d-914a-5bfe-ab00-2e72405f12e4', '73a2b0b6-8e5f-5995-ba97-cde9ea6c90aa', 'da2f2c56-a562-5df6-a3aa-0d8635b5bfc8', 'aa5e3851-8aa8-5854-beca-89ad71dda792', '001d9636-1cca-5405-8a5d-534e4e37d451', '8cc1bd67-7fea-5325-b0e3-0cb5d36313eb', 'bf9f07ce-b212-5212-ac03-29fab1bcbf81', 'a388d075-825c-5b3f-94f5-260e37a06f41', '459f2b38-a2fc-5dff-8350-14af044800e6', 'fac80caa-f1fb-57af-88bb-149e6617349d', 'e222f189-542b-5296-ae4c-fd5ca42446a8', '88d8dba7-d94a-5476-ad8d-a59dbc869e6c', '2c1c671c-e69d-5398-9b5b-31f134c7ee20', '783e5cc1-0909-5350-aeee-11e37109c50e', 'd46a2031-2e6c-5ac3-b3c0-58e2f6b8a617', '2c2732a5-ef61-52dc-bbc4-feb4728f559c', '3837c709-218f-5b07-8642-cc7a2623ba35', '297a18df-b730-5122-8416-3f2c6cf961b4', '90f97137-2f2c-55da-bbfa-3b6057f4b335', 'ac8c35c4-8620-525c-b02a-366bc1f5d691', '7aeb467a-2ff1-5378-98f7-f2cac24bdd0a', '82f55bbb-25d8-5863-8200-aa986a0534c3', 'f8428593-2179-5bba-af58-174df69839c4', '7cb42658-e019-5651-b74b-9a132464dfba', 'e4e05e71-e7b0-52f9-886d-08ac5ee1ebc0', '10f37e84-77f9-5e4c-9a3e-6633bbf8a2d2', '82fde5f3-362f-5acd-b512-6deb62ecdddd', '5e4a8793-eb42-5bd5-a913-cef3fba0d7f6', 'a15e23bf-c9e7-53b8-9d9b-6e9ba72a6a21', '5b090ea2-fc32-51bf-9fb4-d5b7b169b225', 'f78a1066-702e-5c6f-8a6e-79128959cf3b', 'd0cb6a14-200a-555b-a666-ec6c54b9bc50', '82594895-9ac1-5a9a-91f9-013db536a435', 'fbd4bb4e-d074-5049-b09b-8ad3d4f18a07', 'f9458b1d-6e21-5fdc-9169-62a2915a047e', 'b84b46ce-f1a7-5495-b6e0-5c59523cae95', 'bf299130-4e08-5f95-ac43-4814d35f8565', '51120502-1e21-57d9-99a7-b20f1044060d', 'b3c32f7f-fd1a-50a5-b14c-9ee5e2b526e0', 'bb37fdd4-767c-59ce-aa88-6bdaa4da3795', 'a7272737-c9ea-53c2-a162-d601aa55120e', 'b1023f58-22c6-5f7d-8b4b-d0065b4025aa', '4258f021-4230-5b31-9bda-af0a12c9686d', '20155c79-14e9-5204-a851-a397773420b7', '15b15ca9-de27-514e-866f-4dbe92db8551', 'aa5739ba-798d-5a5b-8753-e769b782af1d', '17c9e34e-1ccf-55e2-b1c7-17d723701c06', 'a6b46202-5216-58f7-aaee-06ab418899c6', '73d236c0-ec8a-56a5-a68c-385f7c3becde', 'b4e6f1a5-8e3e-50ad-93bc-7ff96a21d8da', '558d7fe4-4b6f-5c17-9845-28971f69844f', 'ee5c1c98-3ea0-57d9-9a12-cb45333de6ea', '32330e55-3c9f-55ed-b4c9-1dddb5b324e9', '30378330-c107-551b-bbed-de3b6a102ed4', '84f2065f-c2c0-5e63-8a44-0ba771a85daa', '3bb3f1e1-f549-52c9-b38b-67bb046df5f2', '71cfb666-ae83-50bf-a6b5-4a0a71524e85', 'c87a45b0-bfea-54e4-89ec-5ba81d64fc41', 'eb4e4eab-9f21-5091-b6f4-348868bc2b73', '25a16184-7c27-5dfe-b82e-fcb4d7ef0cde', '1a15eed5-8f6a-52fa-a745-dfe5b13ee93a', '49a52a15-0e77-5d0f-be4b-dbd11f39cb64', '9bd8e9d4-201e-5c10-97d9-c6fcb48a90d0', '585b34c2-575e-51f0-a108-d1cdb8222ee5', '1638861b-db67-5dfc-a946-9ef49daf4dfc', '79256cf2-ecbd-56b2-addb-2fbf64db9a04', '523582ee-9fcd-59f3-80f0-8caae92bfe83', 'f041760b-e838-5855-b11e-efe68a614bf3', 'b08af78c-5448-5fd4-b09a-f14fb4972bf9', 'd7a5be23-46e5-5bb2-950e-3b4cfd26201a', '65c7e7a1-6276-565b-bf75-0a10c0e331b4', '3b33511c-1bcd-532b-ba8b-0a217d54260f', '5a3d0ca7-a6bc-5d3a-b8b5-92e49376d8d4', '036b8c30-7ebf-59c5-a7d0-2938920233ea', '54dd9110-9e8f-52bb-9811-738f84d70e76', '24b16315-b429-556b-8bab-b6f108d7bce2', '2a501ec8-b0a9-5198-b56b-b9064f08e75c', '44456f5b-f0f7-54f3-9ee4-e68967233ae4', '3a27ac81-df7d-5485-969a-00929d5d1361', '214c2396-9825-5ea4-a155-4e4f6873c428', 'e11c09cc-f684-5507-b331-cf33829b4b0c', 'bcdae7ac-aedf-5f55-9cbf-92ce72bff640', '58e04c6d-bd69-5b60-8e80-0903eee2008e', 'b1cf10af-78e6-5d80-9894-26fbd0729d9b', '0298fab9-60e5-5b4f-80ac-5f82117802a7', 'ad7a24f6-aa42-57c3-830e-f32b1cfff937', '6b343783-6e05-527d-9ebf-ace568acaec8', '1d163f73-069b-52e5-b483-7b04cdc71d00', '236d31ad-9e59-55d6-ba71-4d5a48ef62ee', 'ad290fb8-1a41-5b8c-9994-1a19664ca7c2', 'baf24cba-a820-5220-88cc-d485b9335a9c', '89cda8a6-5024-5f5e-b47e-f02e98746da6', '461e01c1-7bd7-51c9-bfb0-7420590fe1c7', '858e36db-b5a4-5cf6-ae35-efedc3e22fc0', 'db2e87dc-b912-5497-978a-cfd620ea2877', '5c258d42-95e9-5fc5-9e14-4ecdf2371cb8', '6c6b1d07-1206-58e0-944f-c495d810d940', '6603b76a-c585-5f8d-91bb-09e80f3bb7a6', '27cefe3b-c43d-5097-a4b1-6cb3330f7aac', '4a90fc6c-5666-50a0-b084-c4df16d775f0', 'a918dfc2-9caf-5116-ab34-16d4d7eb6c85', '717126e6-475c-5634-9ef8-f315f1bc13c4', 'ff515951-abec-5102-a205-4204ced6e253', '004286d3-7180-53fa-9e66-ec0e3b386f8b', '59c7c599-fba0-5cfd-8acf-86248737aeea', '78467eed-adf4-5a72-82f1-b9cc37c3a55f', 'af277822-6a04-50c2-9ba9-dd508030d5f6', 'ae654794-f27c-54b0-8a13-b8ddd0c9db48', '245df63a-3600-5ef4-b4b1-250b42324094', '66d4fbe9-c14c-59e8-9f2f-e639368b912d', 'c578e46b-56cd-5b01-adbd-52aa4d5359fc', '2a2e34d2-551f-5963-976b-3bda9daef18c', 'cf6ed850-b97d-511f-b1da-904acc3153fb', '4475c523-93f6-5eb0-9756-f37f4607262f', 'd14aa0b8-d0c2-5400-bc79-5cc1e2d8af43', 'f5ec0720-7425-5a87-a372-1bd70745643e', '3a8d7809-2caf-5ffc-af2a-835a4f95c15c', '67830307-c0ad-5e39-93bc-3c0f9fd3ade2', 'a8963aa7-4ba8-5a8c-924a-c4655595799f', 'c0b93815-28b3-5c0d-8d41-082215b519a2', 'a0ceac00-d1e3-5521-9fc3-e0135b5a350f', 'd7430bfa-8ff7-5269-aaf5-be13bb14246c', '690ff836-5b33-5ccb-b215-abca1abc5bd7', 'a81ff8de-3c71-52b0-93c1-1f3d74dae9f9', 'd63df2e2-ee32-565f-a46d-77634272e59e', '2953f4a7-ced4-5fc9-baf7-c0be66e5ddda', 'd5b375e8-c4b7-5e0f-b9b2-61272aa9cb97', '95c9839d-2a8f-52ac-9d17-1695964834f3', '29365060-83e3-59e0-81b9-378e9d61af99', 'e6127c6c-64ef-586b-b2fd-f09e4e6c6d12', '712d8311-7d86-5cf7-b085-d34c06711955', 'f9dbcf87-fa71-5038-8150-e81cff0c41f4', '50244701-7dc5-51b0-912a-893925bf227d', '0a9b3458-ae53-599a-965c-50349d34e597', 'c21d56e4-55a9-5657-aedf-39bdc20d3ceb', '8ad724e3-853d-5b80-a90a-3577acba26c5', 'e327d39c-d85c-5346-bbfa-bd83c5f0fee1', '42e88bd7-4298-5730-9ada-c7e81feb4adf', '8eb0056a-2f68-5659-ace5-52c3c1539389', '3469d23d-88b0-519b-a06c-577b84bc3fba', '16dd707b-b85b-5b4c-9a1f-b1865f47cf24', '0b30c329-dd4f-50eb-a58c-48b235420954', '2ddfb6aa-fe77-5138-ab94-cdba048833e0', '31516993-ac7d-5c36-b2a8-832d0f74dca0', '7c295116-6718-5a84-b050-94eec0aa3a0a', '73bcfe58-1630-513f-beee-478cf44f395f', '21dfd92c-41d5-5f3d-b078-ea3ee660602d', '94954b82-ff17-5040-88ea-26fb986959b1', '8c1028bf-3751-5191-ba05-1b761e865a00', '9c3747af-087a-5c4f-b21a-a76dc8aef922', '4d71db59-9f5a-577c-88eb-80ff438c4663', '47214a38-e287-5766-873a-ac45f4385942', '98f2bbdd-8345-565d-9f28-954ebe69cbbb', '107f4cf2-6dc2-54c0-82fb-e18dd522be77', '25b763c8-45fd-506e-a169-250527a6fc3a', '4f41d0cc-f870-53e4-96e5-b4793f4f1a0f', '7af74aa9-2a42-5d2a-971f-8eb9cba7a565', '780ba838-fda6-5e99-8f1f-184f663ada94', '0a930397-f8d4-589a-89f6-9716075e5eab', '3267f7ee-e587-5837-8635-7947c3c177f9', 'a3d2680d-e3b0-549a-987a-cb07b794a161', '6ea55610-d391-53be-9232-9eada63ddc4c', 'ca6cf9be-9579-55c5-8689-e58bcc0dc5aa', 'ff790735-270e-51f6-9edb-19d59cbedfe3', '33855e7c-a22e-5b0e-b8e8-303a41fab514', '8f008999-8932-5f65-a18f-76a37a1b932e', 'f05c1420-1910-5417-97e2-0dbe2115145e', 'a48c8c76-c8e5-541d-9c62-a58841e5d819', '85fecd91-1ca1-5861-a447-6c79af01d3cb', 'e1d002ed-36d9-55ab-bca2-4ea0cd62dc0a', 'a404a87b-ebde-55cd-a300-44ff03ae8091', 'acd19ce3-e01a-511b-8e45-0310729866f3', '81458cd3-26ba-56b6-9b66-e7b4fb4f4dc1', 'e81a6e90-c680-5f88-8b01-b09ccdb0bb5d', '0b8d987d-c39c-5618-ad43-1632322a40d2', '7b625a66-7035-5e4f-93e5-03d0f920a18c', '3e821524-94d3-5f9a-9769-18c2e2d89270', '4ec23861-02da-5501-a72c-e2cd756592e4', 'f17793c6-cc59-5f81-83ab-5368d3e4259b', '40d82f98-5706-52e0-9acc-53d0beacef72', 'f55e537c-688f-59c8-9756-a6356a7258bd', '938296c0-b318-5d24-8777-9ccf8877170f', '0a659fb4-d0f3-5cb6-8f72-fac3277bab51', 'a4340fb8-42d0-5fa7-a0fd-d245209ee1a3', '8031f090-3d59-56d9-bc6d-d62dec4b20f6', 'ae26e2e9-7ff5-5856-acda-d90e1f37d8ab', 'c8cbb611-2d0f-53ff-91da-10654a7d92ed', 'ad707bfe-a04c-54e4-ab53-bf631ffc148e', '0e613076-a519-5f55-bf80-28b2e61206a3', '1f7cd46f-b943-5030-a154-9b5b282861d4', 'd49afe62-31b1-5e08-a3fd-6b5645e68208', 'b6d53087-0db8-52f4-9726-4e47f8bdb808', '822bef85-9698-51ab-991f-544dba5097fb', 'e4e635b7-158b-5fe6-9a0c-49cf19401c9d', '761c5ce8-1dee-59f2-b273-2d8b51489fd5', '54780662-1c11-5af1-9245-8c0bc9e7029b');
  END IF;
END $$;
DELETE FROM public.exercises WHERE subject_id = 'math-1ere' AND source = 'admin' AND id NOT IN ('bd1513be-6b46-50e6-bbfa-42ef1f57c47a', '46564e58-c1b5-56df-855a-b32f4b324bc7', '91c98fc7-83c2-51a0-8352-96c67b690c09', '10c40ca5-a980-5a5e-95f6-dd0da35ab853', '2af79c57-9878-55a9-9916-ea1e684b5ff1', '66dfa3cb-7b84-592c-8e51-e0b101dc67d8', '568728ff-4918-53cf-af71-e2bcdeb98334', 'e1df16c6-599c-5fc7-91f7-71b3bd7b14ed', 'ff9292ef-e3eb-5d2e-9c61-420f62ce29d3', '000cd276-dc9f-5582-bc07-9e9c1d13e851', 'ae5fd623-2293-5fe6-bf04-652d96db8a41', 'cab07cea-63fb-5795-bed0-9dcf4ef73f31', '6c3869f6-747f-5dc1-ac15-e99fdfdaa856', '9dbae826-4596-52e8-9e45-add93ece7de8', '515ce564-1173-5862-9f2e-88f6cebf7b15', 'f826f2ff-5797-51f8-9da2-7205aff0d1a5', '2b3258b2-7ea5-5ee5-845b-7903f133d11d', '97764cde-425e-5582-b1d9-a3d72759f407', 'e77514a3-1ea0-5959-9951-7491f6f779ac', '56b6cfdc-dc3c-5d91-944b-6ca52dc75a74', 'e54b06ba-fd20-54f7-a355-ce0cbf9e87dc', '62948b29-9db3-5aed-a9e8-59b8a7dd4011', '03d69f2a-a081-5827-a170-a344f3cc4147', 'c5e0120d-c64f-59ef-93fc-74b0ba1ff405', 'a65ab7b6-f762-5d59-b7c9-fcb5532353fb', '0c4368b1-e67a-5456-a490-e767176c7b7b', '36f43ee9-f5de-5bb8-a030-eac5409438a4', 'b31aa4a7-6ecc-5502-a34c-12402e69ea0a', 'f0df33bc-c022-5962-9eef-6b674a45b0cf', '70369a9a-69c7-57b6-b1c5-6828eb918794', 'c999ed86-5b5b-5177-8960-975d80bb1405', 'e46796c9-0d82-59e8-a63f-82ba4c47f3eb', 'b3648f68-a3d2-553b-9d9f-970daf1b1fa8', '9661a9ce-6702-5eb7-a8db-fe0ad99ba5b5', 'daff76fa-0f67-533b-9a2e-9428448951b9', 'c3897011-5423-5afd-84e5-852746f6e8c3', '6f702fab-2003-5646-8347-d2999e1a5d15', 'ff384391-e7c4-5cdb-9b75-29f14391b398', '30300a83-349e-5060-9aef-91b8cd0e95db', 'e9ba10e7-a3d0-547e-af09-64a43f572758', 'b6ca11fb-228d-5718-bece-28e7b27ec720', '483858ac-78e6-510a-9806-afc2e24ce2ea');
DELETE FROM public.questions WHERE exercise_id IN ('bd1513be-6b46-50e6-bbfa-42ef1f57c47a', '46564e58-c1b5-56df-855a-b32f4b324bc7', '91c98fc7-83c2-51a0-8352-96c67b690c09', '10c40ca5-a980-5a5e-95f6-dd0da35ab853', '2af79c57-9878-55a9-9916-ea1e684b5ff1', '66dfa3cb-7b84-592c-8e51-e0b101dc67d8', '568728ff-4918-53cf-af71-e2bcdeb98334', 'e1df16c6-599c-5fc7-91f7-71b3bd7b14ed', 'ff9292ef-e3eb-5d2e-9c61-420f62ce29d3', '000cd276-dc9f-5582-bc07-9e9c1d13e851', 'ae5fd623-2293-5fe6-bf04-652d96db8a41', 'cab07cea-63fb-5795-bed0-9dcf4ef73f31', '6c3869f6-747f-5dc1-ac15-e99fdfdaa856', '9dbae826-4596-52e8-9e45-add93ece7de8', '515ce564-1173-5862-9f2e-88f6cebf7b15', 'f826f2ff-5797-51f8-9da2-7205aff0d1a5', '2b3258b2-7ea5-5ee5-845b-7903f133d11d', '97764cde-425e-5582-b1d9-a3d72759f407', 'e77514a3-1ea0-5959-9951-7491f6f779ac', '56b6cfdc-dc3c-5d91-944b-6ca52dc75a74', 'e54b06ba-fd20-54f7-a355-ce0cbf9e87dc', '62948b29-9db3-5aed-a9e8-59b8a7dd4011', '03d69f2a-a081-5827-a170-a344f3cc4147', 'c5e0120d-c64f-59ef-93fc-74b0ba1ff405', 'a65ab7b6-f762-5d59-b7c9-fcb5532353fb', '0c4368b1-e67a-5456-a490-e767176c7b7b', '36f43ee9-f5de-5bb8-a030-eac5409438a4', 'b31aa4a7-6ecc-5502-a34c-12402e69ea0a', 'f0df33bc-c022-5962-9eef-6b674a45b0cf', '70369a9a-69c7-57b6-b1c5-6828eb918794', 'c999ed86-5b5b-5177-8960-975d80bb1405', 'e46796c9-0d82-59e8-a63f-82ba4c47f3eb', 'b3648f68-a3d2-553b-9d9f-970daf1b1fa8', '9661a9ce-6702-5eb7-a8db-fe0ad99ba5b5', 'daff76fa-0f67-533b-9a2e-9428448951b9', 'c3897011-5423-5afd-84e5-852746f6e8c3', '6f702fab-2003-5646-8347-d2999e1a5d15', 'ff384391-e7c4-5cdb-9b75-29f14391b398', '30300a83-349e-5060-9aef-91b8cd0e95db', 'e9ba10e7-a3d0-547e-af09-64a43f572758', 'b6ca11fb-228d-5718-bece-28e7b27ec720', '483858ac-78e6-510a-9806-afc2e24ce2ea') AND id NOT IN ('22bc1be9-2583-59f6-9313-9c6f101eec2f', 'e8b1ae2b-7b2f-5217-ac38-376fc22f5ad8', '1585e224-ecbf-5ced-9536-da6c29ec7fb3', 'd3066a32-5c2b-5c9b-b347-50a9b260df12', '64108a36-1a32-52bb-8ae8-a3ccb3652af8', 'a087aafb-c69d-585d-97c3-56271d8a48a6', 'ac0ceb82-56b2-5d4e-bf8d-602007ee5e55', 'b73ac76d-695b-5c14-9fa0-2f501eedc464', '1c9ffe8f-8129-545a-8669-735e33e24caa', '14d4b509-511f-5716-aba5-baad7bd31983', '71b39dd7-469b-5120-8e72-6e462db6f17f', 'd35b5636-94f9-5e7b-9bd6-b32414bd4d52', '92a41e6f-fdda-55a8-8ed3-a750d313b6c0', 'd662e1b7-0c5a-50a9-8a13-af31faf6623c', '377112bd-4ede-5b14-ad5a-158734dce1d4', '5d6dc786-aefd-5e06-8dbd-b3b3aba85100', 'b1a93572-5ad3-5eac-b608-5c44d40ff43c', '79165bf5-d403-5ee0-bb61-415501302204', 'fe4171ca-bcbf-5adf-9250-aa415e7d1ed8', '9e2e31e4-84ed-58cb-88c6-e308556fabbb', 'b9f9b894-3beb-5687-922d-0e1495bd812f', 'ea4bf596-c295-5095-afb5-a1b1a80b4629', 'e44d5b7b-66a4-5d13-ba12-00da4f0fde1c', '6b57bb64-57a9-5a41-b271-511dba252032', 'ffbc3aef-7acd-52c8-bade-17491d0b3f03', '495fd9c0-95fa-550e-9c47-2bb07e0c2abd', '6b32867e-d5d0-574a-8d2f-c25c803b56c3', '062d542a-f647-5025-9138-b3ef29b619f0', '906088ab-04a4-5cd2-9869-cf1057c25c8b', '20de4c9f-827c-5a14-9fd8-39e700372f9c', '65921bd0-bb97-5da8-8a53-e26dd3bff15c', '6359a174-80e5-56f8-bb27-41fe1bf486d0', 'dba1a28d-b391-59c0-9b3b-ba140bd04974', '61d31db6-a24b-5fde-89ad-96fe8009279d', '4e93f4b0-5cee-505a-b39b-a1129d3d78dc', '9c5b368b-1b91-5845-81f3-c9bfe7ae63b1', 'efb2f8b7-1b64-59aa-94c2-5ef8ee0d75a7', 'a15132a4-6ade-57f9-bd71-8dcffaff868a', '8e7b88bb-cd74-5780-b655-2ddd33a6fd94', '6817ab7b-4807-51cd-997a-54058567ce3c', 'af263e77-d14e-55c1-9fe9-7d6b41b7451d', 'dda0a4af-d061-5a87-8303-61d362260eaa', '2922137e-c2e3-58e7-8693-e6d803e77a99', '4a858ebd-eabb-50b4-8939-8fd36a6dec5f', 'eb0cbf45-dd30-50a1-a92d-6da781cefe87', 'fa7dbdf0-347b-548c-98a0-d9b7b230bd2c', '2ffdb7c6-d090-5c52-a887-57114178880a', '31c18015-043b-56f4-8668-ea467de9a8c4', 'd326095a-c43f-57fe-ac3b-7dd3a04417d4', '8540226d-914a-5bfe-ab00-2e72405f12e4', '73a2b0b6-8e5f-5995-ba97-cde9ea6c90aa', 'da2f2c56-a562-5df6-a3aa-0d8635b5bfc8', 'aa5e3851-8aa8-5854-beca-89ad71dda792', '001d9636-1cca-5405-8a5d-534e4e37d451', '8cc1bd67-7fea-5325-b0e3-0cb5d36313eb', 'bf9f07ce-b212-5212-ac03-29fab1bcbf81', 'a388d075-825c-5b3f-94f5-260e37a06f41', '459f2b38-a2fc-5dff-8350-14af044800e6', 'fac80caa-f1fb-57af-88bb-149e6617349d', 'e222f189-542b-5296-ae4c-fd5ca42446a8', '88d8dba7-d94a-5476-ad8d-a59dbc869e6c', '2c1c671c-e69d-5398-9b5b-31f134c7ee20', '783e5cc1-0909-5350-aeee-11e37109c50e', 'd46a2031-2e6c-5ac3-b3c0-58e2f6b8a617', '2c2732a5-ef61-52dc-bbc4-feb4728f559c', '3837c709-218f-5b07-8642-cc7a2623ba35', '297a18df-b730-5122-8416-3f2c6cf961b4', '90f97137-2f2c-55da-bbfa-3b6057f4b335', 'ac8c35c4-8620-525c-b02a-366bc1f5d691', '7aeb467a-2ff1-5378-98f7-f2cac24bdd0a', '82f55bbb-25d8-5863-8200-aa986a0534c3', 'f8428593-2179-5bba-af58-174df69839c4', '7cb42658-e019-5651-b74b-9a132464dfba', 'e4e05e71-e7b0-52f9-886d-08ac5ee1ebc0', '10f37e84-77f9-5e4c-9a3e-6633bbf8a2d2', '82fde5f3-362f-5acd-b512-6deb62ecdddd', '5e4a8793-eb42-5bd5-a913-cef3fba0d7f6', 'a15e23bf-c9e7-53b8-9d9b-6e9ba72a6a21', '5b090ea2-fc32-51bf-9fb4-d5b7b169b225', 'f78a1066-702e-5c6f-8a6e-79128959cf3b', 'd0cb6a14-200a-555b-a666-ec6c54b9bc50', '82594895-9ac1-5a9a-91f9-013db536a435', 'fbd4bb4e-d074-5049-b09b-8ad3d4f18a07', 'f9458b1d-6e21-5fdc-9169-62a2915a047e', 'b84b46ce-f1a7-5495-b6e0-5c59523cae95', 'bf299130-4e08-5f95-ac43-4814d35f8565', '51120502-1e21-57d9-99a7-b20f1044060d', 'b3c32f7f-fd1a-50a5-b14c-9ee5e2b526e0', 'bb37fdd4-767c-59ce-aa88-6bdaa4da3795', 'a7272737-c9ea-53c2-a162-d601aa55120e', 'b1023f58-22c6-5f7d-8b4b-d0065b4025aa', '4258f021-4230-5b31-9bda-af0a12c9686d', '20155c79-14e9-5204-a851-a397773420b7', '15b15ca9-de27-514e-866f-4dbe92db8551', 'aa5739ba-798d-5a5b-8753-e769b782af1d', '17c9e34e-1ccf-55e2-b1c7-17d723701c06', 'a6b46202-5216-58f7-aaee-06ab418899c6', '73d236c0-ec8a-56a5-a68c-385f7c3becde', 'b4e6f1a5-8e3e-50ad-93bc-7ff96a21d8da', '558d7fe4-4b6f-5c17-9845-28971f69844f', 'ee5c1c98-3ea0-57d9-9a12-cb45333de6ea', '32330e55-3c9f-55ed-b4c9-1dddb5b324e9', '30378330-c107-551b-bbed-de3b6a102ed4', '84f2065f-c2c0-5e63-8a44-0ba771a85daa', '3bb3f1e1-f549-52c9-b38b-67bb046df5f2', '71cfb666-ae83-50bf-a6b5-4a0a71524e85', 'c87a45b0-bfea-54e4-89ec-5ba81d64fc41', 'eb4e4eab-9f21-5091-b6f4-348868bc2b73', '25a16184-7c27-5dfe-b82e-fcb4d7ef0cde', '1a15eed5-8f6a-52fa-a745-dfe5b13ee93a', '49a52a15-0e77-5d0f-be4b-dbd11f39cb64', '9bd8e9d4-201e-5c10-97d9-c6fcb48a90d0', '585b34c2-575e-51f0-a108-d1cdb8222ee5', '1638861b-db67-5dfc-a946-9ef49daf4dfc', '79256cf2-ecbd-56b2-addb-2fbf64db9a04', '523582ee-9fcd-59f3-80f0-8caae92bfe83', 'f041760b-e838-5855-b11e-efe68a614bf3', 'b08af78c-5448-5fd4-b09a-f14fb4972bf9', 'd7a5be23-46e5-5bb2-950e-3b4cfd26201a', '65c7e7a1-6276-565b-bf75-0a10c0e331b4', '3b33511c-1bcd-532b-ba8b-0a217d54260f', '5a3d0ca7-a6bc-5d3a-b8b5-92e49376d8d4', '036b8c30-7ebf-59c5-a7d0-2938920233ea', '54dd9110-9e8f-52bb-9811-738f84d70e76', '24b16315-b429-556b-8bab-b6f108d7bce2', '2a501ec8-b0a9-5198-b56b-b9064f08e75c', '44456f5b-f0f7-54f3-9ee4-e68967233ae4', '3a27ac81-df7d-5485-969a-00929d5d1361', '214c2396-9825-5ea4-a155-4e4f6873c428', 'e11c09cc-f684-5507-b331-cf33829b4b0c', 'bcdae7ac-aedf-5f55-9cbf-92ce72bff640', '58e04c6d-bd69-5b60-8e80-0903eee2008e', 'b1cf10af-78e6-5d80-9894-26fbd0729d9b', '0298fab9-60e5-5b4f-80ac-5f82117802a7', 'ad7a24f6-aa42-57c3-830e-f32b1cfff937', '6b343783-6e05-527d-9ebf-ace568acaec8', '1d163f73-069b-52e5-b483-7b04cdc71d00', '236d31ad-9e59-55d6-ba71-4d5a48ef62ee', 'ad290fb8-1a41-5b8c-9994-1a19664ca7c2', 'baf24cba-a820-5220-88cc-d485b9335a9c', '89cda8a6-5024-5f5e-b47e-f02e98746da6', '461e01c1-7bd7-51c9-bfb0-7420590fe1c7', '858e36db-b5a4-5cf6-ae35-efedc3e22fc0', 'db2e87dc-b912-5497-978a-cfd620ea2877', '5c258d42-95e9-5fc5-9e14-4ecdf2371cb8', '6c6b1d07-1206-58e0-944f-c495d810d940', '6603b76a-c585-5f8d-91bb-09e80f3bb7a6', '27cefe3b-c43d-5097-a4b1-6cb3330f7aac', '4a90fc6c-5666-50a0-b084-c4df16d775f0', 'a918dfc2-9caf-5116-ab34-16d4d7eb6c85', '717126e6-475c-5634-9ef8-f315f1bc13c4', 'ff515951-abec-5102-a205-4204ced6e253', '004286d3-7180-53fa-9e66-ec0e3b386f8b', '59c7c599-fba0-5cfd-8acf-86248737aeea', '78467eed-adf4-5a72-82f1-b9cc37c3a55f', 'af277822-6a04-50c2-9ba9-dd508030d5f6', 'ae654794-f27c-54b0-8a13-b8ddd0c9db48', '245df63a-3600-5ef4-b4b1-250b42324094', '66d4fbe9-c14c-59e8-9f2f-e639368b912d', 'c578e46b-56cd-5b01-adbd-52aa4d5359fc', '2a2e34d2-551f-5963-976b-3bda9daef18c', 'cf6ed850-b97d-511f-b1da-904acc3153fb', '4475c523-93f6-5eb0-9756-f37f4607262f', 'd14aa0b8-d0c2-5400-bc79-5cc1e2d8af43', 'f5ec0720-7425-5a87-a372-1bd70745643e', '3a8d7809-2caf-5ffc-af2a-835a4f95c15c', '67830307-c0ad-5e39-93bc-3c0f9fd3ade2', 'a8963aa7-4ba8-5a8c-924a-c4655595799f', 'c0b93815-28b3-5c0d-8d41-082215b519a2', 'a0ceac00-d1e3-5521-9fc3-e0135b5a350f', 'd7430bfa-8ff7-5269-aaf5-be13bb14246c', '690ff836-5b33-5ccb-b215-abca1abc5bd7', 'a81ff8de-3c71-52b0-93c1-1f3d74dae9f9', 'd63df2e2-ee32-565f-a46d-77634272e59e', '2953f4a7-ced4-5fc9-baf7-c0be66e5ddda', 'd5b375e8-c4b7-5e0f-b9b2-61272aa9cb97', '95c9839d-2a8f-52ac-9d17-1695964834f3', '29365060-83e3-59e0-81b9-378e9d61af99', 'e6127c6c-64ef-586b-b2fd-f09e4e6c6d12', '712d8311-7d86-5cf7-b085-d34c06711955', 'f9dbcf87-fa71-5038-8150-e81cff0c41f4', '50244701-7dc5-51b0-912a-893925bf227d', '0a9b3458-ae53-599a-965c-50349d34e597', 'c21d56e4-55a9-5657-aedf-39bdc20d3ceb', '8ad724e3-853d-5b80-a90a-3577acba26c5', 'e327d39c-d85c-5346-bbfa-bd83c5f0fee1', '42e88bd7-4298-5730-9ada-c7e81feb4adf', '8eb0056a-2f68-5659-ace5-52c3c1539389', '3469d23d-88b0-519b-a06c-577b84bc3fba', '16dd707b-b85b-5b4c-9a1f-b1865f47cf24', '0b30c329-dd4f-50eb-a58c-48b235420954', '2ddfb6aa-fe77-5138-ab94-cdba048833e0', '31516993-ac7d-5c36-b2a8-832d0f74dca0', '7c295116-6718-5a84-b050-94eec0aa3a0a', '73bcfe58-1630-513f-beee-478cf44f395f', '21dfd92c-41d5-5f3d-b078-ea3ee660602d', '94954b82-ff17-5040-88ea-26fb986959b1', '8c1028bf-3751-5191-ba05-1b761e865a00', '9c3747af-087a-5c4f-b21a-a76dc8aef922', '4d71db59-9f5a-577c-88eb-80ff438c4663', '47214a38-e287-5766-873a-ac45f4385942', '98f2bbdd-8345-565d-9f28-954ebe69cbbb', '107f4cf2-6dc2-54c0-82fb-e18dd522be77', '25b763c8-45fd-506e-a169-250527a6fc3a', '4f41d0cc-f870-53e4-96e5-b4793f4f1a0f', '7af74aa9-2a42-5d2a-971f-8eb9cba7a565', '780ba838-fda6-5e99-8f1f-184f663ada94', '0a930397-f8d4-589a-89f6-9716075e5eab', '3267f7ee-e587-5837-8635-7947c3c177f9', 'a3d2680d-e3b0-549a-987a-cb07b794a161', '6ea55610-d391-53be-9232-9eada63ddc4c', 'ca6cf9be-9579-55c5-8689-e58bcc0dc5aa', 'ff790735-270e-51f6-9edb-19d59cbedfe3', '33855e7c-a22e-5b0e-b8e8-303a41fab514', '8f008999-8932-5f65-a18f-76a37a1b932e', 'f05c1420-1910-5417-97e2-0dbe2115145e', 'a48c8c76-c8e5-541d-9c62-a58841e5d819', '85fecd91-1ca1-5861-a447-6c79af01d3cb', 'e1d002ed-36d9-55ab-bca2-4ea0cd62dc0a', 'a404a87b-ebde-55cd-a300-44ff03ae8091', 'acd19ce3-e01a-511b-8e45-0310729866f3', '81458cd3-26ba-56b6-9b66-e7b4fb4f4dc1', 'e81a6e90-c680-5f88-8b01-b09ccdb0bb5d', '0b8d987d-c39c-5618-ad43-1632322a40d2', '7b625a66-7035-5e4f-93e5-03d0f920a18c', '3e821524-94d3-5f9a-9769-18c2e2d89270', '4ec23861-02da-5501-a72c-e2cd756592e4', 'f17793c6-cc59-5f81-83ab-5368d3e4259b', '40d82f98-5706-52e0-9acc-53d0beacef72', 'f55e537c-688f-59c8-9756-a6356a7258bd', '938296c0-b318-5d24-8777-9ccf8877170f', '0a659fb4-d0f3-5cb6-8f72-fac3277bab51', 'a4340fb8-42d0-5fa7-a0fd-d245209ee1a3', '8031f090-3d59-56d9-bc6d-d62dec4b20f6', 'ae26e2e9-7ff5-5856-acda-d90e1f37d8ab', 'c8cbb611-2d0f-53ff-91da-10654a7d92ed', 'ad707bfe-a04c-54e4-ab53-bf631ffc148e', '0e613076-a519-5f55-bf80-28b2e61206a3', '1f7cd46f-b943-5030-a154-9b5b282861d4', 'd49afe62-31b1-5e08-a3fd-6b5645e68208', 'b6d53087-0db8-52f4-9726-4e47f8bdb808', '822bef85-9698-51ab-991f-544dba5097fb', 'e4e635b7-158b-5fe6-9a0c-49cf19401c9d', '761c5ce8-1dee-59f2-b273-2d8b51489fd5', '54780662-1c11-5af1-9245-8c0bc9e7029b');
DELETE FROM public.chapters c WHERE c.subject_id = 'math-1ere' AND c.id NOT IN ('9be0e6a9-f498-597f-9f20-fc8b09f0d0e8', 'c208be46-7f36-50f9-9459-4abf870c515e', 'c5963a75-8dce-5605-8fab-28148d2d5745', '9be4e72b-e0d9-5b6c-a6eb-4e70460d7b7f', 'ef149c6f-8170-54f1-b6f6-d541a5dc2737', '11fdddcd-6630-5b51-9ecd-b4bb22614bb1', 'c7ca9bbe-5553-5e50-b49c-51d09d3b52a0') AND NOT EXISTS (SELECT 1 FROM public.exercises e WHERE e.chapter_id = c.id);

INSERT INTO public.chapters (id, subject_id, title, description, lesson_content, summary, display_order) VALUES
  ('9be0e6a9-f498-597f-9f20-fc8b09f0d0e8', 'math-1ere', 'الأعداد من 0 إلى 9', 'قراءة وكتابة الأعداد من 0 إلى 9، العدّ، التعبير عن الكمّيّات، العدد الذي يلي والعدد الذي يسبق', '# ⚔️ الأعداد من 0 إلى 9 — أوّل خطوة للبطل الصغير

> 💡 «من يعرف العدّ إلى 9 يفتح باب عالَم الأرقام كلّه.»

أهلًا بك أيّها البطل الصغير! في هذه البوّابة الأولى نتعلّم الأعداد من **0 إلى 9**. هذه الأعداد هي أدوات سحريّة نَعُدّ بها الأشياء من حولنا.

## 🍎 نَعُدّ الأشياء

عندما ننظر إلى مجموعة من الأشياء، نَعُدّ واحدًا واحدًا: **1، 2، 3، …**

- تفّاحة واحدة ⟸ العدد **1**.
- ثلاث نجمات ⟸ العدد **3**.
- خمسة كرات ⟸ العدد **5**.

> 🗡️ نَعُدّ ببطء ونُشير إلى كلّ شيء مرّة واحدة فقط، حتّى لا نَعُدّ الشيء مرّتين.

## 🔢 نقرأ ونكتب الأعداد

لكلّ عدد شكلٌ نكتبه به واسمٌ نقرأه به:

| العدد | نقرأه  |
| ----- | ------ |
| 0     | صفر    |
| 1     | واحد   |
| 2     | اثنان  |
| 3     | ثلاثة  |
| 4     | أربعة  |
| 5     | خمسة   |
| 6     | ستّة   |
| 7     | سبعة   |
| 8     | ثمانية |
| 9     | تسعة   |

## 0️⃣ العدد صفر

العدد **0** يعني **لا شيء**.

- صحنٌ فارغٌ فيه **0** تفّاحة.
- صفر هو **أصغر** عدد نتعلّمه اليوم.

## ➡️ العدد الذي يلي والعدد الذي يسبق

الأعداد تأتي بترتيب: 0، 1، 2، 3، 4، 5، 6، 7، 8، 9.

- العدد الذي **يلي** عددًا هو العدد الذي يأتي بعده مباشرة: بعد 4 يأتي **5**.
- العدد الذي **يسبق** عددًا هو الذي يأتي قبله مباشرة: قبل 7 يأتي **6**.

> ⚠️ احذر! العدد الذي يلي يكون **أكبر** بواحد، والعدد الذي يسبق يكون **أصغر** بواحد.

## 📊 الأكبر والأصغر

كلّما تقدّمنا في العدّ صار العدد **أكبر**:

- **9** هو أكبر عدد في هذه البوّابة.
- **0** هو أصغر عدد.

نقارن: 8 أكبر من 3، و 2 أصغر من 6.

> 🏆 رائع! صرت تعرف الأعداد من 0 إلى 9، تَعُدّ بها وتقرأها وتكتبها وتعرف ما يليها وما يسبقها. استعدّ للبوّابة الموالية حيث نَعُدّ إلى 99!', '# 📜 ملخّص: الأعداد من 0 إلى 9

- **نَعُدّ الأشياء** واحدًا واحدًا: 1، 2، 3، … ونُشير إلى كلّ شيء مرّة واحدة فقط.
- **الأعداد من 0 إلى 9** هي: 0، 1، 2، 3، 4، 5، 6، 7، 8، 9.
- **العدد 0** يعني لا شيء، وهو أصغر عدد.
- **نقرأ ونكتب** كلّ عدد: 1 واحد، 2 اثنان، 3 ثلاثة، … 9 تسعة.
- **العدد الذي يلي** يأتي بعده مباشرة وهو أكبر بواحد: بعد 4 يأتي 5.
- **العدد الذي يسبق** يأتي قبله مباشرة وهو أصغر بواحد: قبل 7 يأتي 6.
- **9 هو الأكبر** و **0 هو الأصغر** في هذه الأعداد.
- نقارن الأعداد: 8 أكبر من 3، و 2 أصغر من 6.', 1)
ON CONFLICT (id) DO UPDATE SET
  subject_id = EXCLUDED.subject_id,
  title = EXCLUDED.title,
  description = EXCLUDED.description,
  lesson_content = EXCLUDED.lesson_content,
  summary = EXCLUDED.summary,
  display_order = EXCLUDED.display_order;

INSERT INTO public.chapters (id, subject_id, title, description, lesson_content, summary, display_order) VALUES
  ('c208be46-7f36-50f9-9459-4abf870c515e', 'math-1ere', 'الأعداد إلى 99', 'العشرات والآحاد، قراءة وكتابة الأعداد إلى 99، تكوين العشرة، تفكيك عدد إلى عشرات وآحاد', '# ⚔️ الأعداد إلى 99 — عالَم العشرات

> 💡 «عشرُ آحادٍ تصنع عشرةً واحدة: هذا سرّ الأعداد الكبيرة!»

أحسنت أيّها البطل! تعلّمت العدّ إلى 9، واليوم نفتح بوّابة أكبر: الأعداد إلى **99**. السرّ هو **العشرة**.

## 🔟 ما هي العشرة؟

عندما نجمع **10 آحاد** معًا تصير **عشرة واحدة**.

- 10 أقلام = **عشرة** واحدة من الأقلام (حزمة واحدة).
- نَعُدّ بالعشرات: 10، 20، 30، 40، 50، 60، 70، 80، 90.

> 🗡️ نَجمع الآحاد في حُزَمٍ من 10 لِيَسهُل العدّ، تمامًا كما نَجمع الأقلام في علبة.

## 🧮 العشرات والآحاد

كلّ عددٍ إلى 99 له **رقم العشرات** و **رقم الآحاد**.

| العدد | العشرات | الآحاد |
| ----- | ------- | ------ |
| 34    | 3       | 4      |
| 50    | 5       | 0      |
| 7     | 0       | 7      |

في العدد 34: الرقم 3 يعني **3 عشرات** (أي 30)، والرقم 4 يعني **4 آحاد**.

## 🔮 نقرأ ونكتب الأعداد

نقرأ العشرات أوّلًا ثمّ الآحاد:

- 25 نقرأه «خمسة وعشرون».
- 40 نقرأه «أربعون».
- 63 نقرأه «ثلاثة وستّون».

> ⚠️ احذر الخلط! العدد 52 ليس 25. في 52 خمس عشرات، وفي 25 خمسة آحاد فقط.

## ⚡ تفكيك عدد

تفكيك العدد يعني فصل عشراته عن آحاده:

- 47 = **40 + 7** (أربع عشرات وسبع آحاد).
- 80 = **80 + 0** (ثماني عشرات ولا آحاد).

## 📊 الأكبر والأصغر

لمقارنة عددين إلى 99:

1. ننظر أوّلًا إلى **العشرات**: الأكثر عشراتٍ هو الأكبر.
2. إذا تساوت العشرات ننظر إلى **الآحاد**.

مثال: 38 أكبر من 25 (3 عشرات أكثر من 2). و 46 أكبر من 43 (تساوت العشرات، و 6 أكبر من 3).

> 🏆 ممتاز! صرت تعرف العشرات والآحاد، وتقرأ وتكتب وتفكّك وتقارن كلّ عددٍ إلى 99. استعدّ لبوّابة المقارنة والترتيب!', '# 📜 ملخّص: الأعداد إلى 99

- **العشرة** هي 10 آحاد مجموعة معًا: 10، 20، 30، … 90.
- **كلّ عدد إلى 99** له رقم عشرات ورقم آحاد.
- في العدد 34: الرقم 3 يعني 3 عشرات (30)، والرقم 4 يعني 4 آحاد.
- **نقرأ** العشرات ثمّ الآحاد: 25 «خمسة وعشرون»، 63 «ثلاثة وستّون».
- **نُفكّك** العدد إلى عشرات وآحاد: 47 = 40 + 7.
- **احذر الخلط**: 52 ليس 25؛ في 52 خمس عشرات.
- **للمقارنة**: ننظر إلى العشرات أوّلًا، فإن تساوت ننظر إلى الآحاد.
- مثال: 38 أكبر من 25، و 46 أكبر من 43.', 2)
ON CONFLICT (id) DO UPDATE SET
  subject_id = EXCLUDED.subject_id,
  title = EXCLUDED.title,
  description = EXCLUDED.description,
  lesson_content = EXCLUDED.lesson_content,
  summary = EXCLUDED.summary,
  display_order = EXCLUDED.display_order;

INSERT INTO public.chapters (id, subject_id, title, description, lesson_content, summary, display_order) VALUES
  ('c5963a75-8dce-5605-8fab-28148d2d5745', 'math-1ere', 'المقارنة والترتيب', 'مقارنة الأعداد إلى 99 باستعمال الرموز >، <، =، والترتيب التصاعدي والتنازلي', '# ⚔️ المقارنة والترتيب — معركة الأعداد

> 💡 «الرمز > كفمٍ جائعٍ يفتح فاه دائمًا نحو العدد الأكبر!»

أيّها البطل، تعلّمت العدّ إلى 99. الآن نتعلّم **مقارنة** الأعداد لنعرف أيُّها أكبر، ثمّ **نرتّبها**.

## ⚖️ الرموز الثلاثة

نستعمل ثلاثة رموز سحريّة للمقارنة:

| الرمز | معناه   |
| ----- | ------- |
| >     | أكبر من |
| <     | أصغر من |
| =     | يساوي   |

- 8 > 5 نقرأها «8 أكبر من 5».
- 3 < 7 نقرأها «3 أصغر من 7».
- 6 = 6 نقرأها «6 يساوي 6».

## 🐊 سرّ الفم الجائع

الرمز > أو < يشبه **فمًا جائعًا** يفتح فاه دائمًا نحو العدد **الأكبر** (الوجبة الأكبر!).

- في 9 > 4 الفم مفتوح نحو 9 (الأكبر).
- في 2 < 8 الفم مفتوح نحو 8 (الأكبر).

> 🗡️ تذكّر: الطرف المدبّب (الصغير) يشير دائمًا إلى العدد الأصغر.

## 🧮 كيف نقارن عددين إلى 99؟

ننظر أوّلًا إلى **العشرات**:

- الأكثر عشراتٍ هو الأكبر: 52 > 38 لأنّ 5 عشرات أكثر من 3 عشرات.
- إذا تساوت العشرات ننظر إلى **الآحاد**: 47 > 43 لأنّ الآحاد 7 أكبر من 3.

> ⚠️ الفخّ الشائع: الظنّ أنّ 19 أكبر من 21 لأنّ فيه الرقم 9. الصواب أنّنا نقارن العشرات أوّلًا: 2 عشرات أكثر من 1 عشرة، إذن 21 > 19.

## 📈 الترتيب التصاعدي

نرتّب **تصاعديًّا** من **الأصغر إلى الأكبر**:

- الأعداد 7، 3، 9 تصير: 3، 7، 9.

## 📉 الترتيب التنازلي

نرتّب **تنازليًّا** من **الأكبر إلى الأصغر**:

- الأعداد 4، 8، 2 تصير: 8، 4، 2.

> 🏆 رائع! صرت تقارن الأعداد بالرموز >، <، =، وترتّبها تصاعديًّا وتنازليًّا. استعدّ الآن لبوّابة الجمع!', '# 📜 ملخّص: المقارنة والترتيب

- **الرموز الثلاثة**: > (أكبر من)، < (أصغر من)، = (يساوي).
- 8 > 5، و 3 < 7، و 6 = 6.
- **سرّ الفم الجائع**: الرمز > أو < يفتح فاه نحو العدد الأكبر، وطرفه المدبّب نحو الأصغر.
- **لمقارنة عددين**: ننظر إلى العشرات أوّلًا؛ الأكثر عشراتٍ هو الأكبر.
- إذا تساوت العشرات ننظر إلى الآحاد: 47 > 43.
- **احذر الفخّ**: 21 > 19 لأنّ العشرات تُقارَن أوّلًا.
- **الترتيب التصاعدي**: من الأصغر إلى الأكبر (3، 7، 9).
- **الترتيب التنازلي**: من الأكبر إلى الأصغر (8، 4، 2).', 3)
ON CONFLICT (id) DO UPDATE SET
  subject_id = EXCLUDED.subject_id,
  title = EXCLUDED.title,
  description = EXCLUDED.description,
  lesson_content = EXCLUDED.lesson_content,
  summary = EXCLUDED.summary,
  display_order = EXCLUDED.display_order;

INSERT INTO public.chapters (id, subject_id, title, description, lesson_content, summary, display_order) VALUES
  ('9be4e72b-e0d9-5b6c-a6eb-4e70460d7b7f', 'math-1ere', 'الجمع', 'الجمع في حدود 99، بدون احتفاظ ومع احتفاظ، معنى الجمع وعلامة +، الجمع بالعدّ التصاعدي', '# ⚔️ الجمع — قوّة الزيادة

> 💡 «الجمع يكبّر العدد دائمًا: نضمّ مجموعتين فتصير مجموعة واحدة أكبر!»

أيّها البطل، تعلّمت العدّ والمقارنة. الآن نتعلّم **الجمع**: أن نضمّ الأشياء معًا ونعرف كم صارت.

## ➕ ما معنى الجمع؟

الجمع يعني **أن نضمّ** مجموعتين معًا ونَعُدّ الكلّ.

- عندي 3 تفّاحات وأخذت 2 أخرى: 3 + 2 = **5**.
- نقرأ 3 + 2 = 5 «ثلاثة زائد اثنين يساوي خمسة».

علامة الجمع هي **+** (زائد)، ونتيجة الجمع تُسمّى **المجموع**.

## 🔢 الجمع بالعدّ التصاعدي

نبدأ من العدد الأوّل ونَعُدّ تصاعديًّا بعدد المضاف:

- 6 + 3: نبدأ من 6 ثمّ نَعُدّ 3: 7، 8، 9. إذن 6 + 3 = **9**.

> 🗡️ خدعة البطل: نبدأ دائمًا بالعدد **الأكبر** ونَعُدّ الأصغر، فالعدّ أسرع. 2 + 7 = 7 + 2.

## 🔄 ترتيب الجمع لا يغيّر النتيجة

يمكن قلب العددين دون أن تتغيّر النتيجة:

- 4 + 5 = 9، و 5 + 4 = 9 أيضًا.

والعدد **0** لا يغيّر شيئًا في الجمع: 8 + 0 = 8.

## 🧮 الجمع بدون احتفاظ (العشرات والآحاد)

نجمع الآحاد مع الآحاد، والعشرات مع العشرات:

$$24 + 13 = 37$$

- الآحاد: 4 + 3 = 7.
- العشرات: 2 + 1 = 3.
- المجموع: 37.

## 💥 الجمع مع احتفاظ

عندما يبلغ مجموع الآحاد **10 أو أكثر**، نكوّن عشرة جديدة ونحتفظ بها:

- 27 + 5: الآحاد 7 + 5 = 12، أي عشرة و 2 آحاد. نكتب 2 ونحتفظ بعشرة. العشرات: 2 + 1 (المحتفظ بها) = 3. المجموع **32**.

> ⚠️ الفخّ الشائع: نسيان العشرة المحتفظ بها! تذكّر دائمًا أن تُضيفها إلى العشرات.

> 🏆 أحسنت! صرت تجمع بالعدّ والاحتفاظ في حدود 99. استعدّ لبوّابة الطرح!', '# 📜 ملخّص: الجمع

- **الجمع** يعني ضمّ مجموعتين معًا وعدّ الكلّ، وعلامته + (زائد).
- 3 + 2 = 5 نقرأها «ثلاثة زائد اثنين يساوي خمسة»، والنتيجة تُسمّى المجموع.
- **الجمع بالعدّ**: نبدأ من العدد الأكبر ونَعُدّ تصاعديًّا: 6 + 3 ⟸ 7، 8، 9 = 9.
- **ترتيب الجمع لا يغيّر النتيجة**: 4 + 5 = 5 + 4 = 9.
- **العدد 0** لا يغيّر شيئًا: 8 + 0 = 8.
- **بدون احتفاظ**: نجمع الآحاد مع الآحاد والعشرات مع العشرات: 24 + 13 = 37.
- **مع احتفاظ**: إذا بلغت الآحاد 10 أو أكثر نكوّن عشرة جديدة ونحتفظ بها: 27 + 5 = 32.
- **احذر**: لا تنسَ العشرة المحتفظ بها عند جمع العشرات.', 4)
ON CONFLICT (id) DO UPDATE SET
  subject_id = EXCLUDED.subject_id,
  title = EXCLUDED.title,
  description = EXCLUDED.description,
  lesson_content = EXCLUDED.lesson_content,
  summary = EXCLUDED.summary,
  display_order = EXCLUDED.display_order;

INSERT INTO public.chapters (id, subject_id, title, description, lesson_content, summary, display_order) VALUES
  ('ef149c6f-8170-54f1-b6f6-d541a5dc2737', 'math-1ere', 'الطرح', 'الطرح في حدود 99، معنى الطرح وعلامة −، الطرح بالعدّ التنازلي، الطرح بدون استلاف', '# ⚔️ الطرح — قوّة النقصان

> 💡 «الطرح يُصغّر العدد: نأخذ بعض الأشياء فيبقى أقلّ!»

أيّها البطل، تعلّمت الجمع. الآن نتعلّم عكسه: **الطرح**، أي أن نأخذ بعض الأشياء ونعرف كم بقي.

## ➖ ما معنى الطرح؟

الطرح يعني **أن نأخذ** أو **نُنقص** من مجموعة، ثمّ نَعُدّ ما بقي.

- عندي 7 حلوى، أكلت 3: 7 − 3 = **4**.
- نقرأ 7 − 3 = 4 «سبعة ناقص ثلاثة يساوي أربعة».

علامة الطرح هي **−** (ناقص)، ونتيجة الطرح تُسمّى **الفرق** (أو الباقي).

## 🔢 الطرح بالعدّ التنازلي

نبدأ من العدد الأوّل ونَعُدّ **تنازليًّا** بعدد المطروح:

- 9 − 4: نبدأ من 9 ثمّ نَعُدّ تنازليًّا 4 خطوات: 8، 7، 6، 5. إذن 9 − 4 = **5**.

> 🗡️ خدعة البطل: يمكن أيضًا أن نسأل «كم نضيف إلى 4 لنبلغ 9؟» والجواب هو نفسه الفرق.

## 🔍 الطرح عكس الجمع

الطرح يُلغي الجمع:

- إذا كان 3 + 4 = 7، فإنّ 7 − 4 = 3 و 7 − 3 = 4.

والعدد **0** لا يغيّر شيئًا: 6 − 0 = 6. وطرحُ العددِ من نفسِه يعطي 0: 5 − 5 = 0.

## 🧮 الطرح بدون استلاف (العشرات والآحاد)

نطرح الآحاد من الآحاد، والعشرات من العشرات:

$$58 − 23 = 35$$

- الآحاد: 8 − 3 = 5.
- العشرات: 5 − 2 = 3.
- الفرق: 35.

## ⚠️ ترتيب الطرح مهمّ

في الطرح **لا يمكن** قلب العددين كما في الجمع:

- 9 − 4 = 5، لكنّ 4 − 9 لا يصحّ في أعدادنا (نبدأ دائمًا بالعدد الأكبر).

> ⚠️ الفخّ الشائع: الخلط بين الطرح والجمع. تذكّر أنّ الطرح يُصغّر، فالنتيجة دائمًا **أصغر** من العدد الأوّل.

> 🏆 ممتاز! صرت تطرح بالعدّ التنازلي في حدود 99 وتعرف أنّ الطرح عكس الجمع. أكملت بوّابات الأعداد، فاستعدّ لعالَم الأشكال الهندسية!', '# 📜 ملخّص: الطرح

- **الطرح** يعني أن نأخذ أو نُنقص من مجموعة ونَعُدّ ما بقي، وعلامته − (ناقص).
- 7 − 3 = 4 نقرأها «سبعة ناقص ثلاثة يساوي أربعة»، والنتيجة تُسمّى الفرق.
- **الطرح بالعدّ التنازلي**: نبدأ من العدد الأوّل ونَعُدّ تنازليًّا: 9 − 4 ⟸ 8، 7، 6، 5 = 5.
- **الطرح عكس الجمع**: إذا كان 3 + 4 = 7 فإنّ 7 − 4 = 3.
- **العدد 0** لا يغيّر شيئًا: 6 − 0 = 6، وطرح العدد من نفسه يعطي 0: 5 − 5 = 0.
- **بدون استلاف**: نطرح الآحاد من الآحاد والعشرات من العشرات: 58 − 23 = 35.
- **ترتيب الطرح مهمّ**: نبدأ دائمًا بالعدد الأكبر؛ والنتيجة أصغر من العدد الأوّل.
- **احذر**: لا تخلط بين الطرح والجمع؛ الطرح يُصغّر العدد.', 5)
ON CONFLICT (id) DO UPDATE SET
  subject_id = EXCLUDED.subject_id,
  title = EXCLUDED.title,
  description = EXCLUDED.description,
  lesson_content = EXCLUDED.lesson_content,
  summary = EXCLUDED.summary,
  display_order = EXCLUDED.display_order;

INSERT INTO public.chapters (id, subject_id, title, description, lesson_content, summary, display_order) VALUES
  ('11fdddcd-6630-5b51-9ecd-b4bb22614bb1', 'math-1ere', 'الأشكال الهندسية', 'التعرّف على المربّع والمستطيل والمثلّث والدائرة، عدد الأضلاع والزوايا، تمييز الأشكال في المحيط', '# ⚔️ الأشكال الهندسية — كنوز عالَم الأشكال

> 💡 «لكلّ شكلٍ سرّ: عدد أضلاعه وزواياه يكشف اسمه!»

أيّها البطل، نترك الأعداد قليلًا وندخل عالَم **الأشكال**. سنتعرّف على أربعة كنوز: المربّع، المستطيل، المثلّث، والدائرة.

## 🟦 المربّع

المربّع شكلٌ له:

- **4 أضلاع** متساوية في الطول.
- **4 زوايا** (أركان).

أمثلة من حولنا: وجه النرد، البلاطة، علبة المناديل المربّعة.

> 🗡️ سرّ المربّع: كلّ أضلاعه الأربعة لها نفس الطول تمامًا.

## 🟥 المستطيل

المستطيل شكلٌ له:

- **4 أضلاع** و **4 زوايا**.
- لكنّ ضلعيه الطويلين متساويين، وضلعيه القصيرين متساويين (ليس كلّ الأضلاع متساوية).

أمثلة: الباب، الكتاب، شاشة التلفاز.

> ⚠️ لا تخلط! المربّع كلّ أضلاعه متساوية، أمّا المستطيل فله ضلعان طويلان وضلعان قصيران.

## 🔺 المثلّث

المثلّث شكلٌ له:

- **3 أضلاع**.
- **3 زوايا**.

أمثلة: قطعة بيتزا، علامة الطريق، شراع المركب.

## ⚪ الدائرة

الدائرة شكلٌ **مستدير** تمامًا:

- **لا أضلاع لها ولا زوايا**.
- كلّ نقطة على حافّتها تبعد المسافة نفسها عن المركز.

أمثلة: العجلة، الساعة، القمر البدر.

## 🧩 نُميّز الأشكال

نعرف الشكل من **عدد أضلاعه**:

| الشكل    | عدد الأضلاع | عدد الزوايا |
| -------- | ----------- | ----------- |
| المثلّث  | 3           | 3           |
| المربّع  | 4           | 4           |
| المستطيل | 4           | 4           |
| الدائرة  | 0           | 0           |

> 🏆 رائع! صرت تعرف المربّع والمستطيل والمثلّث والدائرة وتُميّزها بعدد أضلاعها. استعدّ لآخر بوّابة: التموقع في الفضاء!', '# 📜 ملخّص: الأشكال الهندسية

- **المربّع**: 4 أضلاع متساوية و 4 زوايا (مثل وجه النرد).
- **المستطيل**: 4 أضلاع و 4 زوايا، لكن ضلعان طويلان وضلعان قصيران (مثل الباب).
- **الفرق**: المربّع كلّ أضلاعه متساوية، أمّا المستطيل فلا.
- **المثلّث**: 3 أضلاع و 3 زوايا (مثل قطعة البيتزا).
- **الدائرة**: شكل مستدير، لا أضلاع لها ولا زوايا (مثل العجلة).
- **نُميّز الشكل** بعدد أضلاعه: 3 مثلّث، 4 مربّع أو مستطيل، 0 دائرة.
- نبحث عن الأشكال من حولنا: الكتاب مستطيل، والساعة دائرة.', 6)
ON CONFLICT (id) DO UPDATE SET
  subject_id = EXCLUDED.subject_id,
  title = EXCLUDED.title,
  description = EXCLUDED.description,
  lesson_content = EXCLUDED.lesson_content,
  summary = EXCLUDED.summary,
  display_order = EXCLUDED.display_order;

INSERT INTO public.chapters (id, subject_id, title, description, lesson_content, summary, display_order) VALUES
  ('c7ca9bbe-5553-5e50-b49c-51d09d3b52a0', 'math-1ere', 'التموقع في الفضاء', 'اليمين واليسار، فوق وتحت، أمام وخلف، داخل وخارج، الأكبر والأصغر، تحديد مواضع الأشياء', '# ⚔️ التموقع في الفضاء — بوصلة البطل

> 💡 «البطل الماهر يعرف دائمًا أين هو وأين كلّ شيءٍ حوله!»

أيّها البطل، في هذه البوّابة الأخيرة نتعلّم **مواضع الأشياء**: أين تقع؟ يمين أم يسار؟ فوق أم تحت؟ هذه كلماتٌ تساعدنا على وصف العالَم.

## ↔️ اليمين واليسار

لكلّ بطلٍ **يدٌ يُمنى** و **يدٌ يُسرى**.

- ما كان جهة يدك اليُمنى فهو على **اليمين**.
- ما كان جهة يدك اليُسرى فهو على **اليسار**.

> 🗡️ خدعة البطل: غالبًا نأكل ونكتب باليد اليُمنى؛ هذه تساعدك على تذكّر اليمين.

## ↕️ فوق وتحت

- ما كان في الأعلى فهو **فوق**: الشمس فوق رأسك.
- ما كان في الأسفل فهو **تحت**: الأرض تحت قدميك.

مثال: الطائر يطير **فوق** الشجرة، والقطّ ينام **تحت** الكرسيّ.

## ⬅️➡️ أمام وخلف

- ما كان في اتّجاه نظرك فهو **أمامك**.
- ما كان وراء ظهرك فهو **خلفك**.

مثال: في الصفّ، السبّورة **أمام** التلميذ، والباب قد يكون **خلفه**.

## 📦 داخل وخارج

- ما كان في جوف الشيء فهو **داخله**: القلم **داخل** المقلمة.
- ما كان في ظاهره فهو **خارجه**: الحقيبة **خارج** الدُّرج.

## 📏 الأكبر والأصغر، الأطول والأقصر

نقارن أحجام الأشياء وأطوالها:

- الفيل **أكبر** من الفأر، والفأر **أصغر** من الفيل.
- العمود **أطول** من الكرسيّ، والكرسيّ **أقصر** من العمود.

> ⚠️ احذر! اليمين واليسار قد ينقلبان إذا واجهك شخصٌ آخر؛ انظر دائمًا من جهتك أنت.

> 🏆 مبروك أيّها البطل! أكملت كلّ بوّابات السنة الأولى: العدّ، المقارنة، الجمع، الطرح، الأشكال، والتموقع في الفضاء. صرت بطلًا حقيقيًّا في الرياضيات!', '# 📜 ملخّص: التموقع في الفضاء

- **اليمين واليسار**: ما كان جهة يدك اليُمنى يمين، وجهة يدك اليُسرى يسار.
- **فوق وتحت**: الشمس فوق رأسك، والأرض تحت قدميك.
- **أمام وخلف**: ما في اتّجاه نظرك أمامك، وما وراء ظهرك خلفك.
- **داخل وخارج**: القلم داخل المقلمة، والحقيبة خارج الدُّرج.
- **الأكبر والأصغر**: الفيل أكبر من الفأر، والفأر أصغر من الفيل.
- **الأطول والأقصر**: العمود أطول من الكرسيّ، والكرسيّ أقصر منه.
- **احذر**: اليمين واليسار قد ينقلبان مع شخصٍ يواجهك؛ انظر من جهتك أنت.', 7)
ON CONFLICT (id) DO UPDATE SET
  subject_id = EXCLUDED.subject_id,
  title = EXCLUDED.title,
  description = EXCLUDED.description,
  lesson_content = EXCLUDED.lesson_content,
  summary = EXCLUDED.summary,
  display_order = EXCLUDED.display_order;

INSERT INTO public.exercises (id, chapter_id, subject_id, title, difficulty, xp_reward, reward_coins, mode, source, display_order) VALUES
  ('bd1513be-6b46-50e6-bbfa-42ef1f57c47a', '9be0e6a9-f498-597f-9f20-fc8b09f0d0e8', 'math-1ere', 'اختبار فهم الدرس ⭐', 1, 20, 5, 'quiz', 'admin', 0)
ON CONFLICT (id) DO UPDATE SET
  chapter_id = EXCLUDED.chapter_id,
  subject_id = EXCLUDED.subject_id,
  title = EXCLUDED.title,
  difficulty = EXCLUDED.difficulty,
  xp_reward = EXCLUDED.xp_reward,
  reward_coins = EXCLUDED.reward_coins,
  mode = EXCLUDED.mode,
  display_order = EXCLUDED.display_order;

INSERT INTO public.questions (id, exercise_id, prompt, options, correct_option, explanation, display_order) VALUES
  ('22bc1be9-2583-59f6-9313-9c6f101eec2f', 'bd1513be-6b46-50e6-bbfa-42ef1f57c47a', 'كم نجمة هنا؟ ⭐⭐⭐', '[{"id":"a","text":"2"},{"id":"b","text":"3"},{"id":"c","text":"4"},{"id":"d","text":"5"}]'::jsonb, 'b', 'نَعُدّ النجمات واحدة واحدة: 1، 2، 3. عددها 3 نجمات.', 1)
ON CONFLICT (id) DO UPDATE SET
  exercise_id = EXCLUDED.exercise_id,
  prompt = EXCLUDED.prompt,
  options = EXCLUDED.options,
  correct_option = EXCLUDED.correct_option,
  explanation = EXCLUDED.explanation,
  display_order = EXCLUDED.display_order;

INSERT INTO public.questions (id, exercise_id, prompt, options, correct_option, explanation, display_order) VALUES
  ('e8b1ae2b-7b2f-5217-ac38-376fc22f5ad8', 'bd1513be-6b46-50e6-bbfa-42ef1f57c47a', 'كيف نقرأ العدد 7؟', '[{"id":"a","text":"خمسة"},{"id":"b","text":"ستّة"},{"id":"c","text":"سبعة"},{"id":"d","text":"ثمانية"}]'::jsonb, 'c', 'العدد 7 نقرأه «سبعة». يأتي بعد 6 وقبل 8.', 2)
ON CONFLICT (id) DO UPDATE SET
  exercise_id = EXCLUDED.exercise_id,
  prompt = EXCLUDED.prompt,
  options = EXCLUDED.options,
  correct_option = EXCLUDED.correct_option,
  explanation = EXCLUDED.explanation,
  display_order = EXCLUDED.display_order;

INSERT INTO public.questions (id, exercise_id, prompt, options, correct_option, explanation, display_order) VALUES
  ('1585e224-ecbf-5ced-9536-da6c29ec7fb3', 'bd1513be-6b46-50e6-bbfa-42ef1f57c47a', 'ما العدد الذي يعني «لا شيء»؟', '[{"id":"a","text":"0"},{"id":"b","text":"1"},{"id":"c","text":"9"},{"id":"d","text":"5"}]'::jsonb, 'a', 'العدد 0 (صفر) يعني لا شيء، مثل صحنٍ فارغ. وهو أصغر عدد.', 3)
ON CONFLICT (id) DO UPDATE SET
  exercise_id = EXCLUDED.exercise_id,
  prompt = EXCLUDED.prompt,
  options = EXCLUDED.options,
  correct_option = EXCLUDED.correct_option,
  explanation = EXCLUDED.explanation,
  display_order = EXCLUDED.display_order;

INSERT INTO public.questions (id, exercise_id, prompt, options, correct_option, explanation, display_order) VALUES
  ('d3066a32-5c2b-5c9b-b347-50a9b260df12', 'bd1513be-6b46-50e6-bbfa-42ef1f57c47a', 'ما العدد الذي يلي العدد 4؟', '[{"id":"a","text":"3"},{"id":"b","text":"5"},{"id":"c","text":"6"},{"id":"d","text":"8"}]'::jsonb, 'b', 'العدد الذي يلي 4 هو الذي يأتي بعده مباشرة، أي 5 (أكبر بواحد).', 4)
ON CONFLICT (id) DO UPDATE SET
  exercise_id = EXCLUDED.exercise_id,
  prompt = EXCLUDED.prompt,
  options = EXCLUDED.options,
  correct_option = EXCLUDED.correct_option,
  explanation = EXCLUDED.explanation,
  display_order = EXCLUDED.display_order;

INSERT INTO public.questions (id, exercise_id, prompt, options, correct_option, explanation, display_order) VALUES
  ('64108a36-1a32-52bb-8ae8-a3ccb3652af8', 'bd1513be-6b46-50e6-bbfa-42ef1f57c47a', 'أيّ عدد هو الأكبر؟', '[{"id":"a","text":"2"},{"id":"b","text":"5"},{"id":"c","text":"8"},{"id":"d","text":"4"}]'::jsonb, 'c', 'كلّما تقدّمنا في العدّ صار العدد أكبر. من بين 2 و 5 و 8 و 4 الأكبر هو 8.', 5)
ON CONFLICT (id) DO UPDATE SET
  exercise_id = EXCLUDED.exercise_id,
  prompt = EXCLUDED.prompt,
  options = EXCLUDED.options,
  correct_option = EXCLUDED.correct_option,
  explanation = EXCLUDED.explanation,
  display_order = EXCLUDED.display_order;

INSERT INTO public.exercises (id, chapter_id, subject_id, title, difficulty, xp_reward, reward_coins, mode, source, display_order) VALUES
  ('46564e58-c1b5-56df-855a-b32f4b324bc7', '9be0e6a9-f498-597f-9f20-fc8b09f0d0e8', 'math-1ere', '⭐ تمرين: أوّل خطوات العدّ', 1, 50, 10, 'practice', 'admin', 1)
ON CONFLICT (id) DO UPDATE SET
  chapter_id = EXCLUDED.chapter_id,
  subject_id = EXCLUDED.subject_id,
  title = EXCLUDED.title,
  difficulty = EXCLUDED.difficulty,
  xp_reward = EXCLUDED.xp_reward,
  reward_coins = EXCLUDED.reward_coins,
  mode = EXCLUDED.mode,
  display_order = EXCLUDED.display_order;

INSERT INTO public.questions (id, exercise_id, prompt, options, correct_option, explanation, display_order) VALUES
  ('a087aafb-c69d-585d-97c3-56271d8a48a6', '46564e58-c1b5-56df-855a-b32f4b324bc7', 'كم تفّاحة هنا؟ 🍎🍎', '[{"id":"a","text":"1"},{"id":"b","text":"2"},{"id":"c","text":"3"},{"id":"d","text":"4"}]'::jsonb, 'b', 'نَعُدّ التفّاحات: 1، 2. عددها 2 تفّاحتان.', 1)
ON CONFLICT (id) DO UPDATE SET
  exercise_id = EXCLUDED.exercise_id,
  prompt = EXCLUDED.prompt,
  options = EXCLUDED.options,
  correct_option = EXCLUDED.correct_option,
  explanation = EXCLUDED.explanation,
  display_order = EXCLUDED.display_order;

INSERT INTO public.questions (id, exercise_id, prompt, options, correct_option, explanation, display_order) VALUES
  ('ac0ceb82-56b2-5d4e-bf8d-602007ee5e55', '46564e58-c1b5-56df-855a-b32f4b324bc7', 'كيف نقرأ العدد 5؟', '[{"id":"a","text":"أربعة"},{"id":"b","text":"ثلاثة"},{"id":"c","text":"ستّة"},{"id":"d","text":"خمسة"}]'::jsonb, 'd', 'العدد 5 نقرأه «خمسة». يأتي بعد 4 وقبل 6.', 2)
ON CONFLICT (id) DO UPDATE SET
  exercise_id = EXCLUDED.exercise_id,
  prompt = EXCLUDED.prompt,
  options = EXCLUDED.options,
  correct_option = EXCLUDED.correct_option,
  explanation = EXCLUDED.explanation,
  display_order = EXCLUDED.display_order;

INSERT INTO public.questions (id, exercise_id, prompt, options, correct_option, explanation, display_order) VALUES
  ('b73ac76d-695b-5c14-9fa0-2f501eedc464', '46564e58-c1b5-56df-855a-b32f4b324bc7', 'كم كرة هنا؟ ⚽⚽⚽⚽', '[{"id":"a","text":"3"},{"id":"b","text":"5"},{"id":"c","text":"4"},{"id":"d","text":"6"}]'::jsonb, 'c', 'نَعُدّ الكرات: 1، 2، 3، 4. عددها 4 كرات.', 3)
ON CONFLICT (id) DO UPDATE SET
  exercise_id = EXCLUDED.exercise_id,
  prompt = EXCLUDED.prompt,
  options = EXCLUDED.options,
  correct_option = EXCLUDED.correct_option,
  explanation = EXCLUDED.explanation,
  display_order = EXCLUDED.display_order;

INSERT INTO public.questions (id, exercise_id, prompt, options, correct_option, explanation, display_order) VALUES
  ('1c9ffe8f-8129-545a-8669-735e33e24caa', '46564e58-c1b5-56df-855a-b32f4b324bc7', 'كم شيئًا في الصحن الفارغ؟', '[{"id":"a","text":"0"},{"id":"b","text":"1"},{"id":"c","text":"2"},{"id":"d","text":"9"}]'::jsonb, 'a', 'الصحن الفارغ لا شيء فيه، فعدد الأشياء هو 0 (صفر).', 4)
ON CONFLICT (id) DO UPDATE SET
  exercise_id = EXCLUDED.exercise_id,
  prompt = EXCLUDED.prompt,
  options = EXCLUDED.options,
  correct_option = EXCLUDED.correct_option,
  explanation = EXCLUDED.explanation,
  display_order = EXCLUDED.display_order;

INSERT INTO public.questions (id, exercise_id, prompt, options, correct_option, explanation, display_order) VALUES
  ('14d4b509-511f-5716-aba5-baad7bd31983', '46564e58-c1b5-56df-855a-b32f4b324bc7', 'ما العدد الذي يلي العدد 6؟', '[{"id":"a","text":"5"},{"id":"b","text":"7"},{"id":"c","text":"8"},{"id":"d","text":"6"}]'::jsonb, 'b', 'العدد الذي يلي 6 يأتي بعده مباشرة، أي 7 (أكبر بواحد).', 5)
ON CONFLICT (id) DO UPDATE SET
  exercise_id = EXCLUDED.exercise_id,
  prompt = EXCLUDED.prompt,
  options = EXCLUDED.options,
  correct_option = EXCLUDED.correct_option,
  explanation = EXCLUDED.explanation,
  display_order = EXCLUDED.display_order;

INSERT INTO public.questions (id, exercise_id, prompt, options, correct_option, explanation, display_order) VALUES
  ('71b39dd7-469b-5120-8e72-6e462db6f17f', '46564e58-c1b5-56df-855a-b32f4b324bc7', 'ما العدد الذي يسبق العدد 3؟', '[{"id":"a","text":"4"},{"id":"b","text":"1"},{"id":"c","text":"2"},{"id":"d","text":"0"}]'::jsonb, 'c', 'العدد الذي يسبق 3 يأتي قبله مباشرة، أي 2 (أصغر بواحد).', 6)
ON CONFLICT (id) DO UPDATE SET
  exercise_id = EXCLUDED.exercise_id,
  prompt = EXCLUDED.prompt,
  options = EXCLUDED.options,
  correct_option = EXCLUDED.correct_option,
  explanation = EXCLUDED.explanation,
  display_order = EXCLUDED.display_order;

INSERT INTO public.exercises (id, chapter_id, subject_id, title, difficulty, xp_reward, reward_coins, mode, source, display_order) VALUES
  ('91c98fc7-83c2-51a0-8352-96c67b690c09', '9be0e6a9-f498-597f-9f20-fc8b09f0d0e8', 'math-1ere', '⚔️ زعيم الفصل ⭐⭐⭐: سيّد الأعداد إلى 9', 3, 120, 30, 'boss', 'admin', 2)
ON CONFLICT (id) DO UPDATE SET
  chapter_id = EXCLUDED.chapter_id,
  subject_id = EXCLUDED.subject_id,
  title = EXCLUDED.title,
  difficulty = EXCLUDED.difficulty,
  xp_reward = EXCLUDED.xp_reward,
  reward_coins = EXCLUDED.reward_coins,
  mode = EXCLUDED.mode,
  display_order = EXCLUDED.display_order;

INSERT INTO public.questions (id, exercise_id, prompt, options, correct_option, explanation, display_order) VALUES
  ('d35b5636-94f9-5e7b-9bd6-b32414bd4d52', '91c98fc7-83c2-51a0-8352-96c67b690c09', 'كم عددًا يقع بين 3 و 7 (دون أن نَعُدّهما)؟', '[{"id":"a","text":"2"},{"id":"b","text":"3"},{"id":"c","text":"4"},{"id":"d","text":"5"}]'::jsonb, 'b', 'الأعداد بين 3 و 7 هي 4 و 5 و 6، أي 3 أعداد. لا نَعُدّ 3 ولا 7.', 1)
ON CONFLICT (id) DO UPDATE SET
  exercise_id = EXCLUDED.exercise_id,
  prompt = EXCLUDED.prompt,
  options = EXCLUDED.options,
  correct_option = EXCLUDED.correct_option,
  explanation = EXCLUDED.explanation,
  display_order = EXCLUDED.display_order;

INSERT INTO public.questions (id, exercise_id, prompt, options, correct_option, explanation, display_order) VALUES
  ('92a41e6f-fdda-55a8-8ed3-a750d313b6c0', '91c98fc7-83c2-51a0-8352-96c67b690c09', 'ما العدد الذي يلي العدد 8؟', '[{"id":"a","text":"7"},{"id":"b","text":"9"},{"id":"c","text":"10"},{"id":"d","text":"8"}]'::jsonb, 'b', 'العدد الذي يلي 8 يأتي بعده مباشرة، أي 9 (أكبر بواحد). و 9 هو آخر عدد في هذه البوّابة.', 2)
ON CONFLICT (id) DO UPDATE SET
  exercise_id = EXCLUDED.exercise_id,
  prompt = EXCLUDED.prompt,
  options = EXCLUDED.options,
  correct_option = EXCLUDED.correct_option,
  explanation = EXCLUDED.explanation,
  display_order = EXCLUDED.display_order;

INSERT INTO public.questions (id, exercise_id, prompt, options, correct_option, explanation, display_order) VALUES
  ('d662e1b7-0c5a-50a9-8a13-af31faf6623c', '91c98fc7-83c2-51a0-8352-96c67b690c09', 'ما العدد الذي يسبق العدد 1؟', '[{"id":"a","text":"0"},{"id":"b","text":"2"},{"id":"c","text":"1"},{"id":"d","text":"9"}]'::jsonb, 'a', 'العدد الذي يسبق 1 يأتي قبله مباشرة، أي 0 (أصغر بواحد). و 0 هو أصغر عدد.', 3)
ON CONFLICT (id) DO UPDATE SET
  exercise_id = EXCLUDED.exercise_id,
  prompt = EXCLUDED.prompt,
  options = EXCLUDED.options,
  correct_option = EXCLUDED.correct_option,
  explanation = EXCLUDED.explanation,
  display_order = EXCLUDED.display_order;

INSERT INTO public.questions (id, exercise_id, prompt, options, correct_option, explanation, display_order) VALUES
  ('377112bd-4ede-5b14-ad5a-158734dce1d4', '91c98fc7-83c2-51a0-8352-96c67b690c09', 'رتّب الأعداد 4 و 1 و 7 من الأصغر إلى الأكبر.', '[{"id":"a","text":"1، 4، 7"},{"id":"b","text":"7، 4، 1"},{"id":"c","text":"4، 1، 7"},{"id":"d","text":"1، 7، 4"}]'::jsonb, 'a', 'من الأصغر إلى الأكبر: 1 ثمّ 4 ثمّ 7. إذن الترتيب الصحيح هو 1، 4، 7.', 4)
ON CONFLICT (id) DO UPDATE SET
  exercise_id = EXCLUDED.exercise_id,
  prompt = EXCLUDED.prompt,
  options = EXCLUDED.options,
  correct_option = EXCLUDED.correct_option,
  explanation = EXCLUDED.explanation,
  display_order = EXCLUDED.display_order;

INSERT INTO public.questions (id, exercise_id, prompt, options, correct_option, explanation, display_order) VALUES
  ('5d6dc786-aefd-5e06-8dbd-b3b3aba85100', '91c98fc7-83c2-51a0-8352-96c67b690c09', 'في يدي 5 أصابع، أخفيت 2. كم أصبعًا أراها؟', '[{"id":"a","text":"2"},{"id":"b","text":"4"},{"id":"c","text":"3"},{"id":"d","text":"5"}]'::jsonb, 'c', 'أبدأ بـ 5 أصابع وأخفي 2، فأَعُدّ ما بقي: 5 ثمّ 4 ثمّ 3. أرى 3 أصابع.', 5)
ON CONFLICT (id) DO UPDATE SET
  exercise_id = EXCLUDED.exercise_id,
  prompt = EXCLUDED.prompt,
  options = EXCLUDED.options,
  correct_option = EXCLUDED.correct_option,
  explanation = EXCLUDED.explanation,
  display_order = EXCLUDED.display_order;

INSERT INTO public.questions (id, exercise_id, prompt, options, correct_option, explanation, display_order) VALUES
  ('b1a93572-5ad3-5eac-b608-5c44d40ff43c', '91c98fc7-83c2-51a0-8352-96c67b690c09', 'أنا عددٌ أكبر من 6 وأصغر من 8. من أكون؟', '[{"id":"a","text":"6"},{"id":"b","text":"8"},{"id":"c","text":"9"},{"id":"d","text":"7"}]'::jsonb, 'd', 'العدد الأكبر من 6 والأصغر من 8 هو الوحيد بينهما، أي 7.', 6)
ON CONFLICT (id) DO UPDATE SET
  exercise_id = EXCLUDED.exercise_id,
  prompt = EXCLUDED.prompt,
  options = EXCLUDED.options,
  correct_option = EXCLUDED.correct_option,
  explanation = EXCLUDED.explanation,
  display_order = EXCLUDED.display_order;

INSERT INTO public.exercises (id, chapter_id, subject_id, title, difficulty, xp_reward, reward_coins, mode, source, display_order) VALUES
  ('10c40ca5-a980-5a5e-95f6-dd0da35ab853', '9be0e6a9-f498-597f-9f20-fc8b09f0d0e8', 'math-1ere', '⭐⭐ تمرين مراجعة (نمط امتحان): الأعداد إلى 9', 2, 70, 15, 'practice', 'admin', 3)
ON CONFLICT (id) DO UPDATE SET
  chapter_id = EXCLUDED.chapter_id,
  subject_id = EXCLUDED.subject_id,
  title = EXCLUDED.title,
  difficulty = EXCLUDED.difficulty,
  xp_reward = EXCLUDED.xp_reward,
  reward_coins = EXCLUDED.reward_coins,
  mode = EXCLUDED.mode,
  display_order = EXCLUDED.display_order;

INSERT INTO public.questions (id, exercise_id, prompt, options, correct_option, explanation, display_order) VALUES
  ('79165bf5-d403-5ee0-bb61-415501302204', '10c40ca5-a980-5a5e-95f6-dd0da35ab853', 'كم قلبًا هنا؟ ❤️❤️❤️❤️❤️❤️', '[{"id":"a","text":"5"},{"id":"b","text":"6"},{"id":"c","text":"7"},{"id":"d","text":"4"}]'::jsonb, 'b', 'نَعُدّ القلوب واحدًا واحدًا: 1، 2، 3، 4، 5، 6. عددها 6 قلوب.', 1)
ON CONFLICT (id) DO UPDATE SET
  exercise_id = EXCLUDED.exercise_id,
  prompt = EXCLUDED.prompt,
  options = EXCLUDED.options,
  correct_option = EXCLUDED.correct_option,
  explanation = EXCLUDED.explanation,
  display_order = EXCLUDED.display_order;

INSERT INTO public.questions (id, exercise_id, prompt, options, correct_option, explanation, display_order) VALUES
  ('fe4171ca-bcbf-5adf-9250-aa415e7d1ed8', '10c40ca5-a980-5a5e-95f6-dd0da35ab853', 'كيف نقرأ العدد 9؟', '[{"id":"a","text":"سبعة"},{"id":"b","text":"ثمانية"},{"id":"c","text":"تسعة"},{"id":"d","text":"ستّة"}]'::jsonb, 'c', 'العدد 9 نقرأه «تسعة». وهو أكبر عدد في هذه البوّابة.', 2)
ON CONFLICT (id) DO UPDATE SET
  exercise_id = EXCLUDED.exercise_id,
  prompt = EXCLUDED.prompt,
  options = EXCLUDED.options,
  correct_option = EXCLUDED.correct_option,
  explanation = EXCLUDED.explanation,
  display_order = EXCLUDED.display_order;

INSERT INTO public.questions (id, exercise_id, prompt, options, correct_option, explanation, display_order) VALUES
  ('9e2e31e4-84ed-58cb-88c6-e308556fabbb', '10c40ca5-a980-5a5e-95f6-dd0da35ab853', 'ما العدد الذي يلي العدد 2؟', '[{"id":"a","text":"3"},{"id":"b","text":"1"},{"id":"c","text":"4"},{"id":"d","text":"2"}]'::jsonb, 'a', 'العدد الذي يلي 2 يأتي بعده مباشرة، أي 3 (أكبر بواحد).', 3)
ON CONFLICT (id) DO UPDATE SET
  exercise_id = EXCLUDED.exercise_id,
  prompt = EXCLUDED.prompt,
  options = EXCLUDED.options,
  correct_option = EXCLUDED.correct_option,
  explanation = EXCLUDED.explanation,
  display_order = EXCLUDED.display_order;

INSERT INTO public.questions (id, exercise_id, prompt, options, correct_option, explanation, display_order) VALUES
  ('b9f9b894-3beb-5687-922d-0e1495bd812f', '10c40ca5-a980-5a5e-95f6-dd0da35ab853', 'أيّ عدد هو الأصغر؟', '[{"id":"a","text":"5"},{"id":"b","text":"9"},{"id":"c","text":"1"},{"id":"d","text":"7"}]'::jsonb, 'c', 'كلّما تأخّر العدد في العدّ صار أصغر. من بين 5 و 9 و 1 و 7 الأصغر هو 1.', 4)
ON CONFLICT (id) DO UPDATE SET
  exercise_id = EXCLUDED.exercise_id,
  prompt = EXCLUDED.prompt,
  options = EXCLUDED.options,
  correct_option = EXCLUDED.correct_option,
  explanation = EXCLUDED.explanation,
  display_order = EXCLUDED.display_order;

INSERT INTO public.questions (id, exercise_id, prompt, options, correct_option, explanation, display_order) VALUES
  ('ea4bf596-c295-5095-afb5-a1b1a80b4629', '10c40ca5-a980-5a5e-95f6-dd0da35ab853', 'ما العدد الذي يسبق العدد 8؟', '[{"id":"a","text":"9"},{"id":"b","text":"7"},{"id":"c","text":"6"},{"id":"d","text":"8"}]'::jsonb, 'b', 'العدد الذي يسبق 8 يأتي قبله مباشرة، أي 7 (أصغر بواحد).', 5)
ON CONFLICT (id) DO UPDATE SET
  exercise_id = EXCLUDED.exercise_id,
  prompt = EXCLUDED.prompt,
  options = EXCLUDED.options,
  correct_option = EXCLUDED.correct_option,
  explanation = EXCLUDED.explanation,
  display_order = EXCLUDED.display_order;

INSERT INTO public.questions (id, exercise_id, prompt, options, correct_option, explanation, display_order) VALUES
  ('e44d5b7b-66a4-5d13-ba12-00da4f0fde1c', '10c40ca5-a980-5a5e-95f6-dd0da35ab853', 'ما العدد المفقود؟ 3، 4، …، 6', '[{"id":"a","text":"7"},{"id":"b","text":"2"},{"id":"c","text":"8"},{"id":"d","text":"5"}]'::jsonb, 'd', 'نَعُدّ بالترتيب: 3، 4، 5، 6. العدد المفقود بين 4 و 6 هو 5.', 6)
ON CONFLICT (id) DO UPDATE SET
  exercise_id = EXCLUDED.exercise_id,
  prompt = EXCLUDED.prompt,
  options = EXCLUDED.options,
  correct_option = EXCLUDED.correct_option,
  explanation = EXCLUDED.explanation,
  display_order = EXCLUDED.display_order;

INSERT INTO public.exercises (id, chapter_id, subject_id, title, difficulty, xp_reward, reward_coins, mode, source, display_order) VALUES
  ('2af79c57-9878-55a9-9916-ea1e684b5ff1', '9be0e6a9-f498-597f-9f20-fc8b09f0d0e8', 'math-1ere', '👑 تحدّي النخبة ⭐⭐⭐⭐: ألغاز الأعداد إلى 9', 4, 300, 60, 'challenge', 'admin', 4)
ON CONFLICT (id) DO UPDATE SET
  chapter_id = EXCLUDED.chapter_id,
  subject_id = EXCLUDED.subject_id,
  title = EXCLUDED.title,
  difficulty = EXCLUDED.difficulty,
  xp_reward = EXCLUDED.xp_reward,
  reward_coins = EXCLUDED.reward_coins,
  mode = EXCLUDED.mode,
  display_order = EXCLUDED.display_order;

INSERT INTO public.questions (id, exercise_id, prompt, options, correct_option, explanation, display_order) VALUES
  ('6b57bb64-57a9-5a41-b271-511dba252032', '2af79c57-9878-55a9-9916-ea1e684b5ff1', 'أنا عددٌ أكبر من 4 وأصغر من 6. من أكون؟', '[{"id":"a","text":"4"},{"id":"b","text":"5"},{"id":"c","text":"6"},{"id":"d","text":"7"}]'::jsonb, 'b', 'العدد الوحيد الأكبر من 4 والأصغر من 6 هو 5.', 1)
ON CONFLICT (id) DO UPDATE SET
  exercise_id = EXCLUDED.exercise_id,
  prompt = EXCLUDED.prompt,
  options = EXCLUDED.options,
  correct_option = EXCLUDED.correct_option,
  explanation = EXCLUDED.explanation,
  display_order = EXCLUDED.display_order;

INSERT INTO public.questions (id, exercise_id, prompt, options, correct_option, explanation, display_order) VALUES
  ('ffbc3aef-7acd-52c8-bade-17491d0b3f03', '2af79c57-9878-55a9-9916-ea1e684b5ff1', 'عندي 3 حلوى، أعطتني أمّي 2 أخرى. كم صار لديّ؟', '[{"id":"a","text":"4"},{"id":"b","text":"6"},{"id":"c","text":"5"},{"id":"d","text":"3"}]'::jsonb, 'c', 'أبدأ بـ 3 ثمّ أَعُدّ 2 أخرى: 3 ثمّ 4 ثمّ 5. صار لديّ 5 حلوى.', 2)
ON CONFLICT (id) DO UPDATE SET
  exercise_id = EXCLUDED.exercise_id,
  prompt = EXCLUDED.prompt,
  options = EXCLUDED.options,
  correct_option = EXCLUDED.correct_option,
  explanation = EXCLUDED.explanation,
  display_order = EXCLUDED.display_order;

INSERT INTO public.questions (id, exercise_id, prompt, options, correct_option, explanation, display_order) VALUES
  ('495fd9c0-95fa-550e-9c47-2bb07e0c2abd', '2af79c57-9878-55a9-9916-ea1e684b5ff1', 'ما العدد المفقود؟ 9، 8، …، 6', '[{"id":"a","text":"7"},{"id":"b","text":"5"},{"id":"c","text":"10"},{"id":"d","text":"4"}]'::jsonb, 'a', 'هنا نَعُدّ تنازليًّا: 9، 8، 7، 6. العدد المفقود بين 8 و 6 هو 7.', 3)
ON CONFLICT (id) DO UPDATE SET
  exercise_id = EXCLUDED.exercise_id,
  prompt = EXCLUDED.prompt,
  options = EXCLUDED.options,
  correct_option = EXCLUDED.correct_option,
  explanation = EXCLUDED.explanation,
  display_order = EXCLUDED.display_order;

INSERT INTO public.questions (id, exercise_id, prompt, options, correct_option, explanation, display_order) VALUES
  ('6b32867e-d5d0-574a-8d2f-c25c803b56c3', '2af79c57-9878-55a9-9916-ea1e684b5ff1', 'كان في القفص 6 عصافير، طار 3. كم بقي؟', '[{"id":"a","text":"2"},{"id":"b","text":"4"},{"id":"c","text":"9"},{"id":"d","text":"3"}]'::jsonb, 'd', 'أبدأ بـ 6 وأنقص 3 طارت: 6 ثمّ 5 ثمّ 4 ثمّ 3. بقي 3 عصافير.', 4)
ON CONFLICT (id) DO UPDATE SET
  exercise_id = EXCLUDED.exercise_id,
  prompt = EXCLUDED.prompt,
  options = EXCLUDED.options,
  correct_option = EXCLUDED.correct_option,
  explanation = EXCLUDED.explanation,
  display_order = EXCLUDED.display_order;

INSERT INTO public.questions (id, exercise_id, prompt, options, correct_option, explanation, display_order) VALUES
  ('062d542a-f647-5025-9138-b3ef29b619f0', '2af79c57-9878-55a9-9916-ea1e684b5ff1', 'رتّب الأعداد 5 و 2 و 8 و 0 من الأكبر إلى الأصغر.', '[{"id":"a","text":"0، 2، 5، 8"},{"id":"b","text":"8، 5، 2، 0"},{"id":"c","text":"8، 2، 5، 0"},{"id":"d","text":"2، 0، 5، 8"}]'::jsonb, 'b', 'من الأكبر إلى الأصغر: 8 ثمّ 5 ثمّ 2 ثمّ 0. إذن الترتيب 8، 5، 2، 0.', 5)
ON CONFLICT (id) DO UPDATE SET
  exercise_id = EXCLUDED.exercise_id,
  prompt = EXCLUDED.prompt,
  options = EXCLUDED.options,
  correct_option = EXCLUDED.correct_option,
  explanation = EXCLUDED.explanation,
  display_order = EXCLUDED.display_order;

INSERT INTO public.questions (id, exercise_id, prompt, options, correct_option, explanation, display_order) VALUES
  ('906088ab-04a4-5cd2-9869-cf1057c25c8b', '2af79c57-9878-55a9-9916-ea1e684b5ff1', 'عددٌ يأتي مباشرةً بعد 6 ومباشرةً قبل 8. ما هو؟', '[{"id":"a","text":"6"},{"id":"b","text":"8"},{"id":"c","text":"7"},{"id":"d","text":"9"}]'::jsonb, 'c', 'العدد الذي يأتي بعد 6 هو 7، وهو نفسه الذي يأتي قبل 8. إذن العدد هو 7.', 6)
ON CONFLICT (id) DO UPDATE SET
  exercise_id = EXCLUDED.exercise_id,
  prompt = EXCLUDED.prompt,
  options = EXCLUDED.options,
  correct_option = EXCLUDED.correct_option,
  explanation = EXCLUDED.explanation,
  display_order = EXCLUDED.display_order;

INSERT INTO public.exercises (id, chapter_id, subject_id, title, difficulty, xp_reward, reward_coins, mode, source, display_order) VALUES
  ('66dfa3cb-7b84-592c-8e51-e0b101dc67d8', '9be0e6a9-f498-597f-9f20-fc8b09f0d0e8', 'math-1ere', '📝 تدريب ⭐⭐⭐: مراجعة شاملة للأعداد إلى 9', 3, 120, 30, 'boss', 'admin', 5)
ON CONFLICT (id) DO UPDATE SET
  chapter_id = EXCLUDED.chapter_id,
  subject_id = EXCLUDED.subject_id,
  title = EXCLUDED.title,
  difficulty = EXCLUDED.difficulty,
  xp_reward = EXCLUDED.xp_reward,
  reward_coins = EXCLUDED.reward_coins,
  mode = EXCLUDED.mode,
  display_order = EXCLUDED.display_order;

INSERT INTO public.questions (id, exercise_id, prompt, options, correct_option, explanation, display_order) VALUES
  ('20de4c9f-827c-5a14-9fd8-39e700372f9c', '66dfa3cb-7b84-592c-8e51-e0b101dc67d8', 'كم مثلّثًا هنا؟ 🔺🔺🔺🔺🔺🔺🔺', '[{"id":"a","text":"6"},{"id":"b","text":"7"},{"id":"c","text":"8"},{"id":"d","text":"5"}]'::jsonb, 'b', 'نَعُدّ المثلّثات واحدًا واحدًا: 1، 2، 3، 4، 5، 6، 7. عددها 7 مثلّثات.', 1)
ON CONFLICT (id) DO UPDATE SET
  exercise_id = EXCLUDED.exercise_id,
  prompt = EXCLUDED.prompt,
  options = EXCLUDED.options,
  correct_option = EXCLUDED.correct_option,
  explanation = EXCLUDED.explanation,
  display_order = EXCLUDED.display_order;

INSERT INTO public.questions (id, exercise_id, prompt, options, correct_option, explanation, display_order) VALUES
  ('65921bd0-bb97-5da8-8a53-e26dd3bff15c', '66dfa3cb-7b84-592c-8e51-e0b101dc67d8', 'ما العدد الذي يلي العدد 0؟', '[{"id":"a","text":"1"},{"id":"b","text":"0"},{"id":"c","text":"2"},{"id":"d","text":"9"}]'::jsonb, 'a', 'العدد الذي يلي 0 يأتي بعده مباشرة، أي 1 (أكبر بواحد).', 2)
ON CONFLICT (id) DO UPDATE SET
  exercise_id = EXCLUDED.exercise_id,
  prompt = EXCLUDED.prompt,
  options = EXCLUDED.options,
  correct_option = EXCLUDED.correct_option,
  explanation = EXCLUDED.explanation,
  display_order = EXCLUDED.display_order;

INSERT INTO public.questions (id, exercise_id, prompt, options, correct_option, explanation, display_order) VALUES
  ('6359a174-80e5-56f8-bb27-41fe1bf486d0', '66dfa3cb-7b84-592c-8e51-e0b101dc67d8', 'ما العدد المفقود؟ 5، …، 7، 8', '[{"id":"a","text":"4"},{"id":"b","text":"9"},{"id":"c","text":"6"},{"id":"d","text":"5"}]'::jsonb, 'c', 'نَعُدّ بالترتيب: 5، 6، 7، 8. العدد المفقود بين 5 و 7 هو 6.', 3)
ON CONFLICT (id) DO UPDATE SET
  exercise_id = EXCLUDED.exercise_id,
  prompt = EXCLUDED.prompt,
  options = EXCLUDED.options,
  correct_option = EXCLUDED.correct_option,
  explanation = EXCLUDED.explanation,
  display_order = EXCLUDED.display_order;

INSERT INTO public.questions (id, exercise_id, prompt, options, correct_option, explanation, display_order) VALUES
  ('dba1a28d-b391-59c0-9b3b-ba140bd04974', '66dfa3cb-7b84-592c-8e51-e0b101dc67d8', 'أيّ عدد هو الأكبر؟', '[{"id":"a","text":"6"},{"id":"b","text":"3"},{"id":"c","text":"9"},{"id":"d","text":"8"}]'::jsonb, 'c', 'من بين 6 و 3 و 9 و 8 الأكبر هو 9 (آخر عدد في العدّ).', 4)
ON CONFLICT (id) DO UPDATE SET
  exercise_id = EXCLUDED.exercise_id,
  prompt = EXCLUDED.prompt,
  options = EXCLUDED.options,
  correct_option = EXCLUDED.correct_option,
  explanation = EXCLUDED.explanation,
  display_order = EXCLUDED.display_order;

INSERT INTO public.questions (id, exercise_id, prompt, options, correct_option, explanation, display_order) VALUES
  ('61d31db6-a24b-5fde-89ad-96fe8009279d', '66dfa3cb-7b84-592c-8e51-e0b101dc67d8', 'عددٌ أكبر من 7 وأصغر من 9. ما هو؟', '[{"id":"a","text":"7"},{"id":"b","text":"8"},{"id":"c","text":"9"},{"id":"d","text":"6"}]'::jsonb, 'b', 'العدد الوحيد الأكبر من 7 والأصغر من 9 هو 8.', 5)
ON CONFLICT (id) DO UPDATE SET
  exercise_id = EXCLUDED.exercise_id,
  prompt = EXCLUDED.prompt,
  options = EXCLUDED.options,
  correct_option = EXCLUDED.correct_option,
  explanation = EXCLUDED.explanation,
  display_order = EXCLUDED.display_order;

INSERT INTO public.questions (id, exercise_id, prompt, options, correct_option, explanation, display_order) VALUES
  ('4e93f4b0-5cee-505a-b39b-a1129d3d78dc', '66dfa3cb-7b84-592c-8e51-e0b101dc67d8', 'رتّب الأعداد 3 و 9 و 0 من الأصغر إلى الأكبر.', '[{"id":"a","text":"9، 3، 0"},{"id":"b","text":"3، 0، 9"},{"id":"c","text":"0، 9، 3"},{"id":"d","text":"0، 3، 9"}]'::jsonb, 'd', 'من الأصغر إلى الأكبر: 0 ثمّ 3 ثمّ 9. إذن الترتيب 0، 3، 9.', 6)
ON CONFLICT (id) DO UPDATE SET
  exercise_id = EXCLUDED.exercise_id,
  prompt = EXCLUDED.prompt,
  options = EXCLUDED.options,
  correct_option = EXCLUDED.correct_option,
  explanation = EXCLUDED.explanation,
  display_order = EXCLUDED.display_order;

INSERT INTO public.exercises (id, chapter_id, subject_id, title, difficulty, xp_reward, reward_coins, mode, source, display_order) VALUES
  ('568728ff-4918-53cf-af71-e2bcdeb98334', 'c208be46-7f36-50f9-9459-4abf870c515e', 'math-1ere', 'اختبار فهم الدرس ⭐', 1, 20, 5, 'quiz', 'admin', 0)
ON CONFLICT (id) DO UPDATE SET
  chapter_id = EXCLUDED.chapter_id,
  subject_id = EXCLUDED.subject_id,
  title = EXCLUDED.title,
  difficulty = EXCLUDED.difficulty,
  xp_reward = EXCLUDED.xp_reward,
  reward_coins = EXCLUDED.reward_coins,
  mode = EXCLUDED.mode,
  display_order = EXCLUDED.display_order;

INSERT INTO public.questions (id, exercise_id, prompt, options, correct_option, explanation, display_order) VALUES
  ('9c5b368b-1b91-5845-81f3-c9bfe7ae63b1', '568728ff-4918-53cf-af71-e2bcdeb98334', 'كم عشرة في العدد 30؟', '[{"id":"a","text":"3"},{"id":"b","text":"1"},{"id":"c","text":"30"},{"id":"d","text":"0"}]'::jsonb, 'a', 'العدد 30 فيه 3 عشرات و 0 آحاد. إذن عدد العشرات هو 3.', 1)
ON CONFLICT (id) DO UPDATE SET
  exercise_id = EXCLUDED.exercise_id,
  prompt = EXCLUDED.prompt,
  options = EXCLUDED.options,
  correct_option = EXCLUDED.correct_option,
  explanation = EXCLUDED.explanation,
  display_order = EXCLUDED.display_order;

INSERT INTO public.questions (id, exercise_id, prompt, options, correct_option, explanation, display_order) VALUES
  ('efb2f8b7-1b64-59aa-94c2-5ef8ee0d75a7', '568728ff-4918-53cf-af71-e2bcdeb98334', 'ما رقم الآحاد في العدد 47؟', '[{"id":"a","text":"4"},{"id":"b","text":"47"},{"id":"c","text":"7"},{"id":"d","text":"0"}]'::jsonb, 'c', 'في العدد 47 الرقم 4 عشرات والرقم 7 آحاد. إذن رقم الآحاد هو 7.', 2)
ON CONFLICT (id) DO UPDATE SET
  exercise_id = EXCLUDED.exercise_id,
  prompt = EXCLUDED.prompt,
  options = EXCLUDED.options,
  correct_option = EXCLUDED.correct_option,
  explanation = EXCLUDED.explanation,
  display_order = EXCLUDED.display_order;

INSERT INTO public.questions (id, exercise_id, prompt, options, correct_option, explanation, display_order) VALUES
  ('a15132a4-6ade-57f9-bd71-8dcffaff868a', '568728ff-4918-53cf-af71-e2bcdeb98334', 'كيف نقرأ العدد 52؟', '[{"id":"a","text":"خمسة وعشرون"},{"id":"b","text":"اثنان وخمسون"},{"id":"c","text":"خمسة وخمسون"},{"id":"d","text":"اثنان وعشرون"}]'::jsonb, 'b', 'العدد 52 فيه 5 عشرات و 2 آحاد، فنقرأه «اثنان وخمسون».', 3)
ON CONFLICT (id) DO UPDATE SET
  exercise_id = EXCLUDED.exercise_id,
  prompt = EXCLUDED.prompt,
  options = EXCLUDED.options,
  correct_option = EXCLUDED.correct_option,
  explanation = EXCLUDED.explanation,
  display_order = EXCLUDED.display_order;

INSERT INTO public.questions (id, exercise_id, prompt, options, correct_option, explanation, display_order) VALUES
  ('8e7b88bb-cd74-5780-b655-2ddd33a6fd94', '568728ff-4918-53cf-af71-e2bcdeb98334', 'ما تفكيك العدد 68؟', '[{"id":"a","text":"6 + 8"},{"id":"b","text":"80 + 6"},{"id":"c","text":"60 + 8"},{"id":"d","text":"68 + 0"}]'::jsonb, 'c', 'العدد 68 فيه 6 عشرات (60) و 8 آحاد، فتفكيكه 60 + 8.', 4)
ON CONFLICT (id) DO UPDATE SET
  exercise_id = EXCLUDED.exercise_id,
  prompt = EXCLUDED.prompt,
  options = EXCLUDED.options,
  correct_option = EXCLUDED.correct_option,
  explanation = EXCLUDED.explanation,
  display_order = EXCLUDED.display_order;

INSERT INTO public.questions (id, exercise_id, prompt, options, correct_option, explanation, display_order) VALUES
  ('6817ab7b-4807-51cd-997a-54058567ce3c', '568728ff-4918-53cf-af71-e2bcdeb98334', 'أيّ عدد هو الأكبر؟', '[{"id":"a","text":"29"},{"id":"b","text":"30"},{"id":"c","text":"31"},{"id":"d","text":"32"}]'::jsonb, 'd', 'نقارن العشرات: في 29 عشرتان، وفي البقيّة 3 عشرات. ثمّ بين 30 و 31 و 32 الأكبر هو 32 (آحاده أكبر).', 5)
ON CONFLICT (id) DO UPDATE SET
  exercise_id = EXCLUDED.exercise_id,
  prompt = EXCLUDED.prompt,
  options = EXCLUDED.options,
  correct_option = EXCLUDED.correct_option,
  explanation = EXCLUDED.explanation,
  display_order = EXCLUDED.display_order;

INSERT INTO public.exercises (id, chapter_id, subject_id, title, difficulty, xp_reward, reward_coins, mode, source, display_order) VALUES
  ('e1df16c6-599c-5fc7-91f7-71b3bd7b14ed', 'c208be46-7f36-50f9-9459-4abf870c515e', 'math-1ere', '⭐ تمرين: عشرات وآحاد', 1, 50, 10, 'practice', 'admin', 1)
ON CONFLICT (id) DO UPDATE SET
  chapter_id = EXCLUDED.chapter_id,
  subject_id = EXCLUDED.subject_id,
  title = EXCLUDED.title,
  difficulty = EXCLUDED.difficulty,
  xp_reward = EXCLUDED.xp_reward,
  reward_coins = EXCLUDED.reward_coins,
  mode = EXCLUDED.mode,
  display_order = EXCLUDED.display_order;

INSERT INTO public.questions (id, exercise_id, prompt, options, correct_option, explanation, display_order) VALUES
  ('af263e77-d14e-55c1-9fe9-7d6b41b7451d', 'e1df16c6-599c-5fc7-91f7-71b3bd7b14ed', 'كم عشرة في العدد 20؟', '[{"id":"a","text":"2"},{"id":"b","text":"20"},{"id":"c","text":"1"},{"id":"d","text":"0"}]'::jsonb, 'a', 'العدد 20 فيه عشرتان (2 عشرات) و 0 آحاد. إذن عدد العشرات هو 2.', 1)
ON CONFLICT (id) DO UPDATE SET
  exercise_id = EXCLUDED.exercise_id,
  prompt = EXCLUDED.prompt,
  options = EXCLUDED.options,
  correct_option = EXCLUDED.correct_option,
  explanation = EXCLUDED.explanation,
  display_order = EXCLUDED.display_order;

INSERT INTO public.questions (id, exercise_id, prompt, options, correct_option, explanation, display_order) VALUES
  ('dda0a4af-d061-5a87-8303-61d362260eaa', 'e1df16c6-599c-5fc7-91f7-71b3bd7b14ed', 'ما رقم العشرات في العدد 53؟', '[{"id":"a","text":"3"},{"id":"b","text":"5"},{"id":"c","text":"8"},{"id":"d","text":"0"}]'::jsonb, 'b', 'في العدد 53 الرقم 5 عشرات والرقم 3 آحاد. إذن رقم العشرات هو 5.', 2)
ON CONFLICT (id) DO UPDATE SET
  exercise_id = EXCLUDED.exercise_id,
  prompt = EXCLUDED.prompt,
  options = EXCLUDED.options,
  correct_option = EXCLUDED.correct_option,
  explanation = EXCLUDED.explanation,
  display_order = EXCLUDED.display_order;

INSERT INTO public.questions (id, exercise_id, prompt, options, correct_option, explanation, display_order) VALUES
  ('2922137e-c2e3-58e7-8693-e6d803e77a99', 'e1df16c6-599c-5fc7-91f7-71b3bd7b14ed', 'كم عدد العشرات والآحاد في العدد 10؟', '[{"id":"a","text":"0 عشرة و 10 آحاد"},{"id":"b","text":"1 عشرة و 0 آحاد"},{"id":"c","text":"10 عشرات و 0 آحاد"},{"id":"d","text":"1 عشرة و 1 آحاد"}]'::jsonb, 'b', 'العدد 10 هو عشرة واحدة بلا آحاد، أي 1 عشرة و 0 آحاد.', 3)
ON CONFLICT (id) DO UPDATE SET
  exercise_id = EXCLUDED.exercise_id,
  prompt = EXCLUDED.prompt,
  options = EXCLUDED.options,
  correct_option = EXCLUDED.correct_option,
  explanation = EXCLUDED.explanation,
  display_order = EXCLUDED.display_order;

INSERT INTO public.questions (id, exercise_id, prompt, options, correct_option, explanation, display_order) VALUES
  ('4a858ebd-eabb-50b4-8939-8fd36a6dec5f', 'e1df16c6-599c-5fc7-91f7-71b3bd7b14ed', 'كيف نقرأ العدد 40؟', '[{"id":"a","text":"أربعة"},{"id":"b","text":"أربعة عشر"},{"id":"c","text":"أربعون"},{"id":"d","text":"أربعمئة"}]'::jsonb, 'c', 'العدد 40 فيه 4 عشرات و 0 آحاد، فنقرأه «أربعون».', 4)
ON CONFLICT (id) DO UPDATE SET
  exercise_id = EXCLUDED.exercise_id,
  prompt = EXCLUDED.prompt,
  options = EXCLUDED.options,
  correct_option = EXCLUDED.correct_option,
  explanation = EXCLUDED.explanation,
  display_order = EXCLUDED.display_order;

INSERT INTO public.questions (id, exercise_id, prompt, options, correct_option, explanation, display_order) VALUES
  ('eb0cbf45-dd30-50a1-a92d-6da781cefe87', 'e1df16c6-599c-5fc7-91f7-71b3bd7b14ed', 'ما تفكيك العدد 35؟', '[{"id":"a","text":"50 + 3"},{"id":"b","text":"3 + 5"},{"id":"c","text":"30 + 5"},{"id":"d","text":"35 + 5"}]'::jsonb, 'c', 'العدد 35 فيه 3 عشرات (30) و 5 آحاد، فتفكيكه 30 + 5.', 5)
ON CONFLICT (id) DO UPDATE SET
  exercise_id = EXCLUDED.exercise_id,
  prompt = EXCLUDED.prompt,
  options = EXCLUDED.options,
  correct_option = EXCLUDED.correct_option,
  explanation = EXCLUDED.explanation,
  display_order = EXCLUDED.display_order;

INSERT INTO public.questions (id, exercise_id, prompt, options, correct_option, explanation, display_order) VALUES
  ('fa7dbdf0-347b-548c-98a0-d9b7b230bd2c', 'e1df16c6-599c-5fc7-91f7-71b3bd7b14ed', 'ما رقم الآحاد في العدد 90؟', '[{"id":"a","text":"9"},{"id":"b","text":"90"},{"id":"c","text":"1"},{"id":"d","text":"0"}]'::jsonb, 'd', 'العدد 90 فيه 9 عشرات و 0 آحاد. إذن رقم الآحاد هو 0.', 6)
ON CONFLICT (id) DO UPDATE SET
  exercise_id = EXCLUDED.exercise_id,
  prompt = EXCLUDED.prompt,
  options = EXCLUDED.options,
  correct_option = EXCLUDED.correct_option,
  explanation = EXCLUDED.explanation,
  display_order = EXCLUDED.display_order;

INSERT INTO public.exercises (id, chapter_id, subject_id, title, difficulty, xp_reward, reward_coins, mode, source, display_order) VALUES
  ('ff9292ef-e3eb-5d2e-9c61-420f62ce29d3', 'c208be46-7f36-50f9-9459-4abf870c515e', 'math-1ere', '⚔️ زعيم الفصل ⭐⭐⭐: سيّد العشرات', 3, 120, 30, 'boss', 'admin', 2)
ON CONFLICT (id) DO UPDATE SET
  chapter_id = EXCLUDED.chapter_id,
  subject_id = EXCLUDED.subject_id,
  title = EXCLUDED.title,
  difficulty = EXCLUDED.difficulty,
  xp_reward = EXCLUDED.xp_reward,
  reward_coins = EXCLUDED.reward_coins,
  mode = EXCLUDED.mode,
  display_order = EXCLUDED.display_order;

INSERT INTO public.questions (id, exercise_id, prompt, options, correct_option, explanation, display_order) VALUES
  ('2ffdb7c6-d090-5c52-a887-57114178880a', 'ff9292ef-e3eb-5d2e-9c61-420f62ce29d3', 'عددٌ رقمُ عشراته 6 ورقمُ آحاده 2. ما هو؟', '[{"id":"a","text":"26"},{"id":"b","text":"62"},{"id":"c","text":"8"},{"id":"d","text":"620"}]'::jsonb, 'b', 'نضع رقم العشرات أوّلًا ثمّ رقم الآحاد: 6 عشرات و 2 آحاد يكوّنان العدد 62.', 1)
ON CONFLICT (id) DO UPDATE SET
  exercise_id = EXCLUDED.exercise_id,
  prompt = EXCLUDED.prompt,
  options = EXCLUDED.options,
  correct_option = EXCLUDED.correct_option,
  explanation = EXCLUDED.explanation,
  display_order = EXCLUDED.display_order;

INSERT INTO public.questions (id, exercise_id, prompt, options, correct_option, explanation, display_order) VALUES
  ('31c18015-043b-56f4-8668-ea467de9a8c4', 'ff9292ef-e3eb-5d2e-9c61-420f62ce29d3', 'كيف نقرأ العدد 74؟', '[{"id":"a","text":"أربعة وسبعون"},{"id":"b","text":"سبعة وأربعون"},{"id":"c","text":"أربعة وعشرون"},{"id":"d","text":"سبعون"}]'::jsonb, 'a', 'العدد 74 فيه 7 عشرات و 4 آحاد، فنقرأه «أربعة وسبعون».', 2)
ON CONFLICT (id) DO UPDATE SET
  exercise_id = EXCLUDED.exercise_id,
  prompt = EXCLUDED.prompt,
  options = EXCLUDED.options,
  correct_option = EXCLUDED.correct_option,
  explanation = EXCLUDED.explanation,
  display_order = EXCLUDED.display_order;

INSERT INTO public.questions (id, exercise_id, prompt, options, correct_option, explanation, display_order) VALUES
  ('d326095a-c43f-57fe-ac3b-7dd3a04417d4', 'ff9292ef-e3eb-5d2e-9c61-420f62ce29d3', 'عددٌ فيه 8 عشرات و 0 آحاد. ما هو؟', '[{"id":"a","text":"8"},{"id":"b","text":"18"},{"id":"c","text":"80"},{"id":"d","text":"88"}]'::jsonb, 'c', '8 عشرات تساوي 80، ولا آحاد، فالعدد هو 80.', 3)
ON CONFLICT (id) DO UPDATE SET
  exercise_id = EXCLUDED.exercise_id,
  prompt = EXCLUDED.prompt,
  options = EXCLUDED.options,
  correct_option = EXCLUDED.correct_option,
  explanation = EXCLUDED.explanation,
  display_order = EXCLUDED.display_order;

INSERT INTO public.questions (id, exercise_id, prompt, options, correct_option, explanation, display_order) VALUES
  ('8540226d-914a-5bfe-ab00-2e72405f12e4', 'ff9292ef-e3eb-5d2e-9c61-420f62ce29d3', 'ما تفكيك العدد 90؟', '[{"id":"a","text":"9 + 0"},{"id":"b","text":"90 + 9"},{"id":"c","text":"9 + 90"},{"id":"d","text":"90 + 0"}]'::jsonb, 'd', 'العدد 90 فيه 9 عشرات (90) و 0 آحاد، فتفكيكه 90 + 0.', 4)
ON CONFLICT (id) DO UPDATE SET
  exercise_id = EXCLUDED.exercise_id,
  prompt = EXCLUDED.prompt,
  options = EXCLUDED.options,
  correct_option = EXCLUDED.correct_option,
  explanation = EXCLUDED.explanation,
  display_order = EXCLUDED.display_order;

INSERT INTO public.questions (id, exercise_id, prompt, options, correct_option, explanation, display_order) VALUES
  ('73a2b0b6-8e5f-5995-ba97-cde9ea6c90aa', 'ff9292ef-e3eb-5d2e-9c61-420f62ce29d3', 'العدد 30 + 7 يساوي:', '[{"id":"a","text":"10"},{"id":"b","text":"37"},{"id":"c","text":"73"},{"id":"d","text":"307"}]'::jsonb, 'b', '30 (ثلاث عشرات) مع 7 آحاد يكوّنان العدد 37.', 5)
ON CONFLICT (id) DO UPDATE SET
  exercise_id = EXCLUDED.exercise_id,
  prompt = EXCLUDED.prompt,
  options = EXCLUDED.options,
  correct_option = EXCLUDED.correct_option,
  explanation = EXCLUDED.explanation,
  display_order = EXCLUDED.display_order;

INSERT INTO public.questions (id, exercise_id, prompt, options, correct_option, explanation, display_order) VALUES
  ('da2f2c56-a562-5df6-a3aa-0d8635b5bfc8', 'ff9292ef-e3eb-5d2e-9c61-420f62ce29d3', 'في العدد 58، ماذا يساوي رقم العشرات بالآحاد؟', '[{"id":"a","text":"5"},{"id":"b","text":"8"},{"id":"c","text":"50"},{"id":"d","text":"58"}]'::jsonb, 'c', 'رقم العشرات في 58 هو 5، و 5 عشرات تساوي 50 من الآحاد.', 6)
ON CONFLICT (id) DO UPDATE SET
  exercise_id = EXCLUDED.exercise_id,
  prompt = EXCLUDED.prompt,
  options = EXCLUDED.options,
  correct_option = EXCLUDED.correct_option,
  explanation = EXCLUDED.explanation,
  display_order = EXCLUDED.display_order;

INSERT INTO public.exercises (id, chapter_id, subject_id, title, difficulty, xp_reward, reward_coins, mode, source, display_order) VALUES
  ('000cd276-dc9f-5582-bc07-9e9c1d13e851', 'c208be46-7f36-50f9-9459-4abf870c515e', 'math-1ere', '⭐⭐ تمرين مراجعة (نمط امتحان): الأعداد إلى 99', 2, 70, 15, 'practice', 'admin', 3)
ON CONFLICT (id) DO UPDATE SET
  chapter_id = EXCLUDED.chapter_id,
  subject_id = EXCLUDED.subject_id,
  title = EXCLUDED.title,
  difficulty = EXCLUDED.difficulty,
  xp_reward = EXCLUDED.xp_reward,
  reward_coins = EXCLUDED.reward_coins,
  mode = EXCLUDED.mode,
  display_order = EXCLUDED.display_order;

INSERT INTO public.questions (id, exercise_id, prompt, options, correct_option, explanation, display_order) VALUES
  ('aa5e3851-8aa8-5854-beca-89ad71dda792', '000cd276-dc9f-5582-bc07-9e9c1d13e851', 'ما رقم العشرات في العدد 81؟', '[{"id":"a","text":"8"},{"id":"b","text":"1"},{"id":"c","text":"9"},{"id":"d","text":"0"}]'::jsonb, 'a', 'في العدد 81 الرقم 8 عشرات والرقم 1 آحاد. إذن رقم العشرات هو 8.', 1)
ON CONFLICT (id) DO UPDATE SET
  exercise_id = EXCLUDED.exercise_id,
  prompt = EXCLUDED.prompt,
  options = EXCLUDED.options,
  correct_option = EXCLUDED.correct_option,
  explanation = EXCLUDED.explanation,
  display_order = EXCLUDED.display_order;

INSERT INTO public.questions (id, exercise_id, prompt, options, correct_option, explanation, display_order) VALUES
  ('001d9636-1cca-5405-8a5d-534e4e37d451', '000cd276-dc9f-5582-bc07-9e9c1d13e851', 'كيف نقرأ العدد 66؟', '[{"id":"a","text":"ستّون"},{"id":"b","text":"ستّة وستّون"},{"id":"c","text":"ستّة عشر"},{"id":"d","text":"ستّة"}]'::jsonb, 'b', 'العدد 66 فيه 6 عشرات و 6 آحاد، فنقرأه «ستّة وستّون».', 2)
ON CONFLICT (id) DO UPDATE SET
  exercise_id = EXCLUDED.exercise_id,
  prompt = EXCLUDED.prompt,
  options = EXCLUDED.options,
  correct_option = EXCLUDED.correct_option,
  explanation = EXCLUDED.explanation,
  display_order = EXCLUDED.display_order;

INSERT INTO public.questions (id, exercise_id, prompt, options, correct_option, explanation, display_order) VALUES
  ('8cc1bd67-7fea-5325-b0e3-0cb5d36313eb', '000cd276-dc9f-5582-bc07-9e9c1d13e851', 'ما تفكيك العدد 49؟', '[{"id":"a","text":"90 + 4"},{"id":"b","text":"4 + 9"},{"id":"c","text":"40 + 9"},{"id":"d","text":"49 + 0"}]'::jsonb, 'c', 'العدد 49 فيه 4 عشرات (40) و 9 آحاد، فتفكيكه 40 + 9.', 3)
ON CONFLICT (id) DO UPDATE SET
  exercise_id = EXCLUDED.exercise_id,
  prompt = EXCLUDED.prompt,
  options = EXCLUDED.options,
  correct_option = EXCLUDED.correct_option,
  explanation = EXCLUDED.explanation,
  display_order = EXCLUDED.display_order;

INSERT INTO public.questions (id, exercise_id, prompt, options, correct_option, explanation, display_order) VALUES
  ('bf9f07ce-b212-5212-ac03-29fab1bcbf81', '000cd276-dc9f-5582-bc07-9e9c1d13e851', 'عددٌ رقمُ عشراته 7 ورقمُ آحاده 0. ما هو؟', '[{"id":"a","text":"7"},{"id":"b","text":"17"},{"id":"c","text":"70"},{"id":"d","text":"77"}]'::jsonb, 'c', '7 عشرات و 0 آحاد يكوّنان العدد 70.', 4)
ON CONFLICT (id) DO UPDATE SET
  exercise_id = EXCLUDED.exercise_id,
  prompt = EXCLUDED.prompt,
  options = EXCLUDED.options,
  correct_option = EXCLUDED.correct_option,
  explanation = EXCLUDED.explanation,
  display_order = EXCLUDED.display_order;

INSERT INTO public.questions (id, exercise_id, prompt, options, correct_option, explanation, display_order) VALUES
  ('a388d075-825c-5b3f-94f5-260e37a06f41', '000cd276-dc9f-5582-bc07-9e9c1d13e851', 'العدد 50 + 6 يساوي:', '[{"id":"a","text":"56"},{"id":"b","text":"65"},{"id":"c","text":"11"},{"id":"d","text":"506"}]'::jsonb, 'a', '50 (خمس عشرات) مع 6 آحاد يكوّنان العدد 56.', 5)
ON CONFLICT (id) DO UPDATE SET
  exercise_id = EXCLUDED.exercise_id,
  prompt = EXCLUDED.prompt,
  options = EXCLUDED.options,
  correct_option = EXCLUDED.correct_option,
  explanation = EXCLUDED.explanation,
  display_order = EXCLUDED.display_order;

INSERT INTO public.questions (id, exercise_id, prompt, options, correct_option, explanation, display_order) VALUES
  ('459f2b38-a2fc-5dff-8350-14af044800e6', '000cd276-dc9f-5582-bc07-9e9c1d13e851', 'كم آحادًا في العدد 25؟', '[{"id":"a","text":"2"},{"id":"b","text":"20"},{"id":"c","text":"7"},{"id":"d","text":"5"}]'::jsonb, 'd', 'في العدد 25 الرقم 2 عشرات والرقم 5 آحاد. إذن عدد الآحاد هو 5.', 6)
ON CONFLICT (id) DO UPDATE SET
  exercise_id = EXCLUDED.exercise_id,
  prompt = EXCLUDED.prompt,
  options = EXCLUDED.options,
  correct_option = EXCLUDED.correct_option,
  explanation = EXCLUDED.explanation,
  display_order = EXCLUDED.display_order;

INSERT INTO public.exercises (id, chapter_id, subject_id, title, difficulty, xp_reward, reward_coins, mode, source, display_order) VALUES
  ('ae5fd623-2293-5fe6-bf04-652d96db8a41', 'c208be46-7f36-50f9-9459-4abf870c515e', 'math-1ere', '👑 تحدّي النخبة ⭐⭐⭐⭐: ألغاز العشرات والآحاد', 4, 300, 60, 'challenge', 'admin', 4)
ON CONFLICT (id) DO UPDATE SET
  chapter_id = EXCLUDED.chapter_id,
  subject_id = EXCLUDED.subject_id,
  title = EXCLUDED.title,
  difficulty = EXCLUDED.difficulty,
  xp_reward = EXCLUDED.xp_reward,
  reward_coins = EXCLUDED.reward_coins,
  mode = EXCLUDED.mode,
  display_order = EXCLUDED.display_order;

INSERT INTO public.questions (id, exercise_id, prompt, options, correct_option, explanation, display_order) VALUES
  ('fac80caa-f1fb-57af-88bb-149e6617349d', 'ae5fd623-2293-5fe6-bf04-652d96db8a41', 'أنا عددٌ رقمُ عشراتي 4 ورقمُ آحادي 7. من أكون؟', '[{"id":"a","text":"74"},{"id":"b","text":"47"},{"id":"c","text":"11"},{"id":"d","text":"407"}]'::jsonb, 'b', 'نضع رقم العشرات أوّلًا ثمّ الآحاد: 4 عشرات و 7 آحاد يكوّنان العدد 47.', 1)
ON CONFLICT (id) DO UPDATE SET
  exercise_id = EXCLUDED.exercise_id,
  prompt = EXCLUDED.prompt,
  options = EXCLUDED.options,
  correct_option = EXCLUDED.correct_option,
  explanation = EXCLUDED.explanation,
  display_order = EXCLUDED.display_order;

INSERT INTO public.questions (id, exercise_id, prompt, options, correct_option, explanation, display_order) VALUES
  ('e222f189-542b-5296-ae4c-fd5ca42446a8', 'ae5fd623-2293-5fe6-bf04-652d96db8a41', 'أنا عددٌ فيه 6 عشرات، ورقمُ آحادي هو نفسُه رقم عشراتي. من أكون؟', '[{"id":"a","text":"60"},{"id":"b","text":"16"},{"id":"c","text":"66"},{"id":"d","text":"6"}]'::jsonb, 'c', 'رقم العشرات 6، ورقم الآحاد مثله أي 6 أيضًا، فالعدد 66.', 2)
ON CONFLICT (id) DO UPDATE SET
  exercise_id = EXCLUDED.exercise_id,
  prompt = EXCLUDED.prompt,
  options = EXCLUDED.options,
  correct_option = EXCLUDED.correct_option,
  explanation = EXCLUDED.explanation,
  display_order = EXCLUDED.display_order;

INSERT INTO public.questions (id, exercise_id, prompt, options, correct_option, explanation, display_order) VALUES
  ('88d8dba7-d94a-5476-ad8d-a59dbc869e6c', 'ae5fd623-2293-5fe6-bf04-652d96db8a41', 'أيّ عدد يساوي 8 عشرات و 3 آحاد؟', '[{"id":"a","text":"38"},{"id":"b","text":"11"},{"id":"c","text":"830"},{"id":"d","text":"83"}]'::jsonb, 'd', '8 عشرات تساوي 80، مع 3 آحاد، فالعدد 80 + 3 = 83.', 3)
ON CONFLICT (id) DO UPDATE SET
  exercise_id = EXCLUDED.exercise_id,
  prompt = EXCLUDED.prompt,
  options = EXCLUDED.options,
  correct_option = EXCLUDED.correct_option,
  explanation = EXCLUDED.explanation,
  display_order = EXCLUDED.display_order;

INSERT INTO public.questions (id, exercise_id, prompt, options, correct_option, explanation, display_order) VALUES
  ('2c1c671c-e69d-5398-9b5b-31f134c7ee20', 'ae5fd623-2293-5fe6-bf04-652d96db8a41', 'أنا عددٌ أكبر من 50 وأصغر من 60، ورقمُ آحادي 0. من أكون؟', '[{"id":"a","text":"50"},{"id":"b","text":"60"},{"id":"c","text":"55"},{"id":"d","text":"5"}]'::jsonb, 'a', 'العدد بين 50 و 60 الذي رقمُ آحاده 0 لا يمكن أن يكون 60 (لأنّه ليس أصغر من 60)، فهو 50.', 4)
ON CONFLICT (id) DO UPDATE SET
  exercise_id = EXCLUDED.exercise_id,
  prompt = EXCLUDED.prompt,
  options = EXCLUDED.options,
  correct_option = EXCLUDED.correct_option,
  explanation = EXCLUDED.explanation,
  display_order = EXCLUDED.display_order;

INSERT INTO public.questions (id, exercise_id, prompt, options, correct_option, explanation, display_order) VALUES
  ('783e5cc1-0909-5350-aeee-11e37109c50e', 'ae5fd623-2293-5fe6-bf04-652d96db8a41', 'أيّ عدد فيه عددُ العشرات يساوي عددَ الآحاد، وهو أكبر من 30 وأصغر من 40؟', '[{"id":"a","text":"30"},{"id":"b","text":"33"},{"id":"c","text":"44"},{"id":"d","text":"13"}]'::jsonb, 'b', 'العدد بين 30 و 40 رقمُ عشراته 3؛ ليتساوى مع الآحاد يكون رقمُ الآحاد 3 أيضًا، فالعدد 33.', 5)
ON CONFLICT (id) DO UPDATE SET
  exercise_id = EXCLUDED.exercise_id,
  prompt = EXCLUDED.prompt,
  options = EXCLUDED.options,
  correct_option = EXCLUDED.correct_option,
  explanation = EXCLUDED.explanation,
  display_order = EXCLUDED.display_order;

INSERT INTO public.questions (id, exercise_id, prompt, options, correct_option, explanation, display_order) VALUES
  ('d46a2031-2e6c-5ac3-b3c0-58e2f6b8a617', 'ae5fd623-2293-5fe6-bf04-652d96db8a41', 'إذا أخذنا العدد 25 وبدّلنا مكان رقم العشرات ورقم الآحاد، أيّ عدد نحصل؟', '[{"id":"a","text":"25"},{"id":"b","text":"55"},{"id":"c","text":"22"},{"id":"d","text":"52"}]'::jsonb, 'd', 'في 25 رقمُ العشرات 2 ورقمُ الآحاد 5. عند التبديل يصير 5 عشرات و 2 آحاد، أي 52.', 6)
ON CONFLICT (id) DO UPDATE SET
  exercise_id = EXCLUDED.exercise_id,
  prompt = EXCLUDED.prompt,
  options = EXCLUDED.options,
  correct_option = EXCLUDED.correct_option,
  explanation = EXCLUDED.explanation,
  display_order = EXCLUDED.display_order;

INSERT INTO public.exercises (id, chapter_id, subject_id, title, difficulty, xp_reward, reward_coins, mode, source, display_order) VALUES
  ('cab07cea-63fb-5795-bed0-9dcf4ef73f31', 'c208be46-7f36-50f9-9459-4abf870c515e', 'math-1ere', '📝 تدريب ⭐⭐⭐: مراجعة شاملة للأعداد إلى 99', 3, 120, 30, 'boss', 'admin', 5)
ON CONFLICT (id) DO UPDATE SET
  chapter_id = EXCLUDED.chapter_id,
  subject_id = EXCLUDED.subject_id,
  title = EXCLUDED.title,
  difficulty = EXCLUDED.difficulty,
  xp_reward = EXCLUDED.xp_reward,
  reward_coins = EXCLUDED.reward_coins,
  mode = EXCLUDED.mode,
  display_order = EXCLUDED.display_order;

INSERT INTO public.questions (id, exercise_id, prompt, options, correct_option, explanation, display_order) VALUES
  ('2c2732a5-ef61-52dc-bbc4-feb4728f559c', 'cab07cea-63fb-5795-bed0-9dcf4ef73f31', 'ما رقم العشرات في العدد 19؟', '[{"id":"a","text":"1"},{"id":"b","text":"9"},{"id":"c","text":"10"},{"id":"d","text":"0"}]'::jsonb, 'a', 'في العدد 19 الرقم 1 عشرات والرقم 9 آحاد. إذن رقم العشرات هو 1.', 1)
ON CONFLICT (id) DO UPDATE SET
  exercise_id = EXCLUDED.exercise_id,
  prompt = EXCLUDED.prompt,
  options = EXCLUDED.options,
  correct_option = EXCLUDED.correct_option,
  explanation = EXCLUDED.explanation,
  display_order = EXCLUDED.display_order;

INSERT INTO public.questions (id, exercise_id, prompt, options, correct_option, explanation, display_order) VALUES
  ('3837c709-218f-5b07-8642-cc7a2623ba35', 'cab07cea-63fb-5795-bed0-9dcf4ef73f31', 'ما تفكيك العدد 27؟', '[{"id":"a","text":"70 + 2"},{"id":"b","text":"20 + 7"},{"id":"c","text":"2 + 7"},{"id":"d","text":"27 + 0"}]'::jsonb, 'b', 'العدد 27 فيه 2 عشرات (20) و 7 آحاد، فتفكيكه 20 + 7.', 2)
ON CONFLICT (id) DO UPDATE SET
  exercise_id = EXCLUDED.exercise_id,
  prompt = EXCLUDED.prompt,
  options = EXCLUDED.options,
  correct_option = EXCLUDED.correct_option,
  explanation = EXCLUDED.explanation,
  display_order = EXCLUDED.display_order;

INSERT INTO public.questions (id, exercise_id, prompt, options, correct_option, explanation, display_order) VALUES
  ('297a18df-b730-5122-8416-3f2c6cf961b4', 'cab07cea-63fb-5795-bed0-9dcf4ef73f31', 'عددٌ رقمُ عشراته 3 ورقمُ آحاده 9. ما هو؟', '[{"id":"a","text":"93"},{"id":"b","text":"12"},{"id":"c","text":"39"},{"id":"d","text":"309"}]'::jsonb, 'c', '3 عشرات و 9 آحاد يكوّنان العدد 39.', 3)
ON CONFLICT (id) DO UPDATE SET
  exercise_id = EXCLUDED.exercise_id,
  prompt = EXCLUDED.prompt,
  options = EXCLUDED.options,
  correct_option = EXCLUDED.correct_option,
  explanation = EXCLUDED.explanation,
  display_order = EXCLUDED.display_order;

INSERT INTO public.questions (id, exercise_id, prompt, options, correct_option, explanation, display_order) VALUES
  ('90f97137-2f2c-55da-bbfa-3b6057f4b335', 'cab07cea-63fb-5795-bed0-9dcf4ef73f31', 'العدد 60 + 4 يساوي:', '[{"id":"a","text":"46"},{"id":"b","text":"10"},{"id":"c","text":"604"},{"id":"d","text":"64"}]'::jsonb, 'd', '60 (ستّ عشرات) مع 4 آحاد يكوّنان العدد 64.', 4)
ON CONFLICT (id) DO UPDATE SET
  exercise_id = EXCLUDED.exercise_id,
  prompt = EXCLUDED.prompt,
  options = EXCLUDED.options,
  correct_option = EXCLUDED.correct_option,
  explanation = EXCLUDED.explanation,
  display_order = EXCLUDED.display_order;

INSERT INTO public.questions (id, exercise_id, prompt, options, correct_option, explanation, display_order) VALUES
  ('ac8c35c4-8620-525c-b02a-366bc1f5d691', 'cab07cea-63fb-5795-bed0-9dcf4ef73f31', 'كم عشرة وكم آحاد في العدد 99؟', '[{"id":"a","text":"9 عشرات و 9 آحاد"},{"id":"b","text":"99 عشرة و 0 آحاد"},{"id":"c","text":"0 عشرة و 99 آحاد"},{"id":"d","text":"9 عشرات و 0 آحاد"}]'::jsonb, 'a', 'العدد 99 هو أكبر عدد في هذه البوّابة، وفيه 9 عشرات و 9 آحاد.', 5)
ON CONFLICT (id) DO UPDATE SET
  exercise_id = EXCLUDED.exercise_id,
  prompt = EXCLUDED.prompt,
  options = EXCLUDED.options,
  correct_option = EXCLUDED.correct_option,
  explanation = EXCLUDED.explanation,
  display_order = EXCLUDED.display_order;

INSERT INTO public.questions (id, exercise_id, prompt, options, correct_option, explanation, display_order) VALUES
  ('7aeb467a-2ff1-5378-98f7-f2cac24bdd0a', 'cab07cea-63fb-5795-bed0-9dcf4ef73f31', 'أنا عددٌ فيه 5 عشرات وآحادي أصغر بواحد من عشراتي. من أكون؟', '[{"id":"a","text":"55"},{"id":"b","text":"45"},{"id":"c","text":"50"},{"id":"d","text":"54"}]'::jsonb, 'd', 'رقم العشرات 5، والآحاد أصغر بواحد أي 5 − 1 = 4، فالعدد 54.', 6)
ON CONFLICT (id) DO UPDATE SET
  exercise_id = EXCLUDED.exercise_id,
  prompt = EXCLUDED.prompt,
  options = EXCLUDED.options,
  correct_option = EXCLUDED.correct_option,
  explanation = EXCLUDED.explanation,
  display_order = EXCLUDED.display_order;

INSERT INTO public.exercises (id, chapter_id, subject_id, title, difficulty, xp_reward, reward_coins, mode, source, display_order) VALUES
  ('6c3869f6-747f-5dc1-ac15-e99fdfdaa856', 'c5963a75-8dce-5605-8fab-28148d2d5745', 'math-1ere', 'اختبار فهم الدرس ⭐', 1, 20, 5, 'quiz', 'admin', 0)
ON CONFLICT (id) DO UPDATE SET
  chapter_id = EXCLUDED.chapter_id,
  subject_id = EXCLUDED.subject_id,
  title = EXCLUDED.title,
  difficulty = EXCLUDED.difficulty,
  xp_reward = EXCLUDED.xp_reward,
  reward_coins = EXCLUDED.reward_coins,
  mode = EXCLUDED.mode,
  display_order = EXCLUDED.display_order;

INSERT INTO public.questions (id, exercise_id, prompt, options, correct_option, explanation, display_order) VALUES
  ('82f55bbb-25d8-5863-8200-aa986a0534c3', '6c3869f6-747f-5dc1-ac15-e99fdfdaa856', 'ما الرمز المناسب؟ 8 … 5', '[{"id":"a","text":">"},{"id":"b","text":"<"},{"id":"c","text":"="},{"id":"d","text":"+"}]'::jsonb, 'a', 'العدد 8 أكبر من 5، فالرمز المناسب هو >: نكتب 8 > 5.', 1)
ON CONFLICT (id) DO UPDATE SET
  exercise_id = EXCLUDED.exercise_id,
  prompt = EXCLUDED.prompt,
  options = EXCLUDED.options,
  correct_option = EXCLUDED.correct_option,
  explanation = EXCLUDED.explanation,
  display_order = EXCLUDED.display_order;

INSERT INTO public.questions (id, exercise_id, prompt, options, correct_option, explanation, display_order) VALUES
  ('f8428593-2179-5bba-af58-174df69839c4', '6c3869f6-747f-5dc1-ac15-e99fdfdaa856', 'ما الرمز المناسب؟ 3 … 7', '[{"id":"a","text":">"},{"id":"b","text":"<"},{"id":"c","text":"="},{"id":"d","text":"−"}]'::jsonb, 'b', 'العدد 3 أصغر من 7، فالرمز المناسب هو <: نكتب 3 < 7.', 2)
ON CONFLICT (id) DO UPDATE SET
  exercise_id = EXCLUDED.exercise_id,
  prompt = EXCLUDED.prompt,
  options = EXCLUDED.options,
  correct_option = EXCLUDED.correct_option,
  explanation = EXCLUDED.explanation,
  display_order = EXCLUDED.display_order;

INSERT INTO public.questions (id, exercise_id, prompt, options, correct_option, explanation, display_order) VALUES
  ('7cb42658-e019-5651-b74b-9a132464dfba', '6c3869f6-747f-5dc1-ac15-e99fdfdaa856', 'ما الرمز المناسب؟ 6 … 6', '[{"id":"a","text":">"},{"id":"b","text":"<"},{"id":"c","text":"="},{"id":"d","text":"×"}]'::jsonb, 'c', 'العددان متساويان (6 و 6)، فالرمز المناسب هو =: نكتب 6 = 6.', 3)
ON CONFLICT (id) DO UPDATE SET
  exercise_id = EXCLUDED.exercise_id,
  prompt = EXCLUDED.prompt,
  options = EXCLUDED.options,
  correct_option = EXCLUDED.correct_option,
  explanation = EXCLUDED.explanation,
  display_order = EXCLUDED.display_order;

INSERT INTO public.questions (id, exercise_id, prompt, options, correct_option, explanation, display_order) VALUES
  ('e4e05e71-e7b0-52f9-886d-08ac5ee1ebc0', '6c3869f6-747f-5dc1-ac15-e99fdfdaa856', 'أيّ عدد هو الأكبر؟', '[{"id":"a","text":"19"},{"id":"b","text":"21"},{"id":"c","text":"18"},{"id":"d","text":"12"}]'::jsonb, 'b', 'نقارن العشرات: 21 فيه عشرتان، والبقيّة فيها عشرة واحدة. إذن الأكبر هو 21.', 4)
ON CONFLICT (id) DO UPDATE SET
  exercise_id = EXCLUDED.exercise_id,
  prompt = EXCLUDED.prompt,
  options = EXCLUDED.options,
  correct_option = EXCLUDED.correct_option,
  explanation = EXCLUDED.explanation,
  display_order = EXCLUDED.display_order;

INSERT INTO public.questions (id, exercise_id, prompt, options, correct_option, explanation, display_order) VALUES
  ('10f37e84-77f9-5e4c-9a3e-6633bbf8a2d2', '6c3869f6-747f-5dc1-ac15-e99fdfdaa856', 'ما الترتيب التصاعدي للأعداد 5 و 2 و 9؟', '[{"id":"a","text":"9، 5، 2"},{"id":"b","text":"5، 2، 9"},{"id":"c","text":"2، 5، 9"},{"id":"d","text":"2، 9، 5"}]'::jsonb, 'c', 'تصاعديًّا من الأصغر إلى الأكبر: 2 ثمّ 5 ثمّ 9. إذن 2، 5، 9.', 5)
ON CONFLICT (id) DO UPDATE SET
  exercise_id = EXCLUDED.exercise_id,
  prompt = EXCLUDED.prompt,
  options = EXCLUDED.options,
  correct_option = EXCLUDED.correct_option,
  explanation = EXCLUDED.explanation,
  display_order = EXCLUDED.display_order;

INSERT INTO public.exercises (id, chapter_id, subject_id, title, difficulty, xp_reward, reward_coins, mode, source, display_order) VALUES
  ('9dbae826-4596-52e8-9e45-add93ece7de8', 'c5963a75-8dce-5605-8fab-28148d2d5745', 'math-1ere', '⭐ تمرين: أكبر، أصغر، يساوي', 1, 50, 10, 'practice', 'admin', 1)
ON CONFLICT (id) DO UPDATE SET
  chapter_id = EXCLUDED.chapter_id,
  subject_id = EXCLUDED.subject_id,
  title = EXCLUDED.title,
  difficulty = EXCLUDED.difficulty,
  xp_reward = EXCLUDED.xp_reward,
  reward_coins = EXCLUDED.reward_coins,
  mode = EXCLUDED.mode,
  display_order = EXCLUDED.display_order;

INSERT INTO public.questions (id, exercise_id, prompt, options, correct_option, explanation, display_order) VALUES
  ('82fde5f3-362f-5acd-b512-6deb62ecdddd', '9dbae826-4596-52e8-9e45-add93ece7de8', 'ما الرمز المناسب؟ 9 … 4', '[{"id":"a","text":">"},{"id":"b","text":"<"},{"id":"c","text":"="},{"id":"d","text":"+"}]'::jsonb, 'a', 'العدد 9 أكبر من 4، فالرمز المناسب هو >: نكتب 9 > 4.', 1)
ON CONFLICT (id) DO UPDATE SET
  exercise_id = EXCLUDED.exercise_id,
  prompt = EXCLUDED.prompt,
  options = EXCLUDED.options,
  correct_option = EXCLUDED.correct_option,
  explanation = EXCLUDED.explanation,
  display_order = EXCLUDED.display_order;

INSERT INTO public.questions (id, exercise_id, prompt, options, correct_option, explanation, display_order) VALUES
  ('5e4a8793-eb42-5bd5-a913-cef3fba0d7f6', '9dbae826-4596-52e8-9e45-add93ece7de8', 'ما الرمز المناسب؟ 2 … 6', '[{"id":"a","text":">"},{"id":"b","text":"<"},{"id":"c","text":"="},{"id":"d","text":"×"}]'::jsonb, 'b', 'العدد 2 أصغر من 6، فالرمز المناسب هو <: نكتب 2 < 6.', 2)
ON CONFLICT (id) DO UPDATE SET
  exercise_id = EXCLUDED.exercise_id,
  prompt = EXCLUDED.prompt,
  options = EXCLUDED.options,
  correct_option = EXCLUDED.correct_option,
  explanation = EXCLUDED.explanation,
  display_order = EXCLUDED.display_order;

INSERT INTO public.questions (id, exercise_id, prompt, options, correct_option, explanation, display_order) VALUES
  ('a15e23bf-c9e7-53b8-9d9b-6e9ba72a6a21', '9dbae826-4596-52e8-9e45-add93ece7de8', 'ما الرمز المناسب؟ 7 … 7', '[{"id":"a","text":">"},{"id":"b","text":"<"},{"id":"c","text":"="},{"id":"d","text":"−"}]'::jsonb, 'c', 'العددان متساويان (7 و 7)، فالرمز المناسب هو =: نكتب 7 = 7.', 3)
ON CONFLICT (id) DO UPDATE SET
  exercise_id = EXCLUDED.exercise_id,
  prompt = EXCLUDED.prompt,
  options = EXCLUDED.options,
  correct_option = EXCLUDED.correct_option,
  explanation = EXCLUDED.explanation,
  display_order = EXCLUDED.display_order;

INSERT INTO public.questions (id, exercise_id, prompt, options, correct_option, explanation, display_order) VALUES
  ('5b090ea2-fc32-51bf-9fb4-d5b7b169b225', '9dbae826-4596-52e8-9e45-add93ece7de8', 'أيّ عدد هو الأصغر؟', '[{"id":"a","text":"3"},{"id":"b","text":"5"},{"id":"c","text":"8"},{"id":"d","text":"6"}]'::jsonb, 'a', 'من بين 3 و 5 و 8 و 6 الأصغر هو 3.', 4)
ON CONFLICT (id) DO UPDATE SET
  exercise_id = EXCLUDED.exercise_id,
  prompt = EXCLUDED.prompt,
  options = EXCLUDED.options,
  correct_option = EXCLUDED.correct_option,
  explanation = EXCLUDED.explanation,
  display_order = EXCLUDED.display_order;

INSERT INTO public.questions (id, exercise_id, prompt, options, correct_option, explanation, display_order) VALUES
  ('f78a1066-702e-5c6f-8a6e-79128959cf3b', '9dbae826-4596-52e8-9e45-add93ece7de8', 'ما الرمز المناسب؟ 40 … 30', '[{"id":"a","text":"<"},{"id":"b","text":">"},{"id":"c","text":"="},{"id":"d","text":"+"}]'::jsonb, 'b', 'العدد 40 فيه 4 عشرات، و 30 فيه 3 عشرات، فـ 40 أكبر: نكتب 40 > 30.', 5)
ON CONFLICT (id) DO UPDATE SET
  exercise_id = EXCLUDED.exercise_id,
  prompt = EXCLUDED.prompt,
  options = EXCLUDED.options,
  correct_option = EXCLUDED.correct_option,
  explanation = EXCLUDED.explanation,
  display_order = EXCLUDED.display_order;

INSERT INTO public.questions (id, exercise_id, prompt, options, correct_option, explanation, display_order) VALUES
  ('d0cb6a14-200a-555b-a666-ec6c54b9bc50', '9dbae826-4596-52e8-9e45-add93ece7de8', 'أيّ عدد هو الأكبر؟', '[{"id":"a","text":"12"},{"id":"b","text":"11"},{"id":"c","text":"20"},{"id":"d","text":"21"}]'::jsonb, 'd', 'نقارن العشرات: 21 و 20 فيهما عشرتان، و 21 آحاده أكبر. إذن الأكبر هو 21.', 6)
ON CONFLICT (id) DO UPDATE SET
  exercise_id = EXCLUDED.exercise_id,
  prompt = EXCLUDED.prompt,
  options = EXCLUDED.options,
  correct_option = EXCLUDED.correct_option,
  explanation = EXCLUDED.explanation,
  display_order = EXCLUDED.display_order;

INSERT INTO public.exercises (id, chapter_id, subject_id, title, difficulty, xp_reward, reward_coins, mode, source, display_order) VALUES
  ('515ce564-1173-5862-9f2e-88f6cebf7b15', 'c5963a75-8dce-5605-8fab-28148d2d5745', 'math-1ere', '⚔️ زعيم الفصل ⭐⭐⭐: سيّد المقارنة', 3, 120, 30, 'boss', 'admin', 2)
ON CONFLICT (id) DO UPDATE SET
  chapter_id = EXCLUDED.chapter_id,
  subject_id = EXCLUDED.subject_id,
  title = EXCLUDED.title,
  difficulty = EXCLUDED.difficulty,
  xp_reward = EXCLUDED.xp_reward,
  reward_coins = EXCLUDED.reward_coins,
  mode = EXCLUDED.mode,
  display_order = EXCLUDED.display_order;

INSERT INTO public.questions (id, exercise_id, prompt, options, correct_option, explanation, display_order) VALUES
  ('82594895-9ac1-5a9a-91f9-013db536a435', '515ce564-1173-5862-9f2e-88f6cebf7b15', 'ما الرمز المناسب؟ 34 … 43', '[{"id":"a","text":">"},{"id":"b","text":"<"},{"id":"c","text":"="},{"id":"d","text":"+"}]'::jsonb, 'b', 'نقارن العشرات: 34 فيه 3 عشرات، و 43 فيه 4 عشرات، فـ 34 أصغر: نكتب 34 < 43.', 1)
ON CONFLICT (id) DO UPDATE SET
  exercise_id = EXCLUDED.exercise_id,
  prompt = EXCLUDED.prompt,
  options = EXCLUDED.options,
  correct_option = EXCLUDED.correct_option,
  explanation = EXCLUDED.explanation,
  display_order = EXCLUDED.display_order;

INSERT INTO public.questions (id, exercise_id, prompt, options, correct_option, explanation, display_order) VALUES
  ('fbd4bb4e-d074-5049-b09b-8ad3d4f18a07', '515ce564-1173-5862-9f2e-88f6cebf7b15', 'ما الرمز المناسب؟ 58 … 52', '[{"id":"a","text":">"},{"id":"b","text":"<"},{"id":"c","text":"="},{"id":"d","text":"×"}]'::jsonb, 'a', 'تساوت العشرات (5 و 5)، فننظر إلى الآحاد: 8 أكبر من 2. إذن 58 > 52.', 2)
ON CONFLICT (id) DO UPDATE SET
  exercise_id = EXCLUDED.exercise_id,
  prompt = EXCLUDED.prompt,
  options = EXCLUDED.options,
  correct_option = EXCLUDED.correct_option,
  explanation = EXCLUDED.explanation,
  display_order = EXCLUDED.display_order;

INSERT INTO public.questions (id, exercise_id, prompt, options, correct_option, explanation, display_order) VALUES
  ('f9458b1d-6e21-5fdc-9169-62a2915a047e', '515ce564-1173-5862-9f2e-88f6cebf7b15', 'أيّ عدد يقع بين 30 و 40؟', '[{"id":"a","text":"29"},{"id":"b","text":"41"},{"id":"c","text":"35"},{"id":"d","text":"45"}]'::jsonb, 'c', 'العدد الواقع بين 30 و 40 يكون أكبر من 30 وأصغر من 40. من الخيارات 35 وحده يحقّق ذلك.', 3)
ON CONFLICT (id) DO UPDATE SET
  exercise_id = EXCLUDED.exercise_id,
  prompt = EXCLUDED.prompt,
  options = EXCLUDED.options,
  correct_option = EXCLUDED.correct_option,
  explanation = EXCLUDED.explanation,
  display_order = EXCLUDED.display_order;

INSERT INTO public.questions (id, exercise_id, prompt, options, correct_option, explanation, display_order) VALUES
  ('b84b46ce-f1a7-5495-b6e0-5c59523cae95', '515ce564-1173-5862-9f2e-88f6cebf7b15', 'ما الترتيب التصاعدي للأعداد 25 و 52 و 15؟', '[{"id":"a","text":"15، 52، 25"},{"id":"b","text":"52، 25، 15"},{"id":"c","text":"15، 25، 52"},{"id":"d","text":"25، 15، 52"}]'::jsonb, 'c', 'نقارن العشرات: 15 (عشرة)، ثمّ 25 (عشرتان)، ثمّ 52 (خمس عشرات). تصاعديًّا: 15، 25، 52.', 4)
ON CONFLICT (id) DO UPDATE SET
  exercise_id = EXCLUDED.exercise_id,
  prompt = EXCLUDED.prompt,
  options = EXCLUDED.options,
  correct_option = EXCLUDED.correct_option,
  explanation = EXCLUDED.explanation,
  display_order = EXCLUDED.display_order;

INSERT INTO public.questions (id, exercise_id, prompt, options, correct_option, explanation, display_order) VALUES
  ('bf299130-4e08-5f95-ac43-4814d35f8565', '515ce564-1173-5862-9f2e-88f6cebf7b15', 'ما الترتيب التنازلي للأعداد 40 و 34 و 43؟', '[{"id":"a","text":"34، 40، 43"},{"id":"b","text":"43، 40، 34"},{"id":"c","text":"40، 43، 34"},{"id":"d","text":"43، 34، 40"}]'::jsonb, 'b', 'تنازليًّا من الأكبر: 43 (4 عشرات و 3 آحاد)، ثمّ 40، ثمّ 34. إذن 43، 40، 34.', 5)
ON CONFLICT (id) DO UPDATE SET
  exercise_id = EXCLUDED.exercise_id,
  prompt = EXCLUDED.prompt,
  options = EXCLUDED.options,
  correct_option = EXCLUDED.correct_option,
  explanation = EXCLUDED.explanation,
  display_order = EXCLUDED.display_order;

INSERT INTO public.questions (id, exercise_id, prompt, options, correct_option, explanation, display_order) VALUES
  ('51120502-1e21-57d9-99a7-b20f1044060d', '515ce564-1173-5862-9f2e-88f6cebf7b15', 'أيّ عدد هو الأكبر؟', '[{"id":"a","text":"67"},{"id":"b","text":"76"},{"id":"c","text":"66"},{"id":"d","text":"77"}]'::jsonb, 'd', 'نقارن العشرات: 77 و 76 فيهما 7 عشرات؛ ثمّ الآحاد: 77 آحاده 7 أكبر. إذن الأكبر هو 77.', 6)
ON CONFLICT (id) DO UPDATE SET
  exercise_id = EXCLUDED.exercise_id,
  prompt = EXCLUDED.prompt,
  options = EXCLUDED.options,
  correct_option = EXCLUDED.correct_option,
  explanation = EXCLUDED.explanation,
  display_order = EXCLUDED.display_order;

INSERT INTO public.exercises (id, chapter_id, subject_id, title, difficulty, xp_reward, reward_coins, mode, source, display_order) VALUES
  ('f826f2ff-5797-51f8-9da2-7205aff0d1a5', 'c5963a75-8dce-5605-8fab-28148d2d5745', 'math-1ere', '⭐⭐ تمرين مراجعة (نمط امتحان): المقارنة والترتيب', 2, 70, 15, 'practice', 'admin', 3)
ON CONFLICT (id) DO UPDATE SET
  chapter_id = EXCLUDED.chapter_id,
  subject_id = EXCLUDED.subject_id,
  title = EXCLUDED.title,
  difficulty = EXCLUDED.difficulty,
  xp_reward = EXCLUDED.xp_reward,
  reward_coins = EXCLUDED.reward_coins,
  mode = EXCLUDED.mode,
  display_order = EXCLUDED.display_order;

INSERT INTO public.questions (id, exercise_id, prompt, options, correct_option, explanation, display_order) VALUES
  ('b3c32f7f-fd1a-50a5-b14c-9ee5e2b526e0', 'f826f2ff-5797-51f8-9da2-7205aff0d1a5', 'ما الرمز المناسب؟ 5 … 9', '[{"id":"a","text":">"},{"id":"b","text":"<"},{"id":"c","text":"="},{"id":"d","text":"+"}]'::jsonb, 'b', 'العدد 5 أصغر من 9، فالرمز المناسب هو <: نكتب 5 < 9.', 1)
ON CONFLICT (id) DO UPDATE SET
  exercise_id = EXCLUDED.exercise_id,
  prompt = EXCLUDED.prompt,
  options = EXCLUDED.options,
  correct_option = EXCLUDED.correct_option,
  explanation = EXCLUDED.explanation,
  display_order = EXCLUDED.display_order;

INSERT INTO public.questions (id, exercise_id, prompt, options, correct_option, explanation, display_order) VALUES
  ('bb37fdd4-767c-59ce-aa88-6bdaa4da3795', 'f826f2ff-5797-51f8-9da2-7205aff0d1a5', 'ما الرمز المناسب؟ 8 … 8', '[{"id":"a","text":"="},{"id":"b","text":">"},{"id":"c","text":"<"},{"id":"d","text":"×"}]'::jsonb, 'a', 'العددان متساويان (8 و 8)، فالرمز المناسب هو =: نكتب 8 = 8.', 2)
ON CONFLICT (id) DO UPDATE SET
  exercise_id = EXCLUDED.exercise_id,
  prompt = EXCLUDED.prompt,
  options = EXCLUDED.options,
  correct_option = EXCLUDED.correct_option,
  explanation = EXCLUDED.explanation,
  display_order = EXCLUDED.display_order;

INSERT INTO public.questions (id, exercise_id, prompt, options, correct_option, explanation, display_order) VALUES
  ('a7272737-c9ea-53c2-a162-d601aa55120e', 'f826f2ff-5797-51f8-9da2-7205aff0d1a5', 'ما الرمز المناسب؟ 60 … 50', '[{"id":"a","text":"<"},{"id":"b","text":"="},{"id":"c","text":">"},{"id":"d","text":"−"}]'::jsonb, 'c', 'العدد 60 فيه 6 عشرات، و 50 فيه 5 عشرات، فـ 60 أكبر: نكتب 60 > 50.', 3)
ON CONFLICT (id) DO UPDATE SET
  exercise_id = EXCLUDED.exercise_id,
  prompt = EXCLUDED.prompt,
  options = EXCLUDED.options,
  correct_option = EXCLUDED.correct_option,
  explanation = EXCLUDED.explanation,
  display_order = EXCLUDED.display_order;

INSERT INTO public.questions (id, exercise_id, prompt, options, correct_option, explanation, display_order) VALUES
  ('b1023f58-22c6-5f7d-8b4b-d0065b4025aa', 'f826f2ff-5797-51f8-9da2-7205aff0d1a5', 'ما الترتيب التصاعدي للأعداد 17 و 7 و 71؟', '[{"id":"a","text":"71، 17، 7"},{"id":"b","text":"7، 17، 71"},{"id":"c","text":"7، 71، 17"},{"id":"d","text":"17، 7، 71"}]'::jsonb, 'b', 'تصاعديًّا من الأصغر: 7 (آحاد فقط)، ثمّ 17 (عشرة)، ثمّ 71 (سبع عشرات). إذن 7، 17، 71.', 4)
ON CONFLICT (id) DO UPDATE SET
  exercise_id = EXCLUDED.exercise_id,
  prompt = EXCLUDED.prompt,
  options = EXCLUDED.options,
  correct_option = EXCLUDED.correct_option,
  explanation = EXCLUDED.explanation,
  display_order = EXCLUDED.display_order;

INSERT INTO public.questions (id, exercise_id, prompt, options, correct_option, explanation, display_order) VALUES
  ('4258f021-4230-5b31-9bda-af0a12c9686d', 'f826f2ff-5797-51f8-9da2-7205aff0d1a5', 'ما الرمز المناسب؟ 28 … 24', '[{"id":"a","text":"<"},{"id":"b","text":"="},{"id":"c","text":">"},{"id":"d","text":"+"}]'::jsonb, 'c', 'تساوت العشرات (2 و 2)، فننظر إلى الآحاد: 8 أكبر من 4. إذن 28 > 24.', 5)
ON CONFLICT (id) DO UPDATE SET
  exercise_id = EXCLUDED.exercise_id,
  prompt = EXCLUDED.prompt,
  options = EXCLUDED.options,
  correct_option = EXCLUDED.correct_option,
  explanation = EXCLUDED.explanation,
  display_order = EXCLUDED.display_order;

INSERT INTO public.questions (id, exercise_id, prompt, options, correct_option, explanation, display_order) VALUES
  ('20155c79-14e9-5204-a851-a397773420b7', 'f826f2ff-5797-51f8-9da2-7205aff0d1a5', 'أيّ عدد هو الأصغر؟', '[{"id":"a","text":"45"},{"id":"b","text":"54"},{"id":"c","text":"44"},{"id":"d","text":"40"}]'::jsonb, 'd', 'نقارن العشرات: 45 و 44 و 40 فيها 4 عشرات؛ ثمّ الآحاد: 0 أصغر من 4 و 5. إذن الأصغر هو 40.', 6)
ON CONFLICT (id) DO UPDATE SET
  exercise_id = EXCLUDED.exercise_id,
  prompt = EXCLUDED.prompt,
  options = EXCLUDED.options,
  correct_option = EXCLUDED.correct_option,
  explanation = EXCLUDED.explanation,
  display_order = EXCLUDED.display_order;

INSERT INTO public.exercises (id, chapter_id, subject_id, title, difficulty, xp_reward, reward_coins, mode, source, display_order) VALUES
  ('2b3258b2-7ea5-5ee5-845b-7903f133d11d', 'c5963a75-8dce-5605-8fab-28148d2d5745', 'math-1ere', '👑 تحدّي النخبة ⭐⭐⭐⭐: ألغاز المقارنة والترتيب', 4, 300, 60, 'challenge', 'admin', 4)
ON CONFLICT (id) DO UPDATE SET
  chapter_id = EXCLUDED.chapter_id,
  subject_id = EXCLUDED.subject_id,
  title = EXCLUDED.title,
  difficulty = EXCLUDED.difficulty,
  xp_reward = EXCLUDED.xp_reward,
  reward_coins = EXCLUDED.reward_coins,
  mode = EXCLUDED.mode,
  display_order = EXCLUDED.display_order;

INSERT INTO public.questions (id, exercise_id, prompt, options, correct_option, explanation, display_order) VALUES
  ('15b15ca9-de27-514e-866f-4dbe92db8551', '2b3258b2-7ea5-5ee5-845b-7903f133d11d', 'أنا عددٌ أكبر من 19 وأصغر من 21. من أكون؟', '[{"id":"a","text":"20"},{"id":"b","text":"18"},{"id":"c","text":"22"},{"id":"d","text":"19"}]'::jsonb, 'a', 'العدد الوحيد الأكبر من 19 والأصغر من 21 هو 20.', 1)
ON CONFLICT (id) DO UPDATE SET
  exercise_id = EXCLUDED.exercise_id,
  prompt = EXCLUDED.prompt,
  options = EXCLUDED.options,
  correct_option = EXCLUDED.correct_option,
  explanation = EXCLUDED.explanation,
  display_order = EXCLUDED.display_order;

INSERT INTO public.questions (id, exercise_id, prompt, options, correct_option, explanation, display_order) VALUES
  ('aa5739ba-798d-5a5b-8753-e769b782af1d', '2b3258b2-7ea5-5ee5-845b-7903f133d11d', 'ما الترتيب التنازلي للأعداد 36 و 63 و 33؟', '[{"id":"a","text":"33، 36، 63"},{"id":"b","text":"63، 36، 33"},{"id":"c","text":"36، 63، 33"},{"id":"d","text":"63، 33، 36"}]'::jsonb, 'b', 'تنازليًّا من الأكبر: 63 (6 عشرات)، ثمّ بين 36 و 33 (3 عشرات) الأكبر آحادًا 36، ثمّ 33. إذن 63، 36، 33.', 2)
ON CONFLICT (id) DO UPDATE SET
  exercise_id = EXCLUDED.exercise_id,
  prompt = EXCLUDED.prompt,
  options = EXCLUDED.options,
  correct_option = EXCLUDED.correct_option,
  explanation = EXCLUDED.explanation,
  display_order = EXCLUDED.display_order;

INSERT INTO public.questions (id, exercise_id, prompt, options, correct_option, explanation, display_order) VALUES
  ('17c9e34e-1ccf-55e2-b1c7-17d723701c06', '2b3258b2-7ea5-5ee5-845b-7903f133d11d', 'أنا أكبر عددٍ آحاده 0 وأصغر من 50. من أكون؟', '[{"id":"a","text":"50"},{"id":"b","text":"49"},{"id":"c","text":"40"},{"id":"d","text":"45"}]'::jsonb, 'c', 'الأعداد آحادها 0 وأصغر من 50 هي 40، 30، 20، 10. أكبرها 40 (و 50 ليس أصغر من 50، و 45 آحاده 5).', 3)
ON CONFLICT (id) DO UPDATE SET
  exercise_id = EXCLUDED.exercise_id,
  prompt = EXCLUDED.prompt,
  options = EXCLUDED.options,
  correct_option = EXCLUDED.correct_option,
  explanation = EXCLUDED.explanation,
  display_order = EXCLUDED.display_order;

INSERT INTO public.questions (id, exercise_id, prompt, options, correct_option, explanation, display_order) VALUES
  ('a6b46202-5216-58f7-aaee-06ab418899c6', '2b3258b2-7ea5-5ee5-845b-7903f133d11d', 'إذا كان عددٌ أكبر من 30 وأصغر من 32 وآحاده ليس 0، فما هو؟', '[{"id":"a","text":"30"},{"id":"b","text":"32"},{"id":"c","text":"33"},{"id":"d","text":"31"}]'::jsonb, 'd', 'العدد بين 30 و 32 هو 31 فقط، وآحاده 1 ليس 0. إذن العدد هو 31.', 4)
ON CONFLICT (id) DO UPDATE SET
  exercise_id = EXCLUDED.exercise_id,
  prompt = EXCLUDED.prompt,
  options = EXCLUDED.options,
  correct_option = EXCLUDED.correct_option,
  explanation = EXCLUDED.explanation,
  display_order = EXCLUDED.display_order;

INSERT INTO public.questions (id, exercise_id, prompt, options, correct_option, explanation, display_order) VALUES
  ('73d236c0-ec8a-56a5-a68c-385f7c3becde', '2b3258b2-7ea5-5ee5-845b-7903f133d11d', 'رتّب تصاعديًّا: 9 و 90 و 19 و 91.', '[{"id":"a","text":"9، 90، 19، 91"},{"id":"b","text":"9، 19، 90، 91"},{"id":"c","text":"19، 9، 91، 90"},{"id":"d","text":"91، 90، 19، 9"}]'::jsonb, 'b', 'تصاعديًّا: 9 (آحاد)، ثمّ 19 (عشرة)، ثمّ 90 و 91 (تسع عشرات، و 90 < 91). إذن 9، 19، 90، 91.', 5)
ON CONFLICT (id) DO UPDATE SET
  exercise_id = EXCLUDED.exercise_id,
  prompt = EXCLUDED.prompt,
  options = EXCLUDED.options,
  correct_option = EXCLUDED.correct_option,
  explanation = EXCLUDED.explanation,
  display_order = EXCLUDED.display_order;

INSERT INTO public.questions (id, exercise_id, prompt, options, correct_option, explanation, display_order) VALUES
  ('b4e6f1a5-8e3e-50ad-93bc-7ff96a21d8da', '2b3258b2-7ea5-5ee5-845b-7903f133d11d', 'أيّ جملة صحيحة؟', '[{"id":"a","text":"27 > 72"},{"id":"b","text":"55 < 50"},{"id":"c","text":"48 > 46"},{"id":"d","text":"30 = 33"}]'::jsonb, 'c', 'في 48 و 46 تساوت العشرات (4)، والآحاد 8 أكبر من 6، فـ 48 > 46 صحيحة. أمّا 27 < 72 و 55 > 50 و 30 ≠ 33.', 6)
ON CONFLICT (id) DO UPDATE SET
  exercise_id = EXCLUDED.exercise_id,
  prompt = EXCLUDED.prompt,
  options = EXCLUDED.options,
  correct_option = EXCLUDED.correct_option,
  explanation = EXCLUDED.explanation,
  display_order = EXCLUDED.display_order;

INSERT INTO public.exercises (id, chapter_id, subject_id, title, difficulty, xp_reward, reward_coins, mode, source, display_order) VALUES
  ('97764cde-425e-5582-b1d9-a3d72759f407', 'c5963a75-8dce-5605-8fab-28148d2d5745', 'math-1ere', '📝 تدريب ⭐⭐⭐: مراجعة شاملة للمقارنة والترتيب', 3, 120, 30, 'boss', 'admin', 5)
ON CONFLICT (id) DO UPDATE SET
  chapter_id = EXCLUDED.chapter_id,
  subject_id = EXCLUDED.subject_id,
  title = EXCLUDED.title,
  difficulty = EXCLUDED.difficulty,
  xp_reward = EXCLUDED.xp_reward,
  reward_coins = EXCLUDED.reward_coins,
  mode = EXCLUDED.mode,
  display_order = EXCLUDED.display_order;

INSERT INTO public.questions (id, exercise_id, prompt, options, correct_option, explanation, display_order) VALUES
  ('558d7fe4-4b6f-5c17-9845-28971f69844f', '97764cde-425e-5582-b1d9-a3d72759f407', 'ما الرمز المناسب؟ 17 … 71', '[{"id":"a","text":"<"},{"id":"b","text":">"},{"id":"c","text":"="},{"id":"d","text":"+"}]'::jsonb, 'a', 'نقارن العشرات: 17 فيه عشرة واحدة، و 71 فيه 7 عشرات، فـ 17 أصغر: نكتب 17 < 71.', 1)
ON CONFLICT (id) DO UPDATE SET
  exercise_id = EXCLUDED.exercise_id,
  prompt = EXCLUDED.prompt,
  options = EXCLUDED.options,
  correct_option = EXCLUDED.correct_option,
  explanation = EXCLUDED.explanation,
  display_order = EXCLUDED.display_order;

INSERT INTO public.questions (id, exercise_id, prompt, options, correct_option, explanation, display_order) VALUES
  ('ee5c1c98-3ea0-57d9-9a12-cb45333de6ea', '97764cde-425e-5582-b1d9-a3d72759f407', 'ما الرمز المناسب؟ 39 … 39', '[{"id":"a","text":"<"},{"id":"b","text":"="},{"id":"c","text":">"},{"id":"d","text":"×"}]'::jsonb, 'b', 'العددان متساويان (39 و 39)، فالرمز المناسب هو =: نكتب 39 = 39.', 2)
ON CONFLICT (id) DO UPDATE SET
  exercise_id = EXCLUDED.exercise_id,
  prompt = EXCLUDED.prompt,
  options = EXCLUDED.options,
  correct_option = EXCLUDED.correct_option,
  explanation = EXCLUDED.explanation,
  display_order = EXCLUDED.display_order;

INSERT INTO public.questions (id, exercise_id, prompt, options, correct_option, explanation, display_order) VALUES
  ('32330e55-3c9f-55ed-b4c9-1dddb5b324e9', '97764cde-425e-5582-b1d9-a3d72759f407', 'أيّ عدد يقع بين 60 و 70؟', '[{"id":"a","text":"59"},{"id":"b","text":"71"},{"id":"c","text":"72"},{"id":"d","text":"65"}]'::jsonb, 'd', 'العدد بين 60 و 70 يكون أكبر من 60 وأصغر من 70. من الخيارات 65 وحده يحقّق ذلك.', 3)
ON CONFLICT (id) DO UPDATE SET
  exercise_id = EXCLUDED.exercise_id,
  prompt = EXCLUDED.prompt,
  options = EXCLUDED.options,
  correct_option = EXCLUDED.correct_option,
  explanation = EXCLUDED.explanation,
  display_order = EXCLUDED.display_order;

INSERT INTO public.questions (id, exercise_id, prompt, options, correct_option, explanation, display_order) VALUES
  ('30378330-c107-551b-bbed-de3b6a102ed4', '97764cde-425e-5582-b1d9-a3d72759f407', 'ما الترتيب التصاعدي للأعداد 80 و 8 و 88؟', '[{"id":"a","text":"88، 80، 8"},{"id":"b","text":"8، 88، 80"},{"id":"c","text":"8، 80، 88"},{"id":"d","text":"80، 8، 88"}]'::jsonb, 'c', 'تصاعديًّا من الأصغر: 8 (آحاد)، ثمّ 80 (8 عشرات و 0 آحاد)، ثمّ 88. إذن 8، 80، 88.', 4)
ON CONFLICT (id) DO UPDATE SET
  exercise_id = EXCLUDED.exercise_id,
  prompt = EXCLUDED.prompt,
  options = EXCLUDED.options,
  correct_option = EXCLUDED.correct_option,
  explanation = EXCLUDED.explanation,
  display_order = EXCLUDED.display_order;

INSERT INTO public.questions (id, exercise_id, prompt, options, correct_option, explanation, display_order) VALUES
  ('84f2065f-c2c0-5e63-8a44-0ba771a85daa', '97764cde-425e-5582-b1d9-a3d72759f407', 'ما الترتيب التنازلي للأعداد 47 و 74 و 44؟', '[{"id":"a","text":"44، 47، 74"},{"id":"b","text":"74، 47، 44"},{"id":"c","text":"47، 74، 44"},{"id":"d","text":"74، 44، 47"}]'::jsonb, 'b', 'تنازليًّا من الأكبر: 74 (7 عشرات)، ثمّ بين 47 و 44 (4 عشرات) الأكبر آحادًا 47، ثمّ 44. إذن 74، 47، 44.', 5)
ON CONFLICT (id) DO UPDATE SET
  exercise_id = EXCLUDED.exercise_id,
  prompt = EXCLUDED.prompt,
  options = EXCLUDED.options,
  correct_option = EXCLUDED.correct_option,
  explanation = EXCLUDED.explanation,
  display_order = EXCLUDED.display_order;

INSERT INTO public.questions (id, exercise_id, prompt, options, correct_option, explanation, display_order) VALUES
  ('3bb3f1e1-f549-52c9-b38b-67bb046df5f2', '97764cde-425e-5582-b1d9-a3d72759f407', 'أنا عددٌ أكبر من 88 وأصغر من 90. من أكون؟', '[{"id":"a","text":"87"},{"id":"b","text":"90"},{"id":"c","text":"89"},{"id":"d","text":"88"}]'::jsonb, 'c', 'العدد الوحيد الأكبر من 88 والأصغر من 90 هو 89.', 6)
ON CONFLICT (id) DO UPDATE SET
  exercise_id = EXCLUDED.exercise_id,
  prompt = EXCLUDED.prompt,
  options = EXCLUDED.options,
  correct_option = EXCLUDED.correct_option,
  explanation = EXCLUDED.explanation,
  display_order = EXCLUDED.display_order;

INSERT INTO public.exercises (id, chapter_id, subject_id, title, difficulty, xp_reward, reward_coins, mode, source, display_order) VALUES
  ('e77514a3-1ea0-5959-9951-7491f6f779ac', '9be4e72b-e0d9-5b6c-a6eb-4e70460d7b7f', 'math-1ere', 'اختبار فهم الدرس ⭐', 1, 20, 5, 'quiz', 'admin', 0)
ON CONFLICT (id) DO UPDATE SET
  chapter_id = EXCLUDED.chapter_id,
  subject_id = EXCLUDED.subject_id,
  title = EXCLUDED.title,
  difficulty = EXCLUDED.difficulty,
  xp_reward = EXCLUDED.xp_reward,
  reward_coins = EXCLUDED.reward_coins,
  mode = EXCLUDED.mode,
  display_order = EXCLUDED.display_order;

INSERT INTO public.questions (id, exercise_id, prompt, options, correct_option, explanation, display_order) VALUES
  ('71cfb666-ae83-50bf-a6b5-4a0a71524e85', 'e77514a3-1ea0-5959-9951-7491f6f779ac', 'كم يساوي 3 + 4؟', '[{"id":"a","text":"6"},{"id":"b","text":"7"},{"id":"c","text":"8"},{"id":"d","text":"1"}]'::jsonb, 'b', 'نبدأ من 4 ونَعُدّ 3: 5، 6، 7. إذن 3 + 4 = 7.', 1)
ON CONFLICT (id) DO UPDATE SET
  exercise_id = EXCLUDED.exercise_id,
  prompt = EXCLUDED.prompt,
  options = EXCLUDED.options,
  correct_option = EXCLUDED.correct_option,
  explanation = EXCLUDED.explanation,
  display_order = EXCLUDED.display_order;

INSERT INTO public.questions (id, exercise_id, prompt, options, correct_option, explanation, display_order) VALUES
  ('c87a45b0-bfea-54e4-89ec-5ba81d64fc41', 'e77514a3-1ea0-5959-9951-7491f6f779ac', 'كم يساوي 5 + 0؟', '[{"id":"a","text":"0"},{"id":"b","text":"50"},{"id":"c","text":"5"},{"id":"d","text":"10"}]'::jsonb, 'c', 'العدد 0 لا يغيّر شيئًا في الجمع، فـ 5 + 0 = 5.', 2)
ON CONFLICT (id) DO UPDATE SET
  exercise_id = EXCLUDED.exercise_id,
  prompt = EXCLUDED.prompt,
  options = EXCLUDED.options,
  correct_option = EXCLUDED.correct_option,
  explanation = EXCLUDED.explanation,
  display_order = EXCLUDED.display_order;

INSERT INTO public.questions (id, exercise_id, prompt, options, correct_option, explanation, display_order) VALUES
  ('eb4e4eab-9f21-5091-b6f4-348868bc2b73', 'e77514a3-1ea0-5959-9951-7491f6f779ac', 'كم يساوي 2 + 6؟', '[{"id":"a","text":"8"},{"id":"b","text":"4"},{"id":"c","text":"9"},{"id":"d","text":"7"}]'::jsonb, 'a', 'نبدأ من 6 ونَعُدّ 2: 7، 8. إذن 2 + 6 = 8.', 3)
ON CONFLICT (id) DO UPDATE SET
  exercise_id = EXCLUDED.exercise_id,
  prompt = EXCLUDED.prompt,
  options = EXCLUDED.options,
  correct_option = EXCLUDED.correct_option,
  explanation = EXCLUDED.explanation,
  display_order = EXCLUDED.display_order;

INSERT INTO public.questions (id, exercise_id, prompt, options, correct_option, explanation, display_order) VALUES
  ('25a16184-7c27-5dfe-b82e-fcb4d7ef0cde', 'e77514a3-1ea0-5959-9951-7491f6f779ac', 'كم يساوي 21 + 14؟', '[{"id":"a","text":"25"},{"id":"b","text":"35"},{"id":"c","text":"34"},{"id":"d","text":"44"}]'::jsonb, 'b', 'نجمع الآحاد: 1 + 4 = 5، والعشرات: 2 + 1 = 3. إذن 21 + 14 = 35.', 4)
ON CONFLICT (id) DO UPDATE SET
  exercise_id = EXCLUDED.exercise_id,
  prompt = EXCLUDED.prompt,
  options = EXCLUDED.options,
  correct_option = EXCLUDED.correct_option,
  explanation = EXCLUDED.explanation,
  display_order = EXCLUDED.display_order;

INSERT INTO public.questions (id, exercise_id, prompt, options, correct_option, explanation, display_order) VALUES
  ('1a15eed5-8f6a-52fa-a745-dfe5b13ee93a', 'e77514a3-1ea0-5959-9951-7491f6f779ac', 'كم يساوي 18 + 6؟', '[{"id":"a","text":"14"},{"id":"b","text":"23"},{"id":"c","text":"24"},{"id":"d","text":"25"}]'::jsonb, 'c', 'الآحاد: 8 + 6 = 14، أي عشرة و 4 آحاد، نحتفظ بعشرة. العشرات: 1 + 1 = 2. إذن 18 + 6 = 24.', 5)
ON CONFLICT (id) DO UPDATE SET
  exercise_id = EXCLUDED.exercise_id,
  prompt = EXCLUDED.prompt,
  options = EXCLUDED.options,
  correct_option = EXCLUDED.correct_option,
  explanation = EXCLUDED.explanation,
  display_order = EXCLUDED.display_order;

INSERT INTO public.exercises (id, chapter_id, subject_id, title, difficulty, xp_reward, reward_coins, mode, source, display_order) VALUES
  ('56b6cfdc-dc3c-5d91-944b-6ca52dc75a74', '9be4e72b-e0d9-5b6c-a6eb-4e70460d7b7f', 'math-1ere', '⭐ تمرين: أوّل خطوات الجمع', 1, 50, 10, 'practice', 'admin', 1)
ON CONFLICT (id) DO UPDATE SET
  chapter_id = EXCLUDED.chapter_id,
  subject_id = EXCLUDED.subject_id,
  title = EXCLUDED.title,
  difficulty = EXCLUDED.difficulty,
  xp_reward = EXCLUDED.xp_reward,
  reward_coins = EXCLUDED.reward_coins,
  mode = EXCLUDED.mode,
  display_order = EXCLUDED.display_order;

INSERT INTO public.questions (id, exercise_id, prompt, options, correct_option, explanation, display_order) VALUES
  ('49a52a15-0e77-5d0f-be4b-dbd11f39cb64', '56b6cfdc-dc3c-5d91-944b-6ca52dc75a74', 'كم يساوي 2 + 3؟', '[{"id":"a","text":"4"},{"id":"b","text":"5"},{"id":"c","text":"6"},{"id":"d","text":"1"}]'::jsonb, 'b', 'نبدأ من 3 ونَعُدّ 2: 4، 5. إذن 2 + 3 = 5.', 1)
ON CONFLICT (id) DO UPDATE SET
  exercise_id = EXCLUDED.exercise_id,
  prompt = EXCLUDED.prompt,
  options = EXCLUDED.options,
  correct_option = EXCLUDED.correct_option,
  explanation = EXCLUDED.explanation,
  display_order = EXCLUDED.display_order;

INSERT INTO public.questions (id, exercise_id, prompt, options, correct_option, explanation, display_order) VALUES
  ('9bd8e9d4-201e-5c10-97d9-c6fcb48a90d0', '56b6cfdc-dc3c-5d91-944b-6ca52dc75a74', 'كم يساوي 4 + 4؟', '[{"id":"a","text":"8"},{"id":"b","text":"6"},{"id":"c","text":"9"},{"id":"d","text":"0"}]'::jsonb, 'a', 'نبدأ من 4 ونَعُدّ 4: 5، 6، 7، 8. إذن 4 + 4 = 8.', 2)
ON CONFLICT (id) DO UPDATE SET
  exercise_id = EXCLUDED.exercise_id,
  prompt = EXCLUDED.prompt,
  options = EXCLUDED.options,
  correct_option = EXCLUDED.correct_option,
  explanation = EXCLUDED.explanation,
  display_order = EXCLUDED.display_order;

INSERT INTO public.questions (id, exercise_id, prompt, options, correct_option, explanation, display_order) VALUES
  ('585b34c2-575e-51f0-a108-d1cdb8222ee5', '56b6cfdc-dc3c-5d91-944b-6ca52dc75a74', 'كم يساوي 7 + 0؟', '[{"id":"a","text":"0"},{"id":"b","text":"70"},{"id":"c","text":"7"},{"id":"d","text":"8"}]'::jsonb, 'c', 'العدد 0 لا يغيّر شيئًا في الجمع، فـ 7 + 0 = 7.', 3)
ON CONFLICT (id) DO UPDATE SET
  exercise_id = EXCLUDED.exercise_id,
  prompt = EXCLUDED.prompt,
  options = EXCLUDED.options,
  correct_option = EXCLUDED.correct_option,
  explanation = EXCLUDED.explanation,
  display_order = EXCLUDED.display_order;

INSERT INTO public.questions (id, exercise_id, prompt, options, correct_option, explanation, display_order) VALUES
  ('1638861b-db67-5dfc-a946-9ef49daf4dfc', '56b6cfdc-dc3c-5d91-944b-6ca52dc75a74', 'كم يساوي 5 + 4؟', '[{"id":"a","text":"8"},{"id":"b","text":"10"},{"id":"c","text":"9"},{"id":"d","text":"1"}]'::jsonb, 'c', 'نبدأ من 5 ونَعُدّ 4: 6، 7، 8، 9. إذن 5 + 4 = 9.', 4)
ON CONFLICT (id) DO UPDATE SET
  exercise_id = EXCLUDED.exercise_id,
  prompt = EXCLUDED.prompt,
  options = EXCLUDED.options,
  correct_option = EXCLUDED.correct_option,
  explanation = EXCLUDED.explanation,
  display_order = EXCLUDED.display_order;

INSERT INTO public.questions (id, exercise_id, prompt, options, correct_option, explanation, display_order) VALUES
  ('79256cf2-ecbd-56b2-addb-2fbf64db9a04', '56b6cfdc-dc3c-5d91-944b-6ca52dc75a74', 'كم يساوي 6 + 2؟', '[{"id":"a","text":"8"},{"id":"b","text":"4"},{"id":"c","text":"9"},{"id":"d","text":"7"}]'::jsonb, 'a', 'نبدأ من 6 ونَعُدّ 2: 7، 8. إذن 6 + 2 = 8.', 5)
ON CONFLICT (id) DO UPDATE SET
  exercise_id = EXCLUDED.exercise_id,
  prompt = EXCLUDED.prompt,
  options = EXCLUDED.options,
  correct_option = EXCLUDED.correct_option,
  explanation = EXCLUDED.explanation,
  display_order = EXCLUDED.display_order;

INSERT INTO public.questions (id, exercise_id, prompt, options, correct_option, explanation, display_order) VALUES
  ('523582ee-9fcd-59f3-80f0-8caae92bfe83', '56b6cfdc-dc3c-5d91-944b-6ca52dc75a74', 'عندي 3 كرات حمراء و 5 كرات زرقاء. كم كرة عندي؟', '[{"id":"a","text":"2"},{"id":"b","text":"7"},{"id":"c","text":"9"},{"id":"d","text":"8"}]'::jsonb, 'd', 'نضمّ المجموعتين: 3 + 5 = 8. عندي 8 كرات.', 6)
ON CONFLICT (id) DO UPDATE SET
  exercise_id = EXCLUDED.exercise_id,
  prompt = EXCLUDED.prompt,
  options = EXCLUDED.options,
  correct_option = EXCLUDED.correct_option,
  explanation = EXCLUDED.explanation,
  display_order = EXCLUDED.display_order;

INSERT INTO public.exercises (id, chapter_id, subject_id, title, difficulty, xp_reward, reward_coins, mode, source, display_order) VALUES
  ('e54b06ba-fd20-54f7-a355-ce0cbf9e87dc', '9be4e72b-e0d9-5b6c-a6eb-4e70460d7b7f', 'math-1ere', '⚔️ زعيم الفصل ⭐⭐⭐: سيّد الجمع', 3, 120, 30, 'boss', 'admin', 2)
ON CONFLICT (id) DO UPDATE SET
  chapter_id = EXCLUDED.chapter_id,
  subject_id = EXCLUDED.subject_id,
  title = EXCLUDED.title,
  difficulty = EXCLUDED.difficulty,
  xp_reward = EXCLUDED.xp_reward,
  reward_coins = EXCLUDED.reward_coins,
  mode = EXCLUDED.mode,
  display_order = EXCLUDED.display_order;

INSERT INTO public.questions (id, exercise_id, prompt, options, correct_option, explanation, display_order) VALUES
  ('f041760b-e838-5855-b11e-efe68a614bf3', 'e54b06ba-fd20-54f7-a355-ce0cbf9e87dc', 'كم يساوي 32 + 25؟', '[{"id":"a","text":"57"},{"id":"b","text":"47"},{"id":"c","text":"55"},{"id":"d","text":"67"}]'::jsonb, 'a', 'نجمع الآحاد: 2 + 5 = 7، والعشرات: 3 + 2 = 5. إذن 32 + 25 = 57.', 1)
ON CONFLICT (id) DO UPDATE SET
  exercise_id = EXCLUDED.exercise_id,
  prompt = EXCLUDED.prompt,
  options = EXCLUDED.options,
  correct_option = EXCLUDED.correct_option,
  explanation = EXCLUDED.explanation,
  display_order = EXCLUDED.display_order;

INSERT INTO public.questions (id, exercise_id, prompt, options, correct_option, explanation, display_order) VALUES
  ('b08af78c-5448-5fd4-b09a-f14fb4972bf9', 'e54b06ba-fd20-54f7-a355-ce0cbf9e87dc', 'كم يساوي 40 + 30؟', '[{"id":"a","text":"10"},{"id":"b","text":"70"},{"id":"c","text":"60"},{"id":"d","text":"43"}]'::jsonb, 'b', 'نجمع العشرات: 4 عشرات + 3 عشرات = 7 عشرات = 70. إذن 40 + 30 = 70.', 2)
ON CONFLICT (id) DO UPDATE SET
  exercise_id = EXCLUDED.exercise_id,
  prompt = EXCLUDED.prompt,
  options = EXCLUDED.options,
  correct_option = EXCLUDED.correct_option,
  explanation = EXCLUDED.explanation,
  display_order = EXCLUDED.display_order;

INSERT INTO public.questions (id, exercise_id, prompt, options, correct_option, explanation, display_order) VALUES
  ('d7a5be23-46e5-5bb2-950e-3b4cfd26201a', 'e54b06ba-fd20-54f7-a355-ce0cbf9e87dc', 'كم يساوي 28 + 6؟', '[{"id":"a","text":"22"},{"id":"b","text":"33"},{"id":"c","text":"34"},{"id":"d","text":"35"}]'::jsonb, 'c', 'الآحاد: 8 + 6 = 14، نكتب 4 ونحتفظ بعشرة. العشرات: 2 + 1 = 3. إذن 28 + 6 = 34.', 3)
ON CONFLICT (id) DO UPDATE SET
  exercise_id = EXCLUDED.exercise_id,
  prompt = EXCLUDED.prompt,
  options = EXCLUDED.options,
  correct_option = EXCLUDED.correct_option,
  explanation = EXCLUDED.explanation,
  display_order = EXCLUDED.display_order;

INSERT INTO public.questions (id, exercise_id, prompt, options, correct_option, explanation, display_order) VALUES
  ('65c7e7a1-6276-565b-bf75-0a10c0e331b4', 'e54b06ba-fd20-54f7-a355-ce0cbf9e87dc', 'كم يساوي 45 + 17؟', '[{"id":"a","text":"52"},{"id":"b","text":"61"},{"id":"c","text":"63"},{"id":"d","text":"62"}]'::jsonb, 'd', 'الآحاد: 5 + 7 = 12، نكتب 2 ونحتفظ بعشرة. العشرات: 4 + 1 + 1 = 6. إذن 45 + 17 = 62.', 4)
ON CONFLICT (id) DO UPDATE SET
  exercise_id = EXCLUDED.exercise_id,
  prompt = EXCLUDED.prompt,
  options = EXCLUDED.options,
  correct_option = EXCLUDED.correct_option,
  explanation = EXCLUDED.explanation,
  display_order = EXCLUDED.display_order;

INSERT INTO public.questions (id, exercise_id, prompt, options, correct_option, explanation, display_order) VALUES
  ('3b33511c-1bcd-532b-ba8b-0a217d54260f', 'e54b06ba-fd20-54f7-a355-ce0cbf9e87dc', 'عددٌ إذا أضفنا إليه 5 صار 13. ما هو؟', '[{"id":"a","text":"18"},{"id":"b","text":"8"},{"id":"c","text":"7"},{"id":"d","text":"9"}]'::jsonb, 'b', 'نبحث عن عددٍ مع 5 يعطي 13. نَعُدّ من 5 إلى 13 فنجد 8 خطوات: 8 + 5 = 13. إذن العدد 8.', 5)
ON CONFLICT (id) DO UPDATE SET
  exercise_id = EXCLUDED.exercise_id,
  prompt = EXCLUDED.prompt,
  options = EXCLUDED.options,
  correct_option = EXCLUDED.correct_option,
  explanation = EXCLUDED.explanation,
  display_order = EXCLUDED.display_order;

INSERT INTO public.questions (id, exercise_id, prompt, options, correct_option, explanation, display_order) VALUES
  ('5a3d0ca7-a6bc-5d3a-b8b5-92e49376d8d4', 'e54b06ba-fd20-54f7-a355-ce0cbf9e87dc', 'كم يساوي 19 + 19؟', '[{"id":"a","text":"28"},{"id":"b","text":"39"},{"id":"c","text":"38"},{"id":"d","text":"29"}]'::jsonb, 'c', 'الآحاد: 9 + 9 = 18، نكتب 8 ونحتفظ بعشرة. العشرات: 1 + 1 + 1 = 3. إذن 19 + 19 = 38.', 6)
ON CONFLICT (id) DO UPDATE SET
  exercise_id = EXCLUDED.exercise_id,
  prompt = EXCLUDED.prompt,
  options = EXCLUDED.options,
  correct_option = EXCLUDED.correct_option,
  explanation = EXCLUDED.explanation,
  display_order = EXCLUDED.display_order;

INSERT INTO public.exercises (id, chapter_id, subject_id, title, difficulty, xp_reward, reward_coins, mode, source, display_order) VALUES
  ('62948b29-9db3-5aed-a9e8-59b8a7dd4011', '9be4e72b-e0d9-5b6c-a6eb-4e70460d7b7f', 'math-1ere', '⭐⭐ تمرين مراجعة (نمط امتحان): الجمع', 2, 70, 15, 'practice', 'admin', 3)
ON CONFLICT (id) DO UPDATE SET
  chapter_id = EXCLUDED.chapter_id,
  subject_id = EXCLUDED.subject_id,
  title = EXCLUDED.title,
  difficulty = EXCLUDED.difficulty,
  xp_reward = EXCLUDED.xp_reward,
  reward_coins = EXCLUDED.reward_coins,
  mode = EXCLUDED.mode,
  display_order = EXCLUDED.display_order;

INSERT INTO public.questions (id, exercise_id, prompt, options, correct_option, explanation, display_order) VALUES
  ('036b8c30-7ebf-59c5-a7d0-2938920233ea', '62948b29-9db3-5aed-a9e8-59b8a7dd4011', 'كم يساوي 8 + 1؟', '[{"id":"a","text":"9"},{"id":"b","text":"7"},{"id":"c","text":"10"},{"id":"d","text":"8"}]'::jsonb, 'a', 'نبدأ من 8 ونَعُدّ 1: 9. إذن 8 + 1 = 9.', 1)
ON CONFLICT (id) DO UPDATE SET
  exercise_id = EXCLUDED.exercise_id,
  prompt = EXCLUDED.prompt,
  options = EXCLUDED.options,
  correct_option = EXCLUDED.correct_option,
  explanation = EXCLUDED.explanation,
  display_order = EXCLUDED.display_order;

INSERT INTO public.questions (id, exercise_id, prompt, options, correct_option, explanation, display_order) VALUES
  ('54dd9110-9e8f-52bb-9811-738f84d70e76', '62948b29-9db3-5aed-a9e8-59b8a7dd4011', 'كم يساوي 14 + 5؟', '[{"id":"a","text":"9"},{"id":"b","text":"19"},{"id":"c","text":"20"},{"id":"d","text":"18"}]'::jsonb, 'b', 'نجمع الآحاد: 4 + 5 = 9، والعشرات تبقى 1. إذن 14 + 5 = 19.', 2)
ON CONFLICT (id) DO UPDATE SET
  exercise_id = EXCLUDED.exercise_id,
  prompt = EXCLUDED.prompt,
  options = EXCLUDED.options,
  correct_option = EXCLUDED.correct_option,
  explanation = EXCLUDED.explanation,
  display_order = EXCLUDED.display_order;

INSERT INTO public.questions (id, exercise_id, prompt, options, correct_option, explanation, display_order) VALUES
  ('24b16315-b429-556b-8bab-b6f108d7bce2', '62948b29-9db3-5aed-a9e8-59b8a7dd4011', 'كم يساوي 23 + 24؟', '[{"id":"a","text":"57"},{"id":"b","text":"37"},{"id":"c","text":"47"},{"id":"d","text":"45"}]'::jsonb, 'c', 'نجمع الآحاد: 3 + 4 = 7، والعشرات: 2 + 2 = 4. إذن 23 + 24 = 47.', 3)
ON CONFLICT (id) DO UPDATE SET
  exercise_id = EXCLUDED.exercise_id,
  prompt = EXCLUDED.prompt,
  options = EXCLUDED.options,
  correct_option = EXCLUDED.correct_option,
  explanation = EXCLUDED.explanation,
  display_order = EXCLUDED.display_order;

INSERT INTO public.questions (id, exercise_id, prompt, options, correct_option, explanation, display_order) VALUES
  ('2a501ec8-b0a9-5198-b56b-b9064f08e75c', '62948b29-9db3-5aed-a9e8-59b8a7dd4011', 'كم يساوي 50 + 9؟', '[{"id":"a","text":"14"},{"id":"b","text":"69"},{"id":"c","text":"59"},{"id":"d","text":"60"}]'::jsonb, 'c', 'العدد 50 فيه 5 عشرات و 0 آحاد، نضيف 9 آحاد: 50 + 9 = 59.', 4)
ON CONFLICT (id) DO UPDATE SET
  exercise_id = EXCLUDED.exercise_id,
  prompt = EXCLUDED.prompt,
  options = EXCLUDED.options,
  correct_option = EXCLUDED.correct_option,
  explanation = EXCLUDED.explanation,
  display_order = EXCLUDED.display_order;

INSERT INTO public.questions (id, exercise_id, prompt, options, correct_option, explanation, display_order) VALUES
  ('44456f5b-f0f7-54f3-9ee4-e68967233ae4', '62948b29-9db3-5aed-a9e8-59b8a7dd4011', 'كم يساوي 16 + 7؟', '[{"id":"a","text":"13"},{"id":"b","text":"22"},{"id":"c","text":"24"},{"id":"d","text":"23"}]'::jsonb, 'd', 'الآحاد: 6 + 7 = 13، نكتب 3 ونحتفظ بعشرة. العشرات: 1 + 1 = 2. إذن 16 + 7 = 23.', 5)
ON CONFLICT (id) DO UPDATE SET
  exercise_id = EXCLUDED.exercise_id,
  prompt = EXCLUDED.prompt,
  options = EXCLUDED.options,
  correct_option = EXCLUDED.correct_option,
  explanation = EXCLUDED.explanation,
  display_order = EXCLUDED.display_order;

INSERT INTO public.questions (id, exercise_id, prompt, options, correct_option, explanation, display_order) VALUES
  ('3a27ac81-df7d-5485-969a-00929d5d1361', '62948b29-9db3-5aed-a9e8-59b8a7dd4011', 'في السلّة 12 برتقالة، أضفنا 11. كم صار العدد؟', '[{"id":"a","text":"23"},{"id":"b","text":"13"},{"id":"c","text":"33"},{"id":"d","text":"21"}]'::jsonb, 'a', 'نجمع الآحاد: 2 + 1 = 3، والعشرات: 1 + 1 = 2. إذن 12 + 11 = 23 برتقالة.', 6)
ON CONFLICT (id) DO UPDATE SET
  exercise_id = EXCLUDED.exercise_id,
  prompt = EXCLUDED.prompt,
  options = EXCLUDED.options,
  correct_option = EXCLUDED.correct_option,
  explanation = EXCLUDED.explanation,
  display_order = EXCLUDED.display_order;

INSERT INTO public.exercises (id, chapter_id, subject_id, title, difficulty, xp_reward, reward_coins, mode, source, display_order) VALUES
  ('03d69f2a-a081-5827-a170-a344f3cc4147', '9be4e72b-e0d9-5b6c-a6eb-4e70460d7b7f', 'math-1ere', '👑 تحدّي النخبة ⭐⭐⭐⭐: ألغاز الجمع', 4, 300, 60, 'challenge', 'admin', 4)
ON CONFLICT (id) DO UPDATE SET
  chapter_id = EXCLUDED.chapter_id,
  subject_id = EXCLUDED.subject_id,
  title = EXCLUDED.title,
  difficulty = EXCLUDED.difficulty,
  xp_reward = EXCLUDED.xp_reward,
  reward_coins = EXCLUDED.reward_coins,
  mode = EXCLUDED.mode,
  display_order = EXCLUDED.display_order;

INSERT INTO public.questions (id, exercise_id, prompt, options, correct_option, explanation, display_order) VALUES
  ('214c2396-9825-5ea4-a155-4e4f6873c428', '03d69f2a-a081-5827-a170-a344f3cc4147', 'عددٌ إذا أضفنا إليه 4 صار 11. ما هو؟', '[{"id":"a","text":"15"},{"id":"b","text":"7"},{"id":"c","text":"6"},{"id":"d","text":"8"}]'::jsonb, 'b', 'نبحث عن عددٍ مع 4 يعطي 11: 7 + 4 = 11. إذن العدد 7.', 1)
ON CONFLICT (id) DO UPDATE SET
  exercise_id = EXCLUDED.exercise_id,
  prompt = EXCLUDED.prompt,
  options = EXCLUDED.options,
  correct_option = EXCLUDED.correct_option,
  explanation = EXCLUDED.explanation,
  display_order = EXCLUDED.display_order;

INSERT INTO public.questions (id, exercise_id, prompt, options, correct_option, explanation, display_order) VALUES
  ('e11c09cc-f684-5507-b331-cf33829b4b0c', '03d69f2a-a081-5827-a170-a344f3cc4147', 'كم يساوي 25 + 25؟', '[{"id":"a","text":"40"},{"id":"b","text":"55"},{"id":"c","text":"50"},{"id":"d","text":"45"}]'::jsonb, 'c', 'الآحاد: 5 + 5 = 10، نكتب 0 ونحتفظ بعشرة. العشرات: 2 + 2 + 1 = 5. إذن 25 + 25 = 50.', 2)
ON CONFLICT (id) DO UPDATE SET
  exercise_id = EXCLUDED.exercise_id,
  prompt = EXCLUDED.prompt,
  options = EXCLUDED.options,
  correct_option = EXCLUDED.correct_option,
  explanation = EXCLUDED.explanation,
  display_order = EXCLUDED.display_order;

INSERT INTO public.questions (id, exercise_id, prompt, options, correct_option, explanation, display_order) VALUES
  ('bcdae7ac-aedf-5f55-9cbf-92ce72bff640', '03d69f2a-a081-5827-a170-a344f3cc4147', 'ربح بطلٌ 14 نقطة ثمّ 9 نقاط ثمّ 6 نقاط. كم نقطة جمع؟', '[{"id":"a","text":"20"},{"id":"b","text":"30"},{"id":"c","text":"23"},{"id":"d","text":"29"}]'::jsonb, 'd', 'نجمع خطوة خطوة: 14 + 9 = 23، ثمّ 23 + 6 = 29. جمع 29 نقطة.', 3)
ON CONFLICT (id) DO UPDATE SET
  exercise_id = EXCLUDED.exercise_id,
  prompt = EXCLUDED.prompt,
  options = EXCLUDED.options,
  correct_option = EXCLUDED.correct_option,
  explanation = EXCLUDED.explanation,
  display_order = EXCLUDED.display_order;

INSERT INTO public.questions (id, exercise_id, prompt, options, correct_option, explanation, display_order) VALUES
  ('58e04c6d-bd69-5b60-8e80-0903eee2008e', '03d69f2a-a081-5827-a170-a344f3cc4147', 'ما العدد المفقود؟ 30 + … = 47', '[{"id":"a","text":"27"},{"id":"b","text":"7"},{"id":"c","text":"77"},{"id":"d","text":"17"}]'::jsonb, 'd', 'نبحث عمّا نضيفه إلى 30 لنبلغ 47: الفرق 17، لأنّ 30 + 17 = 47.', 4)
ON CONFLICT (id) DO UPDATE SET
  exercise_id = EXCLUDED.exercise_id,
  prompt = EXCLUDED.prompt,
  options = EXCLUDED.options,
  correct_option = EXCLUDED.correct_option,
  explanation = EXCLUDED.explanation,
  display_order = EXCLUDED.display_order;

INSERT INTO public.questions (id, exercise_id, prompt, options, correct_option, explanation, display_order) VALUES
  ('b1cf10af-78e6-5d80-9894-26fbd0729d9b', '03d69f2a-a081-5827-a170-a344f3cc4147', 'كم يساوي 38 + 14؟', '[{"id":"a","text":"42"},{"id":"b","text":"52"},{"id":"c","text":"51"},{"id":"d","text":"62"}]'::jsonb, 'b', 'الآحاد: 8 + 4 = 12، نكتب 2 ونحتفظ بعشرة. العشرات: 3 + 1 + 1 = 5. إذن 38 + 14 = 52.', 5)
ON CONFLICT (id) DO UPDATE SET
  exercise_id = EXCLUDED.exercise_id,
  prompt = EXCLUDED.prompt,
  options = EXCLUDED.options,
  correct_option = EXCLUDED.correct_option,
  explanation = EXCLUDED.explanation,
  display_order = EXCLUDED.display_order;

INSERT INTO public.questions (id, exercise_id, prompt, options, correct_option, explanation, display_order) VALUES
  ('0298fab9-60e5-5b4f-80ac-5f82117802a7', '03d69f2a-a081-5827-a170-a344f3cc4147', 'جمعنا عددين متساويين فحصلنا على 16. ما هما؟', '[{"id":"a","text":"8 و 8"},{"id":"b","text":"6 و 6"},{"id":"c","text":"9 و 9"},{"id":"d","text":"7 و 7"}]'::jsonb, 'a', 'نبحث عن عددٍ مع نفسه يعطي 16: 8 + 8 = 16. إذن العددان 8 و 8.', 6)
ON CONFLICT (id) DO UPDATE SET
  exercise_id = EXCLUDED.exercise_id,
  prompt = EXCLUDED.prompt,
  options = EXCLUDED.options,
  correct_option = EXCLUDED.correct_option,
  explanation = EXCLUDED.explanation,
  display_order = EXCLUDED.display_order;

INSERT INTO public.exercises (id, chapter_id, subject_id, title, difficulty, xp_reward, reward_coins, mode, source, display_order) VALUES
  ('c5e0120d-c64f-59ef-93fc-74b0ba1ff405', '9be4e72b-e0d9-5b6c-a6eb-4e70460d7b7f', 'math-1ere', '📝 تدريب ⭐⭐⭐: مراجعة شاملة للجمع', 3, 120, 30, 'boss', 'admin', 5)
ON CONFLICT (id) DO UPDATE SET
  chapter_id = EXCLUDED.chapter_id,
  subject_id = EXCLUDED.subject_id,
  title = EXCLUDED.title,
  difficulty = EXCLUDED.difficulty,
  xp_reward = EXCLUDED.xp_reward,
  reward_coins = EXCLUDED.reward_coins,
  mode = EXCLUDED.mode,
  display_order = EXCLUDED.display_order;

INSERT INTO public.questions (id, exercise_id, prompt, options, correct_option, explanation, display_order) VALUES
  ('ad7a24f6-aa42-57c3-830e-f32b1cfff937', 'c5e0120d-c64f-59ef-93fc-74b0ba1ff405', 'كم يساوي 9 + 6؟', '[{"id":"a","text":"15"},{"id":"b","text":"13"},{"id":"c","text":"16"},{"id":"d","text":"14"}]'::jsonb, 'a', 'نبدأ من 9 ونَعُدّ 6: 10، 11، 12، 13، 14، 15. إذن 9 + 6 = 15.', 1)
ON CONFLICT (id) DO UPDATE SET
  exercise_id = EXCLUDED.exercise_id,
  prompt = EXCLUDED.prompt,
  options = EXCLUDED.options,
  correct_option = EXCLUDED.correct_option,
  explanation = EXCLUDED.explanation,
  display_order = EXCLUDED.display_order;

INSERT INTO public.questions (id, exercise_id, prompt, options, correct_option, explanation, display_order) VALUES
  ('6b343783-6e05-527d-9ebf-ace568acaec8', 'c5e0120d-c64f-59ef-93fc-74b0ba1ff405', 'كم يساوي 33 + 33؟', '[{"id":"a","text":"63"},{"id":"b","text":"66"},{"id":"c","text":"60"},{"id":"d","text":"36"}]'::jsonb, 'b', 'نجمع الآحاد: 3 + 3 = 6، والعشرات: 3 + 3 = 6. إذن 33 + 33 = 66.', 2)
ON CONFLICT (id) DO UPDATE SET
  exercise_id = EXCLUDED.exercise_id,
  prompt = EXCLUDED.prompt,
  options = EXCLUDED.options,
  correct_option = EXCLUDED.correct_option,
  explanation = EXCLUDED.explanation,
  display_order = EXCLUDED.display_order;

INSERT INTO public.questions (id, exercise_id, prompt, options, correct_option, explanation, display_order) VALUES
  ('1d163f73-069b-52e5-b483-7b04cdc71d00', 'c5e0120d-c64f-59ef-93fc-74b0ba1ff405', 'كم يساوي 10 + 10 + 10؟', '[{"id":"a","text":"20"},{"id":"b","text":"40"},{"id":"c","text":"13"},{"id":"d","text":"30"}]'::jsonb, 'd', 'نجمع ثلاث عشرات: 10 + 10 = 20، ثمّ 20 + 10 = 30. إذن المجموع 30.', 3)
ON CONFLICT (id) DO UPDATE SET
  exercise_id = EXCLUDED.exercise_id,
  prompt = EXCLUDED.prompt,
  options = EXCLUDED.options,
  correct_option = EXCLUDED.correct_option,
  explanation = EXCLUDED.explanation,
  display_order = EXCLUDED.display_order;

INSERT INTO public.questions (id, exercise_id, prompt, options, correct_option, explanation, display_order) VALUES
  ('236d31ad-9e59-55d6-ba71-4d5a48ef62ee', 'c5e0120d-c64f-59ef-93fc-74b0ba1ff405', 'كم يساوي 47 + 8؟', '[{"id":"a","text":"45"},{"id":"b","text":"54"},{"id":"c","text":"55"},{"id":"d","text":"56"}]'::jsonb, 'c', 'الآحاد: 7 + 8 = 15، نكتب 5 ونحتفظ بعشرة. العشرات: 4 + 1 = 5. إذن 47 + 8 = 55.', 4)
ON CONFLICT (id) DO UPDATE SET
  exercise_id = EXCLUDED.exercise_id,
  prompt = EXCLUDED.prompt,
  options = EXCLUDED.options,
  correct_option = EXCLUDED.correct_option,
  explanation = EXCLUDED.explanation,
  display_order = EXCLUDED.display_order;

INSERT INTO public.questions (id, exercise_id, prompt, options, correct_option, explanation, display_order) VALUES
  ('ad290fb8-1a41-5b8c-9994-1a19664ca7c2', 'c5e0120d-c64f-59ef-93fc-74b0ba1ff405', 'ما العدد المفقود؟ … + 20 = 35', '[{"id":"a","text":"55"},{"id":"b","text":"25"},{"id":"c","text":"5"},{"id":"d","text":"15"}]'::jsonb, 'd', 'نبحث عمّا نضيفه إلى 20 لنبلغ 35: الفرق 15، لأنّ 15 + 20 = 35.', 5)
ON CONFLICT (id) DO UPDATE SET
  exercise_id = EXCLUDED.exercise_id,
  prompt = EXCLUDED.prompt,
  options = EXCLUDED.options,
  correct_option = EXCLUDED.correct_option,
  explanation = EXCLUDED.explanation,
  display_order = EXCLUDED.display_order;

INSERT INTO public.questions (id, exercise_id, prompt, options, correct_option, explanation, display_order) VALUES
  ('baf24cba-a820-5220-88cc-d485b9335a9c', 'c5e0120d-c64f-59ef-93fc-74b0ba1ff405', 'في الحديقة 26 وردة حمراء و 17 وردة صفراء. كم وردة في الحديقة؟', '[{"id":"a","text":"33"},{"id":"b","text":"44"},{"id":"c","text":"43"},{"id":"d","text":"53"}]'::jsonb, 'c', 'الآحاد: 6 + 7 = 13، نكتب 3 ونحتفظ بعشرة. العشرات: 2 + 1 + 1 = 4. إذن 26 + 17 = 43 وردة.', 6)
ON CONFLICT (id) DO UPDATE SET
  exercise_id = EXCLUDED.exercise_id,
  prompt = EXCLUDED.prompt,
  options = EXCLUDED.options,
  correct_option = EXCLUDED.correct_option,
  explanation = EXCLUDED.explanation,
  display_order = EXCLUDED.display_order;

INSERT INTO public.exercises (id, chapter_id, subject_id, title, difficulty, xp_reward, reward_coins, mode, source, display_order) VALUES
  ('a65ab7b6-f762-5d59-b7c9-fcb5532353fb', 'ef149c6f-8170-54f1-b6f6-d541a5dc2737', 'math-1ere', 'اختبار فهم الدرس ⭐', 1, 20, 5, 'quiz', 'admin', 0)
ON CONFLICT (id) DO UPDATE SET
  chapter_id = EXCLUDED.chapter_id,
  subject_id = EXCLUDED.subject_id,
  title = EXCLUDED.title,
  difficulty = EXCLUDED.difficulty,
  xp_reward = EXCLUDED.xp_reward,
  reward_coins = EXCLUDED.reward_coins,
  mode = EXCLUDED.mode,
  display_order = EXCLUDED.display_order;

INSERT INTO public.questions (id, exercise_id, prompt, options, correct_option, explanation, display_order) VALUES
  ('89cda8a6-5024-5f5e-b47e-f02e98746da6', 'a65ab7b6-f762-5d59-b7c9-fcb5532353fb', 'كم يساوي 8 − 3؟', '[{"id":"a","text":"4"},{"id":"b","text":"5"},{"id":"c","text":"11"},{"id":"d","text":"6"}]'::jsonb, 'b', 'نبدأ من 8 ونَعُدّ تنازليًّا 3 خطوات: 7، 6، 5. إذن 8 − 3 = 5.', 1)
ON CONFLICT (id) DO UPDATE SET
  exercise_id = EXCLUDED.exercise_id,
  prompt = EXCLUDED.prompt,
  options = EXCLUDED.options,
  correct_option = EXCLUDED.correct_option,
  explanation = EXCLUDED.explanation,
  display_order = EXCLUDED.display_order;

INSERT INTO public.questions (id, exercise_id, prompt, options, correct_option, explanation, display_order) VALUES
  ('461e01c1-7bd7-51c9-bfb0-7420590fe1c7', 'a65ab7b6-f762-5d59-b7c9-fcb5532353fb', 'كم يساوي 6 − 0؟', '[{"id":"a","text":"0"},{"id":"b","text":"60"},{"id":"c","text":"6"},{"id":"d","text":"5"}]'::jsonb, 'c', 'العدد 0 لا يغيّر شيئًا في الطرح، فـ 6 − 0 = 6.', 2)
ON CONFLICT (id) DO UPDATE SET
  exercise_id = EXCLUDED.exercise_id,
  prompt = EXCLUDED.prompt,
  options = EXCLUDED.options,
  correct_option = EXCLUDED.correct_option,
  explanation = EXCLUDED.explanation,
  display_order = EXCLUDED.display_order;

INSERT INTO public.questions (id, exercise_id, prompt, options, correct_option, explanation, display_order) VALUES
  ('858e36db-b5a4-5cf6-ae35-efedc3e22fc0', 'a65ab7b6-f762-5d59-b7c9-fcb5532353fb', 'كم يساوي 7 − 7؟', '[{"id":"a","text":"0"},{"id":"b","text":"7"},{"id":"c","text":"14"},{"id":"d","text":"1"}]'::jsonb, 'a', 'طرح العدد من نفسه يعطي 0، فـ 7 − 7 = 0.', 3)
ON CONFLICT (id) DO UPDATE SET
  exercise_id = EXCLUDED.exercise_id,
  prompt = EXCLUDED.prompt,
  options = EXCLUDED.options,
  correct_option = EXCLUDED.correct_option,
  explanation = EXCLUDED.explanation,
  display_order = EXCLUDED.display_order;

INSERT INTO public.questions (id, exercise_id, prompt, options, correct_option, explanation, display_order) VALUES
  ('db2e87dc-b912-5497-978a-cfd620ea2877', 'a65ab7b6-f762-5d59-b7c9-fcb5532353fb', 'كم يساوي 49 − 25؟', '[{"id":"a","text":"14"},{"id":"b","text":"34"},{"id":"c","text":"24"},{"id":"d","text":"26"}]'::jsonb, 'c', 'نطرح الآحاد: 9 − 5 = 4، والعشرات: 4 − 2 = 2. إذن 49 − 25 = 24.', 4)
ON CONFLICT (id) DO UPDATE SET
  exercise_id = EXCLUDED.exercise_id,
  prompt = EXCLUDED.prompt,
  options = EXCLUDED.options,
  correct_option = EXCLUDED.correct_option,
  explanation = EXCLUDED.explanation,
  display_order = EXCLUDED.display_order;

INSERT INTO public.questions (id, exercise_id, prompt, options, correct_option, explanation, display_order) VALUES
  ('5c258d42-95e9-5fc5-9e14-4ecdf2371cb8', 'a65ab7b6-f762-5d59-b7c9-fcb5532353fb', 'عندي 9 بالونات، انفجر 4. كم بقي؟', '[{"id":"a","text":"13"},{"id":"b","text":"6"},{"id":"c","text":"4"},{"id":"d","text":"5"}]'::jsonb, 'd', 'نطرح ما انفجر: 9 − 4 = 5. بقي 5 بالونات.', 5)
ON CONFLICT (id) DO UPDATE SET
  exercise_id = EXCLUDED.exercise_id,
  prompt = EXCLUDED.prompt,
  options = EXCLUDED.options,
  correct_option = EXCLUDED.correct_option,
  explanation = EXCLUDED.explanation,
  display_order = EXCLUDED.display_order;

INSERT INTO public.exercises (id, chapter_id, subject_id, title, difficulty, xp_reward, reward_coins, mode, source, display_order) VALUES
  ('0c4368b1-e67a-5456-a490-e767176c7b7b', 'ef149c6f-8170-54f1-b6f6-d541a5dc2737', 'math-1ere', '⭐ تمرين: أوّل خطوات الطرح', 1, 50, 10, 'practice', 'admin', 1)
ON CONFLICT (id) DO UPDATE SET
  chapter_id = EXCLUDED.chapter_id,
  subject_id = EXCLUDED.subject_id,
  title = EXCLUDED.title,
  difficulty = EXCLUDED.difficulty,
  xp_reward = EXCLUDED.xp_reward,
  reward_coins = EXCLUDED.reward_coins,
  mode = EXCLUDED.mode,
  display_order = EXCLUDED.display_order;

INSERT INTO public.questions (id, exercise_id, prompt, options, correct_option, explanation, display_order) VALUES
  ('6c6b1d07-1206-58e0-944f-c495d810d940', '0c4368b1-e67a-5456-a490-e767176c7b7b', 'كم يساوي 5 − 2؟', '[{"id":"a","text":"3"},{"id":"b","text":"7"},{"id":"c","text":"2"},{"id":"d","text":"4"}]'::jsonb, 'a', 'نبدأ من 5 ونَعُدّ تنازليًّا 2 خطوة: 4، 3. إذن 5 − 2 = 3.', 1)
ON CONFLICT (id) DO UPDATE SET
  exercise_id = EXCLUDED.exercise_id,
  prompt = EXCLUDED.prompt,
  options = EXCLUDED.options,
  correct_option = EXCLUDED.correct_option,
  explanation = EXCLUDED.explanation,
  display_order = EXCLUDED.display_order;

INSERT INTO public.questions (id, exercise_id, prompt, options, correct_option, explanation, display_order) VALUES
  ('6603b76a-c585-5f8d-91bb-09e80f3bb7a6', '0c4368b1-e67a-5456-a490-e767176c7b7b', 'كم يساوي 9 − 1؟', '[{"id":"a","text":"10"},{"id":"b","text":"8"},{"id":"c","text":"7"},{"id":"d","text":"9"}]'::jsonb, 'b', 'نبدأ من 9 ونَعُدّ تنازليًّا خطوة واحدة: 8. إذن 9 − 1 = 8.', 2)
ON CONFLICT (id) DO UPDATE SET
  exercise_id = EXCLUDED.exercise_id,
  prompt = EXCLUDED.prompt,
  options = EXCLUDED.options,
  correct_option = EXCLUDED.correct_option,
  explanation = EXCLUDED.explanation,
  display_order = EXCLUDED.display_order;

INSERT INTO public.questions (id, exercise_id, prompt, options, correct_option, explanation, display_order) VALUES
  ('27cefe3b-c43d-5097-a4b1-6cb3330f7aac', '0c4368b1-e67a-5456-a490-e767176c7b7b', 'كم يساوي 4 − 0؟', '[{"id":"a","text":"0"},{"id":"b","text":"40"},{"id":"c","text":"4"},{"id":"d","text":"5"}]'::jsonb, 'c', 'العدد 0 لا يغيّر شيئًا في الطرح، فـ 4 − 0 = 4.', 3)
ON CONFLICT (id) DO UPDATE SET
  exercise_id = EXCLUDED.exercise_id,
  prompt = EXCLUDED.prompt,
  options = EXCLUDED.options,
  correct_option = EXCLUDED.correct_option,
  explanation = EXCLUDED.explanation,
  display_order = EXCLUDED.display_order;

INSERT INTO public.questions (id, exercise_id, prompt, options, correct_option, explanation, display_order) VALUES
  ('4a90fc6c-5666-50a0-b084-c4df16d775f0', '0c4368b1-e67a-5456-a490-e767176c7b7b', 'كم يساوي 8 − 8؟', '[{"id":"a","text":"16"},{"id":"b","text":"8"},{"id":"c","text":"0"},{"id":"d","text":"1"}]'::jsonb, 'c', 'طرح العدد من نفسه يعطي 0، فـ 8 − 8 = 0.', 4)
ON CONFLICT (id) DO UPDATE SET
  exercise_id = EXCLUDED.exercise_id,
  prompt = EXCLUDED.prompt,
  options = EXCLUDED.options,
  correct_option = EXCLUDED.correct_option,
  explanation = EXCLUDED.explanation,
  display_order = EXCLUDED.display_order;

INSERT INTO public.questions (id, exercise_id, prompt, options, correct_option, explanation, display_order) VALUES
  ('a918dfc2-9caf-5116-ab34-16d4d7eb6c85', '0c4368b1-e67a-5456-a490-e767176c7b7b', 'كم يساوي 7 − 4؟', '[{"id":"a","text":"3"},{"id":"b","text":"11"},{"id":"c","text":"4"},{"id":"d","text":"2"}]'::jsonb, 'a', 'نبدأ من 7 ونَعُدّ تنازليًّا 4 خطوات: 6، 5، 4، 3. إذن 7 − 4 = 3.', 5)
ON CONFLICT (id) DO UPDATE SET
  exercise_id = EXCLUDED.exercise_id,
  prompt = EXCLUDED.prompt,
  options = EXCLUDED.options,
  correct_option = EXCLUDED.correct_option,
  explanation = EXCLUDED.explanation,
  display_order = EXCLUDED.display_order;

INSERT INTO public.questions (id, exercise_id, prompt, options, correct_option, explanation, display_order) VALUES
  ('717126e6-475c-5634-9ef8-f315f1bc13c4', '0c4368b1-e67a-5456-a490-e767176c7b7b', 'عندي 6 أقلام، أعطيت 2 لصديقي. كم بقي؟', '[{"id":"a","text":"8"},{"id":"b","text":"3"},{"id":"c","text":"5"},{"id":"d","text":"4"}]'::jsonb, 'd', 'نطرح ما أعطيت: 6 − 2 = 4. بقي 4 أقلام.', 6)
ON CONFLICT (id) DO UPDATE SET
  exercise_id = EXCLUDED.exercise_id,
  prompt = EXCLUDED.prompt,
  options = EXCLUDED.options,
  correct_option = EXCLUDED.correct_option,
  explanation = EXCLUDED.explanation,
  display_order = EXCLUDED.display_order;

INSERT INTO public.exercises (id, chapter_id, subject_id, title, difficulty, xp_reward, reward_coins, mode, source, display_order) VALUES
  ('36f43ee9-f5de-5bb8-a030-eac5409438a4', 'ef149c6f-8170-54f1-b6f6-d541a5dc2737', 'math-1ere', '⚔️ زعيم الفصل ⭐⭐⭐: سيّد الطرح', 3, 120, 30, 'boss', 'admin', 2)
ON CONFLICT (id) DO UPDATE SET
  chapter_id = EXCLUDED.chapter_id,
  subject_id = EXCLUDED.subject_id,
  title = EXCLUDED.title,
  difficulty = EXCLUDED.difficulty,
  xp_reward = EXCLUDED.xp_reward,
  reward_coins = EXCLUDED.reward_coins,
  mode = EXCLUDED.mode,
  display_order = EXCLUDED.display_order;

INSERT INTO public.questions (id, exercise_id, prompt, options, correct_option, explanation, display_order) VALUES
  ('ff515951-abec-5102-a205-4204ced6e253', '36f43ee9-f5de-5bb8-a030-eac5409438a4', 'كم يساوي 57 − 24؟', '[{"id":"a","text":"33"},{"id":"b","text":"23"},{"id":"c","text":"43"},{"id":"d","text":"31"}]'::jsonb, 'a', 'نطرح الآحاد: 7 − 4 = 3، والعشرات: 5 − 2 = 3. إذن 57 − 24 = 33.', 1)
ON CONFLICT (id) DO UPDATE SET
  exercise_id = EXCLUDED.exercise_id,
  prompt = EXCLUDED.prompt,
  options = EXCLUDED.options,
  correct_option = EXCLUDED.correct_option,
  explanation = EXCLUDED.explanation,
  display_order = EXCLUDED.display_order;

INSERT INTO public.questions (id, exercise_id, prompt, options, correct_option, explanation, display_order) VALUES
  ('004286d3-7180-53fa-9e66-ec0e3b386f8b', '36f43ee9-f5de-5bb8-a030-eac5409438a4', 'كم يساوي 80 − 30؟', '[{"id":"a","text":"40"},{"id":"b","text":"50"},{"id":"c","text":"60"},{"id":"d","text":"53"}]'::jsonb, 'b', 'نطرح العشرات: 8 عشرات − 3 عشرات = 5 عشرات = 50. إذن 80 − 30 = 50.', 2)
ON CONFLICT (id) DO UPDATE SET
  exercise_id = EXCLUDED.exercise_id,
  prompt = EXCLUDED.prompt,
  options = EXCLUDED.options,
  correct_option = EXCLUDED.correct_option,
  explanation = EXCLUDED.explanation,
  display_order = EXCLUDED.display_order;

INSERT INTO public.questions (id, exercise_id, prompt, options, correct_option, explanation, display_order) VALUES
  ('59c7c599-fba0-5cfd-8acf-86248737aeea', '36f43ee9-f5de-5bb8-a030-eac5409438a4', 'كم يساوي 66 − 33؟', '[{"id":"a","text":"23"},{"id":"b","text":"30"},{"id":"c","text":"43"},{"id":"d","text":"33"}]'::jsonb, 'd', 'نطرح الآحاد: 6 − 3 = 3، والعشرات: 6 − 3 = 3. إذن 66 − 33 = 33.', 3)
ON CONFLICT (id) DO UPDATE SET
  exercise_id = EXCLUDED.exercise_id,
  prompt = EXCLUDED.prompt,
  options = EXCLUDED.options,
  correct_option = EXCLUDED.correct_option,
  explanation = EXCLUDED.explanation,
  display_order = EXCLUDED.display_order;

INSERT INTO public.questions (id, exercise_id, prompt, options, correct_option, explanation, display_order) VALUES
  ('78467eed-adf4-5a72-82f1-b9cc37c3a55f', '36f43ee9-f5de-5bb8-a030-eac5409438a4', 'عددٌ إذا طرحنا منه 5 صار 12. ما هو؟', '[{"id":"a","text":"7"},{"id":"b","text":"16"},{"id":"c","text":"17"},{"id":"d","text":"18"}]'::jsonb, 'c', 'الطرح عكس الجمع، فالعدد = 12 + 5 = 17، لأنّ 17 − 5 = 12.', 4)
ON CONFLICT (id) DO UPDATE SET
  exercise_id = EXCLUDED.exercise_id,
  prompt = EXCLUDED.prompt,
  options = EXCLUDED.options,
  correct_option = EXCLUDED.correct_option,
  explanation = EXCLUDED.explanation,
  display_order = EXCLUDED.display_order;

INSERT INTO public.questions (id, exercise_id, prompt, options, correct_option, explanation, display_order) VALUES
  ('af277822-6a04-50c2-9ba9-dd508030d5f6', '36f43ee9-f5de-5bb8-a030-eac5409438a4', 'ما العدد المفقود؟ 48 − … = 25', '[{"id":"a","text":"73"},{"id":"b","text":"23"},{"id":"c","text":"33"},{"id":"d","text":"13"}]'::jsonb, 'b', 'نبحث عمّا نطرحه من 48 ليبقى 25: الفرق 23، لأنّ 48 − 23 = 25.', 5)
ON CONFLICT (id) DO UPDATE SET
  exercise_id = EXCLUDED.exercise_id,
  prompt = EXCLUDED.prompt,
  options = EXCLUDED.options,
  correct_option = EXCLUDED.correct_option,
  explanation = EXCLUDED.explanation,
  display_order = EXCLUDED.display_order;

INSERT INTO public.questions (id, exercise_id, prompt, options, correct_option, explanation, display_order) VALUES
  ('ae654794-f27c-54b0-8a13-b8ddd0c9db48', '36f43ee9-f5de-5bb8-a030-eac5409438a4', 'في القطار 38 راكبًا، نزل 15. كم بقي؟', '[{"id":"a","text":"53"},{"id":"b","text":"13"},{"id":"c","text":"23"},{"id":"d","text":"33"}]'::jsonb, 'c', 'نطرح من نزل: الآحاد 8 − 5 = 3، والعشرات 3 − 1 = 2. إذن 38 − 15 = 23 راكبًا.', 6)
ON CONFLICT (id) DO UPDATE SET
  exercise_id = EXCLUDED.exercise_id,
  prompt = EXCLUDED.prompt,
  options = EXCLUDED.options,
  correct_option = EXCLUDED.correct_option,
  explanation = EXCLUDED.explanation,
  display_order = EXCLUDED.display_order;

INSERT INTO public.exercises (id, chapter_id, subject_id, title, difficulty, xp_reward, reward_coins, mode, source, display_order) VALUES
  ('b31aa4a7-6ecc-5502-a34c-12402e69ea0a', 'ef149c6f-8170-54f1-b6f6-d541a5dc2737', 'math-1ere', '⭐⭐ تمرين مراجعة (نمط امتحان): الطرح', 2, 70, 15, 'practice', 'admin', 3)
ON CONFLICT (id) DO UPDATE SET
  chapter_id = EXCLUDED.chapter_id,
  subject_id = EXCLUDED.subject_id,
  title = EXCLUDED.title,
  difficulty = EXCLUDED.difficulty,
  xp_reward = EXCLUDED.xp_reward,
  reward_coins = EXCLUDED.reward_coins,
  mode = EXCLUDED.mode,
  display_order = EXCLUDED.display_order;

INSERT INTO public.questions (id, exercise_id, prompt, options, correct_option, explanation, display_order) VALUES
  ('245df63a-3600-5ef4-b4b1-250b42324094', 'b31aa4a7-6ecc-5502-a34c-12402e69ea0a', 'كم يساوي 6 − 1؟', '[{"id":"a","text":"5"},{"id":"b","text":"7"},{"id":"c","text":"4"},{"id":"d","text":"6"}]'::jsonb, 'a', 'نبدأ من 6 ونَعُدّ تنازليًّا خطوة واحدة: 5. إذن 6 − 1 = 5.', 1)
ON CONFLICT (id) DO UPDATE SET
  exercise_id = EXCLUDED.exercise_id,
  prompt = EXCLUDED.prompt,
  options = EXCLUDED.options,
  correct_option = EXCLUDED.correct_option,
  explanation = EXCLUDED.explanation,
  display_order = EXCLUDED.display_order;

INSERT INTO public.questions (id, exercise_id, prompt, options, correct_option, explanation, display_order) VALUES
  ('66d4fbe9-c14c-59e8-9f2f-e639368b912d', 'b31aa4a7-6ecc-5502-a34c-12402e69ea0a', 'كم يساوي 39 − 14؟', '[{"id":"a","text":"15"},{"id":"b","text":"25"},{"id":"c","text":"35"},{"id":"d","text":"23"}]'::jsonb, 'b', 'نطرح الآحاد: 9 − 4 = 5، والعشرات: 3 − 1 = 2. إذن 39 − 14 = 25.', 2)
ON CONFLICT (id) DO UPDATE SET
  exercise_id = EXCLUDED.exercise_id,
  prompt = EXCLUDED.prompt,
  options = EXCLUDED.options,
  correct_option = EXCLUDED.correct_option,
  explanation = EXCLUDED.explanation,
  display_order = EXCLUDED.display_order;

INSERT INTO public.questions (id, exercise_id, prompt, options, correct_option, explanation, display_order) VALUES
  ('c578e46b-56cd-5b01-adbd-52aa4d5359fc', 'b31aa4a7-6ecc-5502-a34c-12402e69ea0a', 'كم يساوي 50 − 20؟', '[{"id":"a","text":"70"},{"id":"b","text":"20"},{"id":"c","text":"30"},{"id":"d","text":"40"}]'::jsonb, 'c', 'نطرح العشرات: 5 عشرات − 2 عشرات = 3 عشرات = 30. إذن 50 − 20 = 30.', 3)
ON CONFLICT (id) DO UPDATE SET
  exercise_id = EXCLUDED.exercise_id,
  prompt = EXCLUDED.prompt,
  options = EXCLUDED.options,
  correct_option = EXCLUDED.correct_option,
  explanation = EXCLUDED.explanation,
  display_order = EXCLUDED.display_order;

INSERT INTO public.questions (id, exercise_id, prompt, options, correct_option, explanation, display_order) VALUES
  ('2a2e34d2-551f-5963-976b-3bda9daef18c', 'b31aa4a7-6ecc-5502-a34c-12402e69ea0a', 'كم يساوي 87 − 5؟', '[{"id":"a","text":"92"},{"id":"b","text":"37"},{"id":"c","text":"81"},{"id":"d","text":"82"}]'::jsonb, 'd', 'نطرح الآحاد: 7 − 5 = 2، والعشرات تبقى 8. إذن 87 − 5 = 82.', 4)
ON CONFLICT (id) DO UPDATE SET
  exercise_id = EXCLUDED.exercise_id,
  prompt = EXCLUDED.prompt,
  options = EXCLUDED.options,
  correct_option = EXCLUDED.correct_option,
  explanation = EXCLUDED.explanation,
  display_order = EXCLUDED.display_order;

INSERT INTO public.questions (id, exercise_id, prompt, options, correct_option, explanation, display_order) VALUES
  ('cf6ed850-b97d-511f-b1da-904acc3153fb', 'b31aa4a7-6ecc-5502-a34c-12402e69ea0a', 'ما العدد المفقود؟ 9 − … = 4', '[{"id":"a","text":"13"},{"id":"b","text":"5"},{"id":"c","text":"4"},{"id":"d","text":"6"}]'::jsonb, 'b', 'نبحث عمّا نطرحه من 9 ليبقى 4: الفرق 5، لأنّ 9 − 5 = 4.', 5)
ON CONFLICT (id) DO UPDATE SET
  exercise_id = EXCLUDED.exercise_id,
  prompt = EXCLUDED.prompt,
  options = EXCLUDED.options,
  correct_option = EXCLUDED.correct_option,
  explanation = EXCLUDED.explanation,
  display_order = EXCLUDED.display_order;

INSERT INTO public.questions (id, exercise_id, prompt, options, correct_option, explanation, display_order) VALUES
  ('4475c523-93f6-5eb0-9756-f37f4607262f', 'b31aa4a7-6ecc-5502-a34c-12402e69ea0a', 'كان في الصحن 14 تمرة، أكلنا 3. كم بقي؟', '[{"id":"a","text":"11"},{"id":"b","text":"17"},{"id":"c","text":"10"},{"id":"d","text":"12"}]'::jsonb, 'a', 'نطرح ما أُكل: 14 − 3 = 11. بقي 11 تمرة.', 6)
ON CONFLICT (id) DO UPDATE SET
  exercise_id = EXCLUDED.exercise_id,
  prompt = EXCLUDED.prompt,
  options = EXCLUDED.options,
  correct_option = EXCLUDED.correct_option,
  explanation = EXCLUDED.explanation,
  display_order = EXCLUDED.display_order;

INSERT INTO public.exercises (id, chapter_id, subject_id, title, difficulty, xp_reward, reward_coins, mode, source, display_order) VALUES
  ('f0df33bc-c022-5962-9eef-6b674a45b0cf', 'ef149c6f-8170-54f1-b6f6-d541a5dc2737', 'math-1ere', '👑 تحدّي النخبة ⭐⭐⭐⭐: ألغاز الطرح', 4, 300, 60, 'challenge', 'admin', 4)
ON CONFLICT (id) DO UPDATE SET
  chapter_id = EXCLUDED.chapter_id,
  subject_id = EXCLUDED.subject_id,
  title = EXCLUDED.title,
  difficulty = EXCLUDED.difficulty,
  xp_reward = EXCLUDED.xp_reward,
  reward_coins = EXCLUDED.reward_coins,
  mode = EXCLUDED.mode,
  display_order = EXCLUDED.display_order;

INSERT INTO public.questions (id, exercise_id, prompt, options, correct_option, explanation, display_order) VALUES
  ('d14aa0b8-d0c2-5400-bc79-5cc1e2d8af43', 'f0df33bc-c022-5962-9eef-6b674a45b0cf', 'عددٌ إذا طرحنا منه 6 صار 9. ما هو؟', '[{"id":"a","text":"3"},{"id":"b","text":"15"},{"id":"c","text":"16"},{"id":"d","text":"14"}]'::jsonb, 'b', 'الطرح عكس الجمع، فالعدد = 9 + 6 = 15، لأنّ 15 − 6 = 9.', 1)
ON CONFLICT (id) DO UPDATE SET
  exercise_id = EXCLUDED.exercise_id,
  prompt = EXCLUDED.prompt,
  options = EXCLUDED.options,
  correct_option = EXCLUDED.correct_option,
  explanation = EXCLUDED.explanation,
  display_order = EXCLUDED.display_order;

INSERT INTO public.questions (id, exercise_id, prompt, options, correct_option, explanation, display_order) VALUES
  ('f5ec0720-7425-5a87-a372-1bd70745643e', 'f0df33bc-c022-5962-9eef-6b674a45b0cf', 'كم يساوي 50 − 25؟', '[{"id":"a","text":"35"},{"id":"b","text":"15"},{"id":"c","text":"25"},{"id":"d","text":"20"}]'::jsonb, 'c', 'نَعُدّ تنازليًّا أو نلاحظ أنّ 25 + 25 = 50، فـ 50 − 25 = 25.', 2)
ON CONFLICT (id) DO UPDATE SET
  exercise_id = EXCLUDED.exercise_id,
  prompt = EXCLUDED.prompt,
  options = EXCLUDED.options,
  correct_option = EXCLUDED.correct_option,
  explanation = EXCLUDED.explanation,
  display_order = EXCLUDED.display_order;

INSERT INTO public.questions (id, exercise_id, prompt, options, correct_option, explanation, display_order) VALUES
  ('3a8d7809-2caf-5ffc-af2a-835a4f95c15c', 'f0df33bc-c022-5962-9eef-6b674a45b0cf', 'بدأت اللعبة بـ 20 نقطة، خسرت 6 ثمّ خسرت 4. كم بقي؟', '[{"id":"a","text":"16"},{"id":"b","text":"12"},{"id":"c","text":"30"},{"id":"d","text":"10"}]'::jsonb, 'd', 'نطرح خطوة خطوة: 20 − 6 = 14، ثمّ 14 − 4 = 10. بقي 10 نقاط.', 3)
ON CONFLICT (id) DO UPDATE SET
  exercise_id = EXCLUDED.exercise_id,
  prompt = EXCLUDED.prompt,
  options = EXCLUDED.options,
  correct_option = EXCLUDED.correct_option,
  explanation = EXCLUDED.explanation,
  display_order = EXCLUDED.display_order;

INSERT INTO public.questions (id, exercise_id, prompt, options, correct_option, explanation, display_order) VALUES
  ('67830307-c0ad-5e39-93bc-3c0f9fd3ade2', 'f0df33bc-c022-5962-9eef-6b674a45b0cf', 'ما العدد المفقود؟ … − 10 = 25', '[{"id":"a","text":"15"},{"id":"b","text":"45"},{"id":"c","text":"30"},{"id":"d","text":"35"}]'::jsonb, 'd', 'الطرح عكس الجمع، فالعدد = 25 + 10 = 35، لأنّ 35 − 10 = 25.', 4)
ON CONFLICT (id) DO UPDATE SET
  exercise_id = EXCLUDED.exercise_id,
  prompt = EXCLUDED.prompt,
  options = EXCLUDED.options,
  correct_option = EXCLUDED.correct_option,
  explanation = EXCLUDED.explanation,
  display_order = EXCLUDED.display_order;

INSERT INTO public.questions (id, exercise_id, prompt, options, correct_option, explanation, display_order) VALUES
  ('a8963aa7-4ba8-5a8c-924a-c4655595799f', 'f0df33bc-c022-5962-9eef-6b674a45b0cf', 'كم يساوي 99 − 33؟', '[{"id":"a","text":"76"},{"id":"b","text":"66"},{"id":"c","text":"56"},{"id":"d","text":"63"}]'::jsonb, 'b', 'نطرح الآحاد: 9 − 3 = 6، والعشرات: 9 − 3 = 6. إذن 99 − 33 = 66.', 5)
ON CONFLICT (id) DO UPDATE SET
  exercise_id = EXCLUDED.exercise_id,
  prompt = EXCLUDED.prompt,
  options = EXCLUDED.options,
  correct_option = EXCLUDED.correct_option,
  explanation = EXCLUDED.explanation,
  display_order = EXCLUDED.display_order;

INSERT INTO public.questions (id, exercise_id, prompt, options, correct_option, explanation, display_order) VALUES
  ('c0b93815-28b3-5c0d-8d41-082215b519a2', 'f0df33bc-c022-5962-9eef-6b674a45b0cf', 'إذا كان 8 + 7 = 15، فكم يساوي 15 − 7؟', '[{"id":"a","text":"8"},{"id":"b","text":"22"},{"id":"c","text":"7"},{"id":"d","text":"9"}]'::jsonb, 'a', 'الطرح عكس الجمع، فما دام 8 + 7 = 15 يكون 15 − 7 = 8.', 6)
ON CONFLICT (id) DO UPDATE SET
  exercise_id = EXCLUDED.exercise_id,
  prompt = EXCLUDED.prompt,
  options = EXCLUDED.options,
  correct_option = EXCLUDED.correct_option,
  explanation = EXCLUDED.explanation,
  display_order = EXCLUDED.display_order;

INSERT INTO public.exercises (id, chapter_id, subject_id, title, difficulty, xp_reward, reward_coins, mode, source, display_order) VALUES
  ('70369a9a-69c7-57b6-b1c5-6828eb918794', 'ef149c6f-8170-54f1-b6f6-d541a5dc2737', 'math-1ere', '📝 تدريب ⭐⭐⭐: مراجعة شاملة للطرح', 3, 120, 30, 'boss', 'admin', 5)
ON CONFLICT (id) DO UPDATE SET
  chapter_id = EXCLUDED.chapter_id,
  subject_id = EXCLUDED.subject_id,
  title = EXCLUDED.title,
  difficulty = EXCLUDED.difficulty,
  xp_reward = EXCLUDED.xp_reward,
  reward_coins = EXCLUDED.reward_coins,
  mode = EXCLUDED.mode,
  display_order = EXCLUDED.display_order;

INSERT INTO public.questions (id, exercise_id, prompt, options, correct_option, explanation, display_order) VALUES
  ('a0ceac00-d1e3-5521-9fc3-e0135b5a350f', '70369a9a-69c7-57b6-b1c5-6828eb918794', 'كم يساوي 10 − 7؟', '[{"id":"a","text":"3"},{"id":"b","text":"17"},{"id":"c","text":"4"},{"id":"d","text":"2"}]'::jsonb, 'a', 'نبدأ من 10 ونَعُدّ تنازليًّا 7 خطوات: 9، 8، 7، 6، 5، 4، 3. إذن 10 − 7 = 3.', 1)
ON CONFLICT (id) DO UPDATE SET
  exercise_id = EXCLUDED.exercise_id,
  prompt = EXCLUDED.prompt,
  options = EXCLUDED.options,
  correct_option = EXCLUDED.correct_option,
  explanation = EXCLUDED.explanation,
  display_order = EXCLUDED.display_order;

INSERT INTO public.questions (id, exercise_id, prompt, options, correct_option, explanation, display_order) VALUES
  ('d7430bfa-8ff7-5269-aaf5-be13bb14246c', '70369a9a-69c7-57b6-b1c5-6828eb918794', 'كم يساوي 78 − 45؟', '[{"id":"a","text":"23"},{"id":"b","text":"33"},{"id":"c","text":"43"},{"id":"d","text":"37"}]'::jsonb, 'b', 'نطرح الآحاد: 8 − 5 = 3، والعشرات: 7 − 4 = 3. إذن 78 − 45 = 33.', 2)
ON CONFLICT (id) DO UPDATE SET
  exercise_id = EXCLUDED.exercise_id,
  prompt = EXCLUDED.prompt,
  options = EXCLUDED.options,
  correct_option = EXCLUDED.correct_option,
  explanation = EXCLUDED.explanation,
  display_order = EXCLUDED.display_order;

INSERT INTO public.questions (id, exercise_id, prompt, options, correct_option, explanation, display_order) VALUES
  ('690ff836-5b33-5ccb-b215-abca1abc5bd7', '70369a9a-69c7-57b6-b1c5-6828eb918794', 'كم يساوي 90 − 60؟', '[{"id":"a","text":"20"},{"id":"b","text":"40"},{"id":"c","text":"30"},{"id":"d","text":"33"}]'::jsonb, 'c', 'نطرح العشرات: 9 عشرات − 6 عشرات = 3 عشرات = 30. إذن 90 − 60 = 30.', 3)
ON CONFLICT (id) DO UPDATE SET
  exercise_id = EXCLUDED.exercise_id,
  prompt = EXCLUDED.prompt,
  options = EXCLUDED.options,
  correct_option = EXCLUDED.correct_option,
  explanation = EXCLUDED.explanation,
  display_order = EXCLUDED.display_order;

INSERT INTO public.questions (id, exercise_id, prompt, options, correct_option, explanation, display_order) VALUES
  ('a81ff8de-3c71-52b0-93c1-1f3d74dae9f9', '70369a9a-69c7-57b6-b1c5-6828eb918794', 'ما العدد المفقود؟ 64 − … = 60', '[{"id":"a","text":"14"},{"id":"b","text":"40"},{"id":"c","text":"6"},{"id":"d","text":"4"}]'::jsonb, 'd', 'نبحث عمّا نطرحه من 64 ليبقى 60: الفرق 4، لأنّ 64 − 4 = 60.', 4)
ON CONFLICT (id) DO UPDATE SET
  exercise_id = EXCLUDED.exercise_id,
  prompt = EXCLUDED.prompt,
  options = EXCLUDED.options,
  correct_option = EXCLUDED.correct_option,
  explanation = EXCLUDED.explanation,
  display_order = EXCLUDED.display_order;

INSERT INTO public.questions (id, exercise_id, prompt, options, correct_option, explanation, display_order) VALUES
  ('d63df2e2-ee32-565f-a46d-77634272e59e', '70369a9a-69c7-57b6-b1c5-6828eb918794', 'كان لدى بطلٍ 45 عملة، أنفق 22. كم بقي؟', '[{"id":"a","text":"67"},{"id":"b","text":"13"},{"id":"c","text":"33"},{"id":"d","text":"23"}]'::jsonb, 'd', 'نطرح ما أنفق: الآحاد 5 − 2 = 3، والعشرات 4 − 2 = 2. إذن 45 − 22 = 23 عملة.', 5)
ON CONFLICT (id) DO UPDATE SET
  exercise_id = EXCLUDED.exercise_id,
  prompt = EXCLUDED.prompt,
  options = EXCLUDED.options,
  correct_option = EXCLUDED.correct_option,
  explanation = EXCLUDED.explanation,
  display_order = EXCLUDED.display_order;

INSERT INTO public.questions (id, exercise_id, prompt, options, correct_option, explanation, display_order) VALUES
  ('2953f4a7-ced4-5fc9-baf7-c0be66e5ddda', '70369a9a-69c7-57b6-b1c5-6828eb918794', 'إذا كان 30 + 20 = 50، فكم يساوي 50 − 20؟', '[{"id":"a","text":"20"},{"id":"b","text":"70"},{"id":"c","text":"30"},{"id":"d","text":"10"}]'::jsonb, 'c', 'الطرح عكس الجمع، فما دام 30 + 20 = 50 يكون 50 − 20 = 30.', 6)
ON CONFLICT (id) DO UPDATE SET
  exercise_id = EXCLUDED.exercise_id,
  prompt = EXCLUDED.prompt,
  options = EXCLUDED.options,
  correct_option = EXCLUDED.correct_option,
  explanation = EXCLUDED.explanation,
  display_order = EXCLUDED.display_order;

INSERT INTO public.exercises (id, chapter_id, subject_id, title, difficulty, xp_reward, reward_coins, mode, source, display_order) VALUES
  ('c999ed86-5b5b-5177-8960-975d80bb1405', '11fdddcd-6630-5b51-9ecd-b4bb22614bb1', 'math-1ere', 'اختبار فهم الدرس ⭐', 1, 20, 5, 'quiz', 'admin', 0)
ON CONFLICT (id) DO UPDATE SET
  chapter_id = EXCLUDED.chapter_id,
  subject_id = EXCLUDED.subject_id,
  title = EXCLUDED.title,
  difficulty = EXCLUDED.difficulty,
  xp_reward = EXCLUDED.xp_reward,
  reward_coins = EXCLUDED.reward_coins,
  mode = EXCLUDED.mode,
  display_order = EXCLUDED.display_order;

INSERT INTO public.questions (id, exercise_id, prompt, options, correct_option, explanation, display_order) VALUES
  ('d5b375e8-c4b7-5e0f-b9b2-61272aa9cb97', 'c999ed86-5b5b-5177-8960-975d80bb1405', 'كم ضلعًا للمثلّث؟', '[{"id":"a","text":"2"},{"id":"b","text":"3"},{"id":"c","text":"4"},{"id":"d","text":"0"}]'::jsonb, 'b', 'المثلّث له 3 أضلاع و 3 زوايا. اسمه نفسه يدلّ على العدد 3 (مثلّث).', 1)
ON CONFLICT (id) DO UPDATE SET
  exercise_id = EXCLUDED.exercise_id,
  prompt = EXCLUDED.prompt,
  options = EXCLUDED.options,
  correct_option = EXCLUDED.correct_option,
  explanation = EXCLUDED.explanation,
  display_order = EXCLUDED.display_order;

INSERT INTO public.questions (id, exercise_id, prompt, options, correct_option, explanation, display_order) VALUES
  ('95c9839d-2a8f-52ac-9d17-1695964834f3', 'c999ed86-5b5b-5177-8960-975d80bb1405', 'ما الشكل الذي لا أضلاع له ولا زوايا؟', '[{"id":"a","text":"المربّع"},{"id":"b","text":"المثلّث"},{"id":"c","text":"الدائرة"},{"id":"d","text":"المستطيل"}]'::jsonb, 'c', 'الدائرة شكل مستدير لا أضلاع لها ولا زوايا، مثل العجلة.', 2)
ON CONFLICT (id) DO UPDATE SET
  exercise_id = EXCLUDED.exercise_id,
  prompt = EXCLUDED.prompt,
  options = EXCLUDED.options,
  correct_option = EXCLUDED.correct_option,
  explanation = EXCLUDED.explanation,
  display_order = EXCLUDED.display_order;

INSERT INTO public.questions (id, exercise_id, prompt, options, correct_option, explanation, display_order) VALUES
  ('29365060-83e3-59e0-81b9-378e9d61af99', 'c999ed86-5b5b-5177-8960-975d80bb1405', 'ما اسم هذا الشكل؟ <svg viewBox="0 0 100 100"><polygon points="50,15 85,85 15,85" fill="none" stroke="currentColor" stroke-width="4"/></svg>', '[{"id":"a","text":"مربّع"},{"id":"b","text":"دائرة"},{"id":"c","text":"مستطيل"},{"id":"d","text":"مثلّث"}]'::jsonb, 'd', 'الشكل له 3 أضلاع و 3 زوايا، فهو مثلّث.', 3)
ON CONFLICT (id) DO UPDATE SET
  exercise_id = EXCLUDED.exercise_id,
  prompt = EXCLUDED.prompt,
  options = EXCLUDED.options,
  correct_option = EXCLUDED.correct_option,
  explanation = EXCLUDED.explanation,
  display_order = EXCLUDED.display_order;

INSERT INTO public.questions (id, exercise_id, prompt, options, correct_option, explanation, display_order) VALUES
  ('e6127c6c-64ef-586b-b2fd-f09e4e6c6d12', 'c999ed86-5b5b-5177-8960-975d80bb1405', 'كم ضلعًا للمربّع؟', '[{"id":"a","text":"4"},{"id":"b","text":"3"},{"id":"c","text":"5"},{"id":"d","text":"0"}]'::jsonb, 'a', 'المربّع له 4 أضلاع متساوية و 4 زوايا.', 4)
ON CONFLICT (id) DO UPDATE SET
  exercise_id = EXCLUDED.exercise_id,
  prompt = EXCLUDED.prompt,
  options = EXCLUDED.options,
  correct_option = EXCLUDED.correct_option,
  explanation = EXCLUDED.explanation,
  display_order = EXCLUDED.display_order;

INSERT INTO public.questions (id, exercise_id, prompt, options, correct_option, explanation, display_order) VALUES
  ('712d8311-7d86-5cf7-b085-d34c06711955', 'c999ed86-5b5b-5177-8960-975d80bb1405', 'أيّ شكلٍ كلّ أضلاعه متساوية في الطول؟', '[{"id":"a","text":"المستطيل"},{"id":"b","text":"المربّع"},{"id":"c","text":"الدائرة"},{"id":"d","text":"الباب"}]'::jsonb, 'b', 'المربّع كلّ أضلاعه الأربعة متساوية في الطول، بخلاف المستطيل الذي له ضلعان طويلان وضلعان قصيران.', 5)
ON CONFLICT (id) DO UPDATE SET
  exercise_id = EXCLUDED.exercise_id,
  prompt = EXCLUDED.prompt,
  options = EXCLUDED.options,
  correct_option = EXCLUDED.correct_option,
  explanation = EXCLUDED.explanation,
  display_order = EXCLUDED.display_order;

INSERT INTO public.exercises (id, chapter_id, subject_id, title, difficulty, xp_reward, reward_coins, mode, source, display_order) VALUES
  ('e46796c9-0d82-59e8-a63f-82ba4c47f3eb', '11fdddcd-6630-5b51-9ecd-b4bb22614bb1', 'math-1ere', '⭐ تمرين: نتعرّف على الأشكال', 1, 50, 10, 'practice', 'admin', 1)
ON CONFLICT (id) DO UPDATE SET
  chapter_id = EXCLUDED.chapter_id,
  subject_id = EXCLUDED.subject_id,
  title = EXCLUDED.title,
  difficulty = EXCLUDED.difficulty,
  xp_reward = EXCLUDED.xp_reward,
  reward_coins = EXCLUDED.reward_coins,
  mode = EXCLUDED.mode,
  display_order = EXCLUDED.display_order;

INSERT INTO public.questions (id, exercise_id, prompt, options, correct_option, explanation, display_order) VALUES
  ('f9dbcf87-fa71-5038-8150-e81cff0c41f4', 'e46796c9-0d82-59e8-a63f-82ba4c47f3eb', 'ما اسم هذا الشكل؟ <svg viewBox="0 0 100 100"><rect x="25" y="25" width="50" height="50" fill="none" stroke="currentColor" stroke-width="4"/></svg>', '[{"id":"a","text":"مثلّث"},{"id":"b","text":"مربّع"},{"id":"c","text":"دائرة"},{"id":"d","text":"خطّ"}]'::jsonb, 'b', 'الشكل له 4 أضلاع متساوية و 4 زوايا، فهو مربّع.', 1)
ON CONFLICT (id) DO UPDATE SET
  exercise_id = EXCLUDED.exercise_id,
  prompt = EXCLUDED.prompt,
  options = EXCLUDED.options,
  correct_option = EXCLUDED.correct_option,
  explanation = EXCLUDED.explanation,
  display_order = EXCLUDED.display_order;

INSERT INTO public.questions (id, exercise_id, prompt, options, correct_option, explanation, display_order) VALUES
  ('50244701-7dc5-51b0-912a-893925bf227d', 'e46796c9-0d82-59e8-a63f-82ba4c47f3eb', 'ما اسم هذا الشكل؟ <svg viewBox="0 0 100 100"><circle cx="50" cy="50" r="32" fill="none" stroke="currentColor" stroke-width="4"/></svg>', '[{"id":"a","text":"مربّع"},{"id":"b","text":"مثلّث"},{"id":"c","text":"دائرة"},{"id":"d","text":"مستطيل"}]'::jsonb, 'c', 'الشكل مستدير لا أضلاع له ولا زوايا، فهو دائرة.', 2)
ON CONFLICT (id) DO UPDATE SET
  exercise_id = EXCLUDED.exercise_id,
  prompt = EXCLUDED.prompt,
  options = EXCLUDED.options,
  correct_option = EXCLUDED.correct_option,
  explanation = EXCLUDED.explanation,
  display_order = EXCLUDED.display_order;

INSERT INTO public.questions (id, exercise_id, prompt, options, correct_option, explanation, display_order) VALUES
  ('0a9b3458-ae53-599a-965c-50349d34e597', 'e46796c9-0d82-59e8-a63f-82ba4c47f3eb', 'كم زاوية للمربّع؟', '[{"id":"a","text":"4"},{"id":"b","text":"3"},{"id":"c","text":"0"},{"id":"d","text":"2"}]'::jsonb, 'a', 'المربّع له 4 زوايا (أركان) و 4 أضلاع متساوية.', 3)
ON CONFLICT (id) DO UPDATE SET
  exercise_id = EXCLUDED.exercise_id,
  prompt = EXCLUDED.prompt,
  options = EXCLUDED.options,
  correct_option = EXCLUDED.correct_option,
  explanation = EXCLUDED.explanation,
  display_order = EXCLUDED.display_order;

INSERT INTO public.questions (id, exercise_id, prompt, options, correct_option, explanation, display_order) VALUES
  ('c21d56e4-55a9-5657-aedf-39bdc20d3ceb', 'e46796c9-0d82-59e8-a63f-82ba4c47f3eb', 'أيّ هذه الأشياء يشبه الدائرة؟', '[{"id":"a","text":"الباب"},{"id":"b","text":"الساعة"},{"id":"c","text":"الكتاب"},{"id":"d","text":"علامة الطريق المثلّثة"}]'::jsonb, 'b', 'الساعة شكلها مستدير مثل الدائرة، أمّا الباب والكتاب فمستطيلان.', 4)
ON CONFLICT (id) DO UPDATE SET
  exercise_id = EXCLUDED.exercise_id,
  prompt = EXCLUDED.prompt,
  options = EXCLUDED.options,
  correct_option = EXCLUDED.correct_option,
  explanation = EXCLUDED.explanation,
  display_order = EXCLUDED.display_order;

INSERT INTO public.questions (id, exercise_id, prompt, options, correct_option, explanation, display_order) VALUES
  ('8ad724e3-853d-5b80-a90a-3577acba26c5', 'e46796c9-0d82-59e8-a63f-82ba4c47f3eb', 'ما اسم هذا الشكل؟ <svg viewBox="0 0 100 100"><rect x="12" y="32" width="76" height="36" fill="none" stroke="currentColor" stroke-width="4"/></svg>', '[{"id":"a","text":"مربّع"},{"id":"b","text":"دائرة"},{"id":"c","text":"مستطيل"},{"id":"d","text":"مثلّث"}]'::jsonb, 'c', 'الشكل له 4 أضلاع، ضلعان طويلان وضلعان قصيران، فهو مستطيل.', 5)
ON CONFLICT (id) DO UPDATE SET
  exercise_id = EXCLUDED.exercise_id,
  prompt = EXCLUDED.prompt,
  options = EXCLUDED.options,
  correct_option = EXCLUDED.correct_option,
  explanation = EXCLUDED.explanation,
  display_order = EXCLUDED.display_order;

INSERT INTO public.questions (id, exercise_id, prompt, options, correct_option, explanation, display_order) VALUES
  ('e327d39c-d85c-5346-bbfa-bd83c5f0fee1', 'e46796c9-0d82-59e8-a63f-82ba4c47f3eb', 'كم ضلعًا للدائرة؟', '[{"id":"a","text":"4"},{"id":"b","text":"1"},{"id":"c","text":"3"},{"id":"d","text":"0"}]'::jsonb, 'd', 'الدائرة شكل مستدير لا أضلاع له، فعدد أضلاعها 0.', 6)
ON CONFLICT (id) DO UPDATE SET
  exercise_id = EXCLUDED.exercise_id,
  prompt = EXCLUDED.prompt,
  options = EXCLUDED.options,
  correct_option = EXCLUDED.correct_option,
  explanation = EXCLUDED.explanation,
  display_order = EXCLUDED.display_order;

INSERT INTO public.exercises (id, chapter_id, subject_id, title, difficulty, xp_reward, reward_coins, mode, source, display_order) VALUES
  ('b3648f68-a3d2-553b-9d9f-970daf1b1fa8', '11fdddcd-6630-5b51-9ecd-b4bb22614bb1', 'math-1ere', '⚔️ زعيم الفصل ⭐⭐⭐: سيّد الأشكال', 3, 120, 30, 'boss', 'admin', 2)
ON CONFLICT (id) DO UPDATE SET
  chapter_id = EXCLUDED.chapter_id,
  subject_id = EXCLUDED.subject_id,
  title = EXCLUDED.title,
  difficulty = EXCLUDED.difficulty,
  xp_reward = EXCLUDED.xp_reward,
  reward_coins = EXCLUDED.reward_coins,
  mode = EXCLUDED.mode,
  display_order = EXCLUDED.display_order;

INSERT INTO public.questions (id, exercise_id, prompt, options, correct_option, explanation, display_order) VALUES
  ('42e88bd7-4298-5730-9ada-c7e81feb4adf', 'b3648f68-a3d2-553b-9d9f-970daf1b1fa8', 'شكلٌ له 4 أضلاع متساوية و 4 زوايا. ما هو؟', '[{"id":"a","text":"مربّع"},{"id":"b","text":"مثلّث"},{"id":"c","text":"دائرة"},{"id":"d","text":"مستطيل"}]'::jsonb, 'a', 'الشكل الذي له 4 أضلاع متساوية و 4 زوايا هو المربّع.', 1)
ON CONFLICT (id) DO UPDATE SET
  exercise_id = EXCLUDED.exercise_id,
  prompt = EXCLUDED.prompt,
  options = EXCLUDED.options,
  correct_option = EXCLUDED.correct_option,
  explanation = EXCLUDED.explanation,
  display_order = EXCLUDED.display_order;

INSERT INTO public.questions (id, exercise_id, prompt, options, correct_option, explanation, display_order) VALUES
  ('8eb0056a-2f68-5659-ace5-52c3c1539389', 'b3648f68-a3d2-553b-9d9f-970daf1b1fa8', 'شكلٌ له 4 أضلاع، ضلعان طويلان وضلعان قصيران. ما هو؟', '[{"id":"a","text":"مربّع"},{"id":"b","text":"مستطيل"},{"id":"c","text":"مثلّث"},{"id":"d","text":"دائرة"}]'::jsonb, 'b', 'الشكل الذي له ضلعان طويلان وضلعان قصيران هو المستطيل (وليس المربّع لأنّ أضلاعه ليست كلّها متساوية).', 2)
ON CONFLICT (id) DO UPDATE SET
  exercise_id = EXCLUDED.exercise_id,
  prompt = EXCLUDED.prompt,
  options = EXCLUDED.options,
  correct_option = EXCLUDED.correct_option,
  explanation = EXCLUDED.explanation,
  display_order = EXCLUDED.display_order;

INSERT INTO public.questions (id, exercise_id, prompt, options, correct_option, explanation, display_order) VALUES
  ('3469d23d-88b0-519b-a06c-577b84bc3fba', 'b3648f68-a3d2-553b-9d9f-970daf1b1fa8', 'ما اسم هذا الشكل؟ <svg viewBox="0 0 100 100"><polygon points="20,30 80,30 50,80" fill="none" stroke="currentColor" stroke-width="4"/></svg>', '[{"id":"a","text":"مربّع"},{"id":"b","text":"دائرة"},{"id":"c","text":"مستطيل"},{"id":"d","text":"مثلّث"}]'::jsonb, 'd', 'الشكل له 3 أضلاع و 3 زوايا، فهو مثلّث.', 3)
ON CONFLICT (id) DO UPDATE SET
  exercise_id = EXCLUDED.exercise_id,
  prompt = EXCLUDED.prompt,
  options = EXCLUDED.options,
  correct_option = EXCLUDED.correct_option,
  explanation = EXCLUDED.explanation,
  display_order = EXCLUDED.display_order;

INSERT INTO public.questions (id, exercise_id, prompt, options, correct_option, explanation, display_order) VALUES
  ('16dd707b-b85b-5b4c-9a1f-b1865f47cf24', 'b3648f68-a3d2-553b-9d9f-970daf1b1fa8', 'كم زاوية في المثلّث والمربّع معًا؟', '[{"id":"a","text":"6"},{"id":"b","text":"8"},{"id":"c","text":"7"},{"id":"d","text":"5"}]'::jsonb, 'c', 'المثلّث له 3 زوايا والمربّع له 4 زوايا. مجموعهما 3 + 4 = 7 زوايا.', 4)
ON CONFLICT (id) DO UPDATE SET
  exercise_id = EXCLUDED.exercise_id,
  prompt = EXCLUDED.prompt,
  options = EXCLUDED.options,
  correct_option = EXCLUDED.correct_option,
  explanation = EXCLUDED.explanation,
  display_order = EXCLUDED.display_order;

INSERT INTO public.questions (id, exercise_id, prompt, options, correct_option, explanation, display_order) VALUES
  ('0b30c329-dd4f-50eb-a58c-48b235420954', 'b3648f68-a3d2-553b-9d9f-970daf1b1fa8', 'كم ضلعًا في مثلّثين معًا؟', '[{"id":"a","text":"5"},{"id":"b","text":"6"},{"id":"c","text":"3"},{"id":"d","text":"9"}]'::jsonb, 'b', 'لكلّ مثلّث 3 أضلاع، فمثلّثان لهما 3 + 3 = 6 أضلاع.', 5)
ON CONFLICT (id) DO UPDATE SET
  exercise_id = EXCLUDED.exercise_id,
  prompt = EXCLUDED.prompt,
  options = EXCLUDED.options,
  correct_option = EXCLUDED.correct_option,
  explanation = EXCLUDED.explanation,
  display_order = EXCLUDED.display_order;

INSERT INTO public.questions (id, exercise_id, prompt, options, correct_option, explanation, display_order) VALUES
  ('2ddfb6aa-fe77-5138-ab94-cdba048833e0', 'b3648f68-a3d2-553b-9d9f-970daf1b1fa8', 'أيّ شكلٍ لا يمكن أن نرسم له زاوية واحدة؟', '[{"id":"a","text":"المربّع"},{"id":"b","text":"المثلّث"},{"id":"c","text":"الدائرة"},{"id":"d","text":"المستطيل"}]'::jsonb, 'c', 'الدائرة مستديرة تمامًا ولا زوايا لها، بخلاف المربّع والمثلّث والمستطيل.', 6)
ON CONFLICT (id) DO UPDATE SET
  exercise_id = EXCLUDED.exercise_id,
  prompt = EXCLUDED.prompt,
  options = EXCLUDED.options,
  correct_option = EXCLUDED.correct_option,
  explanation = EXCLUDED.explanation,
  display_order = EXCLUDED.display_order;

INSERT INTO public.exercises (id, chapter_id, subject_id, title, difficulty, xp_reward, reward_coins, mode, source, display_order) VALUES
  ('9661a9ce-6702-5eb7-a8db-fe0ad99ba5b5', '11fdddcd-6630-5b51-9ecd-b4bb22614bb1', 'math-1ere', '⭐⭐ تمرين مراجعة (نمط امتحان): الأشكال الهندسية', 2, 70, 15, 'practice', 'admin', 3)
ON CONFLICT (id) DO UPDATE SET
  chapter_id = EXCLUDED.chapter_id,
  subject_id = EXCLUDED.subject_id,
  title = EXCLUDED.title,
  difficulty = EXCLUDED.difficulty,
  xp_reward = EXCLUDED.xp_reward,
  reward_coins = EXCLUDED.reward_coins,
  mode = EXCLUDED.mode,
  display_order = EXCLUDED.display_order;

INSERT INTO public.questions (id, exercise_id, prompt, options, correct_option, explanation, display_order) VALUES
  ('31516993-ac7d-5c36-b2a8-832d0f74dca0', '9661a9ce-6702-5eb7-a8db-fe0ad99ba5b5', 'كم ضلعًا للمستطيل؟', '[{"id":"a","text":"4"},{"id":"b","text":"3"},{"id":"c","text":"0"},{"id":"d","text":"5"}]'::jsonb, 'a', 'المستطيل له 4 أضلاع و 4 زوايا، مثل المربّع، لكن أضلاعه ليست كلّها متساوية.', 1)
ON CONFLICT (id) DO UPDATE SET
  exercise_id = EXCLUDED.exercise_id,
  prompt = EXCLUDED.prompt,
  options = EXCLUDED.options,
  correct_option = EXCLUDED.correct_option,
  explanation = EXCLUDED.explanation,
  display_order = EXCLUDED.display_order;

INSERT INTO public.questions (id, exercise_id, prompt, options, correct_option, explanation, display_order) VALUES
  ('7c295116-6718-5a84-b050-94eec0aa3a0a', '9661a9ce-6702-5eb7-a8db-fe0ad99ba5b5', 'ما اسم هذا الشكل؟ <svg viewBox="0 0 100 100"><circle cx="50" cy="50" r="30" fill="none" stroke="currentColor" stroke-width="4"/></svg>', '[{"id":"a","text":"مربّع"},{"id":"b","text":"دائرة"},{"id":"c","text":"مثلّث"},{"id":"d","text":"مستطيل"}]'::jsonb, 'b', 'الشكل مستدير لا أضلاع له ولا زوايا، فهو دائرة.', 2)
ON CONFLICT (id) DO UPDATE SET
  exercise_id = EXCLUDED.exercise_id,
  prompt = EXCLUDED.prompt,
  options = EXCLUDED.options,
  correct_option = EXCLUDED.correct_option,
  explanation = EXCLUDED.explanation,
  display_order = EXCLUDED.display_order;

INSERT INTO public.questions (id, exercise_id, prompt, options, correct_option, explanation, display_order) VALUES
  ('73bcfe58-1630-513f-beee-478cf44f395f', '9661a9ce-6702-5eb7-a8db-fe0ad99ba5b5', 'كم زاوية للمثلّث؟', '[{"id":"a","text":"4"},{"id":"b","text":"0"},{"id":"c","text":"2"},{"id":"d","text":"3"}]'::jsonb, 'd', 'المثلّث له 3 زوايا و 3 أضلاع.', 3)
ON CONFLICT (id) DO UPDATE SET
  exercise_id = EXCLUDED.exercise_id,
  prompt = EXCLUDED.prompt,
  options = EXCLUDED.options,
  correct_option = EXCLUDED.correct_option,
  explanation = EXCLUDED.explanation,
  display_order = EXCLUDED.display_order;

INSERT INTO public.questions (id, exercise_id, prompt, options, correct_option, explanation, display_order) VALUES
  ('21dfd92c-41d5-5f3d-b078-ea3ee660602d', '9661a9ce-6702-5eb7-a8db-fe0ad99ba5b5', 'أيّ هذه الأشياء يشبه المثلّث؟', '[{"id":"a","text":"العجلة"},{"id":"b","text":"الكتاب"},{"id":"c","text":"قطعة البيتزا"},{"id":"d","text":"النافذة المربّعة"}]'::jsonb, 'c', 'قطعة البيتزا شكلها مثلّث (3 أضلاع)، أمّا العجلة فدائرة والكتاب مستطيل.', 4)
ON CONFLICT (id) DO UPDATE SET
  exercise_id = EXCLUDED.exercise_id,
  prompt = EXCLUDED.prompt,
  options = EXCLUDED.options,
  correct_option = EXCLUDED.correct_option,
  explanation = EXCLUDED.explanation,
  display_order = EXCLUDED.display_order;

INSERT INTO public.questions (id, exercise_id, prompt, options, correct_option, explanation, display_order) VALUES
  ('94954b82-ff17-5040-88ea-26fb986959b1', '9661a9ce-6702-5eb7-a8db-fe0ad99ba5b5', 'ما الفرق بين المربّع والمستطيل؟', '[{"id":"a","text":"للمربّع أضلاع متساوية، أمّا المستطيل فلا"},{"id":"b","text":"المربّع له 3 أضلاع"},{"id":"c","text":"المستطيل مستدير"},{"id":"d","text":"لا فرق بينهما"}]'::jsonb, 'a', 'كلاهما له 4 أضلاع و 4 زوايا، لكن المربّع كلّ أضلاعه متساوية، أمّا المستطيل فله ضلعان طويلان وضلعان قصيران.', 5)
ON CONFLICT (id) DO UPDATE SET
  exercise_id = EXCLUDED.exercise_id,
  prompt = EXCLUDED.prompt,
  options = EXCLUDED.options,
  correct_option = EXCLUDED.correct_option,
  explanation = EXCLUDED.explanation,
  display_order = EXCLUDED.display_order;

INSERT INTO public.questions (id, exercise_id, prompt, options, correct_option, explanation, display_order) VALUES
  ('8c1028bf-3751-5191-ba05-1b761e865a00', '9661a9ce-6702-5eb7-a8db-fe0ad99ba5b5', 'أيّ شكلٍ له أكبر عدد من الأضلاع؟', '[{"id":"a","text":"الدائرة"},{"id":"b","text":"المثلّث"},{"id":"c","text":"المربّع"},{"id":"d","text":"النقطة"}]'::jsonb, 'c', 'الدائرة 0 ضلع، والمثلّث 3 أضلاع، والمربّع 4 أضلاع. إذن الأكثر أضلاعًا هو المربّع.', 6)
ON CONFLICT (id) DO UPDATE SET
  exercise_id = EXCLUDED.exercise_id,
  prompt = EXCLUDED.prompt,
  options = EXCLUDED.options,
  correct_option = EXCLUDED.correct_option,
  explanation = EXCLUDED.explanation,
  display_order = EXCLUDED.display_order;

INSERT INTO public.exercises (id, chapter_id, subject_id, title, difficulty, xp_reward, reward_coins, mode, source, display_order) VALUES
  ('daff76fa-0f67-533b-9a2e-9428448951b9', '11fdddcd-6630-5b51-9ecd-b4bb22614bb1', 'math-1ere', '👑 تحدّي النخبة ⭐⭐⭐⭐: ألغاز الأشكال', 4, 300, 60, 'challenge', 'admin', 4)
ON CONFLICT (id) DO UPDATE SET
  chapter_id = EXCLUDED.chapter_id,
  subject_id = EXCLUDED.subject_id,
  title = EXCLUDED.title,
  difficulty = EXCLUDED.difficulty,
  xp_reward = EXCLUDED.xp_reward,
  reward_coins = EXCLUDED.reward_coins,
  mode = EXCLUDED.mode,
  display_order = EXCLUDED.display_order;

INSERT INTO public.questions (id, exercise_id, prompt, options, correct_option, explanation, display_order) VALUES
  ('9c3747af-087a-5c4f-b21a-a76dc8aef922', 'daff76fa-0f67-533b-9a2e-9428448951b9', 'أنا شكلٌ لي عدد أضلاعٍ يساوي عدد أضلاع المربّع ناقص واحد. ما أنا؟', '[{"id":"a","text":"الدائرة"},{"id":"b","text":"المثلّث"},{"id":"c","text":"المستطيل"},{"id":"d","text":"المربّع"}]'::jsonb, 'b', 'المربّع له 4 أضلاع، و 4 − 1 = 3. الشكل ذو 3 أضلاع هو المثلّث.', 1)
ON CONFLICT (id) DO UPDATE SET
  exercise_id = EXCLUDED.exercise_id,
  prompt = EXCLUDED.prompt,
  options = EXCLUDED.options,
  correct_option = EXCLUDED.correct_option,
  explanation = EXCLUDED.explanation,
  display_order = EXCLUDED.display_order;

INSERT INTO public.questions (id, exercise_id, prompt, options, correct_option, explanation, display_order) VALUES
  ('4d71db59-9f5a-577c-88eb-80ff438c4663', 'daff76fa-0f67-533b-9a2e-9428448951b9', 'ما اسم هذا الشكل؟ <svg viewBox="0 0 100 100"><rect x="30" y="30" width="40" height="40" fill="none" stroke="currentColor" stroke-width="4"/></svg>', '[{"id":"a","text":"مستطيل"},{"id":"b","text":"مربّع"},{"id":"c","text":"دائرة"},{"id":"d","text":"مثلّث"}]'::jsonb, 'b', 'الشكل له 4 أضلاع متساوية في الطول و 4 زوايا، فهو مربّع.', 2)
ON CONFLICT (id) DO UPDATE SET
  exercise_id = EXCLUDED.exercise_id,
  prompt = EXCLUDED.prompt,
  options = EXCLUDED.options,
  correct_option = EXCLUDED.correct_option,
  explanation = EXCLUDED.explanation,
  display_order = EXCLUDED.display_order;

INSERT INTO public.questions (id, exercise_id, prompt, options, correct_option, explanation, display_order) VALUES
  ('47214a38-e287-5766-873a-ac45f4385942', 'daff76fa-0f67-533b-9a2e-9428448951b9', 'كم ضلعًا في مربّع ومثلّث معًا؟', '[{"id":"a","text":"6"},{"id":"b","text":"8"},{"id":"c","text":"7"},{"id":"d","text":"4"}]'::jsonb, 'c', 'للمربّع 4 أضلاع وللمثلّث 3 أضلاع. مجموعهما 4 + 3 = 7 أضلاع.', 3)
ON CONFLICT (id) DO UPDATE SET
  exercise_id = EXCLUDED.exercise_id,
  prompt = EXCLUDED.prompt,
  options = EXCLUDED.options,
  correct_option = EXCLUDED.correct_option,
  explanation = EXCLUDED.explanation,
  display_order = EXCLUDED.display_order;

INSERT INTO public.questions (id, exercise_id, prompt, options, correct_option, explanation, display_order) VALUES
  ('98f2bbdd-8345-565d-9f28-954ebe69cbbb', 'daff76fa-0f67-533b-9a2e-9428448951b9', 'كم زاوية في ثلاثة مثلّثات معًا؟', '[{"id":"a","text":"6"},{"id":"b","text":"12"},{"id":"c","text":"3"},{"id":"d","text":"9"}]'::jsonb, 'd', 'لكلّ مثلّث 3 زوايا، فثلاثة مثلّثات لها 3 + 3 + 3 = 9 زوايا.', 4)
ON CONFLICT (id) DO UPDATE SET
  exercise_id = EXCLUDED.exercise_id,
  prompt = EXCLUDED.prompt,
  options = EXCLUDED.options,
  correct_option = EXCLUDED.correct_option,
  explanation = EXCLUDED.explanation,
  display_order = EXCLUDED.display_order;

INSERT INTO public.questions (id, exercise_id, prompt, options, correct_option, explanation, display_order) VALUES
  ('107f4cf2-6dc2-54c0-82fb-e18dd522be77', 'daff76fa-0f67-533b-9a2e-9428448951b9', 'أنا شكلٌ ليس لي أضلاع، وأشبه القمر البدر والعجلة. ما أنا؟', '[{"id":"a","text":"المثلّث"},{"id":"b","text":"المربّع"},{"id":"c","text":"الدائرة"},{"id":"d","text":"المستطيل"}]'::jsonb, 'c', 'الشكل المستدير بلا أضلاع، الذي يشبه القمر والعجلة، هو الدائرة.', 5)
ON CONFLICT (id) DO UPDATE SET
  exercise_id = EXCLUDED.exercise_id,
  prompt = EXCLUDED.prompt,
  options = EXCLUDED.options,
  correct_option = EXCLUDED.correct_option,
  explanation = EXCLUDED.explanation,
  display_order = EXCLUDED.display_order;

INSERT INTO public.questions (id, exercise_id, prompt, options, correct_option, explanation, display_order) VALUES
  ('25b763c8-45fd-506e-a169-250527a6fc3a', 'daff76fa-0f67-533b-9a2e-9428448951b9', 'إذا جمعنا عدد أضلاع المربّع وعدد أضلاع الدائرة، كم نحصل؟', '[{"id":"a","text":"4"},{"id":"b","text":"8"},{"id":"c","text":"0"},{"id":"d","text":"5"}]'::jsonb, 'a', 'للمربّع 4 أضلاع وللدائرة 0 أضلاع. مجموعهما 4 + 0 = 4.', 6)
ON CONFLICT (id) DO UPDATE SET
  exercise_id = EXCLUDED.exercise_id,
  prompt = EXCLUDED.prompt,
  options = EXCLUDED.options,
  correct_option = EXCLUDED.correct_option,
  explanation = EXCLUDED.explanation,
  display_order = EXCLUDED.display_order;

INSERT INTO public.exercises (id, chapter_id, subject_id, title, difficulty, xp_reward, reward_coins, mode, source, display_order) VALUES
  ('c3897011-5423-5afd-84e5-852746f6e8c3', '11fdddcd-6630-5b51-9ecd-b4bb22614bb1', 'math-1ere', '📝 تدريب ⭐⭐⭐: مراجعة شاملة للأشكال', 3, 120, 30, 'boss', 'admin', 5)
ON CONFLICT (id) DO UPDATE SET
  chapter_id = EXCLUDED.chapter_id,
  subject_id = EXCLUDED.subject_id,
  title = EXCLUDED.title,
  difficulty = EXCLUDED.difficulty,
  xp_reward = EXCLUDED.xp_reward,
  reward_coins = EXCLUDED.reward_coins,
  mode = EXCLUDED.mode,
  display_order = EXCLUDED.display_order;

INSERT INTO public.questions (id, exercise_id, prompt, options, correct_option, explanation, display_order) VALUES
  ('4f41d0cc-f870-53e4-96e5-b4793f4f1a0f', 'c3897011-5423-5afd-84e5-852746f6e8c3', 'ما اسم هذا الشكل؟ <svg viewBox="0 0 100 100"><polygon points="50,18 82,82 18,82" fill="none" stroke="currentColor" stroke-width="4"/></svg>', '[{"id":"a","text":"مثلّث"},{"id":"b","text":"مربّع"},{"id":"c","text":"دائرة"},{"id":"d","text":"مستطيل"}]'::jsonb, 'a', 'الشكل له 3 أضلاع و 3 زوايا، فهو مثلّث.', 1)
ON CONFLICT (id) DO UPDATE SET
  exercise_id = EXCLUDED.exercise_id,
  prompt = EXCLUDED.prompt,
  options = EXCLUDED.options,
  correct_option = EXCLUDED.correct_option,
  explanation = EXCLUDED.explanation,
  display_order = EXCLUDED.display_order;

INSERT INTO public.questions (id, exercise_id, prompt, options, correct_option, explanation, display_order) VALUES
  ('7af74aa9-2a42-5d2a-971f-8eb9cba7a565', 'c3897011-5423-5afd-84e5-852746f6e8c3', 'كم زاوية للمستطيل؟', '[{"id":"a","text":"3"},{"id":"b","text":"4"},{"id":"c","text":"0"},{"id":"d","text":"2"}]'::jsonb, 'b', 'المستطيل له 4 زوايا و 4 أضلاع، مثل المربّع.', 2)
ON CONFLICT (id) DO UPDATE SET
  exercise_id = EXCLUDED.exercise_id,
  prompt = EXCLUDED.prompt,
  options = EXCLUDED.options,
  correct_option = EXCLUDED.correct_option,
  explanation = EXCLUDED.explanation,
  display_order = EXCLUDED.display_order;

INSERT INTO public.questions (id, exercise_id, prompt, options, correct_option, explanation, display_order) VALUES
  ('780ba838-fda6-5e99-8f1f-184f663ada94', 'c3897011-5423-5afd-84e5-852746f6e8c3', 'شكلٌ له 3 أضلاع. ما هو؟', '[{"id":"a","text":"المربّع"},{"id":"b","text":"الدائرة"},{"id":"c","text":"المثلّث"},{"id":"d","text":"المستطيل"}]'::jsonb, 'c', 'الشكل ذو 3 أضلاع و 3 زوايا هو المثلّث.', 3)
ON CONFLICT (id) DO UPDATE SET
  exercise_id = EXCLUDED.exercise_id,
  prompt = EXCLUDED.prompt,
  options = EXCLUDED.options,
  correct_option = EXCLUDED.correct_option,
  explanation = EXCLUDED.explanation,
  display_order = EXCLUDED.display_order;

INSERT INTO public.questions (id, exercise_id, prompt, options, correct_option, explanation, display_order) VALUES
  ('0a930397-f8d4-589a-89f6-9716075e5eab', 'c3897011-5423-5afd-84e5-852746f6e8c3', 'أيّ هذه الأشياء يشبه المستطيل؟', '[{"id":"a","text":"الساعة المستديرة"},{"id":"b","text":"قطعة البيتزا"},{"id":"c","text":"كرة القدم"},{"id":"d","text":"الباب"}]'::jsonb, 'd', 'الباب شكله مستطيل (4 أضلاع، ضلعان طويلان وضلعان قصيران)، أمّا الساعة والكرة فمستديرتان.', 4)
ON CONFLICT (id) DO UPDATE SET
  exercise_id = EXCLUDED.exercise_id,
  prompt = EXCLUDED.prompt,
  options = EXCLUDED.options,
  correct_option = EXCLUDED.correct_option,
  explanation = EXCLUDED.explanation,
  display_order = EXCLUDED.display_order;

INSERT INTO public.questions (id, exercise_id, prompt, options, correct_option, explanation, display_order) VALUES
  ('3267f7ee-e587-5837-8635-7947c3c177f9', 'c3897011-5423-5afd-84e5-852746f6e8c3', 'كم ضلعًا في مربّعين معًا؟', '[{"id":"a","text":"8"},{"id":"b","text":"6"},{"id":"c","text":"4"},{"id":"d","text":"16"}]'::jsonb, 'a', 'لكلّ مربّع 4 أضلاع، فمربّعان لهما 4 + 4 = 8 أضلاع.', 5)
ON CONFLICT (id) DO UPDATE SET
  exercise_id = EXCLUDED.exercise_id,
  prompt = EXCLUDED.prompt,
  options = EXCLUDED.options,
  correct_option = EXCLUDED.correct_option,
  explanation = EXCLUDED.explanation,
  display_order = EXCLUDED.display_order;

INSERT INTO public.questions (id, exercise_id, prompt, options, correct_option, explanation, display_order) VALUES
  ('a3d2680d-e3b0-549a-987a-cb07b794a161', 'c3897011-5423-5afd-84e5-852746f6e8c3', 'أنا شكلٌ لي 4 أضلاع لكنّها ليست كلّها متساوية. ما أنا؟', '[{"id":"a","text":"المثلّث"},{"id":"b","text":"الدائرة"},{"id":"c","text":"المستطيل"},{"id":"d","text":"المربّع"}]'::jsonb, 'c', 'الشكل ذو 4 أضلاع غير المتساوية كلّها (ضلعان طويلان وضلعان قصيران) هو المستطيل، لا المربّع.', 6)
ON CONFLICT (id) DO UPDATE SET
  exercise_id = EXCLUDED.exercise_id,
  prompt = EXCLUDED.prompt,
  options = EXCLUDED.options,
  correct_option = EXCLUDED.correct_option,
  explanation = EXCLUDED.explanation,
  display_order = EXCLUDED.display_order;

INSERT INTO public.exercises (id, chapter_id, subject_id, title, difficulty, xp_reward, reward_coins, mode, source, display_order) VALUES
  ('6f702fab-2003-5646-8347-d2999e1a5d15', 'c7ca9bbe-5553-5e50-b49c-51d09d3b52a0', 'math-1ere', 'اختبار فهم الدرس ⭐', 1, 20, 5, 'quiz', 'admin', 0)
ON CONFLICT (id) DO UPDATE SET
  chapter_id = EXCLUDED.chapter_id,
  subject_id = EXCLUDED.subject_id,
  title = EXCLUDED.title,
  difficulty = EXCLUDED.difficulty,
  xp_reward = EXCLUDED.xp_reward,
  reward_coins = EXCLUDED.reward_coins,
  mode = EXCLUDED.mode,
  display_order = EXCLUDED.display_order;

INSERT INTO public.questions (id, exercise_id, prompt, options, correct_option, explanation, display_order) VALUES
  ('6ea55610-d391-53be-9232-9eada63ddc4c', '6f702fab-2003-5646-8347-d2999e1a5d15', 'الشمس تكون عادةً:', '[{"id":"a","text":"فوق رأسنا"},{"id":"b","text":"تحت أقدامنا"},{"id":"c","text":"داخل الحقيبة"},{"id":"d","text":"خلف الباب"}]'::jsonb, 'a', 'الشمس في الأعلى في السماء، أي فوق رأسنا.', 1)
ON CONFLICT (id) DO UPDATE SET
  exercise_id = EXCLUDED.exercise_id,
  prompt = EXCLUDED.prompt,
  options = EXCLUDED.options,
  correct_option = EXCLUDED.correct_option,
  explanation = EXCLUDED.explanation,
  display_order = EXCLUDED.display_order;

INSERT INTO public.questions (id, exercise_id, prompt, options, correct_option, explanation, display_order) VALUES
  ('ca6cf9be-9579-55c5-8689-e58bcc0dc5aa', '6f702fab-2003-5646-8347-d2999e1a5d15', 'أيّ حيوانٍ أكبر؟', '[{"id":"a","text":"الفأر"},{"id":"b","text":"النملة"},{"id":"c","text":"الفيل"},{"id":"d","text":"العصفور"}]'::jsonb, 'c', 'الفيل أكبر من الفأر والنملة والعصفور بكثير. إذن الأكبر هو الفيل.', 2)
ON CONFLICT (id) DO UPDATE SET
  exercise_id = EXCLUDED.exercise_id,
  prompt = EXCLUDED.prompt,
  options = EXCLUDED.options,
  correct_option = EXCLUDED.correct_option,
  explanation = EXCLUDED.explanation,
  display_order = EXCLUDED.display_order;

INSERT INTO public.questions (id, exercise_id, prompt, options, correct_option, explanation, display_order) VALUES
  ('ff790735-270e-51f6-9edb-19d59cbedfe3', '6f702fab-2003-5646-8347-d2999e1a5d15', 'القلم موضوعٌ في جوف المقلمة. أين هو؟', '[{"id":"a","text":"خارج المقلمة"},{"id":"b","text":"داخل المقلمة"},{"id":"c","text":"فوق المقلمة"},{"id":"d","text":"خلف المقلمة"}]'::jsonb, 'b', 'ما كان في جوف الشيء فهو داخله، فالقلم داخل المقلمة.', 3)
ON CONFLICT (id) DO UPDATE SET
  exercise_id = EXCLUDED.exercise_id,
  prompt = EXCLUDED.prompt,
  options = EXCLUDED.options,
  correct_option = EXCLUDED.correct_option,
  explanation = EXCLUDED.explanation,
  display_order = EXCLUDED.display_order;

INSERT INTO public.questions (id, exercise_id, prompt, options, correct_option, explanation, display_order) VALUES
  ('33855e7c-a22e-5b0e-b8e8-303a41fab514', '6f702fab-2003-5646-8347-d2999e1a5d15', 'في الصفّ، السبّورة عادةً تكون:', '[{"id":"a","text":"خلف التلميذ"},{"id":"b","text":"تحت التلميذ"},{"id":"c","text":"أمام التلميذ"},{"id":"d","text":"داخل التلميذ"}]'::jsonb, 'c', 'التلميذ ينظر نحو السبّورة، فهي أمامه.', 4)
ON CONFLICT (id) DO UPDATE SET
  exercise_id = EXCLUDED.exercise_id,
  prompt = EXCLUDED.prompt,
  options = EXCLUDED.options,
  correct_option = EXCLUDED.correct_option,
  explanation = EXCLUDED.explanation,
  display_order = EXCLUDED.display_order;

INSERT INTO public.questions (id, exercise_id, prompt, options, correct_option, explanation, display_order) VALUES
  ('8f008999-8932-5f65-a18f-76a37a1b932e', '6f702fab-2003-5646-8347-d2999e1a5d15', 'أيّ شيءٍ أطول؟', '[{"id":"a","text":"القلم"},{"id":"b","text":"العمود الكهربائيّ"},{"id":"c","text":"الملعقة"},{"id":"d","text":"المفتاح"}]'::jsonb, 'b', 'العمود الكهربائيّ أطول بكثير من القلم والملعقة والمفتاح. إذن الأطول هو العمود.', 5)
ON CONFLICT (id) DO UPDATE SET
  exercise_id = EXCLUDED.exercise_id,
  prompt = EXCLUDED.prompt,
  options = EXCLUDED.options,
  correct_option = EXCLUDED.correct_option,
  explanation = EXCLUDED.explanation,
  display_order = EXCLUDED.display_order;

INSERT INTO public.exercises (id, chapter_id, subject_id, title, difficulty, xp_reward, reward_coins, mode, source, display_order) VALUES
  ('ff384391-e7c4-5cdb-9b75-29f14391b398', 'c7ca9bbe-5553-5e50-b49c-51d09d3b52a0', 'math-1ere', '⭐ تمرين: أين الأشياء؟', 1, 50, 10, 'practice', 'admin', 1)
ON CONFLICT (id) DO UPDATE SET
  chapter_id = EXCLUDED.chapter_id,
  subject_id = EXCLUDED.subject_id,
  title = EXCLUDED.title,
  difficulty = EXCLUDED.difficulty,
  xp_reward = EXCLUDED.xp_reward,
  reward_coins = EXCLUDED.reward_coins,
  mode = EXCLUDED.mode,
  display_order = EXCLUDED.display_order;

INSERT INTO public.questions (id, exercise_id, prompt, options, correct_option, explanation, display_order) VALUES
  ('f05c1420-1910-5417-97e2-0dbe2115145e', 'ff384391-e7c4-5cdb-9b75-29f14391b398', 'الطائر يطير في السماء فوق الشجرة. أين الطائر بالنسبة إلى الشجرة؟', '[{"id":"a","text":"تحتها"},{"id":"b","text":"فوقها"},{"id":"c","text":"داخلها"},{"id":"d","text":"خلفها"}]'::jsonb, 'b', 'الطائر في الأعلى، فهو فوق الشجرة.', 1)
ON CONFLICT (id) DO UPDATE SET
  exercise_id = EXCLUDED.exercise_id,
  prompt = EXCLUDED.prompt,
  options = EXCLUDED.options,
  correct_option = EXCLUDED.correct_option,
  explanation = EXCLUDED.explanation,
  display_order = EXCLUDED.display_order;

INSERT INTO public.questions (id, exercise_id, prompt, options, correct_option, explanation, display_order) VALUES
  ('a48c8c76-c8e5-541d-9c62-a58841e5d819', 'ff384391-e7c4-5cdb-9b75-29f14391b398', 'أيّ حيوانٍ أصغر؟', '[{"id":"a","text":"النملة"},{"id":"b","text":"الكلب"},{"id":"c","text":"الحصان"},{"id":"d","text":"البقرة"}]'::jsonb, 'a', 'النملة أصغر بكثير من الكلب والحصان والبقرة. إذن الأصغر هي النملة.', 2)
ON CONFLICT (id) DO UPDATE SET
  exercise_id = EXCLUDED.exercise_id,
  prompt = EXCLUDED.prompt,
  options = EXCLUDED.options,
  correct_option = EXCLUDED.correct_option,
  explanation = EXCLUDED.explanation,
  display_order = EXCLUDED.display_order;

INSERT INTO public.questions (id, exercise_id, prompt, options, correct_option, explanation, display_order) VALUES
  ('85fecd91-1ca1-5861-a447-6c79af01d3cb', 'ff384391-e7c4-5cdb-9b75-29f14391b398', 'القطّ نائمٌ في الأسفل تحت الكرسيّ. أين القطّ؟', '[{"id":"a","text":"فوق الكرسيّ"},{"id":"b","text":"أمام الكرسيّ"},{"id":"c","text":"تحت الكرسيّ"},{"id":"d","text":"داخل الكرسيّ"}]'::jsonb, 'c', 'ما كان في الأسفل فهو تحت، فالقطّ تحت الكرسيّ.', 3)
ON CONFLICT (id) DO UPDATE SET
  exercise_id = EXCLUDED.exercise_id,
  prompt = EXCLUDED.prompt,
  options = EXCLUDED.options,
  correct_option = EXCLUDED.correct_option,
  explanation = EXCLUDED.explanation,
  display_order = EXCLUDED.display_order;

INSERT INTO public.questions (id, exercise_id, prompt, options, correct_option, explanation, display_order) VALUES
  ('e1d002ed-36d9-55ab-bca2-4ea0cd62dc0a', 'ff384391-e7c4-5cdb-9b75-29f14391b398', 'الكرة موضوعةٌ في جوف الصندوق. أين الكرة؟', '[{"id":"a","text":"خارج الصندوق"},{"id":"b","text":"داخل الصندوق"},{"id":"c","text":"فوق الصندوق"},{"id":"d","text":"تحت الصندوق"}]'::jsonb, 'b', 'ما كان في جوف الشيء فهو داخله، فالكرة داخل الصندوق.', 4)
ON CONFLICT (id) DO UPDATE SET
  exercise_id = EXCLUDED.exercise_id,
  prompt = EXCLUDED.prompt,
  options = EXCLUDED.options,
  correct_option = EXCLUDED.correct_option,
  explanation = EXCLUDED.explanation,
  display_order = EXCLUDED.display_order;

INSERT INTO public.questions (id, exercise_id, prompt, options, correct_option, explanation, display_order) VALUES
  ('a404a87b-ebde-55cd-a300-44ff03ae8091', 'ff384391-e7c4-5cdb-9b75-29f14391b398', 'نأكل ونكتب عادةً باليد:', '[{"id":"a","text":"اليُمنى (اليمين)"},{"id":"b","text":"اليُسرى (اليسار)"},{"id":"c","text":"كلتيهما معًا دائمًا"},{"id":"d","text":"لا يدَ نكتب بها"}]'::jsonb, 'a', 'غالبًا نأكل ونكتب باليد اليُمنى، وهي تساعدنا على تذكّر جهة اليمين.', 5)
ON CONFLICT (id) DO UPDATE SET
  exercise_id = EXCLUDED.exercise_id,
  prompt = EXCLUDED.prompt,
  options = EXCLUDED.options,
  correct_option = EXCLUDED.correct_option,
  explanation = EXCLUDED.explanation,
  display_order = EXCLUDED.display_order;

INSERT INTO public.questions (id, exercise_id, prompt, options, correct_option, explanation, display_order) VALUES
  ('acd19ce3-e01a-511b-8e45-0310729866f3', 'ff384391-e7c4-5cdb-9b75-29f14391b398', 'أيّ شيءٍ أقصر؟', '[{"id":"a","text":"الشجرة الكبيرة"},{"id":"b","text":"العمود"},{"id":"c","text":"البيت"},{"id":"d","text":"القلم"}]'::jsonb, 'd', 'القلم أقصر بكثير من الشجرة والعمود والبيت. إذن الأقصر هو القلم.', 6)
ON CONFLICT (id) DO UPDATE SET
  exercise_id = EXCLUDED.exercise_id,
  prompt = EXCLUDED.prompt,
  options = EXCLUDED.options,
  correct_option = EXCLUDED.correct_option,
  explanation = EXCLUDED.explanation,
  display_order = EXCLUDED.display_order;

INSERT INTO public.exercises (id, chapter_id, subject_id, title, difficulty, xp_reward, reward_coins, mode, source, display_order) VALUES
  ('30300a83-349e-5060-9aef-91b8cd0e95db', 'c7ca9bbe-5553-5e50-b49c-51d09d3b52a0', 'math-1ere', '⚔️ زعيم الفصل ⭐⭐⭐: سيّد المواضع', 3, 120, 30, 'boss', 'admin', 2)
ON CONFLICT (id) DO UPDATE SET
  chapter_id = EXCLUDED.chapter_id,
  subject_id = EXCLUDED.subject_id,
  title = EXCLUDED.title,
  difficulty = EXCLUDED.difficulty,
  xp_reward = EXCLUDED.xp_reward,
  reward_coins = EXCLUDED.reward_coins,
  mode = EXCLUDED.mode,
  display_order = EXCLUDED.display_order;

INSERT INTO public.questions (id, exercise_id, prompt, options, correct_option, explanation, display_order) VALUES
  ('81458cd3-26ba-56b6-9b66-e7b4fb4f4dc1', '30300a83-349e-5060-9aef-91b8cd0e95db', 'إذا كان الكتاب فوق الطاولة، فأين الطاولة بالنسبة إلى الكتاب؟', '[{"id":"a","text":"تحت الكتاب"},{"id":"b","text":"فوق الكتاب"},{"id":"c","text":"داخل الكتاب"},{"id":"d","text":"خلف الكتاب"}]'::jsonb, 'a', 'إذا كان الكتاب فوق الطاولة، فالطاولة تكون في الأسفل، أي تحت الكتاب.', 1)
ON CONFLICT (id) DO UPDATE SET
  exercise_id = EXCLUDED.exercise_id,
  prompt = EXCLUDED.prompt,
  options = EXCLUDED.options,
  correct_option = EXCLUDED.correct_option,
  explanation = EXCLUDED.explanation,
  display_order = EXCLUDED.display_order;

INSERT INTO public.questions (id, exercise_id, prompt, options, correct_option, explanation, display_order) VALUES
  ('e81a6e90-c680-5f88-8b01-b09ccdb0bb5d', '30300a83-349e-5060-9aef-91b8cd0e95db', 'السمكة تسبح في جوف الحوض. أين السمكة؟', '[{"id":"a","text":"فوق الحوض"},{"id":"b","text":"داخل الحوض"},{"id":"c","text":"خارج الحوض"},{"id":"d","text":"خلف الحوض"}]'::jsonb, 'b', 'ما كان في جوف الشيء فهو داخله، فالسمكة داخل الحوض.', 2)
ON CONFLICT (id) DO UPDATE SET
  exercise_id = EXCLUDED.exercise_id,
  prompt = EXCLUDED.prompt,
  options = EXCLUDED.options,
  correct_option = EXCLUDED.correct_option,
  explanation = EXCLUDED.explanation,
  display_order = EXCLUDED.display_order;

INSERT INTO public.questions (id, exercise_id, prompt, options, correct_option, explanation, display_order) VALUES
  ('0b8d987d-c39c-5618-ad43-1632322a40d2', '30300a83-349e-5060-9aef-91b8cd0e95db', 'صفٌّ من الأطفال: أمامك طفلٌ، وخلفك طفلٌ. إذا التفتَّ لتنظر إلى من خلفك، صار:', '[{"id":"a","text":"تحتك"},{"id":"b","text":"أمامك"},{"id":"c","text":"داخلك"},{"id":"d","text":"فوقك"}]'::jsonb, 'b', 'أمام دائمًا في اتّجاه النظر. إذا التفتَّ نحو من كان خلفك صار في اتّجاه نظرك، أي أمامك.', 3)
ON CONFLICT (id) DO UPDATE SET
  exercise_id = EXCLUDED.exercise_id,
  prompt = EXCLUDED.prompt,
  options = EXCLUDED.options,
  correct_option = EXCLUDED.correct_option,
  explanation = EXCLUDED.explanation,
  display_order = EXCLUDED.display_order;

INSERT INTO public.questions (id, exercise_id, prompt, options, correct_option, explanation, display_order) VALUES
  ('7b625a66-7035-5e4f-93e5-03d0f920a18c', '30300a83-349e-5060-9aef-91b8cd0e95db', 'ثلاثة أعمدة: قصير ومتوسّط وطويل. أيّها بينهما في الطول؟', '[{"id":"a","text":"القصير"},{"id":"b","text":"الطويل"},{"id":"c","text":"المتوسّط"},{"id":"d","text":"لا واحد"}]'::jsonb, 'c', 'الذي ليس الأقصر ولا الأطول هو المتوسّط، فهو بينهما في الطول.', 4)
ON CONFLICT (id) DO UPDATE SET
  exercise_id = EXCLUDED.exercise_id,
  prompt = EXCLUDED.prompt,
  options = EXCLUDED.options,
  correct_option = EXCLUDED.correct_option,
  explanation = EXCLUDED.explanation,
  display_order = EXCLUDED.display_order;

INSERT INTO public.questions (id, exercise_id, prompt, options, correct_option, explanation, display_order) VALUES
  ('3e821524-94d3-5f9a-9769-18c2e2d89270', '30300a83-349e-5060-9aef-91b8cd0e95db', 'رتّب من الأكبر إلى الأصغر: نملة، كلب، فيل.', '[{"id":"a","text":"نملة، كلب، فيل"},{"id":"b","text":"كلب، فيل، نملة"},{"id":"c","text":"نملة، فيل، كلب"},{"id":"d","text":"فيل، كلب، نملة"}]'::jsonb, 'd', 'من الأكبر إلى الأصغر: الفيل أكبر، ثمّ الكلب، ثمّ النملة. إذن فيل، كلب، نملة.', 5)
ON CONFLICT (id) DO UPDATE SET
  exercise_id = EXCLUDED.exercise_id,
  prompt = EXCLUDED.prompt,
  options = EXCLUDED.options,
  correct_option = EXCLUDED.correct_option,
  explanation = EXCLUDED.explanation,
  display_order = EXCLUDED.display_order;

INSERT INTO public.questions (id, exercise_id, prompt, options, correct_option, explanation, display_order) VALUES
  ('4ec23861-02da-5501-a72c-e2cd756592e4', '30300a83-349e-5060-9aef-91b8cd0e95db', 'إذا وقف صديقك ووجهُه مقابلٌ لوجهك، فيدُه اليُمنى تكون في جهة:', '[{"id":"a","text":"يمينك أنت"},{"id":"b","text":"فوق رأسك"},{"id":"c","text":"يسارك أنت"},{"id":"d","text":"تحت قدميك"}]'::jsonb, 'c', 'عندما يقابلك شخص ينقلب اليمين واليسار، فتكون يدُه اليُمنى في جهة يسارك أنت.', 6)
ON CONFLICT (id) DO UPDATE SET
  exercise_id = EXCLUDED.exercise_id,
  prompt = EXCLUDED.prompt,
  options = EXCLUDED.options,
  correct_option = EXCLUDED.correct_option,
  explanation = EXCLUDED.explanation,
  display_order = EXCLUDED.display_order;

INSERT INTO public.exercises (id, chapter_id, subject_id, title, difficulty, xp_reward, reward_coins, mode, source, display_order) VALUES
  ('e9ba10e7-a3d0-547e-af09-64a43f572758', 'c7ca9bbe-5553-5e50-b49c-51d09d3b52a0', 'math-1ere', '⭐⭐ تمرين مراجعة (نمط امتحان): التموقع في الفضاء', 2, 70, 15, 'practice', 'admin', 3)
ON CONFLICT (id) DO UPDATE SET
  chapter_id = EXCLUDED.chapter_id,
  subject_id = EXCLUDED.subject_id,
  title = EXCLUDED.title,
  difficulty = EXCLUDED.difficulty,
  xp_reward = EXCLUDED.xp_reward,
  reward_coins = EXCLUDED.reward_coins,
  mode = EXCLUDED.mode,
  display_order = EXCLUDED.display_order;

INSERT INTO public.questions (id, exercise_id, prompt, options, correct_option, explanation, display_order) VALUES
  ('f17793c6-cc59-5f81-83ab-5368d3e4259b', 'e9ba10e7-a3d0-547e-af09-64a43f572758', 'الأرض بالنسبة إلى قدميك تكون:', '[{"id":"a","text":"تحت قدميك"},{"id":"b","text":"فوق رأسك"},{"id":"c","text":"داخل جيبك"},{"id":"d","text":"خلف ظهرك"}]'::jsonb, 'a', 'نمشي على الأرض، فهي في الأسفل تحت قدمينا.', 1)
ON CONFLICT (id) DO UPDATE SET
  exercise_id = EXCLUDED.exercise_id,
  prompt = EXCLUDED.prompt,
  options = EXCLUDED.options,
  correct_option = EXCLUDED.correct_option,
  explanation = EXCLUDED.explanation,
  display_order = EXCLUDED.display_order;

INSERT INTO public.questions (id, exercise_id, prompt, options, correct_option, explanation, display_order) VALUES
  ('40d82f98-5706-52e0-9acc-53d0beacef72', 'e9ba10e7-a3d0-547e-af09-64a43f572758', 'المعطف معلّقٌ خارج الخزانة. أين المعطف؟', '[{"id":"a","text":"داخل الخزانة"},{"id":"b","text":"خارج الخزانة"},{"id":"c","text":"تحت الخزانة"},{"id":"d","text":"أمام الخزانة فقط"}]'::jsonb, 'b', 'ما لم يكن في جوف الشيء فهو خارجه، فالمعطف خارج الخزانة.', 2)
ON CONFLICT (id) DO UPDATE SET
  exercise_id = EXCLUDED.exercise_id,
  prompt = EXCLUDED.prompt,
  options = EXCLUDED.options,
  correct_option = EXCLUDED.correct_option,
  explanation = EXCLUDED.explanation,
  display_order = EXCLUDED.display_order;

INSERT INTO public.questions (id, exercise_id, prompt, options, correct_option, explanation, display_order) VALUES
  ('f55e537c-688f-59c8-9756-a6356a7258bd', 'e9ba10e7-a3d0-547e-af09-64a43f572758', 'أيّ شيءٍ أكبر؟', '[{"id":"a","text":"حبّة العنب"},{"id":"b","text":"البطّيخة"},{"id":"c","text":"حبّة الفول"},{"id":"d","text":"حبّة الأرز"}]'::jsonb, 'b', 'البطّيخة أكبر بكثير من حبّة العنب والفول والأرز. إذن الأكبر هي البطّيخة.', 3)
ON CONFLICT (id) DO UPDATE SET
  exercise_id = EXCLUDED.exercise_id,
  prompt = EXCLUDED.prompt,
  options = EXCLUDED.options,
  correct_option = EXCLUDED.correct_option,
  explanation = EXCLUDED.explanation,
  display_order = EXCLUDED.display_order;

INSERT INTO public.questions (id, exercise_id, prompt, options, correct_option, explanation, display_order) VALUES
  ('938296c0-b318-5d24-8777-9ccf8877170f', 'e9ba10e7-a3d0-547e-af09-64a43f572758', 'أنت تنظر إلى التلفاز. التلفاز يكون:', '[{"id":"a","text":"خلفك"},{"id":"b","text":"تحتك"},{"id":"c","text":"أمامك"},{"id":"d","text":"داخلك"}]'::jsonb, 'c', 'ما تنظر إليه يكون في اتّجاه نظرك، أي أمامك.', 4)
ON CONFLICT (id) DO UPDATE SET
  exercise_id = EXCLUDED.exercise_id,
  prompt = EXCLUDED.prompt,
  options = EXCLUDED.options,
  correct_option = EXCLUDED.correct_option,
  explanation = EXCLUDED.explanation,
  display_order = EXCLUDED.display_order;

INSERT INTO public.questions (id, exercise_id, prompt, options, correct_option, explanation, display_order) VALUES
  ('0a659fb4-d0f3-5cb6-8f72-fac3277bab51', 'e9ba10e7-a3d0-547e-af09-64a43f572758', 'أيّ شيءٍ أطول؟', '[{"id":"a","text":"الزرافة"},{"id":"b","text":"الأرنب"},{"id":"c","text":"القطّ"},{"id":"d","text":"الدجاجة"}]'::jsonb, 'a', 'الزرافة أطول بكثير من الأرنب والقطّ والدجاجة برقبتها الطويلة. إذن الأطول هي الزرافة.', 5)
ON CONFLICT (id) DO UPDATE SET
  exercise_id = EXCLUDED.exercise_id,
  prompt = EXCLUDED.prompt,
  options = EXCLUDED.options,
  correct_option = EXCLUDED.correct_option,
  explanation = EXCLUDED.explanation,
  display_order = EXCLUDED.display_order;

INSERT INTO public.questions (id, exercise_id, prompt, options, correct_option, explanation, display_order) VALUES
  ('a4340fb8-42d0-5fa7-a0fd-d245209ee1a3', 'e9ba10e7-a3d0-547e-af09-64a43f572758', 'ترفع يدك اليُمنى. أيّ جهةٍ هي؟', '[{"id":"a","text":"اليسار"},{"id":"b","text":"فوق"},{"id":"c","text":"تحت"},{"id":"d","text":"اليمين"}]'::jsonb, 'd', 'اليد اليُمنى تدلّ على جهة اليمين.', 6)
ON CONFLICT (id) DO UPDATE SET
  exercise_id = EXCLUDED.exercise_id,
  prompt = EXCLUDED.prompt,
  options = EXCLUDED.options,
  correct_option = EXCLUDED.correct_option,
  explanation = EXCLUDED.explanation,
  display_order = EXCLUDED.display_order;

INSERT INTO public.exercises (id, chapter_id, subject_id, title, difficulty, xp_reward, reward_coins, mode, source, display_order) VALUES
  ('b6ca11fb-228d-5718-bece-28e7b27ec720', 'c7ca9bbe-5553-5e50-b49c-51d09d3b52a0', 'math-1ere', '👑 تحدّي النخبة ⭐⭐⭐⭐: ألغاز التموقع', 4, 300, 60, 'challenge', 'admin', 4)
ON CONFLICT (id) DO UPDATE SET
  chapter_id = EXCLUDED.chapter_id,
  subject_id = EXCLUDED.subject_id,
  title = EXCLUDED.title,
  difficulty = EXCLUDED.difficulty,
  xp_reward = EXCLUDED.xp_reward,
  reward_coins = EXCLUDED.reward_coins,
  mode = EXCLUDED.mode,
  display_order = EXCLUDED.display_order;

INSERT INTO public.questions (id, exercise_id, prompt, options, correct_option, explanation, display_order) VALUES
  ('8031f090-3d59-56d9-bc6d-d62dec4b20f6', 'b6ca11fb-228d-5718-bece-28e7b27ec720', 'الكتاب فوق الطاولة، والقطّ تحت الطاولة. أيّهما في الأعلى؟', '[{"id":"a","text":"القطّ"},{"id":"b","text":"الكتاب"},{"id":"c","text":"هما في نفس المستوى"},{"id":"d","text":"لا أحد منهما"}]'::jsonb, 'b', 'الكتاب فوق الطاولة (في الأعلى)، والقطّ تحتها (في الأسفل). إذن الكتاب في الأعلى.', 1)
ON CONFLICT (id) DO UPDATE SET
  exercise_id = EXCLUDED.exercise_id,
  prompt = EXCLUDED.prompt,
  options = EXCLUDED.options,
  correct_option = EXCLUDED.correct_option,
  explanation = EXCLUDED.explanation,
  display_order = EXCLUDED.display_order;

INSERT INTO public.questions (id, exercise_id, prompt, options, correct_option, explanation, display_order) VALUES
  ('ae26e2e9-7ff5-5856-acda-d90e1f37d8ab', 'b6ca11fb-228d-5718-bece-28e7b27ec720', 'حلزونٌ بدأ تحت الورقة ثمّ صعد فوقها. أين هو الآن؟', '[{"id":"a","text":"تحت الورقة"},{"id":"b","text":"داخل الورقة"},{"id":"c","text":"فوق الورقة"},{"id":"d","text":"خلف الورقة"}]'::jsonb, 'c', 'الحلزون صعد إلى الأعلى، فصار الآن فوق الورقة بعد أن كان تحتها.', 2)
ON CONFLICT (id) DO UPDATE SET
  exercise_id = EXCLUDED.exercise_id,
  prompt = EXCLUDED.prompt,
  options = EXCLUDED.options,
  correct_option = EXCLUDED.correct_option,
  explanation = EXCLUDED.explanation,
  display_order = EXCLUDED.display_order;

INSERT INTO public.questions (id, exercise_id, prompt, options, correct_option, explanation, display_order) VALUES
  ('c8cbb611-2d0f-53ff-91da-10654a7d92ed', 'b6ca11fb-228d-5718-bece-28e7b27ec720', 'في صفٍّ: أمامي سامي، وأمام سامي ليلى. من في المقدّمة؟', '[{"id":"a","text":"أنا"},{"id":"b","text":"سامي"},{"id":"c","text":"ليلى"},{"id":"d","text":"لا أحد"}]'::jsonb, 'c', 'ليلى أمام سامي، وسامي أمامي، فليلى هي الأبعد إلى الأمام، أي في المقدّمة.', 3)
ON CONFLICT (id) DO UPDATE SET
  exercise_id = EXCLUDED.exercise_id,
  prompt = EXCLUDED.prompt,
  options = EXCLUDED.options,
  correct_option = EXCLUDED.correct_option,
  explanation = EXCLUDED.explanation,
  display_order = EXCLUDED.display_order;

INSERT INTO public.questions (id, exercise_id, prompt, options, correct_option, explanation, display_order) VALUES
  ('ad707bfe-a04c-54e4-ab53-bf631ffc148e', 'b6ca11fb-228d-5718-bece-28e7b27ec720', 'رتّب من الأقصر إلى الأطول: عمود، قلم، شجرة.', '[{"id":"a","text":"شجرة، عمود، قلم"},{"id":"b","text":"قلم، شجرة، عمود"},{"id":"c","text":"عمود، قلم، شجرة"},{"id":"d","text":"قلم، عمود، شجرة"}]'::jsonb, 'd', 'من الأقصر إلى الأطول: القلم أقصر، ثمّ العمود، ثمّ الشجرة الكبيرة. إذن قلم، عمود، شجرة.', 4)
ON CONFLICT (id) DO UPDATE SET
  exercise_id = EXCLUDED.exercise_id,
  prompt = EXCLUDED.prompt,
  options = EXCLUDED.options,
  correct_option = EXCLUDED.correct_option,
  explanation = EXCLUDED.explanation,
  display_order = EXCLUDED.display_order;

INSERT INTO public.questions (id, exercise_id, prompt, options, correct_option, explanation, display_order) VALUES
  ('0e613076-a519-5f55-bf80-28b2e61206a3', 'b6ca11fb-228d-5718-bece-28e7b27ec720', 'كرةٌ داخل صندوق، والصندوق داخل خزانة. أين الكرة بالنسبة إلى الخزانة؟', '[{"id":"a","text":"خارج الخزانة"},{"id":"b","text":"داخل الخزانة"},{"id":"c","text":"فوق الخزانة"},{"id":"d","text":"خلف الخزانة"}]'::jsonb, 'b', 'الكرة داخل الصندوق، والصندوق داخل الخزانة، فالكرة أيضًا داخل الخزانة.', 5)
ON CONFLICT (id) DO UPDATE SET
  exercise_id = EXCLUDED.exercise_id,
  prompt = EXCLUDED.prompt,
  options = EXCLUDED.options,
  correct_option = EXCLUDED.correct_option,
  explanation = EXCLUDED.explanation,
  display_order = EXCLUDED.display_order;

INSERT INTO public.questions (id, exercise_id, prompt, options, correct_option, explanation, display_order) VALUES
  ('1f7cd46f-b943-5030-a154-9b5b282861d4', 'b6ca11fb-228d-5718-bece-28e7b27ec720', 'ثلاثة أطفال يقفون مقابلك. يدُك اليُمنى ترفعها، فأيّ يدٍ يرفعها من يقابلك ليكون في الجهة نفسها التي تراها؟', '[{"id":"a","text":"يدُه اليُسرى"},{"id":"b","text":"كلتا يديه"},{"id":"c","text":"يدُه اليُمنى"},{"id":"d","text":"لا يدَ يرفعها"}]'::jsonb, 'a', 'عندما يقابلك شخص ينقلب اليمين واليسار، فيرفع يدَه اليُسرى لتظهر في جهة يمينك أنت.', 6)
ON CONFLICT (id) DO UPDATE SET
  exercise_id = EXCLUDED.exercise_id,
  prompt = EXCLUDED.prompt,
  options = EXCLUDED.options,
  correct_option = EXCLUDED.correct_option,
  explanation = EXCLUDED.explanation,
  display_order = EXCLUDED.display_order;

INSERT INTO public.exercises (id, chapter_id, subject_id, title, difficulty, xp_reward, reward_coins, mode, source, display_order) VALUES
  ('483858ac-78e6-510a-9806-afc2e24ce2ea', 'c7ca9bbe-5553-5e50-b49c-51d09d3b52a0', 'math-1ere', '📝 تدريب ⭐⭐⭐: مراجعة شاملة للتموقع في الفضاء', 3, 120, 30, 'boss', 'admin', 5)
ON CONFLICT (id) DO UPDATE SET
  chapter_id = EXCLUDED.chapter_id,
  subject_id = EXCLUDED.subject_id,
  title = EXCLUDED.title,
  difficulty = EXCLUDED.difficulty,
  xp_reward = EXCLUDED.xp_reward,
  reward_coins = EXCLUDED.reward_coins,
  mode = EXCLUDED.mode,
  display_order = EXCLUDED.display_order;

INSERT INTO public.questions (id, exercise_id, prompt, options, correct_option, explanation, display_order) VALUES
  ('d49afe62-31b1-5e08-a3fd-6b5645e68208', '483858ac-78e6-510a-9806-afc2e24ce2ea', 'العصفور وقف فوق السلك. أين العصفور؟', '[{"id":"a","text":"فوق السلك"},{"id":"b","text":"تحت السلك"},{"id":"c","text":"داخل السلك"},{"id":"d","text":"خلف السلك"}]'::jsonb, 'a', 'العصفور في الأعلى على السلك، أي فوق السلك.', 1)
ON CONFLICT (id) DO UPDATE SET
  exercise_id = EXCLUDED.exercise_id,
  prompt = EXCLUDED.prompt,
  options = EXCLUDED.options,
  correct_option = EXCLUDED.correct_option,
  explanation = EXCLUDED.explanation,
  display_order = EXCLUDED.display_order;

INSERT INTO public.questions (id, exercise_id, prompt, options, correct_option, explanation, display_order) VALUES
  ('b6d53087-0db8-52f4-9726-4e47f8bdb808', '483858ac-78e6-510a-9806-afc2e24ce2ea', 'أيّ شيءٍ أصغر؟', '[{"id":"a","text":"السيّارة"},{"id":"b","text":"حبّة الكرز"},{"id":"c","text":"البيت"},{"id":"d","text":"الشاحنة"}]'::jsonb, 'b', 'حبّة الكرز أصغر بكثير من السيّارة والبيت والشاحنة. إذن الأصغر هي حبّة الكرز.', 2)
ON CONFLICT (id) DO UPDATE SET
  exercise_id = EXCLUDED.exercise_id,
  prompt = EXCLUDED.prompt,
  options = EXCLUDED.options,
  correct_option = EXCLUDED.correct_option,
  explanation = EXCLUDED.explanation,
  display_order = EXCLUDED.display_order;

INSERT INTO public.questions (id, exercise_id, prompt, options, correct_option, explanation, display_order) VALUES
  ('822bef85-9698-51ab-991f-544dba5097fb', '483858ac-78e6-510a-9806-afc2e24ce2ea', 'النقود موضوعةٌ في جوف المحفظة. أين النقود؟', '[{"id":"a","text":"خارج المحفظة"},{"id":"b","text":"فوق المحفظة"},{"id":"c","text":"داخل المحفظة"},{"id":"d","text":"تحت المحفظة"}]'::jsonb, 'c', 'ما كان في جوف الشيء فهو داخله، فالنقود داخل المحفظة.', 3)
ON CONFLICT (id) DO UPDATE SET
  exercise_id = EXCLUDED.exercise_id,
  prompt = EXCLUDED.prompt,
  options = EXCLUDED.options,
  correct_option = EXCLUDED.correct_option,
  explanation = EXCLUDED.explanation,
  display_order = EXCLUDED.display_order;

INSERT INTO public.questions (id, exercise_id, prompt, options, correct_option, explanation, display_order) VALUES
  ('e4e635b7-158b-5fe6-9a0c-49cf19401c9d', '483858ac-78e6-510a-9806-afc2e24ce2ea', 'تنظر نحو النافذة. النافذة أمامك. ماذا يكون وراء ظهرك؟', '[{"id":"a","text":"ما هو أمامك"},{"id":"b","text":"ما هو خلفك"},{"id":"c","text":"ما هو فوقك"},{"id":"d","text":"ما هو تحتك"}]'::jsonb, 'b', 'ما كان وراء ظهرك يكون خلفك، عكس ما هو أمامك (النافذة).', 4)
ON CONFLICT (id) DO UPDATE SET
  exercise_id = EXCLUDED.exercise_id,
  prompt = EXCLUDED.prompt,
  options = EXCLUDED.options,
  correct_option = EXCLUDED.correct_option,
  explanation = EXCLUDED.explanation,
  display_order = EXCLUDED.display_order;

INSERT INTO public.questions (id, exercise_id, prompt, options, correct_option, explanation, display_order) VALUES
  ('761c5ce8-1dee-59f2-b273-2d8b51489fd5', '483858ac-78e6-510a-9806-afc2e24ce2ea', 'رتّب من الأطول إلى الأقصر: شجرة، عشب، شجيرة.', '[{"id":"a","text":"عشب، شجيرة، شجرة"},{"id":"b","text":"شجيرة، شجرة، عشب"},{"id":"c","text":"عشب، شجرة، شجيرة"},{"id":"d","text":"شجرة، شجيرة، عشب"}]'::jsonb, 'd', 'من الأطول إلى الأقصر: الشجرة أطول، ثمّ الشجيرة، ثمّ العشب القصير. إذن شجرة، شجيرة، عشب.', 5)
ON CONFLICT (id) DO UPDATE SET
  exercise_id = EXCLUDED.exercise_id,
  prompt = EXCLUDED.prompt,
  options = EXCLUDED.options,
  correct_option = EXCLUDED.correct_option,
  explanation = EXCLUDED.explanation,
  display_order = EXCLUDED.display_order;

INSERT INTO public.questions (id, exercise_id, prompt, options, correct_option, explanation, display_order) VALUES
  ('54780662-1c11-5af1-9245-8c0bc9e7029b', '483858ac-78e6-510a-9806-afc2e24ce2ea', 'إذا كان عليّ على يمين سارة، فأين سارة بالنسبة إلى عليّ؟', '[{"id":"a","text":"فوقه"},{"id":"b","text":"تحته"},{"id":"c","text":"على يساره"},{"id":"d","text":"على يمينه"}]'::jsonb, 'c', 'إذا كان عليّ على يمين سارة، فإنّ سارة تكون على يسار عليّ (الجهتان متعاكستان).', 6)
ON CONFLICT (id) DO UPDATE SET
  exercise_id = EXCLUDED.exercise_id,
  prompt = EXCLUDED.prompt,
  options = EXCLUDED.options,
  correct_option = EXCLUDED.correct_option,
  explanation = EXCLUDED.explanation,
  display_order = EXCLUDED.display_order;

