-- =========================================================
-- GENERATED FILE — do not edit by hand.
-- Subject: eveil-scientifique-6eme (Éveil scientifique)
-- Regenerate with: npm run content:build
-- Source of truth: content/eveil-scientifique-6eme/
-- =========================================================

DO $$
BEGIN
  IF EXISTS (SELECT 1 FROM pg_constraint WHERE conname = 'exercises_mode_check') THEN
    ALTER TABLE public.exercises DROP CONSTRAINT exercises_mode_check;
  END IF;
  ALTER TABLE public.exercises
    ADD CONSTRAINT exercises_mode_check CHECK (mode IN ('practice', 'boss', 'quiz', 'challenge'));
END $$;

INSERT INTO public.subjects (id, name_fr, description, attribute, color_token, icon, display_order, content_language, is_premium, theme_id, grade_id) VALUES
  ('eveil-scientifique-6eme', 'Éveil scientifique', 'اكتشافُ عالَم العلوم: الهواء والتنفّس والدم والتغذية والوسط البيئي والمغانط، وفق برنامج الإيقاظ العلمي للسنة السادسة من التعليم الأساسي', 'Observation', 'subject-svt', 'Microscope', 2, 'ar', false, 'ecole-tn', (SELECT id FROM public.grades WHERE theme_id = 'ecole-tn' AND slug = '6eme-base'))
ON CONFLICT (id) DO UPDATE SET
  name_fr = EXCLUDED.name_fr,
  description = EXCLUDED.description,
  attribute = EXCLUDED.attribute,
  color_token = EXCLUDED.color_token,
  icon = EXCLUDED.icon,
  display_order = EXCLUDED.display_order,
  content_language = EXCLUDED.content_language,
  is_premium = EXCLUDED.is_premium,
  theme_id = EXCLUDED.theme_id,
  grade_id = EXCLUDED.grade_id;

-- Prune admin-authored content that is no longer in the source tree.
DO $$
BEGIN
  IF to_regclass('public.dungeon_run_questions') IS NOT NULL THEN
    DELETE FROM public.dungeon_run_questions d
    USING public.questions q, public.exercises e
    WHERE d.question_id = q.id
      AND q.exercise_id = e.id
      AND e.subject_id = 'eveil-scientifique-6eme'
      AND e.source = 'admin'
      AND q.id NOT IN ('22b1784b-cfc3-514b-9c28-f09f47b66944', '647cbfbc-b8e2-5b40-bba6-22e3c136e4cd', '5d2c2a2f-85de-50da-8e69-e418201c807b', '25148e63-2f62-5534-92f4-be9d4d5c8ce0', 'ab2c7b9c-0468-5dec-b731-4762c3bdfbcb', '82dcbdab-16a7-5df9-9cb7-f4cddb7cb0e1', 'e06a976d-142d-556b-811c-49bc1cadae23', 'c0061061-4c17-5e75-ab76-75793f41e464', 'b76bf2e4-e2a0-597d-a05a-6be2a216e4a2', '139e4b74-06da-5979-8395-f9497d98cb71', '8f9da4f4-5811-5f01-a30b-10d394173566', '23ba0a44-a33b-5cc0-b56c-0ed407c81516', 'faff4440-78e7-5010-b17d-3a2b46830f88', '8dff7eee-11c3-5ba3-98bc-ff8f02ead6db', 'f683b638-cc3c-5a55-a388-82ba940e7b29', '9b17c77a-462b-5ecb-b45a-8efe0e8e6c45', 'e8e67b32-c3ac-5bd8-a988-3f58829e1ad7', 'cb6656de-0f96-5120-bd27-cfe3d371dd65', 'fabdd1ed-2731-53e9-b46b-e7848bcca742', '6e1b2b61-5df0-58d5-847f-b84878fde7c9', '477d8191-370c-54f3-b72b-9c11054d1edd', '85e563a0-fd0f-5fd4-b229-fa1ffbdb5912', '642b9384-a3b7-5657-b727-de2b8817ce7b', '7ff2e5f0-a0d5-545e-aa4f-e6a68802bbc0', '2127e544-e2ff-5603-9d28-3dc492666a99', '353627f0-2068-5961-8f0a-4cb97333879c', '07d3d011-b650-5bc8-b293-607d11bcffff', '74666f2c-e6d6-5769-8c5d-2d0294955edc', 'd6709280-b3d8-5a2c-99f1-84ca6e159405', 'ef8fe2ed-827e-5bc2-9690-1f6133188c6d', 'e11a043e-95e0-593f-80b3-913cc03f1b0e', '09fd283e-06cc-5e66-a3de-3999e365a953', '08ff61cc-7013-5d02-a8df-34f4ea0d8559', '13349f24-ec96-5949-86bb-3971f68b5d2e', '1f6d5b40-df86-50b9-8d0b-5fbf6e753273', 'daf8a4c2-099a-5dbc-8de1-39c4e7fd305a', '9e96e371-8cfb-5e45-88b8-b335cfd4ddc8', 'bccab6fe-9303-559a-90c7-3b76e3aedc39', '1bf295eb-9a58-5cae-879c-2df38cdbba36', '7bd45187-54c3-5296-bcb5-bafb7c24bbe4', 'a9118ad3-48fd-54b7-8a88-74254fdcdb7a', '02b7493d-0a90-51b9-ab4d-2c6062fb8b2b', 'e1c04794-5255-56a7-8877-0c5575d985c7', '9fcadfa1-c422-577a-a63f-ac6e8515f591', '159c036b-42bc-56a3-aaf8-969b97f1496f', '0d03b54c-9422-51dc-85ff-7d37a59ac103', '6214cf7a-e549-588d-8cbb-b406af16aff0', 'abc98ba8-9d5c-5498-acc1-f743901e7879', '5a559640-7cd6-5fe1-ae7e-81f1de11de8e', '67b14cb9-a119-57db-8eba-706116074617', 'f7f33503-b459-5d27-adc8-d84ddd9cff08', 'dd185a0c-5964-5921-89c5-6efda6cc9cd4', 'd8a54c40-6502-5056-bf69-f383bc3a676a', 'd7655934-9e62-5a01-a5ed-22de92ae59cb', '0993075f-f19b-509e-825f-0ed08c7fd454', '18063625-8d57-5ff3-928c-639e90c4fa14', '6a967509-b002-58fc-b16d-d5ffd9242d63', '608c5491-da95-5c7d-893e-750d1b7b6f9d', '1f99edab-6543-54c6-ac7b-77f9f4a1d8c7', 'c03e30e1-b023-51fb-a85a-c0398441f94c', '386d67af-7e63-5a6a-8a0c-e2509a41a81b', '39959081-838f-544e-bc60-b45818a9f0ce', 'b93f158a-23c1-5475-9070-bd3f7855aaa8', 'f3cd1045-3d9f-55ce-9308-aa21205f383b', '76e167cd-8d4e-5be5-85ef-6fc2c010ef91', '25767b39-8d52-50ae-84b5-430398ee5bf3', 'dcd9b827-88b9-54d0-8744-f6a7c258031c', '1cc0ee4d-cb5d-5c0c-bcf1-95ef5f970df4', '4bb77781-f351-5501-9e6d-237773298888', '6dd95402-0204-5cd8-9f51-681b9577b53d', '57e35d02-c3b4-57d0-a79d-c78d60e826b7', 'd07f106a-5080-58ba-87c1-5f4b7778c331', 'f97d3e0d-fc52-58b2-8851-99a53f0ea7b4', 'ff728071-e2ab-5e02-a50f-9a0bae3ec40a', '83feb802-34ba-547d-86f5-afa61e0f361a', 'eb65f3da-8183-580d-a805-1f2d36292a0f', '27a56397-91e1-5876-814a-f8283f7a913a', '6778f97d-b31f-5c85-b06f-f31d204d840f', '509f07d9-78c5-573f-bfe1-c6a40f324ce2', 'a43c0482-0ff7-54b7-892b-e9a96e9f316d', '789f77cb-8f58-51f6-b872-c6db571d7355', '4251c047-26f4-55a4-b131-ee1af87d5bef', 'ce65fa02-3925-56b9-bad1-1e1a4f856b5c', '5dd3b035-e4b9-56bc-8d84-bb098ef7e407', '7cfe7c7b-ef68-57d9-8143-948130313ce7', '2841e9e5-9800-5ec2-bf00-6f62c4357b3e', '6fbf4970-b44d-57ae-8fef-942a73ec719d', '5346b05b-37c7-5fd6-aeda-1ef357eb8278', '38dc6a97-457f-5c42-b02e-069a87a11bc3', 'fbd347fa-698b-5e74-9e4c-049422a29781', '87623f38-b4f1-5bed-ab71-9b216463a61b', 'dfcb43b3-6192-5598-8236-2bcce1004488', 'deda32eb-75cc-532a-bfbd-f824f2f9d810', '811267f4-0bee-574b-b9f1-76291e74a596', 'd96dc9dc-8f78-5259-aded-3995906da600', '995f1b02-168d-59ae-b2b3-d84204c67ed9', 'b13a435f-81ba-57b4-b009-54a8978d619d', 'da55f641-4fd9-5828-8444-472d2388d0fb', '0c4cd92f-70c9-5c7a-a1f6-af7d4570dc3f', '7a23f433-a990-549e-8e5b-42066890bf8b', '200f2a92-1c5e-5594-bd59-6bac9037abf7', 'f7e5501e-298d-5303-9222-88503da6124d', '82e16296-f6d6-57b6-927e-04c21c48ac31', '198f99da-24d1-5be9-984c-4c2b81154870', '70237436-444d-5abf-912c-37e00c8aa73b', '598dcf22-8f0d-56ce-af19-6b95c7a7fdeb', 'da6185d0-9015-526f-936e-d63ab33167ec', 'f9230061-659f-5ead-b17e-a9d0010fb4ba', 'ec33c552-5786-5491-9e34-996aa80fa514', 'ff7b5569-9796-5ac6-a861-0e8dc4336867', '728bd33e-bc94-5853-816f-e757c62a2534', 'fdb90979-16b6-58ad-b6d0-f774fe4fa0cd', 'e64affef-a984-594f-8854-a74afeea2a04', '77812901-dfc7-58f1-ab41-2e518f9d1e5f', 'b994ad66-2f09-5b3e-b031-152ba52996df', 'cf5bedb3-703f-54a9-b9b2-cccb424ef271', '3fa136f8-5cb2-574b-9e29-3a498c81f9fc', 'f0051dd3-2108-542f-9056-d381d5a66bb2', 'f752a0de-59fc-5806-9508-122a259aadf2', '05ccad0d-d28d-5b03-9d8a-38cd65ec2946', 'f11d30a2-0109-5e57-9587-d17ba1364d2d', '03573208-af6c-5ed7-9d4c-6c73be6b8e0c', 'e611dbfd-ac17-5584-b1b0-6dbe0c407730', '1cad21f2-f878-55cf-9553-a5b25b154c08', '3d7c9686-9569-5fa3-abe2-68866ccba0d6', 'f37d1227-5fed-5f71-b7cf-911057ed7cbc', 'b84472e9-1a12-5a28-bbb7-483090ff55b9', '4c6305b4-68c8-53bf-9c67-37683416661d', '0b597e1c-2c66-5072-b8bb-188d2955bffb', 'cae8c318-5cb1-53e1-9207-61b6eea69920', '74774f6f-ead4-59ce-91dd-8c37a9ad15b9', '7cfb07f9-0b74-5ef3-b5b6-b57275fcde39', '35d47135-093a-5bc5-aa71-00cbd54a5e29', 'd8fae5a7-b5ba-5410-8f2f-effd0afeb672', '27b32498-29b4-58ca-9e78-ae91c64c8872', '340967fe-54ec-5093-b4e6-c4f010d6493c', 'b04a5bbe-62b0-5aeb-8e73-d09f158a1efe', 'a9f28943-cd78-59c0-9ec2-f4ca21e6d665', 'd2effcaa-5c75-55f3-9d0f-6f91896d7a6a', 'f466f465-4355-5fed-bd9b-0337ac97e29a', '1ddefae2-932b-55ce-83ea-8c745346b781', 'a2106db2-cacb-51c3-b71b-d1189eb3dc1e', '33092fc0-5b35-5d31-be3a-b98dd2ad8074', '4603f188-7346-59a1-b447-49e499583f4e', '192f1e6c-eee1-5a15-907e-e0ba2eeb7368', '70e19185-686c-5957-80e1-23b4ab8910d1', '4487ff4a-4305-59e0-aca0-70dc32f837c9', 'c94f1475-70bc-59e4-84ab-bdab9703f69e', '2fbeb761-6f14-5efd-ac39-b57649a3860b', '13666676-4288-5243-8b94-ad9144595a6c', '10f9124d-6062-5a14-85da-05d74a49ca63', '96682937-6424-5f10-9726-ea65590a5a83', '9d8d6b7e-7264-5200-bebf-f90b66b3715f', 'b4a1e85a-98d4-5a0f-bacb-3dc566b49cdb', 'cd5c0596-3059-58d8-b7b5-fce4d0edd6fd', '52b6e98a-a695-538b-97a7-6c35ff5b3b38', 'a60bb7c9-eccf-56e9-b201-a1eee0c25750', '4e4b5c15-8899-5eaa-a3d5-d182d1069395', '56e31342-66d1-592b-a872-99387da8398e', '2dca6e5f-c324-5c69-9856-fde628426355', '77af92ff-190d-5880-8cf0-0ab8a42f711f', '4f277377-e4a1-5197-a312-aeaedae93c8c', '1add8108-981a-59e8-a114-22e96465a994', '06fcf09f-b204-55e4-9716-52447033af38', '85629355-1dfb-5867-854d-5e90ff7a8cda', 'e1d625de-4248-5afd-ad67-01f49bee9ba2', '54f0a1c3-ca4a-5761-b5f9-82a62c9bffa0', 'dd4301d0-a563-57ca-a2b7-17de966778d6', 'ee37c28b-d434-575f-a056-0f393ab6ef5b', '90a55f25-585c-5d4f-a75f-def19cf984c9', 'c87db149-cb49-563e-bb8a-1718cae44d49', 'bfa5b9e7-418c-5904-92de-f76610812f5e', 'd0f525a2-04db-5aaa-85d1-f023d453e991', 'c01255e1-92d7-5ae1-a47b-660e6c83cc3a', '1a0940ba-0491-5893-887e-9458b4a95fec', '9ff0fa0e-ceb2-542b-98d2-11b6503b4952', 'e3f94122-34b2-58ad-9d07-1842dc036788', 'b8e9062d-fc04-5337-8052-ee68f52a4cbc', '10f28926-d69c-5e4c-ad73-6f000773ca5e', 'be2066f4-831b-5374-9209-52625ab917cc', 'e9694da7-f84a-5ad9-9c2f-dae0a67df983', '0ec9c581-0f7e-59c2-9a26-967f25e4532d', '39ea143d-5bd5-5949-8d45-e80a442a22e0', 'f3876931-078c-5ea5-9a97-d3071363a772', 'a2212adf-5348-57e3-93c9-558512a5bfec', '5a0028f6-1ec1-55b0-811e-2a8b19e43b84', '234a4c92-14e2-594e-8363-29295812781a', '35a06ef2-252b-56d6-8a06-8b977e5cb2ec', '1d41f55b-ce1c-5792-96ee-a265d681134b', '0cfc7d1d-3d62-506d-af5a-66bf7e79fa9a', '041a32e3-ca09-53c8-bd8d-7c17dc936de6', 'a121d3ed-faf8-5c63-85fd-efef1289a853', 'd3400afd-9aed-5021-bad2-9232143b8a5e', '696705c1-6992-5c02-ae44-181c4600c8e0', '4925edea-3589-52d2-8d3c-623a75a42ed2', '565e825d-4d13-5669-a32f-6f693d355e83', '4b285a90-109a-5fcb-b29a-0ee814779d76', '38327403-a725-5017-a840-b7561d5f37d1', 'a477778d-8cf7-5cd1-95e0-08a9cd2939d2', '4e38af77-173d-5cc8-adf3-ae1a1438b7ba', '25f94ba5-e6ee-591d-b928-4f736df8acb7', 'f539aa3c-0955-5c9b-9845-d549ae885309', 'ce37af1c-fb83-5a55-aa72-391d5cc2689b', '36ad0255-9d43-5199-90d3-f75d4095a2db', '23a33e83-084b-5a3a-8637-b0663766f18c', 'f5d1e33b-ecc7-55e3-b44e-f6cabe34dbb4', '8a1dc8d9-4bda-5a4a-ace4-d82a28eae8fa', 'f464854e-fd92-5c86-aaab-964f06fbe33a', '9546b566-f476-5209-a1e1-c1fcc8e43742', 'b5448929-2227-53df-aa24-c45020f29aeb', '26a5eb9e-5b2a-56b1-a6ca-ecd2d6f962c0', 'c7a5fc84-2242-57d9-9cac-7e8513947f2d', '41d7dcda-2ea3-52cb-b146-cc18327f8e12', 'c53e4b41-3136-56f7-b6e1-9957ad0fe710', 'dc552419-dc18-5bf9-840d-8b81e904fc51', 'ad751329-4a02-5197-ba36-abea8e4d2026', '7750579f-e6a3-5d35-bbda-9c6079118ec2', 'd02c64e5-4b19-52cc-9ee7-a2a780473d84', '85e52cea-54c7-5626-9051-729e9f3dafbf', '88588c75-a942-53f2-838c-dabd05732699', 'b125d3ba-7e31-5be8-a5b1-35a411894f08', 'c800adc8-8e8b-5627-a1cf-98c150df0173', 'cc04833f-062f-5e8b-bf35-36dffaac300a', '3038ae0e-4afb-55d1-9c30-d9df8024c58a', 'c2b37e1f-aae5-51a5-9c5b-c28bfa9dd35f', 'c565a814-6249-559c-905d-6d3787ffd9ca', 'c2dd9ea1-b9ab-5f7a-bbce-8fda65bd3080', 'cdf412ef-6e69-508f-b41a-4aafa705fcf3', '6daa1b9a-b48a-5ec8-8449-730ad34b381c', '92d8c3b9-8abd-589d-b9bf-1caf9ad39232', '472d26a2-f2bb-5a4b-b7db-b0d44af7d518', 'af4946e0-d0c0-59c1-a2ff-158b4ce3f7b7', '35b1fd77-40e7-51e9-90ef-1469e7af9510', '1fecf934-e6ea-5fcb-b1d2-aa8c5597ccdd', '8253f21a-09e3-5d68-a635-de41f1555ef4', '977e5217-e004-5354-97d5-2fd48757b5c7', 'c8136840-6814-5f06-9c40-b10e1d1f479e', '060da265-9844-5182-ac24-b125dec38f43', '343c82f0-3d6e-5bd2-8429-f13e834ec8aa', 'f7fd461a-020a-5354-84bc-84ddc7589b38', 'ca568965-18e4-5703-8456-4e5efa3e99df', '731334d8-546d-56a9-a819-4af74305b5cb', '208c172d-6179-5d44-bb96-bc72b7822c38', '4757b52b-ab55-5f6b-8b0d-b5db59c6e535', 'd500c0ee-f9aa-5990-8ba8-9764b6906ba8');
  END IF;
END $$;
DELETE FROM public.exercises WHERE subject_id = 'eveil-scientifique-6eme' AND source = 'admin' AND id NOT IN ('1c711c11-93d9-5c1a-a172-2e42e9639577', '95a7dd4f-f56f-5189-87f5-f8258dd27a5b', 'dbd48634-d6aa-59c9-96de-2e95e4c8e4be', '7552521d-0930-57e3-bc97-d27689d002f2', '3dd0f522-71ce-5d61-bbd7-1ff28f99740b', '31c7f00e-2811-5947-b3fb-96d2c5012f46', '785b1133-03dc-5ea6-a119-68343d35e8c5', '45614f7e-b1c0-5094-8f09-3d1ee809b452', 'c9471038-aa68-5d23-9828-c6787a18a851', '93e3ff54-751f-5338-9891-ed7496283db4', '83144a7b-33cd-5d46-981e-0d6aea1b6c3f', '9ce85352-fd3a-5438-b2c8-5490dc648e59', '21283609-6e6f-5624-bc24-cedd580c9f0a', 'ba04966f-d093-56cb-81c9-1dd689f6edc5', '25e852eb-166d-5524-beb5-573294fd9eb6', '5a8adbb4-f4f5-51ac-bbee-71e52c439c0a', 'd97ff5d4-e6f6-54be-8c0f-eaf6fe2e1a2a', '69aa3ace-412d-5b40-9cef-44addf566012', '1d0412f9-ef6c-5479-84a2-2e542351f305', 'a1223f64-4330-52b5-8b8a-ae4694a55832', '259fd70b-0e26-583e-941d-5b8ff81932c2', '93b390db-d856-50d9-8cc7-74dc537f737d', '6c647109-fa0a-5dd0-992a-37912e24f1c5', 'e5fb5a0a-624e-5402-b813-fea1d2e80fd0', 'aecf02b2-d4c6-5cc5-867f-38928ffbdb57', '02ecec19-f2c1-58c9-bb3f-5f5a83be045b', '68655d37-f975-53af-b6fb-2687adba1ce9', '28c17ebc-d3df-52e1-bf70-852dfb60ab2e', 'c5cd521a-7515-5ad2-9da2-0302047934f2', 'ae6c1d5c-5cad-5808-89e8-9e1adf0bf999', '2d4a5a54-c42d-5b52-af11-1defbf9d111b', 'c4e2a3ed-497c-53fb-8fcf-43715af0a905', 'e3e33551-4a10-565a-8e72-5d793a91cd21', '8b358f1d-19f3-59a8-8c1d-05a7b4b974f8', '7604dfa9-2520-5fa6-b167-7b20b942b74f', '36dcfbe7-b335-532c-84cb-b653a205ab43', '5d11df30-d45c-5032-8b00-54443d9ee35e', '7049d040-615f-5421-8a70-4ca5d31245f9', '2a7e2ab1-3888-5d77-b216-dd3c7bbe7b87', 'ec50f320-46e1-5832-be14-69e1a409032e', '1b677443-6deb-5939-bcb6-d20ef3d481ac', '8a4a236b-8822-5ea9-a6b1-cd02385c3ae1');
DELETE FROM public.questions WHERE exercise_id IN ('1c711c11-93d9-5c1a-a172-2e42e9639577', '95a7dd4f-f56f-5189-87f5-f8258dd27a5b', 'dbd48634-d6aa-59c9-96de-2e95e4c8e4be', '7552521d-0930-57e3-bc97-d27689d002f2', '3dd0f522-71ce-5d61-bbd7-1ff28f99740b', '31c7f00e-2811-5947-b3fb-96d2c5012f46', '785b1133-03dc-5ea6-a119-68343d35e8c5', '45614f7e-b1c0-5094-8f09-3d1ee809b452', 'c9471038-aa68-5d23-9828-c6787a18a851', '93e3ff54-751f-5338-9891-ed7496283db4', '83144a7b-33cd-5d46-981e-0d6aea1b6c3f', '9ce85352-fd3a-5438-b2c8-5490dc648e59', '21283609-6e6f-5624-bc24-cedd580c9f0a', 'ba04966f-d093-56cb-81c9-1dd689f6edc5', '25e852eb-166d-5524-beb5-573294fd9eb6', '5a8adbb4-f4f5-51ac-bbee-71e52c439c0a', 'd97ff5d4-e6f6-54be-8c0f-eaf6fe2e1a2a', '69aa3ace-412d-5b40-9cef-44addf566012', '1d0412f9-ef6c-5479-84a2-2e542351f305', 'a1223f64-4330-52b5-8b8a-ae4694a55832', '259fd70b-0e26-583e-941d-5b8ff81932c2', '93b390db-d856-50d9-8cc7-74dc537f737d', '6c647109-fa0a-5dd0-992a-37912e24f1c5', 'e5fb5a0a-624e-5402-b813-fea1d2e80fd0', 'aecf02b2-d4c6-5cc5-867f-38928ffbdb57', '02ecec19-f2c1-58c9-bb3f-5f5a83be045b', '68655d37-f975-53af-b6fb-2687adba1ce9', '28c17ebc-d3df-52e1-bf70-852dfb60ab2e', 'c5cd521a-7515-5ad2-9da2-0302047934f2', 'ae6c1d5c-5cad-5808-89e8-9e1adf0bf999', '2d4a5a54-c42d-5b52-af11-1defbf9d111b', 'c4e2a3ed-497c-53fb-8fcf-43715af0a905', 'e3e33551-4a10-565a-8e72-5d793a91cd21', '8b358f1d-19f3-59a8-8c1d-05a7b4b974f8', '7604dfa9-2520-5fa6-b167-7b20b942b74f', '36dcfbe7-b335-532c-84cb-b653a205ab43', '5d11df30-d45c-5032-8b00-54443d9ee35e', '7049d040-615f-5421-8a70-4ca5d31245f9', '2a7e2ab1-3888-5d77-b216-dd3c7bbe7b87', 'ec50f320-46e1-5832-be14-69e1a409032e', '1b677443-6deb-5939-bcb6-d20ef3d481ac', '8a4a236b-8822-5ea9-a6b1-cd02385c3ae1') AND id NOT IN ('22b1784b-cfc3-514b-9c28-f09f47b66944', '647cbfbc-b8e2-5b40-bba6-22e3c136e4cd', '5d2c2a2f-85de-50da-8e69-e418201c807b', '25148e63-2f62-5534-92f4-be9d4d5c8ce0', 'ab2c7b9c-0468-5dec-b731-4762c3bdfbcb', '82dcbdab-16a7-5df9-9cb7-f4cddb7cb0e1', 'e06a976d-142d-556b-811c-49bc1cadae23', 'c0061061-4c17-5e75-ab76-75793f41e464', 'b76bf2e4-e2a0-597d-a05a-6be2a216e4a2', '139e4b74-06da-5979-8395-f9497d98cb71', '8f9da4f4-5811-5f01-a30b-10d394173566', '23ba0a44-a33b-5cc0-b56c-0ed407c81516', 'faff4440-78e7-5010-b17d-3a2b46830f88', '8dff7eee-11c3-5ba3-98bc-ff8f02ead6db', 'f683b638-cc3c-5a55-a388-82ba940e7b29', '9b17c77a-462b-5ecb-b45a-8efe0e8e6c45', 'e8e67b32-c3ac-5bd8-a988-3f58829e1ad7', 'cb6656de-0f96-5120-bd27-cfe3d371dd65', 'fabdd1ed-2731-53e9-b46b-e7848bcca742', '6e1b2b61-5df0-58d5-847f-b84878fde7c9', '477d8191-370c-54f3-b72b-9c11054d1edd', '85e563a0-fd0f-5fd4-b229-fa1ffbdb5912', '642b9384-a3b7-5657-b727-de2b8817ce7b', '7ff2e5f0-a0d5-545e-aa4f-e6a68802bbc0', '2127e544-e2ff-5603-9d28-3dc492666a99', '353627f0-2068-5961-8f0a-4cb97333879c', '07d3d011-b650-5bc8-b293-607d11bcffff', '74666f2c-e6d6-5769-8c5d-2d0294955edc', 'd6709280-b3d8-5a2c-99f1-84ca6e159405', 'ef8fe2ed-827e-5bc2-9690-1f6133188c6d', 'e11a043e-95e0-593f-80b3-913cc03f1b0e', '09fd283e-06cc-5e66-a3de-3999e365a953', '08ff61cc-7013-5d02-a8df-34f4ea0d8559', '13349f24-ec96-5949-86bb-3971f68b5d2e', '1f6d5b40-df86-50b9-8d0b-5fbf6e753273', 'daf8a4c2-099a-5dbc-8de1-39c4e7fd305a', '9e96e371-8cfb-5e45-88b8-b335cfd4ddc8', 'bccab6fe-9303-559a-90c7-3b76e3aedc39', '1bf295eb-9a58-5cae-879c-2df38cdbba36', '7bd45187-54c3-5296-bcb5-bafb7c24bbe4', 'a9118ad3-48fd-54b7-8a88-74254fdcdb7a', '02b7493d-0a90-51b9-ab4d-2c6062fb8b2b', 'e1c04794-5255-56a7-8877-0c5575d985c7', '9fcadfa1-c422-577a-a63f-ac6e8515f591', '159c036b-42bc-56a3-aaf8-969b97f1496f', '0d03b54c-9422-51dc-85ff-7d37a59ac103', '6214cf7a-e549-588d-8cbb-b406af16aff0', 'abc98ba8-9d5c-5498-acc1-f743901e7879', '5a559640-7cd6-5fe1-ae7e-81f1de11de8e', '67b14cb9-a119-57db-8eba-706116074617', 'f7f33503-b459-5d27-adc8-d84ddd9cff08', 'dd185a0c-5964-5921-89c5-6efda6cc9cd4', 'd8a54c40-6502-5056-bf69-f383bc3a676a', 'd7655934-9e62-5a01-a5ed-22de92ae59cb', '0993075f-f19b-509e-825f-0ed08c7fd454', '18063625-8d57-5ff3-928c-639e90c4fa14', '6a967509-b002-58fc-b16d-d5ffd9242d63', '608c5491-da95-5c7d-893e-750d1b7b6f9d', '1f99edab-6543-54c6-ac7b-77f9f4a1d8c7', 'c03e30e1-b023-51fb-a85a-c0398441f94c', '386d67af-7e63-5a6a-8a0c-e2509a41a81b', '39959081-838f-544e-bc60-b45818a9f0ce', 'b93f158a-23c1-5475-9070-bd3f7855aaa8', 'f3cd1045-3d9f-55ce-9308-aa21205f383b', '76e167cd-8d4e-5be5-85ef-6fc2c010ef91', '25767b39-8d52-50ae-84b5-430398ee5bf3', 'dcd9b827-88b9-54d0-8744-f6a7c258031c', '1cc0ee4d-cb5d-5c0c-bcf1-95ef5f970df4', '4bb77781-f351-5501-9e6d-237773298888', '6dd95402-0204-5cd8-9f51-681b9577b53d', '57e35d02-c3b4-57d0-a79d-c78d60e826b7', 'd07f106a-5080-58ba-87c1-5f4b7778c331', 'f97d3e0d-fc52-58b2-8851-99a53f0ea7b4', 'ff728071-e2ab-5e02-a50f-9a0bae3ec40a', '83feb802-34ba-547d-86f5-afa61e0f361a', 'eb65f3da-8183-580d-a805-1f2d36292a0f', '27a56397-91e1-5876-814a-f8283f7a913a', '6778f97d-b31f-5c85-b06f-f31d204d840f', '509f07d9-78c5-573f-bfe1-c6a40f324ce2', 'a43c0482-0ff7-54b7-892b-e9a96e9f316d', '789f77cb-8f58-51f6-b872-c6db571d7355', '4251c047-26f4-55a4-b131-ee1af87d5bef', 'ce65fa02-3925-56b9-bad1-1e1a4f856b5c', '5dd3b035-e4b9-56bc-8d84-bb098ef7e407', '7cfe7c7b-ef68-57d9-8143-948130313ce7', '2841e9e5-9800-5ec2-bf00-6f62c4357b3e', '6fbf4970-b44d-57ae-8fef-942a73ec719d', '5346b05b-37c7-5fd6-aeda-1ef357eb8278', '38dc6a97-457f-5c42-b02e-069a87a11bc3', 'fbd347fa-698b-5e74-9e4c-049422a29781', '87623f38-b4f1-5bed-ab71-9b216463a61b', 'dfcb43b3-6192-5598-8236-2bcce1004488', 'deda32eb-75cc-532a-bfbd-f824f2f9d810', '811267f4-0bee-574b-b9f1-76291e74a596', 'd96dc9dc-8f78-5259-aded-3995906da600', '995f1b02-168d-59ae-b2b3-d84204c67ed9', 'b13a435f-81ba-57b4-b009-54a8978d619d', 'da55f641-4fd9-5828-8444-472d2388d0fb', '0c4cd92f-70c9-5c7a-a1f6-af7d4570dc3f', '7a23f433-a990-549e-8e5b-42066890bf8b', '200f2a92-1c5e-5594-bd59-6bac9037abf7', 'f7e5501e-298d-5303-9222-88503da6124d', '82e16296-f6d6-57b6-927e-04c21c48ac31', '198f99da-24d1-5be9-984c-4c2b81154870', '70237436-444d-5abf-912c-37e00c8aa73b', '598dcf22-8f0d-56ce-af19-6b95c7a7fdeb', 'da6185d0-9015-526f-936e-d63ab33167ec', 'f9230061-659f-5ead-b17e-a9d0010fb4ba', 'ec33c552-5786-5491-9e34-996aa80fa514', 'ff7b5569-9796-5ac6-a861-0e8dc4336867', '728bd33e-bc94-5853-816f-e757c62a2534', 'fdb90979-16b6-58ad-b6d0-f774fe4fa0cd', 'e64affef-a984-594f-8854-a74afeea2a04', '77812901-dfc7-58f1-ab41-2e518f9d1e5f', 'b994ad66-2f09-5b3e-b031-152ba52996df', 'cf5bedb3-703f-54a9-b9b2-cccb424ef271', '3fa136f8-5cb2-574b-9e29-3a498c81f9fc', 'f0051dd3-2108-542f-9056-d381d5a66bb2', 'f752a0de-59fc-5806-9508-122a259aadf2', '05ccad0d-d28d-5b03-9d8a-38cd65ec2946', 'f11d30a2-0109-5e57-9587-d17ba1364d2d', '03573208-af6c-5ed7-9d4c-6c73be6b8e0c', 'e611dbfd-ac17-5584-b1b0-6dbe0c407730', '1cad21f2-f878-55cf-9553-a5b25b154c08', '3d7c9686-9569-5fa3-abe2-68866ccba0d6', 'f37d1227-5fed-5f71-b7cf-911057ed7cbc', 'b84472e9-1a12-5a28-bbb7-483090ff55b9', '4c6305b4-68c8-53bf-9c67-37683416661d', '0b597e1c-2c66-5072-b8bb-188d2955bffb', 'cae8c318-5cb1-53e1-9207-61b6eea69920', '74774f6f-ead4-59ce-91dd-8c37a9ad15b9', '7cfb07f9-0b74-5ef3-b5b6-b57275fcde39', '35d47135-093a-5bc5-aa71-00cbd54a5e29', 'd8fae5a7-b5ba-5410-8f2f-effd0afeb672', '27b32498-29b4-58ca-9e78-ae91c64c8872', '340967fe-54ec-5093-b4e6-c4f010d6493c', 'b04a5bbe-62b0-5aeb-8e73-d09f158a1efe', 'a9f28943-cd78-59c0-9ec2-f4ca21e6d665', 'd2effcaa-5c75-55f3-9d0f-6f91896d7a6a', 'f466f465-4355-5fed-bd9b-0337ac97e29a', '1ddefae2-932b-55ce-83ea-8c745346b781', 'a2106db2-cacb-51c3-b71b-d1189eb3dc1e', '33092fc0-5b35-5d31-be3a-b98dd2ad8074', '4603f188-7346-59a1-b447-49e499583f4e', '192f1e6c-eee1-5a15-907e-e0ba2eeb7368', '70e19185-686c-5957-80e1-23b4ab8910d1', '4487ff4a-4305-59e0-aca0-70dc32f837c9', 'c94f1475-70bc-59e4-84ab-bdab9703f69e', '2fbeb761-6f14-5efd-ac39-b57649a3860b', '13666676-4288-5243-8b94-ad9144595a6c', '10f9124d-6062-5a14-85da-05d74a49ca63', '96682937-6424-5f10-9726-ea65590a5a83', '9d8d6b7e-7264-5200-bebf-f90b66b3715f', 'b4a1e85a-98d4-5a0f-bacb-3dc566b49cdb', 'cd5c0596-3059-58d8-b7b5-fce4d0edd6fd', '52b6e98a-a695-538b-97a7-6c35ff5b3b38', 'a60bb7c9-eccf-56e9-b201-a1eee0c25750', '4e4b5c15-8899-5eaa-a3d5-d182d1069395', '56e31342-66d1-592b-a872-99387da8398e', '2dca6e5f-c324-5c69-9856-fde628426355', '77af92ff-190d-5880-8cf0-0ab8a42f711f', '4f277377-e4a1-5197-a312-aeaedae93c8c', '1add8108-981a-59e8-a114-22e96465a994', '06fcf09f-b204-55e4-9716-52447033af38', '85629355-1dfb-5867-854d-5e90ff7a8cda', 'e1d625de-4248-5afd-ad67-01f49bee9ba2', '54f0a1c3-ca4a-5761-b5f9-82a62c9bffa0', 'dd4301d0-a563-57ca-a2b7-17de966778d6', 'ee37c28b-d434-575f-a056-0f393ab6ef5b', '90a55f25-585c-5d4f-a75f-def19cf984c9', 'c87db149-cb49-563e-bb8a-1718cae44d49', 'bfa5b9e7-418c-5904-92de-f76610812f5e', 'd0f525a2-04db-5aaa-85d1-f023d453e991', 'c01255e1-92d7-5ae1-a47b-660e6c83cc3a', '1a0940ba-0491-5893-887e-9458b4a95fec', '9ff0fa0e-ceb2-542b-98d2-11b6503b4952', 'e3f94122-34b2-58ad-9d07-1842dc036788', 'b8e9062d-fc04-5337-8052-ee68f52a4cbc', '10f28926-d69c-5e4c-ad73-6f000773ca5e', 'be2066f4-831b-5374-9209-52625ab917cc', 'e9694da7-f84a-5ad9-9c2f-dae0a67df983', '0ec9c581-0f7e-59c2-9a26-967f25e4532d', '39ea143d-5bd5-5949-8d45-e80a442a22e0', 'f3876931-078c-5ea5-9a97-d3071363a772', 'a2212adf-5348-57e3-93c9-558512a5bfec', '5a0028f6-1ec1-55b0-811e-2a8b19e43b84', '234a4c92-14e2-594e-8363-29295812781a', '35a06ef2-252b-56d6-8a06-8b977e5cb2ec', '1d41f55b-ce1c-5792-96ee-a265d681134b', '0cfc7d1d-3d62-506d-af5a-66bf7e79fa9a', '041a32e3-ca09-53c8-bd8d-7c17dc936de6', 'a121d3ed-faf8-5c63-85fd-efef1289a853', 'd3400afd-9aed-5021-bad2-9232143b8a5e', '696705c1-6992-5c02-ae44-181c4600c8e0', '4925edea-3589-52d2-8d3c-623a75a42ed2', '565e825d-4d13-5669-a32f-6f693d355e83', '4b285a90-109a-5fcb-b29a-0ee814779d76', '38327403-a725-5017-a840-b7561d5f37d1', 'a477778d-8cf7-5cd1-95e0-08a9cd2939d2', '4e38af77-173d-5cc8-adf3-ae1a1438b7ba', '25f94ba5-e6ee-591d-b928-4f736df8acb7', 'f539aa3c-0955-5c9b-9845-d549ae885309', 'ce37af1c-fb83-5a55-aa72-391d5cc2689b', '36ad0255-9d43-5199-90d3-f75d4095a2db', '23a33e83-084b-5a3a-8637-b0663766f18c', 'f5d1e33b-ecc7-55e3-b44e-f6cabe34dbb4', '8a1dc8d9-4bda-5a4a-ace4-d82a28eae8fa', 'f464854e-fd92-5c86-aaab-964f06fbe33a', '9546b566-f476-5209-a1e1-c1fcc8e43742', 'b5448929-2227-53df-aa24-c45020f29aeb', '26a5eb9e-5b2a-56b1-a6ca-ecd2d6f962c0', 'c7a5fc84-2242-57d9-9cac-7e8513947f2d', '41d7dcda-2ea3-52cb-b146-cc18327f8e12', 'c53e4b41-3136-56f7-b6e1-9957ad0fe710', 'dc552419-dc18-5bf9-840d-8b81e904fc51', 'ad751329-4a02-5197-ba36-abea8e4d2026', '7750579f-e6a3-5d35-bbda-9c6079118ec2', 'd02c64e5-4b19-52cc-9ee7-a2a780473d84', '85e52cea-54c7-5626-9051-729e9f3dafbf', '88588c75-a942-53f2-838c-dabd05732699', 'b125d3ba-7e31-5be8-a5b1-35a411894f08', 'c800adc8-8e8b-5627-a1cf-98c150df0173', 'cc04833f-062f-5e8b-bf35-36dffaac300a', '3038ae0e-4afb-55d1-9c30-d9df8024c58a', 'c2b37e1f-aae5-51a5-9c5b-c28bfa9dd35f', 'c565a814-6249-559c-905d-6d3787ffd9ca', 'c2dd9ea1-b9ab-5f7a-bbce-8fda65bd3080', 'cdf412ef-6e69-508f-b41a-4aafa705fcf3', '6daa1b9a-b48a-5ec8-8449-730ad34b381c', '92d8c3b9-8abd-589d-b9bf-1caf9ad39232', '472d26a2-f2bb-5a4b-b7db-b0d44af7d518', 'af4946e0-d0c0-59c1-a2ff-158b4ce3f7b7', '35b1fd77-40e7-51e9-90ef-1469e7af9510', '1fecf934-e6ea-5fcb-b1d2-aa8c5597ccdd', '8253f21a-09e3-5d68-a635-de41f1555ef4', '977e5217-e004-5354-97d5-2fd48757b5c7', 'c8136840-6814-5f06-9c40-b10e1d1f479e', '060da265-9844-5182-ac24-b125dec38f43', '343c82f0-3d6e-5bd2-8429-f13e834ec8aa', 'f7fd461a-020a-5354-84bc-84ddc7589b38', 'ca568965-18e4-5703-8456-4e5efa3e99df', '731334d8-546d-56a9-a819-4af74305b5cb', '208c172d-6179-5d44-bb96-bc72b7822c38', '4757b52b-ab55-5f6b-8b0d-b5db59c6e535', 'd500c0ee-f9aa-5990-8ba8-9764b6906ba8');
DELETE FROM public.chapters c WHERE c.subject_id = 'eveil-scientifique-6eme' AND c.id NOT IN ('e560f7f7-a314-5ca6-a3f1-a294385e4f28', '38976f55-d157-591a-9efd-ad38e0e0b33a', 'a5efe929-363c-5e01-a9bc-06eff4fbe288', 'dcc4acda-70b9-50dd-b4f2-b161b7ddd292', '9ba90402-06a3-5fc3-84bf-8c80671bb811', 'd5eff8d2-9652-5d05-acbb-cc647378b654', '2c330d4a-3925-533b-a583-37df79d0c174') AND NOT EXISTS (SELECT 1 FROM public.exercises e WHERE e.chapter_id = c.id);

INSERT INTO public.chapters (id, subject_id, title, description, lesson_content, summary, display_order) VALUES
  ('e560f7f7-a314-5ca6-a3f1-a294385e4f28', 'eveil-scientifique-6eme', 'الهواء', 'خاصيّاتُ الهواء ومكوّناتُه (الآزوت والأكسجين)، وأهميّتُه للحياة، والاحتراقُ ودورُ الأكسجين', '# 💨 الهواء

> 💡 «الهواءُ غازٌ لا نراه، لكنّنا نحسّ به ولا نعيشُ من دونه. لنكتشفْ ممّ يتكوّن وكيف يحفظُ الحياة.»

## 🌬️ خاصيّاتُ الهواء

- **غيرُ مرئيّ**، لكنّه مادّةٌ حقيقيّة.
- **له كتلة** (يمكن وزنُه).
- **يشغلُ حيّزًا** (يملأ كلَّ إناءٍ يوجدُ فيه).
- **قابلٌ للانضغاط** (يمكن ضغطُه في حجمٍ أصغر، كما في إطار العجلة).

## 🧪 مكوّناتُ الهواء

الهواءُ **خليطٌ** من الغازات:

| الغاز                                 | النسبة التقريبيّة |
| ------------------------------------- | ----------------- |
| الآزوت (النيتروجين)                   | حوالي 78%         |
| الأكسجين                              | حوالي 21%         |
| غازاتٌ أخرى (منها ثاني أكسيد الكربون) | حوالي 1%          |

## 🔥 الاحتراقُ وأهميّةُ الأكسجين

- **الأكسجينُ** غازٌ ضروريٌّ للتنفّس وللاحتراق.
- لا يحدثُ **احتراقٌ** بدون أكسجين: إذا غطّينا شمعةً مشتعلةً بكأسٍ مقلوب **تنطفئ** بعد نفاد الأكسجين.
- الهواءُ ضروريٌّ لحياة **الإنسان والحيوان والنبات**.

> ⚠️ الفخّ الشائع: الظنُّ أنّ الهواء كلَّه أكسجين. في الحقيقة الأكسجينُ حوالي **21%** فقط، والأغلبُ آزوت (حوالي 78%).

> 🏆 عرفتَ خاصيّاتِ الهواء ومكوّناتِه. التالي: كيف يستعملُ جسمُنا أكسجينَ الهواء في التنفّس.', '# 📜 ملخّص: الهواء

- **خاصيّاتُ الهواء:** غيرُ مرئيّ، له كتلة، يشغلُ حيّزًا، قابلٌ للانضغاط.
- **مكوّناتُه:** آزوت حوالي 78%، أكسجين حوالي 21%، غازاتٌ أخرى حوالي 1% (منها ثاني أكسيد الكربون).
- **الأكسجين** ضروريٌّ للتنفّس وللاحتراق؛ بدونه تنطفئُ الشعلة.
- الهواءُ ضروريٌّ لحياة الإنسان والحيوان والنبات.
- ⚠️ الأكسجينُ ليس كلَّ الهواء، بل حوالي 21% فقط.', 1)
ON CONFLICT (id) DO UPDATE SET
  subject_id = EXCLUDED.subject_id,
  title = EXCLUDED.title,
  description = EXCLUDED.description,
  lesson_content = EXCLUDED.lesson_content,
  summary = EXCLUDED.summary,
  display_order = EXCLUDED.display_order;

INSERT INTO public.chapters (id, subject_id, title, description, lesson_content, summary, display_order) VALUES
  ('38976f55-d157-591a-9efd-ad38e0e0b33a', 'eveil-scientifique-6eme', 'التنفّس عند الإنسان', 'حركتا الشهيق والزفير، ومسارُ الهواء في جهاز التنفّس، والتبادلُ الغازيُّ في مستوى الرئتين', '# 🫁 التنفّس عند الإنسان

> 💡 «في كلّ لحظةٍ نتنفّس: نأخذُ الأكسجينَ من الهواء ونتخلّصُ من ثاني أكسيد الكربون. لنتتبّعْ رحلةَ الهواء داخل أجسامنا.»

## 🔄 حركتا التنفّس

- **الشهيق:** ندخلُ الهواءَ الغنيَّ بالأكسجين إلى الرئتين.
- **الزفير:** نُخرجُ الهواءَ المحمّلَ بثاني أكسيد الكربون.

## 🛣️ مسارُ الهواء (جهاز التنفّس)

الأنف ← القصبة الهوائيّة ← الرئتان ← الحويصلات الهوائيّة.

## 💨 التبادلُ الغازيُّ في الرئتين

في **الحويصلات الهوائيّة** يحدثُ التبادل:

- **الأكسجين** ينتقلُ من الهواء إلى **الدم**.
- **ثاني أكسيد الكربون** ينتقلُ من الدم إلى الهواء ليُطرحَ بالزفير.

> 🌬️ لذلك يكون **هواءُ الشهيق** أغنى بالأكسجين، و**هواءُ الزفير** أغنى بثاني أكسيد الكربون.

> ⚠️ الفخّ الشائع: الظنُّ أنّنا نطردُ كلَّ الأكسجين في الزفير. الحقيقة أنّنا نأخذُ جزءًا منه فقط؛ يبقى في الزفير أكسجين، لكنّ نسبةَ ثاني أكسيد الكربون فيه ترتفع.

> 🏆 فهمتَ كيف يدخلُ الأكسجينُ إلى الدم. التالي: كيف ينقلُ الدمُ هذا الأكسجينَ إلى كلّ الجسم.', '# 📜 ملخّص: التنفّس عند الإنسان

- **التنفّس:** أخذُ الأكسجين وطرحُ ثاني أكسيد الكربون.
- **حركتاه:** الشهيق (إدخال الهواء) والزفير (إخراج الهواء).
- **المسار:** الأنف ← القصبة الهوائيّة ← الرئتان ← الحويصلات الهوائيّة.
- **التبادلُ الغازيّ** في الحويصلات: الأكسجين إلى الدم، وثاني أكسيد الكربون من الدم إلى الهواء.
- هواءُ الشهيق غنيٌّ بالأكسجين، وهواءُ الزفير غنيٌّ بثاني أكسيد الكربون.
- ⚠️ الزفيرُ لا يخلو من الأكسجين، لكنّ نسبة ثاني أكسيد الكربون فيه أعلى.', 2)
ON CONFLICT (id) DO UPDATE SET
  subject_id = EXCLUDED.subject_id,
  title = EXCLUDED.title,
  description = EXCLUDED.description,
  lesson_content = EXCLUDED.lesson_content,
  summary = EXCLUDED.summary,
  display_order = EXCLUDED.display_order;

INSERT INTO public.chapters (id, subject_id, title, description, lesson_content, summary, display_order) VALUES
  ('a5efe929-363c-5e01-a9bc-06eff4fbe288', 'eveil-scientifique-6eme', 'جهاز دوران الدم', 'تركيبةُ الدم (البلازما والكريّات الحمراء والبيضاء والصفيحات)، والقلبُ والأوعية، ودورُ الدم في نقل الأكسجين والمغذّيات', '# ❤️ جهاز دوران الدم

> 💡 «الدمُ نهرٌ أحمرُ يجري في جسمك ليلَ نهار، يحملُ الغذاءَ والأكسجينَ إلى كلّ خليّة، والقلبُ مضخّتُه التي لا تتوقّف.»

## 🩸 تركيبةُ الدم

| المكوّن           | الدور                             |
| ----------------- | --------------------------------- |
| البلازما          | سائلٌ يحملُ المكوّناتِ والمغذّيات |
| الكريّات الحمراء  | نقلُ الأكسجين                     |
| الكريّات البيضاء  | الدفاعُ عن الجسم ضدّ الميكروبات   |
| الصفيحات الدمويّة | تخثّرُ الدم وإيقافُ النزيف        |

## 🫀 القلبُ والأوعية

- **القلب:** عضلةٌ تعملُ كـ**مضخّة** تدفعُ الدمَ باستمرار في كامل الجسم.
- **الأوعية الدمويّة:** الشرايينُ (يخرجُ فيها الدمُ من القلب)، والأوردةُ (يرجعُ فيها الدمُ إلى القلب)، والشعيراتُ الدمويّة (دقيقةٌ جدًّا).

## 🚚 وظيفةُ الدم

الدمُ ينقل:

- **الأكسجين** من الرئتين و**المغذّيات** من الأمعاء إلى كلّ الأعضاء.
- **ثاني أكسيد الكربون** والفضلاتِ بعيدًا عن الأعضاء لطرحها.

> ⚠️ الفخّ الشائع: الخلطُ بين دور الكريّات الحمراء (نقلُ الأكسجين) ودور الكريّات البيضاء (الدفاع). لكلٍّ منهما وظيفةٌ مختلفة.

> 🏆 عرفتَ كيف ينقلُ الدمُ الأكسجينَ والغذاء. والتالي في رحلتنا: من أين يأتي هذا الغذاء؟ التغذية عند الإنسان.', '# 📜 ملخّص: جهاز دوران الدم

- **تركيبةُ الدم:** البلازما + الكريّات الحمراء (نقل الأكسجين) + الكريّات البيضاء (الدفاع) + الصفيحات الدمويّة (التخثّر).
- **القلب:** مضخّةٌ تدفعُ الدمَ في كامل الجسم.
- **الأوعية:** الشرايين (من القلب) والأوردة (إلى القلب) والشعيرات الدمويّة.
- **وظيفةُ الدم:** نقلُ الأكسجين والمغذّيات إلى الأعضاء، ونقلُ ثاني أكسيد الكربون والفضلات بعيدًا.
- ⚠️ الكريّاتُ الحمراء تنقلُ الأكسجين، والبيضاءُ تدافعُ عن الجسم.', 3)
ON CONFLICT (id) DO UPDATE SET
  subject_id = EXCLUDED.subject_id,
  title = EXCLUDED.title,
  description = EXCLUDED.description,
  lesson_content = EXCLUDED.lesson_content,
  summary = EXCLUDED.summary,
  display_order = EXCLUDED.display_order;

INSERT INTO public.chapters (id, subject_id, title, description, lesson_content, summary, display_order) VALUES
  ('dcc4acda-70b9-50dd-b4f2-b161b7ddd292', 'eveil-scientifique-6eme', 'التغذية عند الإنسان', 'أصنافُ الأغذية (بانية، طاقيّة، واقية) ووظائفُها، والوجبةُ المتوازنة، والأمراضُ الناتجة عن سوء التغذية', '# 🍎 التغذية عند الإنسان

> 💡 «نأكلُ لنبني أجسامَنا ونتحرّكَ ونقاومَ المرض. لكنّ الغذاءَ الصحّيَّ توازنٌ، لا كثرةٌ ولا قلّة.»

## 🍽️ أصنافُ الأغذية ووظائفُها

| الصنف        | أمثلة                                    | الوظيفة                     |
| ------------ | ---------------------------------------- | --------------------------- |
| أغذية بانية  | اللحوم، السمك، البيض، الحليب، البقول     | بناءُ الجسم ونموّه وترميمُه |
| أغذية طاقيّة | الخبز، العجائن، الأرز، السكّر، الزيت     | تمدُّ الجسمَ بالطاقة        |
| أغذية واقية  | الخضر والغلال (فيتامينات وأملاح معدنيّة) | تقي الجسمَ من الأمراض       |

> 💧 ولا ننسى **الماء**: ضروريٌّ لكلّ وظائف الجسم.

## ⚖️ الوجبةُ المتوازنة

الوجبةُ المتوازنة تحتوي على **الأصناف الثلاثة** بكمّيّاتٍ مناسبة، وتختلفُ الحاجةُ حسب **السنّ والنشاط** (الرياضيُّ يحتاجُ طاقةً أكثر).

## 🤒 سوءُ التغذية

- **الإفراط** (خاصّةً في السكّريات والدهون) ⟵ السمنةُ وتسوّسُ الأسنان.
- **النقص** ⟵ الهزالُ وضعفُ النموّ.
- **نقصُ صنفٍ معيّن** ⟵ أمراضٌ خاصّة (مثل نقص الحديد ⟵ فقر الدم).

> ⚠️ الفخّ الشائع: اعتبارُ الأكل الكثير غذاءً جيّدًا. الغذاءُ الصحّيُّ **متوازنٌ ومتنوّع**، لا مجرّدُ كمّيّةٍ كبيرة.

> 🏆 عرفتَ كيف تختارُ غذاءَك. التالي: كيف تترابطُ الكائناتُ الحيّة في الطبيعة عبر السلاسل الغذائيّة.', '# 📜 ملخّص: التغذية عند الإنسان

- **الأغذية البانية:** (لحوم، سمك، بيض، حليب، بقول) لبناء الجسم ونموّه.
- **الأغذية الطاقيّة:** (خبز، أرز، سكّر، زيت) تمدُّ بالطاقة.
- **الأغذية الواقية:** (خضر وغلال) فيتامينات وأملاح تقي من الأمراض.
- **الماء** ضروريٌّ لكلّ وظائف الجسم.
- **الوجبة المتوازنة:** الأصناف الثلاثة بنسبٍ مناسبة حسب السنّ والنشاط.
- **سوء التغذية:** الإفراط ← السمنة وتسوّس الأسنان؛ النقص ← الهزال؛ نقص الحديد ← فقر الدم.
- ⚠️ الغذاء الجيّد متوازنٌ ومتنوّع، لا مجرّد كمّيّةٍ كبيرة.', 4)
ON CONFLICT (id) DO UPDATE SET
  subject_id = EXCLUDED.subject_id,
  title = EXCLUDED.title,
  description = EXCLUDED.description,
  lesson_content = EXCLUDED.lesson_content,
  summary = EXCLUDED.summary,
  display_order = EXCLUDED.display_order;

INSERT INTO public.chapters (id, subject_id, title, description, lesson_content, summary, display_order) VALUES
  ('9ba90402-06a3-5fc3-84bf-8c80671bb811', 'eveil-scientifique-6eme', 'الوسط البيئي والسلاسل الغذائية', 'الوسطُ البيئي ومكوّناتُه، والسلسلةُ الغذائية (منتِج، مستهلكون) واتّجاهُ السهم، والتوازنُ الطبيعي، وتلوّثُ المياه والمحافظةُ عليها', '# 🌿 الوسط البيئي والسلاسل الغذائية

> 💡 «في الطبيعة، كلُّ كائنٍ حيٍّ يأكلُ ويُؤكَل. هذه العلاقاتُ تنسجُ سلاسلَ تربطُ النباتَ بالحيوان وتحفظُ توازنَ الوسط.»

## 🏞️ الوسطُ البيئي

**الوسطُ البيئي** هو المكانُ الذي تعيشُ فيه الكائناتُ الحيّة (نباتاتٌ وحيوانات) وتتفاعلُ فيما بينها ومع مكوّناته غير الحيّة: **الماء، الهواء، التربة، الضوء**.

## 🔗 السلسلةُ الغذائية

تبيّنُ السلسلةُ الغذائيّة علاقةَ **«مَن يأكلُ مَن»**:

- **المُنتِج:** النباتُ الأخضر، يصنعُ غذاءَه بنفسه.
- **المستهلِكُ الأوّل:** حيوانٌ عاشبٌ يأكلُ النبات.
- **المستهلِكُ الثاني:** حيوانٌ لاحمٌ يأكلُ العاشب.

> 🔁 مثال: **عُشب ← أرنب ← ثعلب** (النباتُ يأكلُه الأرنب، والأرنبُ يأكلُه الثعلب). السهمُ (←) يعني **«يُؤكَلُ مِن قِبَل»**، أي يتّجهُ من المأكول إلى الآكل.

## ⚖️ التوازنُ الطبيعي

كلُّ حلقةٍ تعتمدُ على غيرها؛ فإذا اختفت حلقةٌ (مثلًا النبات) **اختلّت** السلسلةُ كلُّها وتأثّرت بقيّةُ الكائنات.

## 💧 تلوّثُ الأوساط المائية والمحافظةُ عليها

- **مصادرُ التلوّث:** النفاياتُ، المياهُ المستعملة، الموادُّ الكيميائيّة.
- **الوقاية:** عدمُ رمي الفضلات في الماء، ومعالجةُ المياه المستعملة، والمحافظةُ على نظافة الأوساط.
- المياهُ الملوّثةُ تسبّبُ **أمراضًا**، لذلك تجبُ حمايتُها.

> ⚠️ الفخّ الشائع: عكسُ اتّجاه السهم. السهمُ في السلسلة الغذائيّة يتّجهُ دائمًا من **المأكول إلى الآكل** (من النبات إلى العاشب)، لا العكس.

> 🏆 فهمتَ كيف ترتبطُ الكائناتُ في الوسط وكيف نحميه. رحلتُك في عالَم العلوم تتواصل!', '# 📜 ملخّص: الوسط البيئي والسلاسل الغذائية

- **الوسطُ البيئي:** مكانُ عيش الكائنات الحيّة وتفاعلُها فيما بينها ومع الماء والهواء والتربة والضوء.
- **السلسلةُ الغذائية:** المُنتِج (نباتٌ أخضر) ← مستهلكٌ أوّل (عاشب) ← مستهلكٌ ثانٍ (لاحم).
- **السهمُ** يعني «يُؤكَلُ مِن قِبَل»، ويتّجهُ من المأكول إلى الآكل.
- **التوازنُ الطبيعي:** اختفاءُ حلقةٍ يُخلّ بالسلسلة كلّها.
- **تلوّثُ المياه:** مصادرُه النفايات والمياه المستعملة والمواد الكيميائيّة؛ نحميها بعدم التلويث والمعالجة.
- ⚠️ السهمُ يتّجه من المأكول إلى الآكل (لا العكس).', 5)
ON CONFLICT (id) DO UPDATE SET
  subject_id = EXCLUDED.subject_id,
  title = EXCLUDED.title,
  description = EXCLUDED.description,
  lesson_content = EXCLUDED.lesson_content,
  summary = EXCLUDED.summary,
  display_order = EXCLUDED.display_order;

INSERT INTO public.chapters (id, subject_id, title, description, lesson_content, summary, display_order) VALUES
  ('d5eff8d2-9652-5d05-acbb-cc647378b654', 'eveil-scientifique-6eme', 'التكاثر الزهري', 'أعضاءُ الزهرة (السبلات، البتلات، الأسدية، المدقّة)، والتلقيحُ والإخصاب، وتكوّنُ الثمرة والبذور ودورةُ حياة النبات', '# 🌸 التكاثر الزهري

> 💡 «من زهرةٍ صغيرةٍ تولدُ ثمرةٌ وبذور، ومن البذرة تنبتُ نبتةٌ جديدة. هكذا تدومُ حياةُ النبات.»

## 🌼 أعضاءُ الزهرة

| العضو            | الوصف والدور                              |
| ---------------- | ----------------------------------------- |
| السبلات (الكأس)  | أوراقٌ خضراءُ تحمي الزهرةَ وهي برعم        |
| البتلات (التويج) | أوراقٌ ملوّنةٌ تجذبُ الحشرات              |
| الأسدية          | الأعضاءُ الذكريّة، تحملُ **حبوبَ الطلع**    |
| المدقّة          | العضوُ الأنثويّ، يحوي **المبيضَ** وفيه البويضات |

## 🐝 التلقيح

**التلقيحُ** هو انتقالُ حبوب الطلع من الأسدية إلى المدقّة. ينقلُها:

- **الحشرات** (مثل النحل) المنجذبةُ إلى لون البتلات ورحيقها.
- **الرياح**.

## 🌱 الإخصابُ وتكوّنُ الثمرة

- بعد التلقيح يحدثُ **الإخصاب**: اتّحادُ حبّة الطلع بالبويضة.
- يتحوّلُ **المبيضُ إلى ثمرة**، و**البويضاتُ إلى بذور**.
- تنبتُ البذرةُ فتعطي **نبتةً جديدة**، فتكتملُ دورةُ الحياة.

> ⚠️ الفخّ الشائع: الخلطُ بين **التلقيح** (انتقالُ حبوب الطلع) و**الإخصاب** (اتّحادُ حبّة الطلع بالبويضة). التلقيحُ يسبقُ الإخصاب.

> 🏆 عرفتَ كيف تتكاثرُ النباتاتُ الزهريّة. التالي: عالَمُ المغانط والبوصلة.', '# 📜 ملخّص: التكاثر الزهري

- **أعضاءُ الزهرة:** السبلات (الكأس)، البتلات (التويج)، الأسدية (ذكريّة، حبوب الطلع)، المدقّة (أنثويّة، المبيض والبويضات).
- **التلقيح:** انتقالُ حبوب الطلع من الأسدية إلى المدقّة (بالحشرات أو الرياح).
- **الإخصاب:** اتّحادُ حبّة الطلع بالبويضة.
- **بعد الإخصاب:** المبيضُ ← ثمرة، والبويضاتُ ← بذور.
- **البذرة** تنبتُ فتعطي نبتةً جديدة (دورة الحياة).
- ⚠️ التلقيحُ (نقلُ الطلع) يسبقُ الإخصابَ (اتّحادُ الطلع بالبويضة).', 6)
ON CONFLICT (id) DO UPDATE SET
  subject_id = EXCLUDED.subject_id,
  title = EXCLUDED.title,
  description = EXCLUDED.description,
  lesson_content = EXCLUDED.lesson_content,
  summary = EXCLUDED.summary,
  display_order = EXCLUDED.display_order;

INSERT INTO public.chapters (id, subject_id, title, description, lesson_content, summary, display_order) VALUES
  ('2c330d4a-3925-533b-a583-37df79d0c174', 'eveil-scientifique-6eme', 'المغانط والبوصلة', 'المغنطُ وقدرتُه على جذب المواد الحديديّة، قطباه (N و S)، التجاذبُ والتنافر، والبوصلةُ وإشارتُها إلى الشمال', '# 🧲 المغانط والبوصلة

> 💡 «قطعةُ حديدٍ خاصّةٌ تجذبُ المساميرَ من بعيد، وإبرةٌ صغيرةٌ تدلّكَ على الشمال أينما كنت. هذا سحرُ المغناطيس.»

## 🧲 المغنطُ وخاصيّاتُه

- **المغنطُ** جسمٌ يجذبُ **الموادَّ الحديديّة** (الحديد والفولاذ).
- لا يجذبُ النحاسَ ولا الخشبَ ولا البلاستيكَ ولا الزجاج.
- له أشكالٌ متعدّدة: **مستقيم**، على شكل **حدوة حصان (U)**، **إبرة**.

## 🔴🔵 قطبا المغنط

لكلّ مغنطٍ **قطبان**: قطبٌ شماليّ **(N)** وقطبٌ جنوبيّ **(S)**، وقوّةُ الجذب **أكبرُ عند القطبين**.

## 🤝 التجاذبُ والتنافر

- قطبان **مختلفان** (N و S) ⟵ **يتجاذبان**.
- قطبان **متماثلان** (N و N، أو S و S) ⟵ **يتنافران**.

## 🧭 البوصلة

**البوصلةُ** إبرةٌ ممغنطةٌ حرّةُ الحركة، تشيرُ دائمًا إلى **الشمال** (لأنّ الأرضَ نفسَها مغناطيسٌ عملاق)، فنستعملُها لتحديد الجهات.

> ⚠️ الفخّ الشائع: الظنُّ أنّ المغنط يجذبُ كلَّ المعادن. هو يجذبُ **الحديديّةَ** فقط؛ لا النحاسَ ولا الألمنيوم العاديّ.

> 🏆 عرفتَ أسرارَ المغناطيس والبوصلة، وأتممتَ هذه الجولةَ في عالَم العلوم. أحسنت!', '# 📜 ملخّص: المغانط والبوصلة

- **المغنط** يجذبُ الموادَّ الحديديّة فقط (لا النحاس/الخشب/البلاستيك/الزجاج).
- أشكالُه: مستقيم، حدوة حصان (U)، إبرة.
- لكلّ مغنطٍ **قطبان**: شماليّ (N) وجنوبيّ (S)، والجذبُ أقوى عند القطبين.
- **التجاذب:** قطبان مختلفان (N–S). **التنافر:** قطبان متماثلان (N–N أو S–S).
- **البوصلة** إبرةٌ ممغنطةٌ تشيرُ إلى الشمال، تُستعمل لتحديد الجهات.
- ⚠️ المغنطُ يجذبُ الحديديّةَ فقط، لا كلَّ المعادن.', 7)
ON CONFLICT (id) DO UPDATE SET
  subject_id = EXCLUDED.subject_id,
  title = EXCLUDED.title,
  description = EXCLUDED.description,
  lesson_content = EXCLUDED.lesson_content,
  summary = EXCLUDED.summary,
  display_order = EXCLUDED.display_order;

INSERT INTO public.exercises (id, chapter_id, subject_id, title, difficulty, xp_reward, reward_coins, mode, source, display_order) VALUES
  ('1c711c11-93d9-5c1a-a172-2e42e9639577', 'e560f7f7-a314-5ca6-a3f1-a294385e4f28', 'eveil-scientifique-6eme', 'اختبار فهم الدرس ⭐', 1, 20, 5, 'quiz', 'admin', 0)
ON CONFLICT (id) DO UPDATE SET
  chapter_id = EXCLUDED.chapter_id,
  subject_id = EXCLUDED.subject_id,
  title = EXCLUDED.title,
  difficulty = EXCLUDED.difficulty,
  xp_reward = EXCLUDED.xp_reward,
  reward_coins = EXCLUDED.reward_coins,
  mode = EXCLUDED.mode,
  display_order = EXCLUDED.display_order;

INSERT INTO public.questions (id, exercise_id, prompt, options, correct_option, explanation, display_order) VALUES
  ('22b1784b-cfc3-514b-9c28-f09f47b66944', '1c711c11-93d9-5c1a-a172-2e42e9639577', 'ما الغازُ الأكثرُ وفرةً في الهواء؟', '[{"id":"a","text":"الآزوت (النيتروجين)"},{"id":"b","text":"الأكسجين"},{"id":"c","text":"ثاني أكسيد الكربون"},{"id":"d","text":"بخار الماء"}]'::jsonb, 'a', 'الآزوتُ (النيتروجين) هو الغازُ الأكثرُ وفرةً في الهواء بنسبةٍ تقارب 78%.', 1)
ON CONFLICT (id) DO UPDATE SET
  exercise_id = EXCLUDED.exercise_id,
  prompt = EXCLUDED.prompt,
  options = EXCLUDED.options,
  correct_option = EXCLUDED.correct_option,
  explanation = EXCLUDED.explanation,
  display_order = EXCLUDED.display_order;

INSERT INTO public.questions (id, exercise_id, prompt, options, correct_option, explanation, display_order) VALUES
  ('647cbfbc-b8e2-5b40-bba6-22e3c136e4cd', '1c711c11-93d9-5c1a-a172-2e42e9639577', 'ما الغازُ الضروريُّ للتنفّس وللاحتراق؟', '[{"id":"a","text":"الأكسجين"},{"id":"b","text":"الآزوت"},{"id":"c","text":"ثاني أكسيد الكربون"},{"id":"d","text":"الهيدروجين"}]'::jsonb, 'a', 'الأكسجينُ هو الغازُ الذي نستعملُه في التنفّس وفي الاحتراق.', 2)
ON CONFLICT (id) DO UPDATE SET
  exercise_id = EXCLUDED.exercise_id,
  prompt = EXCLUDED.prompt,
  options = EXCLUDED.options,
  correct_option = EXCLUDED.correct_option,
  explanation = EXCLUDED.explanation,
  display_order = EXCLUDED.display_order;

INSERT INTO public.questions (id, exercise_id, prompt, options, correct_option, explanation, display_order) VALUES
  ('5d2c2a2f-85de-50da-8e69-e418201c807b', '1c711c11-93d9-5c1a-a172-2e42e9639577', 'ما النسبةُ التقريبيّةُ للأكسجين في الهواء؟', '[{"id":"a","text":"حوالي 21%"},{"id":"b","text":"حوالي 78%"},{"id":"c","text":"حوالي 50%"},{"id":"d","text":"حوالي 1%"}]'::jsonb, 'a', 'يمثّلُ الأكسجينُ حوالي 21% من الهواء، بينما الآزوت حوالي 78%.', 3)
ON CONFLICT (id) DO UPDATE SET
  exercise_id = EXCLUDED.exercise_id,
  prompt = EXCLUDED.prompt,
  options = EXCLUDED.options,
  correct_option = EXCLUDED.correct_option,
  explanation = EXCLUDED.explanation,
  display_order = EXCLUDED.display_order;

INSERT INTO public.questions (id, exercise_id, prompt, options, correct_option, explanation, display_order) VALUES
  ('25148e63-2f62-5534-92f4-be9d4d5c8ce0', '1c711c11-93d9-5c1a-a172-2e42e9639577', 'شمعةٌ مشتعلةٌ غُطّيت بكأسٍ مقلوب. ماذا يحدثُ لها؟', '[{"id":"a","text":"تنطفئ بعد نفاد الأكسجين"},{"id":"b","text":"يزدادُ لهبُها أكثر"},{"id":"c","text":"لا يتغيّرُ شيء"},{"id":"d","text":"تتحوّلُ إلى ماء"}]'::jsonb, 'a', 'الاحتراقُ يحتاجُ الأكسجين؛ وعند حصره داخل الكأس ينفدُ الأكسجينُ فتنطفئُ الشمعة.', 4)
ON CONFLICT (id) DO UPDATE SET
  exercise_id = EXCLUDED.exercise_id,
  prompt = EXCLUDED.prompt,
  options = EXCLUDED.options,
  correct_option = EXCLUDED.correct_option,
  explanation = EXCLUDED.explanation,
  display_order = EXCLUDED.display_order;

INSERT INTO public.questions (id, exercise_id, prompt, options, correct_option, explanation, display_order) VALUES
  ('ab2c7b9c-0468-5dec-b731-4762c3bdfbcb', '1c711c11-93d9-5c1a-a172-2e42e9639577', 'أيُّ عبارةٍ صحيحةٌ عن الهواء؟', '[{"id":"a","text":"له كتلةٌ ويشغلُ حيّزًا"},{"id":"b","text":"لا كتلةَ له ولا يشغلُ حيّزًا"},{"id":"c","text":"مرئيٌّ بوضوحٍ كالماء"},{"id":"d","text":"لا يمكنُ ضغطُه أبدًا"}]'::jsonb, 'a', 'الهواءُ مادّةٌ لها كتلةٌ وتشغلُ حيّزًا، وهو غيرُ مرئيٍّ وقابلٌ للانضغاط.', 5)
ON CONFLICT (id) DO UPDATE SET
  exercise_id = EXCLUDED.exercise_id,
  prompt = EXCLUDED.prompt,
  options = EXCLUDED.options,
  correct_option = EXCLUDED.correct_option,
  explanation = EXCLUDED.explanation,
  display_order = EXCLUDED.display_order;

INSERT INTO public.exercises (id, chapter_id, subject_id, title, difficulty, xp_reward, reward_coins, mode, source, display_order) VALUES
  ('95a7dd4f-f56f-5189-87f5-f8258dd27a5b', 'e560f7f7-a314-5ca6-a3f1-a294385e4f28', 'eveil-scientifique-6eme', '⭐ تمرين: أوّلُ خطوات مع الهواء', 1, 50, 10, 'practice', 'admin', 1)
ON CONFLICT (id) DO UPDATE SET
  chapter_id = EXCLUDED.chapter_id,
  subject_id = EXCLUDED.subject_id,
  title = EXCLUDED.title,
  difficulty = EXCLUDED.difficulty,
  xp_reward = EXCLUDED.xp_reward,
  reward_coins = EXCLUDED.reward_coins,
  mode = EXCLUDED.mode,
  display_order = EXCLUDED.display_order;

INSERT INTO public.questions (id, exercise_id, prompt, options, correct_option, explanation, display_order) VALUES
  ('82dcbdab-16a7-5df9-9cb7-f4cddb7cb0e1', '95a7dd4f-f56f-5189-87f5-f8258dd27a5b', 'الهواءُ ضروريٌّ لحياة:', '[{"id":"a","text":"الإنسان والحيوان والنبات"},{"id":"b","text":"الإنسان فقط"},{"id":"c","text":"الحيوان فقط"},{"id":"d","text":"الجمادات"}]'::jsonb, 'a', 'الهواءُ ضروريٌّ لحياة الكائنات الحيّة جميعها: الإنسان والحيوان والنبات.', 1)
ON CONFLICT (id) DO UPDATE SET
  exercise_id = EXCLUDED.exercise_id,
  prompt = EXCLUDED.prompt,
  options = EXCLUDED.options,
  correct_option = EXCLUDED.correct_option,
  explanation = EXCLUDED.explanation,
  display_order = EXCLUDED.display_order;

INSERT INTO public.questions (id, exercise_id, prompt, options, correct_option, explanation, display_order) VALUES
  ('e06a976d-142d-556b-811c-49bc1cadae23', '95a7dd4f-f56f-5189-87f5-f8258dd27a5b', 'ما الغازُ الذي نستعملُه في التنفّس؟', '[{"id":"a","text":"الأكسجين"},{"id":"b","text":"الآزوت"},{"id":"c","text":"ثاني أكسيد الكربون"},{"id":"d","text":"الهيليوم"}]'::jsonb, 'a', 'نستنشقُ الأكسجينَ من الهواء، وهو الغازُ الضروريُّ للتنفّس.', 2)
ON CONFLICT (id) DO UPDATE SET
  exercise_id = EXCLUDED.exercise_id,
  prompt = EXCLUDED.prompt,
  options = EXCLUDED.options,
  correct_option = EXCLUDED.correct_option,
  explanation = EXCLUDED.explanation,
  display_order = EXCLUDED.display_order;

INSERT INTO public.questions (id, exercise_id, prompt, options, correct_option, explanation, display_order) VALUES
  ('c0061061-4c17-5e75-ab76-75793f41e464', '95a7dd4f-f56f-5189-87f5-f8258dd27a5b', 'ما الغازُ الأكثرُ وفرةً في الهواء؟', '[{"id":"a","text":"الآزوت"},{"id":"b","text":"الأكسجين"},{"id":"c","text":"ثاني أكسيد الكربون"},{"id":"d","text":"بخار الماء"}]'::jsonb, 'a', 'الآزوتُ يمثّلُ النسبةَ الأكبرَ في الهواء (حوالي 78%).', 3)
ON CONFLICT (id) DO UPDATE SET
  exercise_id = EXCLUDED.exercise_id,
  prompt = EXCLUDED.prompt,
  options = EXCLUDED.options,
  correct_option = EXCLUDED.correct_option,
  explanation = EXCLUDED.explanation,
  display_order = EXCLUDED.display_order;

INSERT INTO public.questions (id, exercise_id, prompt, options, correct_option, explanation, display_order) VALUES
  ('b76bf2e4-e2a0-597d-a05a-6be2a216e4a2', '95a7dd4f-f56f-5189-87f5-f8258dd27a5b', 'هل الهواءُ مادّةٌ لها كتلة؟', '[{"id":"a","text":"نعم، له كتلةٌ يمكن وزنُها"},{"id":"b","text":"لا، لا كتلةَ له إطلاقًا"},{"id":"c","text":"له كتلةٌ سالبة"},{"id":"d","text":"يصبحُ ذا كتلةٍ إذا تجمّد فقط"}]'::jsonb, 'a', 'الهواءُ مادّةٌ حقيقيّةٌ له كتلة؛ فالكرةُ المنفوخةُ أثقلُ من الفارغة.', 4)
ON CONFLICT (id) DO UPDATE SET
  exercise_id = EXCLUDED.exercise_id,
  prompt = EXCLUDED.prompt,
  options = EXCLUDED.options,
  correct_option = EXCLUDED.correct_option,
  explanation = EXCLUDED.explanation,
  display_order = EXCLUDED.display_order;

INSERT INTO public.questions (id, exercise_id, prompt, options, correct_option, explanation, display_order) VALUES
  ('139e4b74-06da-5979-8395-f9497d98cb71', '95a7dd4f-f56f-5189-87f5-f8258dd27a5b', 'ما النسبةُ التقريبيّةُ للأكسجين في الهواء؟', '[{"id":"a","text":"حوالي 21%"},{"id":"b","text":"حوالي 78%"},{"id":"c","text":"حوالي 90%"},{"id":"d","text":"حوالي 5%"}]'::jsonb, 'a', 'يمثّلُ الأكسجينُ حوالي 21% من الهواء.', 5)
ON CONFLICT (id) DO UPDATE SET
  exercise_id = EXCLUDED.exercise_id,
  prompt = EXCLUDED.prompt,
  options = EXCLUDED.options,
  correct_option = EXCLUDED.correct_option,
  explanation = EXCLUDED.explanation,
  display_order = EXCLUDED.display_order;

INSERT INTO public.questions (id, exercise_id, prompt, options, correct_option, explanation, display_order) VALUES
  ('8f9da4f4-5811-5f01-a30b-10d394173566', '95a7dd4f-f56f-5189-87f5-f8258dd27a5b', 'لماذا تنطفئُ شمعةٌ مشتعلةٌ وُضع عليها كأسٌ مقلوب؟', '[{"id":"a","text":"لنفاد الأكسجين داخل الكأس"},{"id":"b","text":"لأنّ الكأسَ بارد"},{"id":"c","text":"لزيادة الأكسجين"},{"id":"d","text":"لأنّ الشمعةَ تكره الزجاج"}]'::jsonb, 'a', 'الاحتراقُ يحتاجُ الأكسجين؛ وحين ينفدُ الأكسجينُ المحصورُ في الكأس تنطفئُ الشمعة.', 6)
ON CONFLICT (id) DO UPDATE SET
  exercise_id = EXCLUDED.exercise_id,
  prompt = EXCLUDED.prompt,
  options = EXCLUDED.options,
  correct_option = EXCLUDED.correct_option,
  explanation = EXCLUDED.explanation,
  display_order = EXCLUDED.display_order;

INSERT INTO public.exercises (id, chapter_id, subject_id, title, difficulty, xp_reward, reward_coins, mode, source, display_order) VALUES
  ('dbd48634-d6aa-59c9-96de-2e95e4c8e4be', 'e560f7f7-a314-5ca6-a3f1-a294385e4f28', 'eveil-scientifique-6eme', '⚔️ زعيم الفصل ⭐⭐⭐: تحدّي الهواء', 3, 120, 30, 'boss', 'admin', 2)
ON CONFLICT (id) DO UPDATE SET
  chapter_id = EXCLUDED.chapter_id,
  subject_id = EXCLUDED.subject_id,
  title = EXCLUDED.title,
  difficulty = EXCLUDED.difficulty,
  xp_reward = EXCLUDED.xp_reward,
  reward_coins = EXCLUDED.reward_coins,
  mode = EXCLUDED.mode,
  display_order = EXCLUDED.display_order;

INSERT INTO public.questions (id, exercise_id, prompt, options, correct_option, explanation, display_order) VALUES
  ('23ba0a44-a33b-5cc0-b56c-0ed407c81516', 'dbd48634-d6aa-59c9-96de-2e95e4c8e4be', 'ما الغازُ الذي يمثّلُ حوالي 78% من الهواء؟', '[{"id":"a","text":"الآزوت"},{"id":"b","text":"الأكسجين"},{"id":"c","text":"ثاني أكسيد الكربون"},{"id":"d","text":"الأوزون"}]'::jsonb, 'a', 'الآزوتُ هو المكوّنُ الأكبرُ للهواء بنسبةٍ تقارب 78%.', 1)
ON CONFLICT (id) DO UPDATE SET
  exercise_id = EXCLUDED.exercise_id,
  prompt = EXCLUDED.prompt,
  options = EXCLUDED.options,
  correct_option = EXCLUDED.correct_option,
  explanation = EXCLUDED.explanation,
  display_order = EXCLUDED.display_order;

INSERT INTO public.questions (id, exercise_id, prompt, options, correct_option, explanation, display_order) VALUES
  ('faff4440-78e7-5010-b17d-3a2b46830f88', 'dbd48634-d6aa-59c9-96de-2e95e4c8e4be', 'أيٌّ ممّا يلي من خاصيّات الهواء؟', '[{"id":"a","text":"يشغلُ حيّزًا ويملأُ الإناء"},{"id":"b","text":"لا يشغلُ أيَّ حيّز"},{"id":"c","text":"صلبٌ في الظروف العاديّة"},{"id":"d","text":"مرئيٌّ كالحجر"}]'::jsonb, 'a', 'الهواءُ يشغلُ حيّزًا، فهو يملأُ كلَّ إناءٍ يوجدُ فيه ويأخذُ شكلَه.', 2)
ON CONFLICT (id) DO UPDATE SET
  exercise_id = EXCLUDED.exercise_id,
  prompt = EXCLUDED.prompt,
  options = EXCLUDED.options,
  correct_option = EXCLUDED.correct_option,
  explanation = EXCLUDED.explanation,
  display_order = EXCLUDED.display_order;

INSERT INTO public.questions (id, exercise_id, prompt, options, correct_option, explanation, display_order) VALUES
  ('8dff7eee-11c3-5ba3-98bc-ff8f02ead6db', 'dbd48634-d6aa-59c9-96de-2e95e4c8e4be', 'الاحتراقُ في الهواء يحتاجُ أساسًا إلى:', '[{"id":"a","text":"الأكسجين"},{"id":"b","text":"الآزوت"},{"id":"c","text":"ثاني أكسيد الكربون"},{"id":"d","text":"بخار الماء"}]'::jsonb, 'a', 'الأكسجينُ هو الغازُ الذي يُغذّي الاحتراق؛ بدونه لا تشتعلُ النار.', 3)
ON CONFLICT (id) DO UPDATE SET
  exercise_id = EXCLUDED.exercise_id,
  prompt = EXCLUDED.prompt,
  options = EXCLUDED.options,
  correct_option = EXCLUDED.correct_option,
  explanation = EXCLUDED.explanation,
  display_order = EXCLUDED.display_order;

INSERT INTO public.questions (id, exercise_id, prompt, options, correct_option, explanation, display_order) VALUES
  ('f683b638-cc3c-5a55-a388-82ba940e7b29', 'dbd48634-d6aa-59c9-96de-2e95e4c8e4be', 'نضغطُ مكبسَ محقنٍ مسدودِ الفُوّهة وممتلئٍ بالهواء، فيتراجعُ المكبسُ قليلًا. ماذا نستنتج؟', '[{"id":"a","text":"الهواءُ قابلٌ للانضغاط"},{"id":"b","text":"الهواءُ لا كتلةَ له"},{"id":"c","text":"الهواءُ سائل"},{"id":"d","text":"الهواءُ اختفى"}]'::jsonb, 'a', 'إمكانيّةُ ضغط الهواء في حجمٍ أصغرَ تدلّ على أنّه قابلٌ للانضغاط.', 4)
ON CONFLICT (id) DO UPDATE SET
  exercise_id = EXCLUDED.exercise_id,
  prompt = EXCLUDED.prompt,
  options = EXCLUDED.options,
  correct_option = EXCLUDED.correct_option,
  explanation = EXCLUDED.explanation,
  display_order = EXCLUDED.display_order;

INSERT INTO public.questions (id, exercise_id, prompt, options, correct_option, explanation, display_order) VALUES
  ('9b17c77a-462b-5ecb-b45a-8efe0e8e6c45', 'dbd48634-d6aa-59c9-96de-2e95e4c8e4be', 'ما الغازُ الذي يطرحُه الإنسانُ بكثرةٍ عند الزفير؟', '[{"id":"a","text":"ثاني أكسيد الكربون"},{"id":"b","text":"الأكسجين النقيّ"},{"id":"c","text":"الآزوت فقط"},{"id":"d","text":"الهيدروجين"}]'::jsonb, 'a', 'عند الزفير يطرحُ الإنسانُ هواءً غنيًّا بثاني أكسيد الكربون الناتج عن نشاط الجسم.', 5)
ON CONFLICT (id) DO UPDATE SET
  exercise_id = EXCLUDED.exercise_id,
  prompt = EXCLUDED.prompt,
  options = EXCLUDED.options,
  correct_option = EXCLUDED.correct_option,
  explanation = EXCLUDED.explanation,
  display_order = EXCLUDED.display_order;

INSERT INTO public.questions (id, exercise_id, prompt, options, correct_option, explanation, display_order) VALUES
  ('e8e67b32-c3ac-5bd8-a988-3f58829e1ad7', 'dbd48634-d6aa-59c9-96de-2e95e4c8e4be', 'لماذا يُنصحُ بتهوية الغرف المغلقة؟', '[{"id":"a","text":"لتجديد الأكسجين وطرد ثاني أكسيد الكربون"},{"id":"b","text":"لزيادة ثاني أكسيد الكربون"},{"id":"c","text":"لإخراج كلّ الهواء نهائيًّا"},{"id":"d","text":"لتبريد الجدران فقط"}]'::jsonb, 'a', 'التهويةُ تُجدّدُ الهواءَ: تُدخلُ أكسجينًا جديدًا وتطردُ ثاني أكسيد الكربون المتراكم.', 6)
ON CONFLICT (id) DO UPDATE SET
  exercise_id = EXCLUDED.exercise_id,
  prompt = EXCLUDED.prompt,
  options = EXCLUDED.options,
  correct_option = EXCLUDED.correct_option,
  explanation = EXCLUDED.explanation,
  display_order = EXCLUDED.display_order;

INSERT INTO public.exercises (id, chapter_id, subject_id, title, difficulty, xp_reward, reward_coins, mode, source, display_order) VALUES
  ('7552521d-0930-57e3-bc97-d27689d002f2', 'e560f7f7-a314-5ca6-a3f1-a294385e4f28', 'eveil-scientifique-6eme', '⭐⭐ تمرين مراجعة (نمط امتحان): الهواء', 2, 70, 15, 'practice', 'admin', 3)
ON CONFLICT (id) DO UPDATE SET
  chapter_id = EXCLUDED.chapter_id,
  subject_id = EXCLUDED.subject_id,
  title = EXCLUDED.title,
  difficulty = EXCLUDED.difficulty,
  xp_reward = EXCLUDED.xp_reward,
  reward_coins = EXCLUDED.reward_coins,
  mode = EXCLUDED.mode,
  display_order = EXCLUDED.display_order;

INSERT INTO public.questions (id, exercise_id, prompt, options, correct_option, explanation, display_order) VALUES
  ('cb6656de-0f96-5120-bd27-cfe3d371dd65', '7552521d-0930-57e3-bc97-d27689d002f2', 'ما الغازُ المحيي للاحتراق؟', '[{"id":"a","text":"الأكسجين"},{"id":"b","text":"الآزوت"},{"id":"c","text":"ثاني أكسيد الكربون"},{"id":"d","text":"بخار الماء"}]'::jsonb, 'a', 'الأكسجينُ غازٌ محيٍّ للاحتراق: وجودُه ضروريٌّ لاستمرار اشتعال النار.', 1)
ON CONFLICT (id) DO UPDATE SET
  exercise_id = EXCLUDED.exercise_id,
  prompt = EXCLUDED.prompt,
  options = EXCLUDED.options,
  correct_option = EXCLUDED.correct_option,
  explanation = EXCLUDED.explanation,
  display_order = EXCLUDED.display_order;

INSERT INTO public.questions (id, exercise_id, prompt, options, correct_option, explanation, display_order) VALUES
  ('fabdd1ed-2731-53e9-b46b-e7848bcca742', '7552521d-0930-57e3-bc97-d27689d002f2', 'ما المكوّنان الرئيسيّان للهواء؟', '[{"id":"a","text":"الآزوت والأكسجين"},{"id":"b","text":"الأكسجين والهيدروجين"},{"id":"c","text":"بخار الماء والدخان"},{"id":"d","text":"ثاني أكسيد الكربون والهيليوم"}]'::jsonb, 'a', 'يتكوّنُ الهواءُ أساسًا من الآزوت (حوالي 78%) والأكسجين (حوالي 21%).', 2)
ON CONFLICT (id) DO UPDATE SET
  exercise_id = EXCLUDED.exercise_id,
  prompt = EXCLUDED.prompt,
  options = EXCLUDED.options,
  correct_option = EXCLUDED.correct_option,
  explanation = EXCLUDED.explanation,
  display_order = EXCLUDED.display_order;

INSERT INTO public.questions (id, exercise_id, prompt, options, correct_option, explanation, display_order) VALUES
  ('6e1b2b61-5df0-58d5-847f-b84878fde7c9', '7552521d-0930-57e3-bc97-d27689d002f2', 'ما النسبةُ التقريبيّةُ للآزوت في الهواء؟', '[{"id":"a","text":"حوالي 78%"},{"id":"b","text":"حوالي 21%"},{"id":"c","text":"حوالي 10%"},{"id":"d","text":"حوالي 100%"}]'::jsonb, 'a', 'يمثّلُ الآزوتُ حوالي 78% من الهواء، وهو الجزءُ الأكبر.', 3)
ON CONFLICT (id) DO UPDATE SET
  exercise_id = EXCLUDED.exercise_id,
  prompt = EXCLUDED.prompt,
  options = EXCLUDED.options,
  correct_option = EXCLUDED.correct_option,
  explanation = EXCLUDED.explanation,
  display_order = EXCLUDED.display_order;

INSERT INTO public.questions (id, exercise_id, prompt, options, correct_option, explanation, display_order) VALUES
  ('477d8191-370c-54f3-b72b-9c11054d1edd', '7552521d-0930-57e3-bc97-d27689d002f2', 'هل الهواءُ مرئيّ؟', '[{"id":"a","text":"غيرُ مرئيّ لكنّه مادّةٌ حقيقيّة"},{"id":"b","text":"مرئيٌّ وملوّنٌ كالماء"},{"id":"c","text":"مرئيٌّ في الليل فقط"},{"id":"d","text":"ليس مادّةً أصلًا"}]'::jsonb, 'a', 'الهواءُ غيرُ مرئيّ، لكنّه مادّةٌ حقيقيّةٌ لها كتلةٌ وتشغلُ حيّزًا.', 4)
ON CONFLICT (id) DO UPDATE SET
  exercise_id = EXCLUDED.exercise_id,
  prompt = EXCLUDED.prompt,
  options = EXCLUDED.options,
  correct_option = EXCLUDED.correct_option,
  explanation = EXCLUDED.explanation,
  display_order = EXCLUDED.display_order;

INSERT INTO public.questions (id, exercise_id, prompt, options, correct_option, explanation, display_order) VALUES
  ('85e563a0-fd0f-5fd4-b229-fa1ffbdb5912', '7552521d-0930-57e3-bc97-d27689d002f2', 'ماذا يحدثُ للنبات إذا حُرم تمامًا من الهواء؟', '[{"id":"a","text":"لا يعيشُ (يذبلُ ويموت)"},{"id":"b","text":"ينمو أسرع"},{"id":"c","text":"لا يتأثّرُ إطلاقًا"},{"id":"d","text":"يتحوّلُ إلى حيوان"}]'::jsonb, 'a', 'النباتُ كائنٌ حيٌّ يحتاجُ الهواء؛ فحرمانُه منه يؤدّي إلى ذبوله وموته.', 5)
ON CONFLICT (id) DO UPDATE SET
  exercise_id = EXCLUDED.exercise_id,
  prompt = EXCLUDED.prompt,
  options = EXCLUDED.options,
  correct_option = EXCLUDED.correct_option,
  explanation = EXCLUDED.explanation,
  display_order = EXCLUDED.display_order;

INSERT INTO public.questions (id, exercise_id, prompt, options, correct_option, explanation, display_order) VALUES
  ('642b9384-a3b7-5657-b727-de2b8817ce7b', '7552521d-0930-57e3-bc97-d27689d002f2', 'إناءٌ يبدو فارغًا قلبناه في الماء فلم يدخله الماءُ بسهولة. لماذا؟', '[{"id":"a","text":"لأنّه ممتلئٌ بالهواء الذي يشغلُ حيّزًا"},{"id":"b","text":"لأنّ الماءَ يخافُ الإناء"},{"id":"c","text":"لأنّ الإناءَ ممتلئٌ بالماء أصلًا"},{"id":"d","text":"لأنّ الهواءَ لا يشغلُ حيّزًا"}]'::jsonb, 'a', 'الإناءُ ليس فارغًا بل ممتلئٌ بالهواء الذي يشغلُ حيّزًا، فيمنعُ دخولَ الماء.', 6)
ON CONFLICT (id) DO UPDATE SET
  exercise_id = EXCLUDED.exercise_id,
  prompt = EXCLUDED.prompt,
  options = EXCLUDED.options,
  correct_option = EXCLUDED.correct_option,
  explanation = EXCLUDED.explanation,
  display_order = EXCLUDED.display_order;

INSERT INTO public.exercises (id, chapter_id, subject_id, title, difficulty, xp_reward, reward_coins, mode, source, display_order) VALUES
  ('3dd0f522-71ce-5d61-bbd7-1ff28f99740b', 'e560f7f7-a314-5ca6-a3f1-a294385e4f28', 'eveil-scientifique-6eme', '👑 تحدّي النخبة ⭐⭐⭐⭐: سيّدُ الهواء', 4, 300, 60, 'challenge', 'admin', 4)
ON CONFLICT (id) DO UPDATE SET
  chapter_id = EXCLUDED.chapter_id,
  subject_id = EXCLUDED.subject_id,
  title = EXCLUDED.title,
  difficulty = EXCLUDED.difficulty,
  xp_reward = EXCLUDED.xp_reward,
  reward_coins = EXCLUDED.reward_coins,
  mode = EXCLUDED.mode,
  display_order = EXCLUDED.display_order;

INSERT INTO public.questions (id, exercise_id, prompt, options, correct_option, explanation, display_order) VALUES
  ('7ff2e5f0-a0d5-545e-aa4f-e6a68802bbc0', '3dd0f522-71ce-5d61-bbd7-1ff28f99740b', 'أيُّ نسبةٍ هي الأصحُّ للأكسجين في الهواء؟', '[{"id":"a","text":"حوالي 21%"},{"id":"b","text":"حوالي 78%"},{"id":"c","text":"حوالي 33%"},{"id":"d","text":"حوالي 12%"}]'::jsonb, 'a', 'نسبةُ الأكسجين في الهواء حوالي 21%، وهي ثابتةٌ تقريبًا في الهواء النقيّ.', 1)
ON CONFLICT (id) DO UPDATE SET
  exercise_id = EXCLUDED.exercise_id,
  prompt = EXCLUDED.prompt,
  options = EXCLUDED.options,
  correct_option = EXCLUDED.correct_option,
  explanation = EXCLUDED.explanation,
  display_order = EXCLUDED.display_order;

INSERT INTO public.questions (id, exercise_id, prompt, options, correct_option, explanation, display_order) VALUES
  ('2127e544-e2ff-5603-9d28-3dc492666a99', '3dd0f522-71ce-5d61-bbd7-1ff28f99740b', 'شمعتان متماثلتان: الأولى تحت كأسٍ صغير والثانية تحت كأسٍ كبير. أيُّهما تنطفئُ أوّلًا؟', '[{"id":"a","text":"التي تحت الكأس الصغير"},{"id":"b","text":"التي تحت الكأس الكبير"},{"id":"c","text":"تنطفئان في الوقت نفسه"},{"id":"d","text":"لا تنطفئُ أيٌّ منهما"}]'::jsonb, 'a', 'الكأسُ الصغيرُ يحوي أكسجينًا أقلّ، فينفدُ أسرعَ وتنطفئُ شمعتُه أوّلًا.', 2)
ON CONFLICT (id) DO UPDATE SET
  exercise_id = EXCLUDED.exercise_id,
  prompt = EXCLUDED.prompt,
  options = EXCLUDED.options,
  correct_option = EXCLUDED.correct_option,
  explanation = EXCLUDED.explanation,
  display_order = EXCLUDED.display_order;

INSERT INTO public.questions (id, exercise_id, prompt, options, correct_option, explanation, display_order) VALUES
  ('353627f0-2068-5961-8f0a-4cb97333879c', '3dd0f522-71ce-5d61-bbd7-1ff28f99740b', 'نُطلقُ فقّاعةَ هواءٍ في كأس ماء، فترتفعُ نحو السطح. لماذا؟', '[{"id":"a","text":"لأنّ الهواءَ أخفُّ من الماء"},{"id":"b","text":"لأنّ الهواءَ أثقلُ من الماء"},{"id":"c","text":"لأنّ الماءَ يدفعُها للأسفل"},{"id":"d","text":"لأنّ الهواءَ ذاب في الماء"}]'::jsonb, 'a', 'كتلةُ حجمٍ من الهواء أقلُّ من كتلة الحجم نفسِه من الماء، فالهواءُ أخفُّ ويصعدُ إلى السطح.', 3)
ON CONFLICT (id) DO UPDATE SET
  exercise_id = EXCLUDED.exercise_id,
  prompt = EXCLUDED.prompt,
  options = EXCLUDED.options,
  correct_option = EXCLUDED.correct_option,
  explanation = EXCLUDED.explanation,
  display_order = EXCLUDED.display_order;

INSERT INTO public.questions (id, exercise_id, prompt, options, correct_option, explanation, display_order) VALUES
  ('07d3d011-b650-5bc8-b293-607d11bcffff', '3dd0f522-71ce-5d61-bbd7-1ff28f99740b', 'عند احتراق الفحم في الهواء، يُستهلكُ الأكسجينُ ويتكوّنُ غالبًا:', '[{"id":"a","text":"ثاني أكسيد الكربون"},{"id":"b","text":"أكسجينٌ إضافيّ"},{"id":"c","text":"آزوتٌ نقيّ"},{"id":"d","text":"ماءٌ صالحٌ للشرب"}]'::jsonb, 'a', 'الاحتراقُ يستهلكُ الأكسجينَ ويُنتجُ غالبًا ثاني أكسيد الكربون.', 4)
ON CONFLICT (id) DO UPDATE SET
  exercise_id = EXCLUDED.exercise_id,
  prompt = EXCLUDED.prompt,
  options = EXCLUDED.options,
  correct_option = EXCLUDED.correct_option,
  explanation = EXCLUDED.explanation,
  display_order = EXCLUDED.display_order;

INSERT INTO public.questions (id, exercise_id, prompt, options, correct_option, explanation, display_order) VALUES
  ('74666f2c-e6d6-5769-8c5d-2d0294955edc', '3dd0f522-71ce-5d61-bbd7-1ff28f99740b', 'ما الدليلُ العمليّ على أنّ للهواء كتلة؟', '[{"id":"a","text":"كرةٌ منفوخةٌ أثقلُ من الكرة نفسِها فارغة"},{"id":"b","text":"الهواءُ غيرُ مرئيّ"},{"id":"c","text":"الهواءُ يملأُ الغرفة"},{"id":"d","text":"الهواءُ باردٌ في الشتاء"}]'::jsonb, 'a', 'إذا وزنّا كرةً قبل النفخ وبعده نجدُ المنفوخةَ أثقل، وهذا دليلٌ على أنّ للهواء كتلة.', 5)
ON CONFLICT (id) DO UPDATE SET
  exercise_id = EXCLUDED.exercise_id,
  prompt = EXCLUDED.prompt,
  options = EXCLUDED.options,
  correct_option = EXCLUDED.correct_option,
  explanation = EXCLUDED.explanation,
  display_order = EXCLUDED.display_order;

INSERT INTO public.questions (id, exercise_id, prompt, options, correct_option, explanation, display_order) VALUES
  ('d6709280-b3d8-5a2c-99f1-84ca6e159405', '3dd0f522-71ce-5d61-bbd7-1ff28f99740b', 'لماذا يحملُ الغوّاصُ قارورةً على ظهره تحت الماء؟', '[{"id":"a","text":"ليتزوّدَ بالأكسجين اللازم للتنفّس"},{"id":"b","text":"ليشربَ منها الماء"},{"id":"c","text":"ليثقلَ وزنَه فقط"},{"id":"d","text":"لأنّ الماءَ فيه أكسجينٌ كثير يتنفّسُه مباشرة"}]'::jsonb, 'a', 'لا يستطيعُ الإنسانُ أخذَ الأكسجين من الماء، فيحملُ قارورةَ هواءٍ ليتنفّسَ تحت الماء.', 6)
ON CONFLICT (id) DO UPDATE SET
  exercise_id = EXCLUDED.exercise_id,
  prompt = EXCLUDED.prompt,
  options = EXCLUDED.options,
  correct_option = EXCLUDED.correct_option,
  explanation = EXCLUDED.explanation,
  display_order = EXCLUDED.display_order;

INSERT INTO public.exercises (id, chapter_id, subject_id, title, difficulty, xp_reward, reward_coins, mode, source, display_order) VALUES
  ('31c7f00e-2811-5947-b3fb-96d2c5012f46', 'e560f7f7-a314-5ca6-a3f1-a294385e4f28', 'eveil-scientifique-6eme', '📝 تدريب ⭐⭐⭐: مراجعةٌ شاملةٌ للهواء', 3, 120, 30, 'boss', 'admin', 5)
ON CONFLICT (id) DO UPDATE SET
  chapter_id = EXCLUDED.chapter_id,
  subject_id = EXCLUDED.subject_id,
  title = EXCLUDED.title,
  difficulty = EXCLUDED.difficulty,
  xp_reward = EXCLUDED.xp_reward,
  reward_coins = EXCLUDED.reward_coins,
  mode = EXCLUDED.mode,
  display_order = EXCLUDED.display_order;

INSERT INTO public.questions (id, exercise_id, prompt, options, correct_option, explanation, display_order) VALUES
  ('ef8fe2ed-827e-5bc2-9690-1f6133188c6d', '31c7f00e-2811-5947-b3fb-96d2c5012f46', 'ما الغازُ الضروريُّ للتنفّس وللاحتراق معًا؟', '[{"id":"a","text":"الأكسجين"},{"id":"b","text":"الآزوت"},{"id":"c","text":"ثاني أكسيد الكربون"},{"id":"d","text":"النيون"}]'::jsonb, 'a', 'الأكسجينُ ضروريٌّ للتنفّس وللاحتراق في آنٍ واحد.', 1)
ON CONFLICT (id) DO UPDATE SET
  exercise_id = EXCLUDED.exercise_id,
  prompt = EXCLUDED.prompt,
  options = EXCLUDED.options,
  correct_option = EXCLUDED.correct_option,
  explanation = EXCLUDED.explanation,
  display_order = EXCLUDED.display_order;

INSERT INTO public.questions (id, exercise_id, prompt, options, correct_option, explanation, display_order) VALUES
  ('e11a043e-95e0-593f-80b3-913cc03f1b0e', '31c7f00e-2811-5947-b3fb-96d2c5012f46', 'ما الغازُ صاحبُ النسبة الأكبر في الهواء؟', '[{"id":"a","text":"الآزوت"},{"id":"b","text":"الأكسجين"},{"id":"c","text":"ثاني أكسيد الكربون"},{"id":"d","text":"بخار الماء"}]'::jsonb, 'a', 'الآزوتُ هو الأكبرُ نسبةً في الهواء (حوالي 78%).', 2)
ON CONFLICT (id) DO UPDATE SET
  exercise_id = EXCLUDED.exercise_id,
  prompt = EXCLUDED.prompt,
  options = EXCLUDED.options,
  correct_option = EXCLUDED.correct_option,
  explanation = EXCLUDED.explanation,
  display_order = EXCLUDED.display_order;

INSERT INTO public.questions (id, exercise_id, prompt, options, correct_option, explanation, display_order) VALUES
  ('09fd283e-06cc-5e66-a3de-3999e365a953', '31c7f00e-2811-5947-b3fb-96d2c5012f46', 'ما النسبةُ التقريبيّةُ للأكسجين في الهواء؟', '[{"id":"a","text":"حوالي 21%"},{"id":"b","text":"حوالي 78%"},{"id":"c","text":"حوالي 41%"},{"id":"d","text":"حوالي 8%"}]'::jsonb, 'a', 'يمثّلُ الأكسجينُ حوالي 21% من حجم الهواء.', 3)
ON CONFLICT (id) DO UPDATE SET
  exercise_id = EXCLUDED.exercise_id,
  prompt = EXCLUDED.prompt,
  options = EXCLUDED.options,
  correct_option = EXCLUDED.correct_option,
  explanation = EXCLUDED.explanation,
  display_order = EXCLUDED.display_order;

INSERT INTO public.questions (id, exercise_id, prompt, options, correct_option, explanation, display_order) VALUES
  ('08ff61cc-7013-5d02-a8df-34f4ea0d8559', '31c7f00e-2811-5947-b3fb-96d2c5012f46', 'لماذا تنطفئُ النارُ إذا غطّيناها ببطّانيّةٍ مبلّلة؟', '[{"id":"a","text":"لأنّنا نمنعُ عنها الأكسجين"},{"id":"b","text":"لأنّنا نزيدُها أكسجينًا"},{"id":"c","text":"لأنّ البطّانيّةَ تُشعلُها أكثر"},{"id":"d","text":"لأنّ النارَ تحبُّ الماء"}]'::jsonb, 'a', 'تغطيةُ النار تعزلُها عن أكسجين الهواء، وبدون أكسجينٍ ينطفئُ الاحتراق.', 4)
ON CONFLICT (id) DO UPDATE SET
  exercise_id = EXCLUDED.exercise_id,
  prompt = EXCLUDED.prompt,
  options = EXCLUDED.options,
  correct_option = EXCLUDED.correct_option,
  explanation = EXCLUDED.explanation,
  display_order = EXCLUDED.display_order;

INSERT INTO public.questions (id, exercise_id, prompt, options, correct_option, explanation, display_order) VALUES
  ('13349f24-ec96-5949-86bb-3971f68b5d2e', '31c7f00e-2811-5947-b3fb-96d2c5012f46', 'أيُّ خاصيّةٍ تسمحُ بنفخ إطار العجلة بكمّيّةٍ كبيرةٍ من الهواء؟', '[{"id":"a","text":"الهواءُ قابلٌ للانضغاط"},{"id":"b","text":"الهواءُ غيرُ مرئيّ"},{"id":"c","text":"الهواءُ ثقيلٌ جدًّا"},{"id":"d","text":"الهواءُ صلب"}]'::jsonb, 'a', 'لأنّ الهواءَ قابلٌ للانضغاط يمكنُ حشرُ كمّيّةٍ كبيرةٍ منه في حجم الإطار الصغير.', 5)
ON CONFLICT (id) DO UPDATE SET
  exercise_id = EXCLUDED.exercise_id,
  prompt = EXCLUDED.prompt,
  options = EXCLUDED.options,
  correct_option = EXCLUDED.correct_option,
  explanation = EXCLUDED.explanation,
  display_order = EXCLUDED.display_order;

INSERT INTO public.questions (id, exercise_id, prompt, options, correct_option, explanation, display_order) VALUES
  ('1f6d5b40-df86-50b9-8d0b-5fbf6e753273', '31c7f00e-2811-5947-b3fb-96d2c5012f46', 'في غرفةٍ مغلقةٍ مكتظّةٍ بالناس، ماذا يحدثُ لنسبة ثاني أكسيد الكربون مع الوقت؟', '[{"id":"a","text":"ترتفعُ تدريجيًّا"},{"id":"b","text":"تنعدمُ تمامًا"},{"id":"c","text":"تبقى ثابتةً دائمًا"},{"id":"d","text":"تتحوّلُ إلى أكسجين"}]'::jsonb, 'a', 'زفيرُ الناس يطرحُ ثاني أكسيد الكربون، فترتفعُ نسبتُه في الغرفة المغلقة، لذا تجبُ التهوية.', 6)
ON CONFLICT (id) DO UPDATE SET
  exercise_id = EXCLUDED.exercise_id,
  prompt = EXCLUDED.prompt,
  options = EXCLUDED.options,
  correct_option = EXCLUDED.correct_option,
  explanation = EXCLUDED.explanation,
  display_order = EXCLUDED.display_order;

INSERT INTO public.exercises (id, chapter_id, subject_id, title, difficulty, xp_reward, reward_coins, mode, source, display_order) VALUES
  ('785b1133-03dc-5ea6-a119-68343d35e8c5', '38976f55-d157-591a-9efd-ad38e0e0b33a', 'eveil-scientifique-6eme', 'اختبار فهم الدرس ⭐', 1, 20, 5, 'quiz', 'admin', 0)
ON CONFLICT (id) DO UPDATE SET
  chapter_id = EXCLUDED.chapter_id,
  subject_id = EXCLUDED.subject_id,
  title = EXCLUDED.title,
  difficulty = EXCLUDED.difficulty,
  xp_reward = EXCLUDED.xp_reward,
  reward_coins = EXCLUDED.reward_coins,
  mode = EXCLUDED.mode,
  display_order = EXCLUDED.display_order;

INSERT INTO public.questions (id, exercise_id, prompt, options, correct_option, explanation, display_order) VALUES
  ('daf8a4c2-099a-5dbc-8de1-39c4e7fd305a', '785b1133-03dc-5ea6-a119-68343d35e8c5', 'ما العضوان الرئيسيّان للتنفّس عند الإنسان؟', '[{"id":"a","text":"الرئتان"},{"id":"b","text":"الكليتان"},{"id":"c","text":"المعدة"},{"id":"d","text":"الكبد"}]'::jsonb, 'a', 'الرئتان هما العضوان الرئيسيّان للتنفّس، وفيهما يحدثُ التبادلُ الغازيّ مع الدم.', 1)
ON CONFLICT (id) DO UPDATE SET
  exercise_id = EXCLUDED.exercise_id,
  prompt = EXCLUDED.prompt,
  options = EXCLUDED.options,
  correct_option = EXCLUDED.correct_option,
  explanation = EXCLUDED.explanation,
  display_order = EXCLUDED.display_order;

INSERT INTO public.questions (id, exercise_id, prompt, options, correct_option, explanation, display_order) VALUES
  ('9e96e371-8cfb-5e45-88b8-b335cfd4ddc8', '785b1133-03dc-5ea6-a119-68343d35e8c5', 'حركةُ إدخال الهواء إلى الرئتين تُسمّى:', '[{"id":"a","text":"الشهيق"},{"id":"b","text":"الزفير"},{"id":"c","text":"الهضم"},{"id":"d","text":"النبض"}]'::jsonb, 'a', 'الشهيقُ هو حركةُ إدخال الهواء الغنيّ بالأكسجين إلى الرئتين.', 2)
ON CONFLICT (id) DO UPDATE SET
  exercise_id = EXCLUDED.exercise_id,
  prompt = EXCLUDED.prompt,
  options = EXCLUDED.options,
  correct_option = EXCLUDED.correct_option,
  explanation = EXCLUDED.explanation,
  display_order = EXCLUDED.display_order;

INSERT INTO public.questions (id, exercise_id, prompt, options, correct_option, explanation, display_order) VALUES
  ('bccab6fe-9303-559a-90c7-3b76e3aedc39', '785b1133-03dc-5ea6-a119-68343d35e8c5', 'عند الزفير نطرحُ هواءً غنيًّا بـ:', '[{"id":"a","text":"ثاني أكسيد الكربون"},{"id":"b","text":"الأكسجين النقيّ"},{"id":"c","text":"الآزوت فقط"},{"id":"d","text":"بخار البنزين"}]'::jsonb, 'a', 'هواءُ الزفير غنيٌّ بثاني أكسيد الكربون الناتج عن نشاط الجسم.', 3)
ON CONFLICT (id) DO UPDATE SET
  exercise_id = EXCLUDED.exercise_id,
  prompt = EXCLUDED.prompt,
  options = EXCLUDED.options,
  correct_option = EXCLUDED.correct_option,
  explanation = EXCLUDED.explanation,
  display_order = EXCLUDED.display_order;

INSERT INTO public.questions (id, exercise_id, prompt, options, correct_option, explanation, display_order) VALUES
  ('1bf295eb-9a58-5cae-879c-2df38cdbba36', '785b1133-03dc-5ea6-a119-68343d35e8c5', 'أين يحدثُ التبادلُ الغازيُّ بين الهواء والدم؟', '[{"id":"a","text":"في الحويصلات الهوائيّة بالرئتين"},{"id":"b","text":"في المعدة"},{"id":"c","text":"في الأنف فقط"},{"id":"d","text":"في العظام"}]'::jsonb, 'a', 'يحدثُ التبادلُ الغازيُّ في الحويصلات الهوائيّة داخل الرئتين.', 4)
ON CONFLICT (id) DO UPDATE SET
  exercise_id = EXCLUDED.exercise_id,
  prompt = EXCLUDED.prompt,
  options = EXCLUDED.options,
  correct_option = EXCLUDED.correct_option,
  explanation = EXCLUDED.explanation,
  display_order = EXCLUDED.display_order;

INSERT INTO public.questions (id, exercise_id, prompt, options, correct_option, explanation, display_order) VALUES
  ('7bd45187-54c3-5296-bcb5-bafb7c24bbe4', '785b1133-03dc-5ea6-a119-68343d35e8c5', 'في الرئتين، ينتقلُ الأكسجينُ من الهواء إلى:', '[{"id":"a","text":"الدم"},{"id":"b","text":"العظام"},{"id":"c","text":"الجلد"},{"id":"d","text":"الشعر"}]'::jsonb, 'a', 'ينتقلُ الأكسجينُ من الحويصلات الهوائيّة إلى الدم ليُوزَّع على الجسم.', 5)
ON CONFLICT (id) DO UPDATE SET
  exercise_id = EXCLUDED.exercise_id,
  prompt = EXCLUDED.prompt,
  options = EXCLUDED.options,
  correct_option = EXCLUDED.correct_option,
  explanation = EXCLUDED.explanation,
  display_order = EXCLUDED.display_order;

INSERT INTO public.exercises (id, chapter_id, subject_id, title, difficulty, xp_reward, reward_coins, mode, source, display_order) VALUES
  ('45614f7e-b1c0-5094-8f09-3d1ee809b452', '38976f55-d157-591a-9efd-ad38e0e0b33a', 'eveil-scientifique-6eme', '⭐ تمرين: أوّلُ خطوات مع التنفّس', 1, 50, 10, 'practice', 'admin', 1)
ON CONFLICT (id) DO UPDATE SET
  chapter_id = EXCLUDED.chapter_id,
  subject_id = EXCLUDED.subject_id,
  title = EXCLUDED.title,
  difficulty = EXCLUDED.difficulty,
  xp_reward = EXCLUDED.xp_reward,
  reward_coins = EXCLUDED.reward_coins,
  mode = EXCLUDED.mode,
  display_order = EXCLUDED.display_order;

INSERT INTO public.questions (id, exercise_id, prompt, options, correct_option, explanation, display_order) VALUES
  ('a9118ad3-48fd-54b7-8a88-74254fdcdb7a', '45614f7e-b1c0-5094-8f09-3d1ee809b452', 'ما العضوان اللذان نتنفّسُ بهما؟', '[{"id":"a","text":"الرئتان"},{"id":"b","text":"الأمعاء"},{"id":"c","text":"القلب"},{"id":"d","text":"الدماغ"}]'::jsonb, 'a', 'نتنفّسُ بالرئتين، وهما العضوان الرئيسيّان للتنفّس.', 1)
ON CONFLICT (id) DO UPDATE SET
  exercise_id = EXCLUDED.exercise_id,
  prompt = EXCLUDED.prompt,
  options = EXCLUDED.options,
  correct_option = EXCLUDED.correct_option,
  explanation = EXCLUDED.explanation,
  display_order = EXCLUDED.display_order;

INSERT INTO public.questions (id, exercise_id, prompt, options, correct_option, explanation, display_order) VALUES
  ('02b7493d-0a90-51b9-ab4d-2c6062fb8b2b', '45614f7e-b1c0-5094-8f09-3d1ee809b452', 'حركةُ إدخال الهواء تُسمّى:', '[{"id":"a","text":"الشهيق"},{"id":"b","text":"الزفير"},{"id":"c","text":"العطس"},{"id":"d","text":"البلع"}]'::jsonb, 'a', 'الشهيقُ هو إدخالُ الهواء إلى الرئتين.', 2)
ON CONFLICT (id) DO UPDATE SET
  exercise_id = EXCLUDED.exercise_id,
  prompt = EXCLUDED.prompt,
  options = EXCLUDED.options,
  correct_option = EXCLUDED.correct_option,
  explanation = EXCLUDED.explanation,
  display_order = EXCLUDED.display_order;

INSERT INTO public.questions (id, exercise_id, prompt, options, correct_option, explanation, display_order) VALUES
  ('e1c04794-5255-56a7-8877-0c5575d985c7', '45614f7e-b1c0-5094-8f09-3d1ee809b452', 'حركةُ إخراج الهواء تُسمّى:', '[{"id":"a","text":"الزفير"},{"id":"b","text":"الشهيق"},{"id":"c","text":"الهضم"},{"id":"d","text":"النبض"}]'::jsonb, 'a', 'الزفيرُ هو إخراجُ الهواء المحمّل بثاني أكسيد الكربون من الرئتين.', 3)
ON CONFLICT (id) DO UPDATE SET
  exercise_id = EXCLUDED.exercise_id,
  prompt = EXCLUDED.prompt,
  options = EXCLUDED.options,
  correct_option = EXCLUDED.correct_option,
  explanation = EXCLUDED.explanation,
  display_order = EXCLUDED.display_order;

INSERT INTO public.questions (id, exercise_id, prompt, options, correct_option, explanation, display_order) VALUES
  ('9fcadfa1-c422-577a-a63f-ac6e8515f591', '45614f7e-b1c0-5094-8f09-3d1ee809b452', 'ما الغازُ الذي نأخذُه من الهواء عند التنفّس؟', '[{"id":"a","text":"الأكسجين"},{"id":"b","text":"ثاني أكسيد الكربون"},{"id":"c","text":"الآزوت"},{"id":"d","text":"الدخان"}]'::jsonb, 'a', 'نأخذُ الأكسجينَ من الهواء، فهو الغازُ الضروريُّ لنشاط الجسم.', 4)
ON CONFLICT (id) DO UPDATE SET
  exercise_id = EXCLUDED.exercise_id,
  prompt = EXCLUDED.prompt,
  options = EXCLUDED.options,
  correct_option = EXCLUDED.correct_option,
  explanation = EXCLUDED.explanation,
  display_order = EXCLUDED.display_order;

INSERT INTO public.questions (id, exercise_id, prompt, options, correct_option, explanation, display_order) VALUES
  ('159c036b-42bc-56a3-aaf8-969b97f1496f', '45614f7e-b1c0-5094-8f09-3d1ee809b452', 'ما الغازُ الذي نطرحُه بكثرةٍ عند الزفير؟', '[{"id":"a","text":"ثاني أكسيد الكربون"},{"id":"b","text":"الأكسجين"},{"id":"c","text":"الآزوت"},{"id":"d","text":"الهيليوم"}]'::jsonb, 'a', 'نطرحُ هواءً غنيًّا بثاني أكسيد الكربون عند الزفير.', 5)
ON CONFLICT (id) DO UPDATE SET
  exercise_id = EXCLUDED.exercise_id,
  prompt = EXCLUDED.prompt,
  options = EXCLUDED.options,
  correct_option = EXCLUDED.correct_option,
  explanation = EXCLUDED.explanation,
  display_order = EXCLUDED.display_order;

INSERT INTO public.questions (id, exercise_id, prompt, options, correct_option, explanation, display_order) VALUES
  ('0d03b54c-9422-51dc-85ff-7d37a59ac103', '45614f7e-b1c0-5094-8f09-3d1ee809b452', 'من أين يدخلُ الهواءُ إلى جهاز التنفّس عادةً؟', '[{"id":"a","text":"الأنف"},{"id":"b","text":"الأذن"},{"id":"c","text":"العين"},{"id":"d","text":"الجلد"}]'::jsonb, 'a', 'يدخلُ الهواءُ عبر الأنف ثمّ يمرّ في القصبة الهوائيّة نحو الرئتين.', 6)
ON CONFLICT (id) DO UPDATE SET
  exercise_id = EXCLUDED.exercise_id,
  prompt = EXCLUDED.prompt,
  options = EXCLUDED.options,
  correct_option = EXCLUDED.correct_option,
  explanation = EXCLUDED.explanation,
  display_order = EXCLUDED.display_order;

INSERT INTO public.exercises (id, chapter_id, subject_id, title, difficulty, xp_reward, reward_coins, mode, source, display_order) VALUES
  ('c9471038-aa68-5d23-9828-c6787a18a851', '38976f55-d157-591a-9efd-ad38e0e0b33a', 'eveil-scientifique-6eme', '⚔️ زعيم الفصل ⭐⭐⭐: تحدّي التنفّس', 3, 120, 30, 'boss', 'admin', 2)
ON CONFLICT (id) DO UPDATE SET
  chapter_id = EXCLUDED.chapter_id,
  subject_id = EXCLUDED.subject_id,
  title = EXCLUDED.title,
  difficulty = EXCLUDED.difficulty,
  xp_reward = EXCLUDED.xp_reward,
  reward_coins = EXCLUDED.reward_coins,
  mode = EXCLUDED.mode,
  display_order = EXCLUDED.display_order;

INSERT INTO public.questions (id, exercise_id, prompt, options, correct_option, explanation, display_order) VALUES
  ('6214cf7a-e549-588d-8cbb-b406af16aff0', 'c9471038-aa68-5d23-9828-c6787a18a851', 'أين يحدثُ التبادلُ الغازيّ في جهاز التنفّس؟', '[{"id":"a","text":"في الحويصلات الهوائيّة"},{"id":"b","text":"في الأنف"},{"id":"c","text":"في القصبة الهوائيّة فقط"},{"id":"d","text":"في المريء"}]'::jsonb, 'a', 'يتمّ التبادلُ الغازيُّ في الحويصلات الهوائيّة الدقيقة داخل الرئتين.', 1)
ON CONFLICT (id) DO UPDATE SET
  exercise_id = EXCLUDED.exercise_id,
  prompt = EXCLUDED.prompt,
  options = EXCLUDED.options,
  correct_option = EXCLUDED.correct_option,
  explanation = EXCLUDED.explanation,
  display_order = EXCLUDED.display_order;

INSERT INTO public.questions (id, exercise_id, prompt, options, correct_option, explanation, display_order) VALUES
  ('abc98ba8-9d5c-5498-acc1-f743901e7879', 'c9471038-aa68-5d23-9828-c6787a18a851', 'في الرئتين، ينتقلُ الأكسجينُ من الحويصلات إلى:', '[{"id":"a","text":"الدم"},{"id":"b","text":"المعدة"},{"id":"c","text":"العظام"},{"id":"d","text":"خارج الجسم مباشرة"}]'::jsonb, 'a', 'ينتقلُ الأكسجينُ من الحويصلات إلى الدم الذي يوزّعُه على أعضاء الجسم.', 2)
ON CONFLICT (id) DO UPDATE SET
  exercise_id = EXCLUDED.exercise_id,
  prompt = EXCLUDED.prompt,
  options = EXCLUDED.options,
  correct_option = EXCLUDED.correct_option,
  explanation = EXCLUDED.explanation,
  display_order = EXCLUDED.display_order;

INSERT INTO public.questions (id, exercise_id, prompt, options, correct_option, explanation, display_order) VALUES
  ('5a559640-7cd6-5fe1-ae7e-81f1de11de8e', 'c9471038-aa68-5d23-9828-c6787a18a851', 'ما الترتيبُ الصحيحُ لمسار الهواء عند الشهيق؟', '[{"id":"a","text":"الأنف ← القصبة الهوائيّة ← الرئتان"},{"id":"b","text":"الرئتان ← الأنف ← القصبة الهوائيّة"},{"id":"c","text":"القصبة الهوائيّة ← الأنف ← الرئتان"},{"id":"d","text":"الأنف ← المعدة ← الرئتان"}]'::jsonb, 'a', 'يدخلُ الهواءُ من الأنف، ثمّ يمرّ في القصبة الهوائيّة، ليصلَ إلى الرئتين.', 3)
ON CONFLICT (id) DO UPDATE SET
  exercise_id = EXCLUDED.exercise_id,
  prompt = EXCLUDED.prompt,
  options = EXCLUDED.options,
  correct_option = EXCLUDED.correct_option,
  explanation = EXCLUDED.explanation,
  display_order = EXCLUDED.display_order;

INSERT INTO public.questions (id, exercise_id, prompt, options, correct_option, explanation, display_order) VALUES
  ('67b14cb9-a119-57db-8eba-706116074617', 'c9471038-aa68-5d23-9828-c6787a18a851', 'لماذا يكون هواءُ الزفير غنيًّا بثاني أكسيد الكربون؟', '[{"id":"a","text":"لأنّ الدمَ ينقلُه من الأعضاء إلى الرئتين ليُطرح"},{"id":"b","text":"لأنّنا نأكلُ ثاني أكسيد الكربون"},{"id":"c","text":"لأنّ الرئتين تصنعان الأكسجين"},{"id":"d","text":"لأنّ الأنفَ يبرّدُ الهواء"}]'::jsonb, 'a', 'ينتجُ الجسمُ ثاني أكسيد الكربون، فينقلُه الدمُ إلى الرئتين ليُطرحَ مع هواء الزفير.', 4)
ON CONFLICT (id) DO UPDATE SET
  exercise_id = EXCLUDED.exercise_id,
  prompt = EXCLUDED.prompt,
  options = EXCLUDED.options,
  correct_option = EXCLUDED.correct_option,
  explanation = EXCLUDED.explanation,
  display_order = EXCLUDED.display_order;

INSERT INTO public.questions (id, exercise_id, prompt, options, correct_option, explanation, display_order) VALUES
  ('f7f33503-b459-5d27-adc8-d84ddd9cff08', 'c9471038-aa68-5d23-9828-c6787a18a851', 'ماذا ينقلُ الدمُ انطلاقًا من الرئتين إلى بقيّة الأعضاء؟', '[{"id":"a","text":"الأكسجين"},{"id":"b","text":"ثاني أكسيد الكربون فقط"},{"id":"c","text":"الهواءَ كاملًا"},{"id":"d","text":"الفضلاتِ الصلبة"}]'::jsonb, 'a', 'بعد التبادل في الرئتين، ينقلُ الدمُ الأكسجينَ إلى كلّ أعضاء الجسم.', 5)
ON CONFLICT (id) DO UPDATE SET
  exercise_id = EXCLUDED.exercise_id,
  prompt = EXCLUDED.prompt,
  options = EXCLUDED.options,
  correct_option = EXCLUDED.correct_option,
  explanation = EXCLUDED.explanation,
  display_order = EXCLUDED.display_order;

INSERT INTO public.questions (id, exercise_id, prompt, options, correct_option, explanation, display_order) VALUES
  ('dd185a0c-5964-5921-89c5-6efda6cc9cd4', 'c9471038-aa68-5d23-9828-c6787a18a851', 'ما وظيفةُ القصبة الهوائيّة؟', '[{"id":"a","text":"نقلُ الهواء بين الأنف والرئتين"},{"id":"b","text":"هضمُ الطعام"},{"id":"c","text":"ضخُّ الدم"},{"id":"d","text":"تخزينُ الماء"}]'::jsonb, 'a', 'القصبةُ الهوائيّة أنبوبٌ ينقلُ الهواءَ بين الأنف والرئتين.', 6)
ON CONFLICT (id) DO UPDATE SET
  exercise_id = EXCLUDED.exercise_id,
  prompt = EXCLUDED.prompt,
  options = EXCLUDED.options,
  correct_option = EXCLUDED.correct_option,
  explanation = EXCLUDED.explanation,
  display_order = EXCLUDED.display_order;

INSERT INTO public.exercises (id, chapter_id, subject_id, title, difficulty, xp_reward, reward_coins, mode, source, display_order) VALUES
  ('93e3ff54-751f-5338-9891-ed7496283db4', '38976f55-d157-591a-9efd-ad38e0e0b33a', 'eveil-scientifique-6eme', '⭐⭐ تمرين مراجعة (نمط امتحان): التنفّس', 2, 70, 15, 'practice', 'admin', 3)
ON CONFLICT (id) DO UPDATE SET
  chapter_id = EXCLUDED.chapter_id,
  subject_id = EXCLUDED.subject_id,
  title = EXCLUDED.title,
  difficulty = EXCLUDED.difficulty,
  xp_reward = EXCLUDED.xp_reward,
  reward_coins = EXCLUDED.reward_coins,
  mode = EXCLUDED.mode,
  display_order = EXCLUDED.display_order;

INSERT INTO public.questions (id, exercise_id, prompt, options, correct_option, explanation, display_order) VALUES
  ('d8a54c40-6502-5056-bf69-f383bc3a676a', '93e3ff54-751f-5338-9891-ed7496283db4', 'ما هما حركتا التنفّس؟', '[{"id":"a","text":"الشهيق والزفير"},{"id":"b","text":"الأكل والشرب"},{"id":"c","text":"النبض والضغط"},{"id":"d","text":"الهضم والامتصاص"}]'::jsonb, 'a', 'حركتا التنفّس هما الشهيق (إدخال الهواء) والزفير (إخراجه).', 1)
ON CONFLICT (id) DO UPDATE SET
  exercise_id = EXCLUDED.exercise_id,
  prompt = EXCLUDED.prompt,
  options = EXCLUDED.options,
  correct_option = EXCLUDED.correct_option,
  explanation = EXCLUDED.explanation,
  display_order = EXCLUDED.display_order;

INSERT INTO public.questions (id, exercise_id, prompt, options, correct_option, explanation, display_order) VALUES
  ('d7655934-9e62-5a01-a5ed-22de92ae59cb', '93e3ff54-751f-5338-9891-ed7496283db4', 'ما العضو الذي يصلُ إليه الهواءُ في نهاية مساره؟', '[{"id":"a","text":"الرئتان"},{"id":"b","text":"المعدة"},{"id":"c","text":"الكبد"},{"id":"d","text":"الأمعاء"}]'::jsonb, 'a', 'يصلُ الهواءُ في نهاية مساره إلى الرئتين حيث يحدثُ التبادلُ الغازيّ.', 2)
ON CONFLICT (id) DO UPDATE SET
  exercise_id = EXCLUDED.exercise_id,
  prompt = EXCLUDED.prompt,
  options = EXCLUDED.options,
  correct_option = EXCLUDED.correct_option,
  explanation = EXCLUDED.explanation,
  display_order = EXCLUDED.display_order;

INSERT INTO public.questions (id, exercise_id, prompt, options, correct_option, explanation, display_order) VALUES
  ('0993075f-f19b-509e-825f-0ed08c7fd454', '93e3ff54-751f-5338-9891-ed7496283db4', 'في الحويصلات، ينتقلُ ثاني أكسيد الكربون من الدم إلى:', '[{"id":"a","text":"الهواء ليُطرحَ بالزفير"},{"id":"b","text":"العظام"},{"id":"c","text":"المعدة"},{"id":"d","text":"العضلات"}]'::jsonb, 'a', 'ينتقلُ ثاني أكسيد الكربون من الدم إلى الهواء في الحويصلات، ثمّ يُطرحُ بالزفير.', 3)
ON CONFLICT (id) DO UPDATE SET
  exercise_id = EXCLUDED.exercise_id,
  prompt = EXCLUDED.prompt,
  options = EXCLUDED.options,
  correct_option = EXCLUDED.correct_option,
  explanation = EXCLUDED.explanation,
  display_order = EXCLUDED.display_order;

INSERT INTO public.questions (id, exercise_id, prompt, options, correct_option, explanation, display_order) VALUES
  ('18063625-8d57-5ff3-928c-639e90c4fa14', '93e3ff54-751f-5338-9891-ed7496283db4', 'هواءُ الشهيق غنيٌّ بـ:', '[{"id":"a","text":"الأكسجين"},{"id":"b","text":"ثاني أكسيد الكربون"},{"id":"c","text":"الدخان"},{"id":"d","text":"بخار الزيت"}]'::jsonb, 'a', 'هواءُ الشهيق هو هواءُ الجوّ، وهو غنيٌّ بالأكسجين.', 4)
ON CONFLICT (id) DO UPDATE SET
  exercise_id = EXCLUDED.exercise_id,
  prompt = EXCLUDED.prompt,
  options = EXCLUDED.options,
  correct_option = EXCLUDED.correct_option,
  explanation = EXCLUDED.explanation,
  display_order = EXCLUDED.display_order;

INSERT INTO public.questions (id, exercise_id, prompt, options, correct_option, explanation, display_order) VALUES
  ('6a967509-b002-58fc-b16d-d5ffd9242d63', '93e3ff54-751f-5338-9891-ed7496283db4', 'لماذا نتنفّس؟', '[{"id":"a","text":"لأخذ الأكسجين وطرح ثاني أكسيد الكربون"},{"id":"b","text":"لهضم الطعام"},{"id":"c","text":"لتبريد الدم فقط"},{"id":"d","text":"لإنتاج الأكسجين"}]'::jsonb, 'a', 'نتنفّسُ لتزويد الجسم بالأكسجين وللتخلّص من ثاني أكسيد الكربون.', 5)
ON CONFLICT (id) DO UPDATE SET
  exercise_id = EXCLUDED.exercise_id,
  prompt = EXCLUDED.prompt,
  options = EXCLUDED.options,
  correct_option = EXCLUDED.correct_option,
  explanation = EXCLUDED.explanation,
  display_order = EXCLUDED.display_order;

INSERT INTO public.questions (id, exercise_id, prompt, options, correct_option, explanation, display_order) VALUES
  ('608c5491-da95-5c7d-893e-750d1b7b6f9d', '93e3ff54-751f-5338-9891-ed7496283db4', 'إذا انسدّت القصبةُ الهوائيّة تمامًا، فما النتيجة؟', '[{"id":"a","text":"لا يصلُ الهواءُ إلى الرئتين"},{"id":"b","text":"يتحسّنُ التنفّس"},{"id":"c","text":"يزدادُ الأكسجين في الدم"},{"id":"d","text":"لا يتغيّرُ شيء"}]'::jsonb, 'a', 'القصبةُ الهوائيّة ممرُّ الهواء؛ فانسدادُها يمنعُ وصولَ الهواء إلى الرئتين.', 6)
ON CONFLICT (id) DO UPDATE SET
  exercise_id = EXCLUDED.exercise_id,
  prompt = EXCLUDED.prompt,
  options = EXCLUDED.options,
  correct_option = EXCLUDED.correct_option,
  explanation = EXCLUDED.explanation,
  display_order = EXCLUDED.display_order;

INSERT INTO public.exercises (id, chapter_id, subject_id, title, difficulty, xp_reward, reward_coins, mode, source, display_order) VALUES
  ('83144a7b-33cd-5d46-981e-0d6aea1b6c3f', '38976f55-d157-591a-9efd-ad38e0e0b33a', 'eveil-scientifique-6eme', '👑 تحدّي النخبة ⭐⭐⭐⭐: سيّدُ التنفّس', 4, 300, 60, 'challenge', 'admin', 4)
ON CONFLICT (id) DO UPDATE SET
  chapter_id = EXCLUDED.chapter_id,
  subject_id = EXCLUDED.subject_id,
  title = EXCLUDED.title,
  difficulty = EXCLUDED.difficulty,
  xp_reward = EXCLUDED.xp_reward,
  reward_coins = EXCLUDED.reward_coins,
  mode = EXCLUDED.mode,
  display_order = EXCLUDED.display_order;

INSERT INTO public.questions (id, exercise_id, prompt, options, correct_option, explanation, display_order) VALUES
  ('1f99edab-6543-54c6-ac7b-77f9f4a1d8c7', '83144a7b-33cd-5d46-981e-0d6aea1b6c3f', 'أين بالضبط يتمّ التبادلُ الغازيّ بين الهواء والدم؟', '[{"id":"a","text":"في الحويصلات الهوائيّة"},{"id":"b","text":"في القلب"},{"id":"c","text":"في المعدة"},{"id":"d","text":"في الكلى"}]'::jsonb, 'a', 'الحويصلاتُ الهوائيّة هي السطحُ الذي يتمّ عنده مرورُ الغازات بين الهواء والدم.', 1)
ON CONFLICT (id) DO UPDATE SET
  exercise_id = EXCLUDED.exercise_id,
  prompt = EXCLUDED.prompt,
  options = EXCLUDED.options,
  correct_option = EXCLUDED.correct_option,
  explanation = EXCLUDED.explanation,
  display_order = EXCLUDED.display_order;

INSERT INTO public.questions (id, exercise_id, prompt, options, correct_option, explanation, display_order) VALUES
  ('c03e30e1-b023-51fb-a85a-c0398441f94c', '83144a7b-33cd-5d46-981e-0d6aea1b6c3f', 'أيُّ جملةٍ صحيحةٌ عند مقارنة هواء الزفير بهواء الشهيق؟', '[{"id":"a","text":"الزفيرُ نسبةُ ثاني أكسيد الكربون فيه أعلى"},{"id":"b","text":"الزفيرُ خالٍ تمامًا من الأكسجين"},{"id":"c","text":"الشهيقُ غنيٌّ بثاني أكسيد الكربون"},{"id":"d","text":"لا فرقَ بينهما إطلاقًا"}]'::jsonb, 'a', 'بعد التبادل في الرئتين ترتفعُ نسبةُ ثاني أكسيد الكربون في هواء الزفير مقارنةً بالشهيق.', 2)
ON CONFLICT (id) DO UPDATE SET
  exercise_id = EXCLUDED.exercise_id,
  prompt = EXCLUDED.prompt,
  options = EXCLUDED.options,
  correct_option = EXCLUDED.correct_option,
  explanation = EXCLUDED.explanation,
  display_order = EXCLUDED.display_order;

INSERT INTO public.questions (id, exercise_id, prompt, options, correct_option, explanation, display_order) VALUES
  ('386d67af-7e63-5a6a-8a0c-e2509a41a81b', '83144a7b-33cd-5d46-981e-0d6aea1b6c3f', 'ما العلاقةُ بين التنفّس والدم؟', '[{"id":"a","text":"الدمُ يأخذُ الأكسجين من الرئتين وينقلُه للأعضاء"},{"id":"b","text":"لا علاقةَ بينهما"},{"id":"c","text":"الدمُ يصنعُ الهواء"},{"id":"d","text":"الرئتان تضخّان الدم"}]'::jsonb, 'a', 'في الرئتين يلتقطُ الدمُ الأكسجينَ ويتخلّصُ من ثاني أكسيد الكربون، ثمّ ينقلُ الأكسجينَ للأعضاء.', 3)
ON CONFLICT (id) DO UPDATE SET
  exercise_id = EXCLUDED.exercise_id,
  prompt = EXCLUDED.prompt,
  options = EXCLUDED.options,
  correct_option = EXCLUDED.correct_option,
  explanation = EXCLUDED.explanation,
  display_order = EXCLUDED.display_order;

INSERT INTO public.questions (id, exercise_id, prompt, options, correct_option, explanation, display_order) VALUES
  ('39959081-838f-544e-bc60-b45818a9f0ce', '83144a7b-33cd-5d46-981e-0d6aea1b6c3f', 'لماذا يتسارعُ تنفّسُنا بعد الجري؟', '[{"id":"a","text":"لأنّ الجسمَ يحتاجُ أكسجينًا أكثر فنتنفّسُ أسرع"},{"id":"b","text":"لأنّ الرئتين تتعبان وتتوقّفان"},{"id":"c","text":"لأنّنا لا نحتاجُ أكسجينًا أثناء الجري"},{"id":"d","text":"لأنّ الهواءَ يصبحُ أثقل"}]'::jsonb, 'a', 'يزيدُ نشاطُ العضلات الحاجةَ إلى الأكسجين، فيتسارعُ التنفّسُ لتوفيره وطرد ثاني أكسيد الكربون الزائد.', 4)
ON CONFLICT (id) DO UPDATE SET
  exercise_id = EXCLUDED.exercise_id,
  prompt = EXCLUDED.prompt,
  options = EXCLUDED.options,
  correct_option = EXCLUDED.correct_option,
  explanation = EXCLUDED.explanation,
  display_order = EXCLUDED.display_order;

INSERT INTO public.questions (id, exercise_id, prompt, options, correct_option, explanation, display_order) VALUES
  ('b93f158a-23c1-5475-9070-bd3f7855aaa8', '83144a7b-33cd-5d46-981e-0d6aea1b6c3f', 'ما الذي يميّزُ هواءَ الشهيق؟', '[{"id":"a","text":"أنّه أغنى بالأكسجين"},{"id":"b","text":"أنّه أغنى بثاني أكسيد الكربون"},{"id":"c","text":"أنّه بلا أكسجين"},{"id":"d","text":"أنّه دخانٌ كثيف"}]'::jsonb, 'a', 'هواءُ الشهيق هو هواءُ الجوّ الغنيُّ بالأكسجين قبل أن يأخذَ الجسمُ حاجتَه منه.', 5)
ON CONFLICT (id) DO UPDATE SET
  exercise_id = EXCLUDED.exercise_id,
  prompt = EXCLUDED.prompt,
  options = EXCLUDED.options,
  correct_option = EXCLUDED.correct_option,
  explanation = EXCLUDED.explanation,
  display_order = EXCLUDED.display_order;

INSERT INTO public.questions (id, exercise_id, prompt, options, correct_option, explanation, display_order) VALUES
  ('f3cd1045-3d9f-55ce-9308-aa21205f383b', '83144a7b-33cd-5d46-981e-0d6aea1b6c3f', 'ما دورُ الحويصلات الهوائيّة الدقيقة في الرئتين؟', '[{"id":"a","text":"توفّرُ سطحًا واسعًا للتبادل الغازيّ مع الدم"},{"id":"b","text":"تهضمُ الطعام"},{"id":"c","text":"تضخُّ الدم"},{"id":"d","text":"تخزّنُ البول"}]'::jsonb, 'a', 'الحويصلاتُ الكثيرةُ توفّرُ سطحًا واسعًا يسمحُ بتبادلٍ غازيٍّ سريعٍ بين الهواء والدم.', 6)
ON CONFLICT (id) DO UPDATE SET
  exercise_id = EXCLUDED.exercise_id,
  prompt = EXCLUDED.prompt,
  options = EXCLUDED.options,
  correct_option = EXCLUDED.correct_option,
  explanation = EXCLUDED.explanation,
  display_order = EXCLUDED.display_order;

INSERT INTO public.exercises (id, chapter_id, subject_id, title, difficulty, xp_reward, reward_coins, mode, source, display_order) VALUES
  ('9ce85352-fd3a-5438-b2c8-5490dc648e59', '38976f55-d157-591a-9efd-ad38e0e0b33a', 'eveil-scientifique-6eme', '📝 تدريب ⭐⭐⭐: مراجعةٌ شاملةٌ للتنفّس', 3, 120, 30, 'boss', 'admin', 5)
ON CONFLICT (id) DO UPDATE SET
  chapter_id = EXCLUDED.chapter_id,
  subject_id = EXCLUDED.subject_id,
  title = EXCLUDED.title,
  difficulty = EXCLUDED.difficulty,
  xp_reward = EXCLUDED.xp_reward,
  reward_coins = EXCLUDED.reward_coins,
  mode = EXCLUDED.mode,
  display_order = EXCLUDED.display_order;

INSERT INTO public.questions (id, exercise_id, prompt, options, correct_option, explanation, display_order) VALUES
  ('76e167cd-8d4e-5be5-85ef-6fc2c010ef91', '9ce85352-fd3a-5438-b2c8-5490dc648e59', 'ما العضو المسؤولُ عن التنفّس؟', '[{"id":"a","text":"الرئتان"},{"id":"b","text":"المعدة"},{"id":"c","text":"الطحال"},{"id":"d","text":"المثانة"}]'::jsonb, 'a', 'الرئتان هما عضوُ التنفّس حيث يحدثُ التبادلُ الغازيّ.', 1)
ON CONFLICT (id) DO UPDATE SET
  exercise_id = EXCLUDED.exercise_id,
  prompt = EXCLUDED.prompt,
  options = EXCLUDED.options,
  correct_option = EXCLUDED.correct_option,
  explanation = EXCLUDED.explanation,
  display_order = EXCLUDED.display_order;

INSERT INTO public.questions (id, exercise_id, prompt, options, correct_option, explanation, display_order) VALUES
  ('25767b39-8d52-50ae-84b5-430398ee5bf3', '9ce85352-fd3a-5438-b2c8-5490dc648e59', 'الشهيقُ هو:', '[{"id":"a","text":"إدخالُ الهواء إلى الرئتين"},{"id":"b","text":"إخراجُ الهواء من الرئتين"},{"id":"c","text":"بلعُ الطعام"},{"id":"d","text":"ضخُّ الدم"}]'::jsonb, 'a', 'الشهيقُ هو إدخالُ الهواء الغنيّ بالأكسجين إلى الرئتين.', 2)
ON CONFLICT (id) DO UPDATE SET
  exercise_id = EXCLUDED.exercise_id,
  prompt = EXCLUDED.prompt,
  options = EXCLUDED.options,
  correct_option = EXCLUDED.correct_option,
  explanation = EXCLUDED.explanation,
  display_order = EXCLUDED.display_order;

INSERT INTO public.questions (id, exercise_id, prompt, options, correct_option, explanation, display_order) VALUES
  ('dcd9b827-88b9-54d0-8744-f6a7c258031c', '9ce85352-fd3a-5438-b2c8-5490dc648e59', 'ما الغازُ الذي يكثرُ في هواء الزفير؟', '[{"id":"a","text":"ثاني أكسيد الكربون"},{"id":"b","text":"الأكسجين"},{"id":"c","text":"الآزوت وحدَه"},{"id":"d","text":"الأوزون"}]'::jsonb, 'a', 'يكثرُ ثاني أكسيد الكربون في هواء الزفير لأنّ الجسمَ يطرحُه.', 3)
ON CONFLICT (id) DO UPDATE SET
  exercise_id = EXCLUDED.exercise_id,
  prompt = EXCLUDED.prompt,
  options = EXCLUDED.options,
  correct_option = EXCLUDED.correct_option,
  explanation = EXCLUDED.explanation,
  display_order = EXCLUDED.display_order;

INSERT INTO public.questions (id, exercise_id, prompt, options, correct_option, explanation, display_order) VALUES
  ('1cc0ee4d-cb5d-5c0c-bcf1-95ef5f970df4', '9ce85352-fd3a-5438-b2c8-5490dc648e59', 'ما الترتيبُ الصحيحُ لمسار الهواء؟', '[{"id":"a","text":"الأنف ← القصبة الهوائيّة ← الرئتان"},{"id":"b","text":"الفم ← المعدة ← الرئتان"},{"id":"c","text":"الرئتان ← القصبة الهوائيّة ← الأنف"},{"id":"d","text":"الأنف ← الرئتان ← القصبة الهوائيّة"}]'::jsonb, 'a', 'يسلكُ الهواءُ المسار: الأنف ← القصبة الهوائيّة ← الرئتان.', 4)
ON CONFLICT (id) DO UPDATE SET
  exercise_id = EXCLUDED.exercise_id,
  prompt = EXCLUDED.prompt,
  options = EXCLUDED.options,
  correct_option = EXCLUDED.correct_option,
  explanation = EXCLUDED.explanation,
  display_order = EXCLUDED.display_order;

INSERT INTO public.questions (id, exercise_id, prompt, options, correct_option, explanation, display_order) VALUES
  ('4bb77781-f351-5501-9e6d-237773298888', '9ce85352-fd3a-5438-b2c8-5490dc648e59', 'في الرئتين ينتقلُ الأكسجينُ إلى الدم عبر:', '[{"id":"a","text":"الحويصلات الهوائيّة"},{"id":"b","text":"العظام"},{"id":"c","text":"الجلد"},{"id":"d","text":"الأظافر"}]'::jsonb, 'a', 'يعبرُ الأكسجينُ من الحويصلات الهوائيّة إلى الدم المحيط بها.', 5)
ON CONFLICT (id) DO UPDATE SET
  exercise_id = EXCLUDED.exercise_id,
  prompt = EXCLUDED.prompt,
  options = EXCLUDED.options,
  correct_option = EXCLUDED.correct_option,
  explanation = EXCLUDED.explanation,
  display_order = EXCLUDED.display_order;

INSERT INTO public.questions (id, exercise_id, prompt, options, correct_option, explanation, display_order) VALUES
  ('6dd95402-0204-5cd8-9f51-681b9577b53d', '9ce85352-fd3a-5438-b2c8-5490dc648e59', 'لماذا يُعدُّ التنفّسُ ضروريًّا للحياة؟', '[{"id":"a","text":"لأنّه يزوّدُ الجسمَ بالأكسجين اللازم لنشاط الخلايا"},{"id":"b","text":"لأنّه يُنتجُ الطعام"},{"id":"c","text":"لأنّه يبرّدُ الجلد"},{"id":"d","text":"لأنّه يصنعُ العظام"}]'::jsonb, 'a', 'يحتاجُ الجسمُ الأكسجينَ لإنتاج الطاقة في خلاياه، والتنفّسُ هو ما يوفّرُه.', 6)
ON CONFLICT (id) DO UPDATE SET
  exercise_id = EXCLUDED.exercise_id,
  prompt = EXCLUDED.prompt,
  options = EXCLUDED.options,
  correct_option = EXCLUDED.correct_option,
  explanation = EXCLUDED.explanation,
  display_order = EXCLUDED.display_order;

INSERT INTO public.exercises (id, chapter_id, subject_id, title, difficulty, xp_reward, reward_coins, mode, source, display_order) VALUES
  ('21283609-6e6f-5624-bc24-cedd580c9f0a', 'a5efe929-363c-5e01-a9bc-06eff4fbe288', 'eveil-scientifique-6eme', 'اختبار فهم الدرس ⭐', 1, 20, 5, 'quiz', 'admin', 0)
ON CONFLICT (id) DO UPDATE SET
  chapter_id = EXCLUDED.chapter_id,
  subject_id = EXCLUDED.subject_id,
  title = EXCLUDED.title,
  difficulty = EXCLUDED.difficulty,
  xp_reward = EXCLUDED.xp_reward,
  reward_coins = EXCLUDED.reward_coins,
  mode = EXCLUDED.mode,
  display_order = EXCLUDED.display_order;

INSERT INTO public.questions (id, exercise_id, prompt, options, correct_option, explanation, display_order) VALUES
  ('57e35d02-c3b4-57d0-a79d-c78d60e826b7', '21283609-6e6f-5624-bc24-cedd580c9f0a', 'ما العضو الذي يضخُّ الدمَ في الجسم؟', '[{"id":"a","text":"القلب"},{"id":"b","text":"الرئة"},{"id":"c","text":"المعدة"},{"id":"d","text":"الكبد"}]'::jsonb, 'a', 'القلبُ عضلةٌ تعملُ كمضخّةٍ تدفعُ الدمَ في كامل الجسم.', 1)
ON CONFLICT (id) DO UPDATE SET
  exercise_id = EXCLUDED.exercise_id,
  prompt = EXCLUDED.prompt,
  options = EXCLUDED.options,
  correct_option = EXCLUDED.correct_option,
  explanation = EXCLUDED.explanation,
  display_order = EXCLUDED.display_order;

INSERT INTO public.questions (id, exercise_id, prompt, options, correct_option, explanation, display_order) VALUES
  ('d07f106a-5080-58ba-87c1-5f4b7778c331', '21283609-6e6f-5624-bc24-cedd580c9f0a', 'ما المكوّنُ الذي ينقلُ الأكسجينَ في الدم؟', '[{"id":"a","text":"الكريّات الحمراء"},{"id":"b","text":"الكريّات البيضاء"},{"id":"c","text":"الصفيحات الدمويّة"},{"id":"d","text":"البلازما وحدها"}]'::jsonb, 'a', 'الكريّاتُ الحمراء هي المسؤولةُ عن نقل الأكسجين إلى أعضاء الجسم.', 2)
ON CONFLICT (id) DO UPDATE SET
  exercise_id = EXCLUDED.exercise_id,
  prompt = EXCLUDED.prompt,
  options = EXCLUDED.options,
  correct_option = EXCLUDED.correct_option,
  explanation = EXCLUDED.explanation,
  display_order = EXCLUDED.display_order;

INSERT INTO public.questions (id, exercise_id, prompt, options, correct_option, explanation, display_order) VALUES
  ('f97d3e0d-fc52-58b2-8851-99a53f0ea7b4', '21283609-6e6f-5624-bc24-cedd580c9f0a', 'ما دورُ الكريّات البيضاء؟', '[{"id":"a","text":"الدفاعُ عن الجسم ضدّ الميكروبات"},{"id":"b","text":"نقلُ الأكسجين"},{"id":"c","text":"هضمُ الطعام"},{"id":"d","text":"تبريدُ الجسم"}]'::jsonb, 'a', 'الكريّاتُ البيضاء تدافعُ عن الجسم وتحاربُ الميكروبات المسبّبةَ للأمراض.', 3)
ON CONFLICT (id) DO UPDATE SET
  exercise_id = EXCLUDED.exercise_id,
  prompt = EXCLUDED.prompt,
  options = EXCLUDED.options,
  correct_option = EXCLUDED.correct_option,
  explanation = EXCLUDED.explanation,
  display_order = EXCLUDED.display_order;

INSERT INTO public.questions (id, exercise_id, prompt, options, correct_option, explanation, display_order) VALUES
  ('ff728071-e2ab-5e02-a50f-9a0bae3ec40a', '21283609-6e6f-5624-bc24-cedd580c9f0a', 'ما دورُ الصفيحات الدمويّة؟', '[{"id":"a","text":"تخثّرُ الدم وإيقافُ النزيف"},{"id":"b","text":"نقلُ الأكسجين"},{"id":"c","text":"ضخُّ الدم"},{"id":"d","text":"إنتاجُ الهواء"}]'::jsonb, 'a', 'الصفيحاتُ الدمويّة تساعدُ على تخثّر الدم وإيقاف النزيف عند الجروح.', 4)
ON CONFLICT (id) DO UPDATE SET
  exercise_id = EXCLUDED.exercise_id,
  prompt = EXCLUDED.prompt,
  options = EXCLUDED.options,
  correct_option = EXCLUDED.correct_option,
  explanation = EXCLUDED.explanation,
  display_order = EXCLUDED.display_order;

INSERT INTO public.questions (id, exercise_id, prompt, options, correct_option, explanation, display_order) VALUES
  ('83feb802-34ba-547d-86f5-afa61e0f361a', '21283609-6e6f-5624-bc24-cedd580c9f0a', 'ما اسمُ الجزء السائل من الدم؟', '[{"id":"a","text":"البلازما"},{"id":"b","text":"الكريّات الحمراء"},{"id":"c","text":"العظام"},{"id":"d","text":"العصارة"}]'::jsonb, 'a', 'البلازما هي الجزءُ السائلُ من الدم، وفيها تسبحُ الكريّاتُ والصفيحات.', 5)
ON CONFLICT (id) DO UPDATE SET
  exercise_id = EXCLUDED.exercise_id,
  prompt = EXCLUDED.prompt,
  options = EXCLUDED.options,
  correct_option = EXCLUDED.correct_option,
  explanation = EXCLUDED.explanation,
  display_order = EXCLUDED.display_order;

INSERT INTO public.exercises (id, chapter_id, subject_id, title, difficulty, xp_reward, reward_coins, mode, source, display_order) VALUES
  ('ba04966f-d093-56cb-81c9-1dd689f6edc5', 'a5efe929-363c-5e01-a9bc-06eff4fbe288', 'eveil-scientifique-6eme', '⭐ تمرين: أوّلُ خطوات مع الدم', 1, 50, 10, 'practice', 'admin', 1)
ON CONFLICT (id) DO UPDATE SET
  chapter_id = EXCLUDED.chapter_id,
  subject_id = EXCLUDED.subject_id,
  title = EXCLUDED.title,
  difficulty = EXCLUDED.difficulty,
  xp_reward = EXCLUDED.xp_reward,
  reward_coins = EXCLUDED.reward_coins,
  mode = EXCLUDED.mode,
  display_order = EXCLUDED.display_order;

INSERT INTO public.questions (id, exercise_id, prompt, options, correct_option, explanation, display_order) VALUES
  ('eb65f3da-8183-580d-a805-1f2d36292a0f', 'ba04966f-d093-56cb-81c9-1dd689f6edc5', 'ما العضو الذي يضخُّ الدم؟', '[{"id":"a","text":"القلب"},{"id":"b","text":"الرئة"},{"id":"c","text":"الكلية"},{"id":"d","text":"الدماغ"}]'::jsonb, 'a', 'القلبُ هو المضخّةُ التي تدفعُ الدمَ في الجسم كلّه.', 1)
ON CONFLICT (id) DO UPDATE SET
  exercise_id = EXCLUDED.exercise_id,
  prompt = EXCLUDED.prompt,
  options = EXCLUDED.options,
  correct_option = EXCLUDED.correct_option,
  explanation = EXCLUDED.explanation,
  display_order = EXCLUDED.display_order;

INSERT INTO public.questions (id, exercise_id, prompt, options, correct_option, explanation, display_order) VALUES
  ('27a56397-91e1-5876-814a-f8283f7a913a', 'ba04966f-d093-56cb-81c9-1dd689f6edc5', 'ما لونُ الدم؟', '[{"id":"a","text":"أحمر"},{"id":"b","text":"أزرق"},{"id":"c","text":"أخضر"},{"id":"d","text":"عديمُ اللون"}]'::jsonb, 'a', 'الدمُ سائلٌ أحمرُ اللون بفضل الكريّات الحمراء.', 2)
ON CONFLICT (id) DO UPDATE SET
  exercise_id = EXCLUDED.exercise_id,
  prompt = EXCLUDED.prompt,
  options = EXCLUDED.options,
  correct_option = EXCLUDED.correct_option,
  explanation = EXCLUDED.explanation,
  display_order = EXCLUDED.display_order;

INSERT INTO public.questions (id, exercise_id, prompt, options, correct_option, explanation, display_order) VALUES
  ('6778f97d-b31f-5c85-b06f-f31d204d840f', 'ba04966f-d093-56cb-81c9-1dd689f6edc5', 'ما المكوّنُ الذي ينقلُ الأكسجين؟', '[{"id":"a","text":"الكريّات الحمراء"},{"id":"b","text":"الكريّات البيضاء"},{"id":"c","text":"الصفيحات الدمويّة"},{"id":"d","text":"الماء فقط"}]'::jsonb, 'a', 'الكريّاتُ الحمراء تنقلُ الأكسجينَ إلى أعضاء الجسم.', 3)
ON CONFLICT (id) DO UPDATE SET
  exercise_id = EXCLUDED.exercise_id,
  prompt = EXCLUDED.prompt,
  options = EXCLUDED.options,
  correct_option = EXCLUDED.correct_option,
  explanation = EXCLUDED.explanation,
  display_order = EXCLUDED.display_order;

INSERT INTO public.questions (id, exercise_id, prompt, options, correct_option, explanation, display_order) VALUES
  ('509f07d9-78c5-573f-bfe1-c6a40f324ce2', 'ba04966f-d093-56cb-81c9-1dd689f6edc5', 'ما اسمُ الجزء السائل من الدم؟', '[{"id":"a","text":"البلازما"},{"id":"b","text":"الصفيحات"},{"id":"c","text":"العظم"},{"id":"d","text":"اللعاب"}]'::jsonb, 'a', 'البلازما هي السائلُ الذي يحملُ مكوّناتِ الدم والمغذّيات.', 4)
ON CONFLICT (id) DO UPDATE SET
  exercise_id = EXCLUDED.exercise_id,
  prompt = EXCLUDED.prompt,
  options = EXCLUDED.options,
  correct_option = EXCLUDED.correct_option,
  explanation = EXCLUDED.explanation,
  display_order = EXCLUDED.display_order;

INSERT INTO public.questions (id, exercise_id, prompt, options, correct_option, explanation, display_order) VALUES
  ('a43c0482-0ff7-54b7-892b-e9a96e9f316d', 'ba04966f-d093-56cb-81c9-1dd689f6edc5', 'ما دورُ الكريّات البيضاء؟', '[{"id":"a","text":"الدفاعُ عن الجسم"},{"id":"b","text":"نقلُ الأكسجين"},{"id":"c","text":"ضخُّ الدم"},{"id":"d","text":"تكوينُ العظام"}]'::jsonb, 'a', 'الكريّاتُ البيضاء تدافعُ عن الجسم ضدّ الميكروبات.', 5)
ON CONFLICT (id) DO UPDATE SET
  exercise_id = EXCLUDED.exercise_id,
  prompt = EXCLUDED.prompt,
  options = EXCLUDED.options,
  correct_option = EXCLUDED.correct_option,
  explanation = EXCLUDED.explanation,
  display_order = EXCLUDED.display_order;

INSERT INTO public.questions (id, exercise_id, prompt, options, correct_option, explanation, display_order) VALUES
  ('789f77cb-8f58-51f6-b872-c6db571d7355', 'ba04966f-d093-56cb-81c9-1dd689f6edc5', 'ما الذي يوقفُ النزيفَ عند جرحٍ صغير؟', '[{"id":"a","text":"الصفيحات الدمويّة"},{"id":"b","text":"الكريّات الحمراء"},{"id":"c","text":"البلازما وحدها"},{"id":"d","text":"الأكسجين"}]'::jsonb, 'a', 'الصفيحاتُ الدمويّة تساعدُ على تخثّر الدم فيتوقّفُ النزيف.', 6)
ON CONFLICT (id) DO UPDATE SET
  exercise_id = EXCLUDED.exercise_id,
  prompt = EXCLUDED.prompt,
  options = EXCLUDED.options,
  correct_option = EXCLUDED.correct_option,
  explanation = EXCLUDED.explanation,
  display_order = EXCLUDED.display_order;

INSERT INTO public.exercises (id, chapter_id, subject_id, title, difficulty, xp_reward, reward_coins, mode, source, display_order) VALUES
  ('25e852eb-166d-5524-beb5-573294fd9eb6', 'a5efe929-363c-5e01-a9bc-06eff4fbe288', 'eveil-scientifique-6eme', '⚔️ زعيم الفصل ⭐⭐⭐: تحدّي الدم', 3, 120, 30, 'boss', 'admin', 2)
ON CONFLICT (id) DO UPDATE SET
  chapter_id = EXCLUDED.chapter_id,
  subject_id = EXCLUDED.subject_id,
  title = EXCLUDED.title,
  difficulty = EXCLUDED.difficulty,
  xp_reward = EXCLUDED.xp_reward,
  reward_coins = EXCLUDED.reward_coins,
  mode = EXCLUDED.mode,
  display_order = EXCLUDED.display_order;

INSERT INTO public.questions (id, exercise_id, prompt, options, correct_option, explanation, display_order) VALUES
  ('4251c047-26f4-55a4-b131-ee1af87d5bef', '25e852eb-166d-5524-beb5-573294fd9eb6', 'القلبُ في جهاز الدوران يعملُ كـ:', '[{"id":"a","text":"مضخّةٍ تدفعُ الدم"},{"id":"b","text":"مصفاةٍ للهواء"},{"id":"c","text":"خزّانٍ للطعام"},{"id":"d","text":"غدّةٍ للعرق"}]'::jsonb, 'a', 'القلبُ مضخّةٌ عضليّةٌ تدفعُ الدمَ في الأوعية إلى كامل الجسم.', 1)
ON CONFLICT (id) DO UPDATE SET
  exercise_id = EXCLUDED.exercise_id,
  prompt = EXCLUDED.prompt,
  options = EXCLUDED.options,
  correct_option = EXCLUDED.correct_option,
  explanation = EXCLUDED.explanation,
  display_order = EXCLUDED.display_order;

INSERT INTO public.questions (id, exercise_id, prompt, options, correct_option, explanation, display_order) VALUES
  ('ce65fa02-3925-56b9-bad1-1e1a4f856b5c', '25e852eb-166d-5524-beb5-573294fd9eb6', 'ماذا ينقلُ الدمُ إلى الأعضاء؟', '[{"id":"a","text":"الأكسجين والمغذّيات"},{"id":"b","text":"العظام"},{"id":"c","text":"الفضلاتِ فقط"},{"id":"d","text":"الهواءَ كاملًا"}]'::jsonb, 'a', 'ينقلُ الدمُ الأكسجينَ من الرئتين والمغذّياتِ من الأمعاء إلى كلّ الأعضاء.', 2)
ON CONFLICT (id) DO UPDATE SET
  exercise_id = EXCLUDED.exercise_id,
  prompt = EXCLUDED.prompt,
  options = EXCLUDED.options,
  correct_option = EXCLUDED.correct_option,
  explanation = EXCLUDED.explanation,
  display_order = EXCLUDED.display_order;

INSERT INTO public.questions (id, exercise_id, prompt, options, correct_option, explanation, display_order) VALUES
  ('5dd3b035-e4b9-56bc-8d84-bb098ef7e407', '25e852eb-166d-5524-beb5-573294fd9eb6', 'ما الأوعيةُ التي يخرجُ فيها الدمُ من القلب؟', '[{"id":"a","text":"الشرايين"},{"id":"b","text":"الأوردة"},{"id":"c","text":"القصبة الهوائيّة"},{"id":"d","text":"المريء"}]'::jsonb, 'a', 'الشرايينُ هي الأوعيةُ التي يخرجُ فيها الدمُ من القلب نحو الأعضاء.', 3)
ON CONFLICT (id) DO UPDATE SET
  exercise_id = EXCLUDED.exercise_id,
  prompt = EXCLUDED.prompt,
  options = EXCLUDED.options,
  correct_option = EXCLUDED.correct_option,
  explanation = EXCLUDED.explanation,
  display_order = EXCLUDED.display_order;

INSERT INTO public.questions (id, exercise_id, prompt, options, correct_option, explanation, display_order) VALUES
  ('7cfe7c7b-ef68-57d9-8143-948130313ce7', '25e852eb-166d-5524-beb5-573294fd9eb6', 'ماذا ينقلُ الدمُ بعيدًا عن الأعضاء ليُطرح؟', '[{"id":"a","text":"ثاني أكسيد الكربون والفضلات"},{"id":"b","text":"الأكسجين والمغذّيات"},{"id":"c","text":"العظامَ والعضلات"},{"id":"d","text":"الكريّاتِ الحمراء فقط"}]'::jsonb, 'a', 'يحملُ الدمُ ثاني أكسيد الكربون والفضلاتِ بعيدًا عن الأعضاء لطرحها (عبر الرئتين والكلى).', 4)
ON CONFLICT (id) DO UPDATE SET
  exercise_id = EXCLUDED.exercise_id,
  prompt = EXCLUDED.prompt,
  options = EXCLUDED.options,
  correct_option = EXCLUDED.correct_option,
  explanation = EXCLUDED.explanation,
  display_order = EXCLUDED.display_order;

INSERT INTO public.questions (id, exercise_id, prompt, options, correct_option, explanation, display_order) VALUES
  ('2841e9e5-9800-5ec2-bf00-6f62c4357b3e', '25e852eb-166d-5524-beb5-573294fd9eb6', 'لماذا يجبُ أن يدورَ الدمُ في الجسم باستمرار؟', '[{"id":"a","text":"ليصلَ الأكسجينُ والغذاءُ إلى كلّ الخلايا"},{"id":"b","text":"ليبقى الجسمُ ساكنًا"},{"id":"c","text":"ليصنعَ الهواء"},{"id":"d","text":"ليُوقفَ نبضَ القلب"}]'::jsonb, 'a', 'دورانُ الدم المستمرُّ يضمنُ وصولَ الأكسجين والغذاء لكلّ خلايا الجسم وإزالةَ الفضلات.', 5)
ON CONFLICT (id) DO UPDATE SET
  exercise_id = EXCLUDED.exercise_id,
  prompt = EXCLUDED.prompt,
  options = EXCLUDED.options,
  correct_option = EXCLUDED.correct_option,
  explanation = EXCLUDED.explanation,
  display_order = EXCLUDED.display_order;

INSERT INTO public.questions (id, exercise_id, prompt, options, correct_option, explanation, display_order) VALUES
  ('6fbf4970-b44d-57ae-8fef-942a73ec719d', '25e852eb-166d-5524-beb5-573294fd9eb6', 'لماذا تكثرُ الكريّاتُ الحمراء في الدم؟', '[{"id":"a","text":"لأنّها تنقلُ الأكسجينَ إلى كلّ الجسم"},{"id":"b","text":"لأنّها تهضمُ الطعام"},{"id":"c","text":"لأنّها تصنعُ العظام"},{"id":"d","text":"لأنّها تطردُ العرق"}]'::jsonb, 'a', 'يحتاجُ الجسمُ كمّيّةً كبيرةً من الأكسجين، لذلك تكثرُ الكريّاتُ الحمراءُ الناقلةُ له.', 6)
ON CONFLICT (id) DO UPDATE SET
  exercise_id = EXCLUDED.exercise_id,
  prompt = EXCLUDED.prompt,
  options = EXCLUDED.options,
  correct_option = EXCLUDED.correct_option,
  explanation = EXCLUDED.explanation,
  display_order = EXCLUDED.display_order;

INSERT INTO public.exercises (id, chapter_id, subject_id, title, difficulty, xp_reward, reward_coins, mode, source, display_order) VALUES
  ('5a8adbb4-f4f5-51ac-bbee-71e52c439c0a', 'a5efe929-363c-5e01-a9bc-06eff4fbe288', 'eveil-scientifique-6eme', '⭐⭐ تمرين مراجعة (نمط امتحان): الدم', 2, 70, 15, 'practice', 'admin', 3)
ON CONFLICT (id) DO UPDATE SET
  chapter_id = EXCLUDED.chapter_id,
  subject_id = EXCLUDED.subject_id,
  title = EXCLUDED.title,
  difficulty = EXCLUDED.difficulty,
  xp_reward = EXCLUDED.xp_reward,
  reward_coins = EXCLUDED.reward_coins,
  mode = EXCLUDED.mode,
  display_order = EXCLUDED.display_order;

INSERT INTO public.questions (id, exercise_id, prompt, options, correct_option, explanation, display_order) VALUES
  ('5346b05b-37c7-5fd6-aeda-1ef357eb8278', '5a8adbb4-f4f5-51ac-bbee-71e52c439c0a', 'ممّ يتكوّنُ الدم؟', '[{"id":"a","text":"بلازما وكريّات حمراء وبيضاء وصفيحات"},{"id":"b","text":"ماءٍ وملحٍ فقط"},{"id":"c","text":"عظامٍ وعضلات"},{"id":"d","text":"أكسجينٍ وحدَه"}]'::jsonb, 'a', 'يتكوّنُ الدمُ من البلازما والكريّات الحمراء والكريّات البيضاء والصفيحات الدمويّة.', 1)
ON CONFLICT (id) DO UPDATE SET
  exercise_id = EXCLUDED.exercise_id,
  prompt = EXCLUDED.prompt,
  options = EXCLUDED.options,
  correct_option = EXCLUDED.correct_option,
  explanation = EXCLUDED.explanation,
  display_order = EXCLUDED.display_order;

INSERT INTO public.questions (id, exercise_id, prompt, options, correct_option, explanation, display_order) VALUES
  ('38dc6a97-457f-5c42-b02e-069a87a11bc3', '5a8adbb4-f4f5-51ac-bbee-71e52c439c0a', 'ما الذي ينقلُ الأكسجينَ في الدم؟', '[{"id":"a","text":"الكريّات الحمراء"},{"id":"b","text":"الكريّات البيضاء"},{"id":"c","text":"الصفيحات"},{"id":"d","text":"البلازما وحدها"}]'::jsonb, 'a', 'الكريّاتُ الحمراء هي ناقلُ الأكسجين في الدم.', 2)
ON CONFLICT (id) DO UPDATE SET
  exercise_id = EXCLUDED.exercise_id,
  prompt = EXCLUDED.prompt,
  options = EXCLUDED.options,
  correct_option = EXCLUDED.correct_option,
  explanation = EXCLUDED.explanation,
  display_order = EXCLUDED.display_order;

INSERT INTO public.questions (id, exercise_id, prompt, options, correct_option, explanation, display_order) VALUES
  ('fbd347fa-698b-5e74-9e4c-049422a29781', '5a8adbb4-f4f5-51ac-bbee-71e52c439c0a', 'ما العضو المضخّةُ في جهاز الدوران؟', '[{"id":"a","text":"القلب"},{"id":"b","text":"الرئة"},{"id":"c","text":"الكبد"},{"id":"d","text":"المعدة"}]'::jsonb, 'a', 'القلبُ هو المضخّةُ التي تحرّكُ الدمَ في الأوعية.', 3)
ON CONFLICT (id) DO UPDATE SET
  exercise_id = EXCLUDED.exercise_id,
  prompt = EXCLUDED.prompt,
  options = EXCLUDED.options,
  correct_option = EXCLUDED.correct_option,
  explanation = EXCLUDED.explanation,
  display_order = EXCLUDED.display_order;

INSERT INTO public.questions (id, exercise_id, prompt, options, correct_option, explanation, display_order) VALUES
  ('87623f38-b4f1-5bed-ab71-9b216463a61b', '5a8adbb4-f4f5-51ac-bbee-71e52c439c0a', 'الأوردةُ هي الأوعيةُ التي يرجعُ فيها الدمُ إلى:', '[{"id":"a","text":"القلب"},{"id":"b","text":"الرئة مباشرة فقط"},{"id":"c","text":"المعدة"},{"id":"d","text":"الجلد"}]'::jsonb, 'a', 'الأوردةُ تُرجعُ الدمَ إلى القلب، بينما الشرايينُ تُخرجُه منه.', 4)
ON CONFLICT (id) DO UPDATE SET
  exercise_id = EXCLUDED.exercise_id,
  prompt = EXCLUDED.prompt,
  options = EXCLUDED.options,
  correct_option = EXCLUDED.correct_option,
  explanation = EXCLUDED.explanation,
  display_order = EXCLUDED.display_order;

INSERT INTO public.questions (id, exercise_id, prompt, options, correct_option, explanation, display_order) VALUES
  ('dfcb43b3-6192-5598-8236-2bcce1004488', '5a8adbb4-f4f5-51ac-bbee-71e52c439c0a', 'ما دورُ الكريّات البيضاء؟', '[{"id":"a","text":"الدفاعُ عن الجسم ومحاربةُ الميكروبات"},{"id":"b","text":"نقلُ الأكسجين"},{"id":"c","text":"إيقافُ النزيف"},{"id":"d","text":"ضخُّ الدم"}]'::jsonb, 'a', 'الكريّاتُ البيضاء جنودُ الجسم: تدافعُ عنه وتحاربُ الميكروبات.', 5)
ON CONFLICT (id) DO UPDATE SET
  exercise_id = EXCLUDED.exercise_id,
  prompt = EXCLUDED.prompt,
  options = EXCLUDED.options,
  correct_option = EXCLUDED.correct_option,
  explanation = EXCLUDED.explanation,
  display_order = EXCLUDED.display_order;

INSERT INTO public.questions (id, exercise_id, prompt, options, correct_option, explanation, display_order) VALUES
  ('deda32eb-75cc-532a-bfbd-f824f2f9d810', '5a8adbb4-f4f5-51ac-bbee-71e52c439c0a', 'عند جرحِ إصبعك يسيلُ الدمُ ثمّ يتوقّف. ما الذي ساعدَ على إيقافه؟', '[{"id":"a","text":"الصفيحات الدمويّة"},{"id":"b","text":"الكريّات الحمراء"},{"id":"c","text":"البلازما وحدها"},{"id":"d","text":"الأكسجين"}]'::jsonb, 'a', 'الصفيحاتُ الدمويّة تُحدثُ تخثّرَ الدم فيتوقّفُ النزيف.', 6)
ON CONFLICT (id) DO UPDATE SET
  exercise_id = EXCLUDED.exercise_id,
  prompt = EXCLUDED.prompt,
  options = EXCLUDED.options,
  correct_option = EXCLUDED.correct_option,
  explanation = EXCLUDED.explanation,
  display_order = EXCLUDED.display_order;

INSERT INTO public.exercises (id, chapter_id, subject_id, title, difficulty, xp_reward, reward_coins, mode, source, display_order) VALUES
  ('d97ff5d4-e6f6-54be-8c0f-eaf6fe2e1a2a', 'a5efe929-363c-5e01-a9bc-06eff4fbe288', 'eveil-scientifique-6eme', '👑 تحدّي النخبة ⭐⭐⭐⭐: سيّدُ جهاز الدوران', 4, 300, 60, 'challenge', 'admin', 4)
ON CONFLICT (id) DO UPDATE SET
  chapter_id = EXCLUDED.chapter_id,
  subject_id = EXCLUDED.subject_id,
  title = EXCLUDED.title,
  difficulty = EXCLUDED.difficulty,
  xp_reward = EXCLUDED.xp_reward,
  reward_coins = EXCLUDED.reward_coins,
  mode = EXCLUDED.mode,
  display_order = EXCLUDED.display_order;

INSERT INTO public.questions (id, exercise_id, prompt, options, correct_option, explanation, display_order) VALUES
  ('811267f4-0bee-574b-b9f1-76291e74a596', 'd97ff5d4-e6f6-54be-8c0f-eaf6fe2e1a2a', 'أيُّ مكوّنٍ من الدم يدافعُ عن الجسم ضدّ الميكروبات؟', '[{"id":"a","text":"الكريّات البيضاء"},{"id":"b","text":"الكريّات الحمراء"},{"id":"c","text":"الصفيحات"},{"id":"d","text":"البلازما"}]'::jsonb, 'a', 'الكريّاتُ البيضاء هي خطُّ الدفاع الذي يحاربُ الميكروباتِ في الجسم.', 1)
ON CONFLICT (id) DO UPDATE SET
  exercise_id = EXCLUDED.exercise_id,
  prompt = EXCLUDED.prompt,
  options = EXCLUDED.options,
  correct_option = EXCLUDED.correct_option,
  explanation = EXCLUDED.explanation,
  display_order = EXCLUDED.display_order;

INSERT INTO public.questions (id, exercise_id, prompt, options, correct_option, explanation, display_order) VALUES
  ('d96dc9dc-8f78-5259-aded-3995906da600', 'd97ff5d4-e6f6-54be-8c0f-eaf6fe2e1a2a', 'ما العلاقةُ بين الدم والتنفّس؟', '[{"id":"a","text":"الدمُ يحملُ الأكسجينَ من الرئتين إلى الأعضاء"},{"id":"b","text":"لا علاقةَ بينهما"},{"id":"c","text":"الدمُ يصنعُ الهواء"},{"id":"d","text":"الدمُ يطردُ الأكسجين خارج الجسم"}]'::jsonb, 'a', 'في الرئتين يلتقطُ الدمُ الأكسجينَ، ثمّ ينقلُه إلى كلّ أعضاء الجسم.', 2)
ON CONFLICT (id) DO UPDATE SET
  exercise_id = EXCLUDED.exercise_id,
  prompt = EXCLUDED.prompt,
  options = EXCLUDED.options,
  correct_option = EXCLUDED.correct_option,
  explanation = EXCLUDED.explanation,
  display_order = EXCLUDED.display_order;

INSERT INTO public.questions (id, exercise_id, prompt, options, correct_option, explanation, display_order) VALUES
  ('995f1b02-168d-59ae-b2b3-d84204c67ed9', 'd97ff5d4-e6f6-54be-8c0f-eaf6fe2e1a2a', 'ما العلاقةُ بين الدم والتغذية؟', '[{"id":"a","text":"الدمُ ينقلُ المغذّياتِ من الأمعاء إلى الأعضاء"},{"id":"b","text":"الدمُ يهضمُ الطعام"},{"id":"c","text":"الدمُ يصنعُ الطعام"},{"id":"d","text":"لا علاقةَ بينهما"}]'::jsonb, 'a', 'بعد الهضم تمتصُّ الأمعاءُ المغذّيات، فينقلُها الدمُ إلى أعضاء الجسم.', 3)
ON CONFLICT (id) DO UPDATE SET
  exercise_id = EXCLUDED.exercise_id,
  prompt = EXCLUDED.prompt,
  options = EXCLUDED.options,
  correct_option = EXCLUDED.correct_option,
  explanation = EXCLUDED.explanation,
  display_order = EXCLUDED.display_order;

INSERT INTO public.questions (id, exercise_id, prompt, options, correct_option, explanation, display_order) VALUES
  ('b13a435f-81ba-57b4-b009-54a8978d619d', 'd97ff5d4-e6f6-54be-8c0f-eaf6fe2e1a2a', 'ما الفرقُ بين الشريان والوريد؟', '[{"id":"a","text":"الشريانُ يُخرجُ الدمَ من القلب، والوريدُ يُرجعُه إليه"},{"id":"b","text":"كلاهما يُخرجُ الدمَ من القلب"},{"id":"c","text":"الوريدُ ينقلُ الهواء"},{"id":"d","text":"لا فرقَ بينهما"}]'::jsonb, 'a', 'الشرايينُ تحملُ الدمَ خارجًا من القلب، والأوردةُ تُعيدُه إلى القلب.', 4)
ON CONFLICT (id) DO UPDATE SET
  exercise_id = EXCLUDED.exercise_id,
  prompt = EXCLUDED.prompt,
  options = EXCLUDED.options,
  correct_option = EXCLUDED.correct_option,
  explanation = EXCLUDED.explanation,
  display_order = EXCLUDED.display_order;

INSERT INTO public.questions (id, exercise_id, prompt, options, correct_option, explanation, display_order) VALUES
  ('da55f641-4fd9-5828-8444-472d2388d0fb', 'd97ff5d4-e6f6-54be-8c0f-eaf6fe2e1a2a', 'ماذا يحدثُ لو توقّفَ القلبُ عن ضخّ الدم؟', '[{"id":"a","text":"يتوقّفُ وصولُ الأكسجين والغذاء إلى الأعضاء"},{"id":"b","text":"يتحسّنُ نشاطُ الأعضاء"},{"id":"c","text":"يزدادُ الأكسجينُ في الجسم"},{"id":"d","text":"لا يتغيّرُ شيء"}]'::jsonb, 'a', 'بدون ضخّ القلب لا يصلُ الأكسجينُ والغذاءُ إلى الأعضاء، فيتوقّفُ نشاطُها.', 5)
ON CONFLICT (id) DO UPDATE SET
  exercise_id = EXCLUDED.exercise_id,
  prompt = EXCLUDED.prompt,
  options = EXCLUDED.options,
  correct_option = EXCLUDED.correct_option,
  explanation = EXCLUDED.explanation,
  display_order = EXCLUDED.display_order;

INSERT INTO public.questions (id, exercise_id, prompt, options, correct_option, explanation, display_order) VALUES
  ('0c4cd92f-70c9-5c7a-a1f6-af7d4570dc3f', 'd97ff5d4-e6f6-54be-8c0f-eaf6fe2e1a2a', 'مريضٌ شاحبُ اللون ومُتعَبٌ بسبب نقصٍ في كريّاته الحمراء. ما التفسيرُ العلميّ؟', '[{"id":"a","text":"نقصُ الكريّات الحمراء يقلّلُ نقلَ الأكسجين"},{"id":"b","text":"زيادةُ الأكسجين في جسمه"},{"id":"c","text":"كثرةُ الكريّات الحمراء"},{"id":"d","text":"زيادةُ ضخّ القلب"}]'::jsonb, 'a', 'لأنّ الكريّاتِ الحمراء تنقلُ الأكسجين، فنقصُها يقلّلُ الأكسجينَ الواصلَ للأعضاء فيظهرُ الشحوبُ والتعب.', 6)
ON CONFLICT (id) DO UPDATE SET
  exercise_id = EXCLUDED.exercise_id,
  prompt = EXCLUDED.prompt,
  options = EXCLUDED.options,
  correct_option = EXCLUDED.correct_option,
  explanation = EXCLUDED.explanation,
  display_order = EXCLUDED.display_order;

INSERT INTO public.exercises (id, chapter_id, subject_id, title, difficulty, xp_reward, reward_coins, mode, source, display_order) VALUES
  ('69aa3ace-412d-5b40-9cef-44addf566012', 'a5efe929-363c-5e01-a9bc-06eff4fbe288', 'eveil-scientifique-6eme', '📝 تدريب ⭐⭐⭐: مراجعةٌ شاملةٌ للدم', 3, 120, 30, 'boss', 'admin', 5)
ON CONFLICT (id) DO UPDATE SET
  chapter_id = EXCLUDED.chapter_id,
  subject_id = EXCLUDED.subject_id,
  title = EXCLUDED.title,
  difficulty = EXCLUDED.difficulty,
  xp_reward = EXCLUDED.xp_reward,
  reward_coins = EXCLUDED.reward_coins,
  mode = EXCLUDED.mode,
  display_order = EXCLUDED.display_order;

INSERT INTO public.questions (id, exercise_id, prompt, options, correct_option, explanation, display_order) VALUES
  ('7a23f433-a990-549e-8e5b-42066890bf8b', '69aa3ace-412d-5b40-9cef-44addf566012', 'ما العضو الذي يضخُّ الدم؟', '[{"id":"a","text":"القلب"},{"id":"b","text":"الرئة"},{"id":"c","text":"المعدة"},{"id":"d","text":"العين"}]'::jsonb, 'a', 'القلبُ مضخّةُ الدم التي تعملُ دون توقّف.', 1)
ON CONFLICT (id) DO UPDATE SET
  exercise_id = EXCLUDED.exercise_id,
  prompt = EXCLUDED.prompt,
  options = EXCLUDED.options,
  correct_option = EXCLUDED.correct_option,
  explanation = EXCLUDED.explanation,
  display_order = EXCLUDED.display_order;

INSERT INTO public.questions (id, exercise_id, prompt, options, correct_option, explanation, display_order) VALUES
  ('200f2a92-1c5e-5594-bd59-6bac9037abf7', '69aa3ace-412d-5b40-9cef-44addf566012', 'الكريّاتُ الحمراء تنقلُ:', '[{"id":"a","text":"الأكسجين"},{"id":"b","text":"العظام"},{"id":"c","text":"الميكروبات"},{"id":"d","text":"الماءَ فقط"}]'::jsonb, 'a', 'الكريّاتُ الحمراء تنقلُ الأكسجينَ إلى أعضاء الجسم.', 2)
ON CONFLICT (id) DO UPDATE SET
  exercise_id = EXCLUDED.exercise_id,
  prompt = EXCLUDED.prompt,
  options = EXCLUDED.options,
  correct_option = EXCLUDED.correct_option,
  explanation = EXCLUDED.explanation,
  display_order = EXCLUDED.display_order;

INSERT INTO public.questions (id, exercise_id, prompt, options, correct_option, explanation, display_order) VALUES
  ('f7e5501e-298d-5303-9222-88503da6124d', '69aa3ace-412d-5b40-9cef-44addf566012', 'ما دورُ الكريّات البيضاء؟', '[{"id":"a","text":"الدفاعُ عن الجسم"},{"id":"b","text":"نقلُ الأكسجين"},{"id":"c","text":"تخثّرُ الدم"},{"id":"d","text":"ضخُّ الدم"}]'::jsonb, 'a', 'الكريّاتُ البيضاء تدافعُ عن الجسم وتحاربُ الميكروبات.', 3)
ON CONFLICT (id) DO UPDATE SET
  exercise_id = EXCLUDED.exercise_id,
  prompt = EXCLUDED.prompt,
  options = EXCLUDED.options,
  correct_option = EXCLUDED.correct_option,
  explanation = EXCLUDED.explanation,
  display_order = EXCLUDED.display_order;

INSERT INTO public.questions (id, exercise_id, prompt, options, correct_option, explanation, display_order) VALUES
  ('82e16296-f6d6-57b6-927e-04c21c48ac31', '69aa3ace-412d-5b40-9cef-44addf566012', 'ماذا ينقلُ الدمُ انطلاقًا من الأمعاء؟', '[{"id":"a","text":"المغذّيات"},{"id":"b","text":"الهواءَ فقط"},{"id":"c","text":"العظام"},{"id":"d","text":"العرق"}]'::jsonb, 'a', 'تمتصُّ الأمعاءُ المغذّياتِ من الطعام فينقلُها الدمُ إلى الأعضاء.', 4)
ON CONFLICT (id) DO UPDATE SET
  exercise_id = EXCLUDED.exercise_id,
  prompt = EXCLUDED.prompt,
  options = EXCLUDED.options,
  correct_option = EXCLUDED.correct_option,
  explanation = EXCLUDED.explanation,
  display_order = EXCLUDED.display_order;

INSERT INTO public.questions (id, exercise_id, prompt, options, correct_option, explanation, display_order) VALUES
  ('198f99da-24d1-5be9-984c-4c2b81154870', '69aa3ace-412d-5b40-9cef-44addf566012', 'ما الذي يوقفُ النزيفَ عند الجرح؟', '[{"id":"a","text":"الصفيحات الدمويّة"},{"id":"b","text":"الكريّات الحمراء"},{"id":"c","text":"الأكسجين"},{"id":"d","text":"البلازما وحدها"}]'::jsonb, 'a', 'الصفيحاتُ الدمويّة تُسبّبُ تخثّرَ الدم فيتوقّفُ النزيف.', 5)
ON CONFLICT (id) DO UPDATE SET
  exercise_id = EXCLUDED.exercise_id,
  prompt = EXCLUDED.prompt,
  options = EXCLUDED.options,
  correct_option = EXCLUDED.correct_option,
  explanation = EXCLUDED.explanation,
  display_order = EXCLUDED.display_order;

INSERT INTO public.questions (id, exercise_id, prompt, options, correct_option, explanation, display_order) VALUES
  ('70237436-444d-5abf-912c-37e00c8aa73b', '69aa3ace-412d-5b40-9cef-44addf566012', 'لماذا يُعدُّ الدمُ مهمًّا للحياة؟', '[{"id":"a","text":"لأنّه ينقلُ الأكسجينَ والغذاءَ ويزيلُ الفضلات"},{"id":"b","text":"لأنّه يصنعُ الهواء"},{"id":"c","text":"لأنّه يبرّدُ الجلدَ فقط"},{"id":"d","text":"لأنّه يُنتجُ العظام"}]'::jsonb, 'a', 'الدمُ يحفظُ الحياةَ لأنّه ينقلُ الأكسجينَ والمغذّياتِ لكلّ الأعضاء ويُبعدُ الفضلات.', 6)
ON CONFLICT (id) DO UPDATE SET
  exercise_id = EXCLUDED.exercise_id,
  prompt = EXCLUDED.prompt,
  options = EXCLUDED.options,
  correct_option = EXCLUDED.correct_option,
  explanation = EXCLUDED.explanation,
  display_order = EXCLUDED.display_order;

INSERT INTO public.exercises (id, chapter_id, subject_id, title, difficulty, xp_reward, reward_coins, mode, source, display_order) VALUES
  ('1d0412f9-ef6c-5479-84a2-2e542351f305', 'dcc4acda-70b9-50dd-b4f2-b161b7ddd292', 'eveil-scientifique-6eme', 'اختبار فهم الدرس ⭐', 1, 20, 5, 'quiz', 'admin', 0)
ON CONFLICT (id) DO UPDATE SET
  chapter_id = EXCLUDED.chapter_id,
  subject_id = EXCLUDED.subject_id,
  title = EXCLUDED.title,
  difficulty = EXCLUDED.difficulty,
  xp_reward = EXCLUDED.xp_reward,
  reward_coins = EXCLUDED.reward_coins,
  mode = EXCLUDED.mode,
  display_order = EXCLUDED.display_order;

INSERT INTO public.questions (id, exercise_id, prompt, options, correct_option, explanation, display_order) VALUES
  ('598dcf22-8f0d-56ce-af19-6b95c7a7fdeb', '1d0412f9-ef6c-5479-84a2-2e542351f305', 'الأغذيةُ البانية (كاللحوم والبيض) تُستعملُ أساسًا لـ:', '[{"id":"a","text":"بناء الجسم ونموّه"},{"id":"b","text":"إمداد الجسم بالطاقة فقط"},{"id":"c","text":"تبريد الجسم"},{"id":"d","text":"تلوين الجلد"}]'::jsonb, 'a', 'الأغذيةُ البانية (بروتينات) تُستعملُ لبناء الجسم ونموّه وترميم أنسجته.', 1)
ON CONFLICT (id) DO UPDATE SET
  exercise_id = EXCLUDED.exercise_id,
  prompt = EXCLUDED.prompt,
  options = EXCLUDED.options,
  correct_option = EXCLUDED.correct_option,
  explanation = EXCLUDED.explanation,
  display_order = EXCLUDED.display_order;

INSERT INTO public.questions (id, exercise_id, prompt, options, correct_option, explanation, display_order) VALUES
  ('da6185d0-9015-526f-936e-d63ab33167ec', '1d0412f9-ef6c-5479-84a2-2e542351f305', 'الأغذيةُ الطاقيّة (كالخبز والأرز) تمدُّ الجسمَ بـ:', '[{"id":"a","text":"الطاقة"},{"id":"b","text":"الفيتامينات فقط"},{"id":"c","text":"الميكروبات"},{"id":"d","text":"الهواء"}]'::jsonb, 'a', 'الأغذيةُ الطاقيّة (سكّريات ودهون) تمدُّ الجسمَ بالطاقة اللازمة للحركة والنشاط.', 2)
ON CONFLICT (id) DO UPDATE SET
  exercise_id = EXCLUDED.exercise_id,
  prompt = EXCLUDED.prompt,
  options = EXCLUDED.options,
  correct_option = EXCLUDED.correct_option,
  explanation = EXCLUDED.explanation,
  display_order = EXCLUDED.display_order;

INSERT INTO public.questions (id, exercise_id, prompt, options, correct_option, explanation, display_order) VALUES
  ('f9230061-659f-5ead-b17e-a9d0010fb4ba', '1d0412f9-ef6c-5479-84a2-2e542351f305', 'أيُّ هذه أغذيةٌ واقية؟', '[{"id":"a","text":"الخضر والغلال"},{"id":"b","text":"اللحوم الحمراء"},{"id":"c","text":"الزيت والزبدة"},{"id":"d","text":"السكّر"}]'::jsonb, 'a', 'الخضرُ والغلالُ أغذيةٌ واقية، فهي غنيّةٌ بالفيتامينات والأملاح التي تقي من الأمراض.', 3)
ON CONFLICT (id) DO UPDATE SET
  exercise_id = EXCLUDED.exercise_id,
  prompt = EXCLUDED.prompt,
  options = EXCLUDED.options,
  correct_option = EXCLUDED.correct_option,
  explanation = EXCLUDED.explanation,
  display_order = EXCLUDED.display_order;

INSERT INTO public.questions (id, exercise_id, prompt, options, correct_option, explanation, display_order) VALUES
  ('ec33c552-5786-5491-9e34-996aa80fa514', '1d0412f9-ef6c-5479-84a2-2e542351f305', 'ما الوجبةُ الغذائيّةُ المتوازنة؟', '[{"id":"a","text":"التي تجمعُ الأصناف الثلاثة بنسبٍ مناسبة"},{"id":"b","text":"التي تتكوّنُ من السكّر فقط"},{"id":"c","text":"أكبرُ كمّيّةٍ ممكنةٍ من الطعام"},{"id":"d","text":"اللحومُ فقط"}]'::jsonb, 'a', 'الوجبةُ المتوازنة تجمعُ الأغذيةَ البانية والطاقيّة والواقية بكمّيّاتٍ مناسبة.', 4)
ON CONFLICT (id) DO UPDATE SET
  exercise_id = EXCLUDED.exercise_id,
  prompt = EXCLUDED.prompt,
  options = EXCLUDED.options,
  correct_option = EXCLUDED.correct_option,
  explanation = EXCLUDED.explanation,
  display_order = EXCLUDED.display_order;

INSERT INTO public.questions (id, exercise_id, prompt, options, correct_option, explanation, display_order) VALUES
  ('ff7b5569-9796-5ac6-a861-0e8dc4336867', '1d0412f9-ef6c-5479-84a2-2e542351f305', 'الإفراطُ في السكّريات والدهون قد يسبّبُ:', '[{"id":"a","text":"السمنة وتسوّس الأسنان"},{"id":"b","text":"زيادةَ الذكاء"},{"id":"c","text":"نموًّا أسرعَ للعظام"},{"id":"d","text":"لا شيءَ إطلاقًا"}]'::jsonb, 'a', 'كثرةُ السكّريات والدهون تؤدّي إلى السمنة وإلى تسوّس الأسنان.', 5)
ON CONFLICT (id) DO UPDATE SET
  exercise_id = EXCLUDED.exercise_id,
  prompt = EXCLUDED.prompt,
  options = EXCLUDED.options,
  correct_option = EXCLUDED.correct_option,
  explanation = EXCLUDED.explanation,
  display_order = EXCLUDED.display_order;

INSERT INTO public.exercises (id, chapter_id, subject_id, title, difficulty, xp_reward, reward_coins, mode, source, display_order) VALUES
  ('a1223f64-4330-52b5-8b8a-ae4694a55832', 'dcc4acda-70b9-50dd-b4f2-b161b7ddd292', 'eveil-scientifique-6eme', '⭐ تمرين: أوّلُ خطوات مع التغذية', 1, 50, 10, 'practice', 'admin', 1)
ON CONFLICT (id) DO UPDATE SET
  chapter_id = EXCLUDED.chapter_id,
  subject_id = EXCLUDED.subject_id,
  title = EXCLUDED.title,
  difficulty = EXCLUDED.difficulty,
  xp_reward = EXCLUDED.xp_reward,
  reward_coins = EXCLUDED.reward_coins,
  mode = EXCLUDED.mode,
  display_order = EXCLUDED.display_order;

INSERT INTO public.questions (id, exercise_id, prompt, options, correct_option, explanation, display_order) VALUES
  ('728bd33e-bc94-5853-816f-e757c62a2534', 'a1223f64-4330-52b5-8b8a-ae4694a55832', 'اللحومُ والبيضُ والحليب أغذيةٌ:', '[{"id":"a","text":"بانية"},{"id":"b","text":"طاقيّة"},{"id":"c","text":"واقية"},{"id":"d","text":"ضارّة"}]'::jsonb, 'a', 'اللحومُ والبيضُ والحليب أغذيةٌ بانية تساعدُ على بناء الجسم ونموّه.', 1)
ON CONFLICT (id) DO UPDATE SET
  exercise_id = EXCLUDED.exercise_id,
  prompt = EXCLUDED.prompt,
  options = EXCLUDED.options,
  correct_option = EXCLUDED.correct_option,
  explanation = EXCLUDED.explanation,
  display_order = EXCLUDED.display_order;

INSERT INTO public.questions (id, exercise_id, prompt, options, correct_option, explanation, display_order) VALUES
  ('fdb90979-16b6-58ad-b6d0-f774fe4fa0cd', 'a1223f64-4330-52b5-8b8a-ae4694a55832', 'الخبزُ والأرزُ والسكّر أغذيةٌ:', '[{"id":"a","text":"طاقيّة"},{"id":"b","text":"بانية"},{"id":"c","text":"واقية"},{"id":"d","text":"معدنيّة"}]'::jsonb, 'a', 'الخبزُ والأرزُ والسكّر أغذيةٌ طاقيّة تمدُّ الجسمَ بالطاقة.', 2)
ON CONFLICT (id) DO UPDATE SET
  exercise_id = EXCLUDED.exercise_id,
  prompt = EXCLUDED.prompt,
  options = EXCLUDED.options,
  correct_option = EXCLUDED.correct_option,
  explanation = EXCLUDED.explanation,
  display_order = EXCLUDED.display_order;

INSERT INTO public.questions (id, exercise_id, prompt, options, correct_option, explanation, display_order) VALUES
  ('e64affef-a984-594f-8854-a74afeea2a04', 'a1223f64-4330-52b5-8b8a-ae4694a55832', 'الخضرُ والغلالُ أغذيةٌ:', '[{"id":"a","text":"واقية"},{"id":"b","text":"بانية"},{"id":"c","text":"طاقيّة فقط"},{"id":"d","text":"بلا فائدة"}]'::jsonb, 'a', 'الخضرُ والغلالُ أغذيةٌ واقية غنيّةٌ بالفيتامينات والأملاح المعدنيّة.', 3)
ON CONFLICT (id) DO UPDATE SET
  exercise_id = EXCLUDED.exercise_id,
  prompt = EXCLUDED.prompt,
  options = EXCLUDED.options,
  correct_option = EXCLUDED.correct_option,
  explanation = EXCLUDED.explanation,
  display_order = EXCLUDED.display_order;

INSERT INTO public.questions (id, exercise_id, prompt, options, correct_option, explanation, display_order) VALUES
  ('77812901-dfc7-58f1-ab41-2e518f9d1e5f', 'a1223f64-4330-52b5-8b8a-ae4694a55832', 'أيُّ شرابٍ ضروريٌّ لكلّ وظائف الجسم؟', '[{"id":"a","text":"الماء"},{"id":"b","text":"المشروباتُ الغازيّة"},{"id":"c","text":"القهوة"},{"id":"d","text":"العصيرُ المحلّى"}]'::jsonb, 'a', 'الماءُ ضروريٌّ لكلّ وظائف الجسم، ولا يمكنُ الاستغناءُ عنه.', 4)
ON CONFLICT (id) DO UPDATE SET
  exercise_id = EXCLUDED.exercise_id,
  prompt = EXCLUDED.prompt,
  options = EXCLUDED.options,
  correct_option = EXCLUDED.correct_option,
  explanation = EXCLUDED.explanation,
  display_order = EXCLUDED.display_order;

INSERT INTO public.questions (id, exercise_id, prompt, options, correct_option, explanation, display_order) VALUES
  ('b994ad66-2f09-5b3e-b031-152ba52996df', 'a1223f64-4330-52b5-8b8a-ae4694a55832', 'ما وظيفةُ الأغذية البانية؟', '[{"id":"a","text":"بناءُ الجسم ونموّه"},{"id":"b","text":"تبريدُ الجسم"},{"id":"c","text":"إنتاجُ الهواء"},{"id":"d","text":"تلوينُ البشرة"}]'::jsonb, 'a', 'الأغذيةُ البانية مسؤولةٌ عن بناء الجسم ونموّه وترميم أنسجته.', 5)
ON CONFLICT (id) DO UPDATE SET
  exercise_id = EXCLUDED.exercise_id,
  prompt = EXCLUDED.prompt,
  options = EXCLUDED.options,
  correct_option = EXCLUDED.correct_option,
  explanation = EXCLUDED.explanation,
  display_order = EXCLUDED.display_order;

INSERT INTO public.questions (id, exercise_id, prompt, options, correct_option, explanation, display_order) VALUES
  ('cf5bedb3-703f-54a9-b9b2-cccb424ef271', 'a1223f64-4330-52b5-8b8a-ae4694a55832', 'ما وظيفةُ الأغذية الطاقيّة؟', '[{"id":"a","text":"إمدادُ الجسم بالطاقة"},{"id":"b","text":"بناءُ العضلات فقط"},{"id":"c","text":"محاربةُ الميكروبات"},{"id":"d","text":"إيقافُ النزيف"}]'::jsonb, 'a', 'الأغذيةُ الطاقيّة تمدُّ الجسمَ بالطاقة اللازمة للحركة والنشاط.', 6)
ON CONFLICT (id) DO UPDATE SET
  exercise_id = EXCLUDED.exercise_id,
  prompt = EXCLUDED.prompt,
  options = EXCLUDED.options,
  correct_option = EXCLUDED.correct_option,
  explanation = EXCLUDED.explanation,
  display_order = EXCLUDED.display_order;

INSERT INTO public.exercises (id, chapter_id, subject_id, title, difficulty, xp_reward, reward_coins, mode, source, display_order) VALUES
  ('259fd70b-0e26-583e-941d-5b8ff81932c2', 'dcc4acda-70b9-50dd-b4f2-b161b7ddd292', 'eveil-scientifique-6eme', '⚔️ زعيم الفصل ⭐⭐⭐: تحدّي التغذية', 3, 120, 30, 'boss', 'admin', 2)
ON CONFLICT (id) DO UPDATE SET
  chapter_id = EXCLUDED.chapter_id,
  subject_id = EXCLUDED.subject_id,
  title = EXCLUDED.title,
  difficulty = EXCLUDED.difficulty,
  xp_reward = EXCLUDED.xp_reward,
  reward_coins = EXCLUDED.reward_coins,
  mode = EXCLUDED.mode,
  display_order = EXCLUDED.display_order;

INSERT INTO public.questions (id, exercise_id, prompt, options, correct_option, explanation, display_order) VALUES
  ('3fa136f8-5cb2-574b-9e29-3a498c81f9fc', '259fd70b-0e26-583e-941d-5b8ff81932c2', 'الأغذيةُ الواقية تأتي أساسًا من:', '[{"id":"a","text":"الخضر والغلال"},{"id":"b","text":"اللحوم والأسماك"},{"id":"c","text":"الزيوت والدهون"},{"id":"d","text":"الحلويات"}]'::jsonb, 'a', 'الخضرُ والغلالُ مصدرٌ أساسيٌّ للأغذية الواقية (فيتامينات وأملاح معدنيّة).', 1)
ON CONFLICT (id) DO UPDATE SET
  exercise_id = EXCLUDED.exercise_id,
  prompt = EXCLUDED.prompt,
  options = EXCLUDED.options,
  correct_option = EXCLUDED.correct_option,
  explanation = EXCLUDED.explanation,
  display_order = EXCLUDED.display_order;

INSERT INTO public.questions (id, exercise_id, prompt, options, correct_option, explanation, display_order) VALUES
  ('f0051dd3-2108-542f-9056-d381d5a66bb2', '259fd70b-0e26-583e-941d-5b8ff81932c2', 'ما الذي يميّزُ الوجبةَ المتوازنة؟', '[{"id":"a","text":"احتواؤها على الأصناف الثلاثة بنسبٍ مناسبة"},{"id":"b","text":"احتواؤها على صنفٍ واحدٍ فقط"},{"id":"c","text":"كثرةُ الحلويات فيها"},{"id":"d","text":"خلوّها من الماء"}]'::jsonb, 'a', 'الوجبةُ المتوازنة تحتوي الأصنافَ الثلاثة (بانية وطاقيّة وواقية) بكمّيّاتٍ مناسبة.', 2)
ON CONFLICT (id) DO UPDATE SET
  exercise_id = EXCLUDED.exercise_id,
  prompt = EXCLUDED.prompt,
  options = EXCLUDED.options,
  correct_option = EXCLUDED.correct_option,
  explanation = EXCLUDED.explanation,
  display_order = EXCLUDED.display_order;

INSERT INTO public.questions (id, exercise_id, prompt, options, correct_option, explanation, display_order) VALUES
  ('f752a0de-59fc-5806-9508-122a259aadf2', '259fd70b-0e26-583e-941d-5b8ff81932c2', 'لماذا يحتاجُ الرياضيُّ إلى طاقةٍ أكثر من غيره؟', '[{"id":"a","text":"لأنّ نشاطَه البدنيَّ أكبر"},{"id":"b","text":"لأنّه ينامُ أكثر"},{"id":"c","text":"لأنّه لا يتحرّك"},{"id":"d","text":"لأنّ جسمَه لا يحتاجُ غذاءً"}]'::jsonb, 'a', 'يستهلكُ الرياضيُّ طاقةً كبيرةً في الحركة، فيحتاجُ أغذيةً طاقيّةً أكثر.', 3)
ON CONFLICT (id) DO UPDATE SET
  exercise_id = EXCLUDED.exercise_id,
  prompt = EXCLUDED.prompt,
  options = EXCLUDED.options,
  correct_option = EXCLUDED.correct_option,
  explanation = EXCLUDED.explanation,
  display_order = EXCLUDED.display_order;

INSERT INTO public.questions (id, exercise_id, prompt, options, correct_option, explanation, display_order) VALUES
  ('05ccad0d-d28d-5b03-9d8a-38cd65ec2946', '259fd70b-0e26-583e-941d-5b8ff81932c2', 'الإفراطُ في تناول الحلويات يؤدّي غالبًا إلى:', '[{"id":"a","text":"السمنة وتسوّس الأسنان"},{"id":"b","text":"تقويةِ النظر"},{"id":"c","text":"زيادةِ الطول فقط"},{"id":"d","text":"لا شيء"}]'::jsonb, 'a', 'كثرةُ الحلويات (سكّريات) تسبّبُ السمنةَ وتسوّسَ الأسنان.', 4)
ON CONFLICT (id) DO UPDATE SET
  exercise_id = EXCLUDED.exercise_id,
  prompt = EXCLUDED.prompt,
  options = EXCLUDED.options,
  correct_option = EXCLUDED.correct_option,
  explanation = EXCLUDED.explanation,
  display_order = EXCLUDED.display_order;

INSERT INTO public.questions (id, exercise_id, prompt, options, correct_option, explanation, display_order) VALUES
  ('f11d30a2-0109-5e57-9587-d17ba1364d2d', '259fd70b-0e26-583e-941d-5b8ff81932c2', 'نقصُ الحديد في الغذاء قد يؤدّي إلى:', '[{"id":"a","text":"فقر الدم"},{"id":"b","text":"زيادةِ الوزن"},{"id":"c","text":"قوّةِ العضلات"},{"id":"d","text":"تحسّنِ البصر"}]'::jsonb, 'a', 'الحديدُ ضروريٌّ لتكوين الكريّات الحمراء، فنقصُه يسبّبُ فقرَ الدم.', 5)
ON CONFLICT (id) DO UPDATE SET
  exercise_id = EXCLUDED.exercise_id,
  prompt = EXCLUDED.prompt,
  options = EXCLUDED.options,
  correct_option = EXCLUDED.correct_option,
  explanation = EXCLUDED.explanation,
  display_order = EXCLUDED.display_order;

INSERT INTO public.questions (id, exercise_id, prompt, options, correct_option, explanation, display_order) VALUES
  ('03573208-af6c-5ed7-9d4c-6c73be6b8e0c', '259fd70b-0e26-583e-941d-5b8ff81932c2', 'لماذا يُنصحُ بتنويع الغذاء؟', '[{"id":"a","text":"ليحصلَ الجسمُ على كلّ ما يحتاجُه من الأصناف"},{"id":"b","text":"ليأكلَ الإنسانُ أكثر دائمًا"},{"id":"c","text":"لأنّ صنفًا واحدًا يكفي الجسمَ تمامًا"},{"id":"d","text":"لتلوين الطبق فقط"}]'::jsonb, 'a', 'كلُّ صنفٍ يقدّمُ فائدةً مختلفة، فتنويعُ الغذاء يضمنُ حصولَ الجسم على كلّ حاجاته.', 6)
ON CONFLICT (id) DO UPDATE SET
  exercise_id = EXCLUDED.exercise_id,
  prompt = EXCLUDED.prompt,
  options = EXCLUDED.options,
  correct_option = EXCLUDED.correct_option,
  explanation = EXCLUDED.explanation,
  display_order = EXCLUDED.display_order;

INSERT INTO public.exercises (id, chapter_id, subject_id, title, difficulty, xp_reward, reward_coins, mode, source, display_order) VALUES
  ('93b390db-d856-50d9-8cc7-74dc537f737d', 'dcc4acda-70b9-50dd-b4f2-b161b7ddd292', 'eveil-scientifique-6eme', '⭐⭐ تمرين مراجعة (نمط امتحان): التغذية', 2, 70, 15, 'practice', 'admin', 3)
ON CONFLICT (id) DO UPDATE SET
  chapter_id = EXCLUDED.chapter_id,
  subject_id = EXCLUDED.subject_id,
  title = EXCLUDED.title,
  difficulty = EXCLUDED.difficulty,
  xp_reward = EXCLUDED.xp_reward,
  reward_coins = EXCLUDED.reward_coins,
  mode = EXCLUDED.mode,
  display_order = EXCLUDED.display_order;

INSERT INTO public.questions (id, exercise_id, prompt, options, correct_option, explanation, display_order) VALUES
  ('e611dbfd-ac17-5584-b1b0-6dbe0c407730', '93b390db-d856-50d9-8cc7-74dc537f737d', 'صنّفِ السمكَ ضمن الأغذية:', '[{"id":"a","text":"البانية"},{"id":"b","text":"الطاقيّة"},{"id":"c","text":"الواقية"},{"id":"d","text":"المعدنيّة"}]'::jsonb, 'a', 'السمكُ غذاءٌ بانٍ غنيٌّ بالبروتينات التي تبني الجسم.', 1)
ON CONFLICT (id) DO UPDATE SET
  exercise_id = EXCLUDED.exercise_id,
  prompt = EXCLUDED.prompt,
  options = EXCLUDED.options,
  correct_option = EXCLUDED.correct_option,
  explanation = EXCLUDED.explanation,
  display_order = EXCLUDED.display_order;

INSERT INTO public.questions (id, exercise_id, prompt, options, correct_option, explanation, display_order) VALUES
  ('1cad21f2-f878-55cf-9553-a5b25b154c08', '93b390db-d856-50d9-8cc7-74dc537f737d', 'صنّفِ الزيتَ ضمن الأغذية:', '[{"id":"a","text":"الطاقيّة"},{"id":"b","text":"البانية"},{"id":"c","text":"الواقية"},{"id":"d","text":"غير الغذائيّة"}]'::jsonb, 'a', 'الزيتُ مادّةٌ دهنيّةٌ غذاؤها طاقيّ، يمدُّ الجسمَ بالطاقة.', 2)
ON CONFLICT (id) DO UPDATE SET
  exercise_id = EXCLUDED.exercise_id,
  prompt = EXCLUDED.prompt,
  options = EXCLUDED.options,
  correct_option = EXCLUDED.correct_option,
  explanation = EXCLUDED.explanation,
  display_order = EXCLUDED.display_order;

INSERT INTO public.questions (id, exercise_id, prompt, options, correct_option, explanation, display_order) VALUES
  ('3d7c9686-9569-5fa3-abe2-68866ccba0d6', '93b390db-d856-50d9-8cc7-74dc537f737d', 'صنّفِ البرتقالَ ضمن الأغذية:', '[{"id":"a","text":"الواقية"},{"id":"b","text":"البانية"},{"id":"c","text":"الطاقيّة فقط"},{"id":"d","text":"الضارّة"}]'::jsonb, 'a', 'البرتقالُ من الغلال، وهو غذاءٌ واقٍ غنيٌّ بالفيتامينات.', 3)
ON CONFLICT (id) DO UPDATE SET
  exercise_id = EXCLUDED.exercise_id,
  prompt = EXCLUDED.prompt,
  options = EXCLUDED.options,
  correct_option = EXCLUDED.correct_option,
  explanation = EXCLUDED.explanation,
  display_order = EXCLUDED.display_order;

INSERT INTO public.questions (id, exercise_id, prompt, options, correct_option, explanation, display_order) VALUES
  ('f37d1227-5fed-5f71-b7cf-911057ed7cbc', '93b390db-d856-50d9-8cc7-74dc537f737d', 'ما الذي يميّزُ وجبةً متوازنة؟', '[{"id":"a","text":"تنوّعُ الأصناف بكمّيّاتٍ مناسبة"},{"id":"b","text":"صنفٌ واحدٌ بكمّيّةٍ كبيرة"},{"id":"c","text":"حلوياتٌ فقط"},{"id":"d","text":"غيابُ الخضر والغلال"}]'::jsonb, 'a', 'الوجبةُ المتوازنة تتميّزُ بتنوّع أصنافها بكمّيّاتٍ مناسبة.', 4)
ON CONFLICT (id) DO UPDATE SET
  exercise_id = EXCLUDED.exercise_id,
  prompt = EXCLUDED.prompt,
  options = EXCLUDED.options,
  correct_option = EXCLUDED.correct_option,
  explanation = EXCLUDED.explanation,
  display_order = EXCLUDED.display_order;

INSERT INTO public.questions (id, exercise_id, prompt, options, correct_option, explanation, display_order) VALUES
  ('b84472e9-1a12-5a28-bbb7-483090ff55b9', '93b390db-d856-50d9-8cc7-74dc537f737d', 'ما سببُ الهزال وضعف النموّ عند الطفل؟', '[{"id":"a","text":"نقصُ الغذاء (سوء تغذية)"},{"id":"b","text":"الإفراطُ في الخضر"},{"id":"c","text":"شربُ الماء"},{"id":"d","text":"النومُ الكافي"}]'::jsonb, 'a', 'نقصُ الغذاء يحرمُ الجسمَ من حاجاته، فيؤدّي إلى الهزال وضعف النموّ.', 5)
ON CONFLICT (id) DO UPDATE SET
  exercise_id = EXCLUDED.exercise_id,
  prompt = EXCLUDED.prompt,
  options = EXCLUDED.options,
  correct_option = EXCLUDED.correct_option,
  explanation = EXCLUDED.explanation,
  display_order = EXCLUDED.display_order;

INSERT INTO public.questions (id, exercise_id, prompt, options, correct_option, explanation, display_order) VALUES
  ('4c6305b4-68c8-53bf-9c67-37683416661d', '93b390db-d856-50d9-8cc7-74dc537f737d', 'طفلٌ يأكلُ الحلويات فقط ويُهملُ بقيّةَ الأصناف. ما الخطرُ على صحّته؟', '[{"id":"a","text":"سوءُ تغذيةٍ ونقصٌ في الأغذية البانية والواقية"},{"id":"b","text":"صحّةٌ مثاليّة"},{"id":"c","text":"نموٌّ متوازن"},{"id":"d","text":"مناعةٌ قويّة"}]'::jsonb, 'a', 'الاقتصارُ على الحلويات يحرمُ الجسمَ من الأغذية البانية والواقية ويسبّبُ سوءَ تغذية.', 6)
ON CONFLICT (id) DO UPDATE SET
  exercise_id = EXCLUDED.exercise_id,
  prompt = EXCLUDED.prompt,
  options = EXCLUDED.options,
  correct_option = EXCLUDED.correct_option,
  explanation = EXCLUDED.explanation,
  display_order = EXCLUDED.display_order;

INSERT INTO public.exercises (id, chapter_id, subject_id, title, difficulty, xp_reward, reward_coins, mode, source, display_order) VALUES
  ('6c647109-fa0a-5dd0-992a-37912e24f1c5', 'dcc4acda-70b9-50dd-b4f2-b161b7ddd292', 'eveil-scientifique-6eme', '👑 تحدّي النخبة ⭐⭐⭐⭐: سيّدُ التغذية', 4, 300, 60, 'challenge', 'admin', 4)
ON CONFLICT (id) DO UPDATE SET
  chapter_id = EXCLUDED.chapter_id,
  subject_id = EXCLUDED.subject_id,
  title = EXCLUDED.title,
  difficulty = EXCLUDED.difficulty,
  xp_reward = EXCLUDED.xp_reward,
  reward_coins = EXCLUDED.reward_coins,
  mode = EXCLUDED.mode,
  display_order = EXCLUDED.display_order;

INSERT INTO public.questions (id, exercise_id, prompt, options, correct_option, explanation, display_order) VALUES
  ('0b597e1c-2c66-5072-b8bb-188d2955bffb', '6c647109-fa0a-5dd0-992a-37912e24f1c5', 'نقصُ أيِّ عنصرٍ في الغذاء يسبّبُ فقرَ الدم؟', '[{"id":"a","text":"الحديد"},{"id":"b","text":"السكّر"},{"id":"c","text":"الزيت"},{"id":"d","text":"الملح"}]'::jsonb, 'a', 'الحديدُ لازمٌ لتكوين الكريّات الحمراء، فنقصُه يؤدّي إلى فقر الدم.', 1)
ON CONFLICT (id) DO UPDATE SET
  exercise_id = EXCLUDED.exercise_id,
  prompt = EXCLUDED.prompt,
  options = EXCLUDED.options,
  correct_option = EXCLUDED.correct_option,
  explanation = EXCLUDED.explanation,
  display_order = EXCLUDED.display_order;

INSERT INTO public.questions (id, exercise_id, prompt, options, correct_option, explanation, display_order) VALUES
  ('cae8c318-5cb1-53e1-9207-61b6eea69920', '6c647109-fa0a-5dd0-992a-37912e24f1c5', 'وجبةٌ فيها لحمٌ وأرزٌ وسلطةٌ خضراء. هل هي متوازنة؟', '[{"id":"a","text":"نعم، فهي تجمعُ بانيًا وطاقيًّا وواقيًا"},{"id":"b","text":"لا، لأنّها تنقصُها الحلويات"},{"id":"c","text":"لا، لأنّ فيها أصنافًا كثيرة"},{"id":"d","text":"نعم، لأنّها كلُّها لحوم"}]'::jsonb, 'a', 'اللحمُ بانٍ والأرزُ طاقيٌّ والسلطةُ واقية، فالوجبةُ تجمعُ الأصنافَ الثلاثة فهي متوازنة.', 2)
ON CONFLICT (id) DO UPDATE SET
  exercise_id = EXCLUDED.exercise_id,
  prompt = EXCLUDED.prompt,
  options = EXCLUDED.options,
  correct_option = EXCLUDED.correct_option,
  explanation = EXCLUDED.explanation,
  display_order = EXCLUDED.display_order;

INSERT INTO public.questions (id, exercise_id, prompt, options, correct_option, explanation, display_order) VALUES
  ('74774f6f-ead4-59ce-91dd-8c37a9ad15b9', '6c647109-fa0a-5dd0-992a-37912e24f1c5', 'لماذا يُنصحُ بالتقليل من السكّر؟', '[{"id":"a","text":"لتجنّب السمنة وتسوّس الأسنان"},{"id":"b","text":"لأنّ السكّرَ يبني العضلات"},{"id":"c","text":"لأنّه يقي من كلّ الأمراض"},{"id":"d","text":"لأنّه غذاءٌ بانٍ"}]'::jsonb, 'a', 'الإفراطُ في السكّر يسبّبُ السمنةَ وتسوّسَ الأسنان، لذلك يُنصحُ بالتقليل منه.', 3)
ON CONFLICT (id) DO UPDATE SET
  exercise_id = EXCLUDED.exercise_id,
  prompt = EXCLUDED.prompt,
  options = EXCLUDED.options,
  correct_option = EXCLUDED.correct_option,
  explanation = EXCLUDED.explanation,
  display_order = EXCLUDED.display_order;

INSERT INTO public.questions (id, exercise_id, prompt, options, correct_option, explanation, display_order) VALUES
  ('7cfb07f9-0b74-5ef3-b5b6-b57275fcde39', '6c647109-fa0a-5dd0-992a-37912e24f1c5', 'أيُّ مجموعةٍ غذائيّةٍ مسؤولةٌ أساسًا عن بناء العضلات؟', '[{"id":"a","text":"الأغذية البانية (البروتينات)"},{"id":"b","text":"الأغذية الطاقيّة"},{"id":"c","text":"الماء وحده"},{"id":"d","text":"السكّريات"}]'::jsonb, 'a', 'البروتينات في الأغذية البانية هي التي تبني العضلاتِ وأنسجةَ الجسم.', 4)
ON CONFLICT (id) DO UPDATE SET
  exercise_id = EXCLUDED.exercise_id,
  prompt = EXCLUDED.prompt,
  options = EXCLUDED.options,
  correct_option = EXCLUDED.correct_option,
  explanation = EXCLUDED.explanation,
  display_order = EXCLUDED.display_order;

INSERT INTO public.questions (id, exercise_id, prompt, options, correct_option, explanation, display_order) VALUES
  ('35d47135-093a-5bc5-aa71-00cbd54a5e29', '6c647109-fa0a-5dd0-992a-37912e24f1c5', 'عدّاءُ مسافاتٍ طويلة يحتاجُ بكثرةٍ إلى:', '[{"id":"a","text":"الأغذية الطاقيّة"},{"id":"b","text":"الفيتامينات وحدها"},{"id":"c","text":"تقليل كلّ الطعام"},{"id":"d","text":"الماء فقط دون طعام"}]'::jsonb, 'a', 'الجريُ الطويلُ يستهلكُ طاقةً كبيرة، فيحتاجُ العدّاءُ أغذيةً طاقيّةً وافرة.', 5)
ON CONFLICT (id) DO UPDATE SET
  exercise_id = EXCLUDED.exercise_id,
  prompt = EXCLUDED.prompt,
  options = EXCLUDED.options,
  correct_option = EXCLUDED.correct_option,
  explanation = EXCLUDED.explanation,
  display_order = EXCLUDED.display_order;

INSERT INTO public.questions (id, exercise_id, prompt, options, correct_option, explanation, display_order) VALUES
  ('d8fae5a7-b5ba-5410-8f2f-effd0afeb672', '6c647109-fa0a-5dd0-992a-37912e24f1c5', 'لماذا تبقى الخضرُ والغلالُ مهمّةً رغم أنّها لا تبني ولا تعطي طاقةً كبيرة؟', '[{"id":"a","text":"لأنّها واقيةٌ تمدُّ الجسمَ بفيتاميناتٍ وأملاحٍ تقي من الأمراض"},{"id":"b","text":"لأنّها تبني العظامَ فقط"},{"id":"c","text":"لأنّها أكبرُ مصدرٍ للطاقة"},{"id":"d","text":"لأنّها بلا فائدةٍ حقيقيّة"}]'::jsonb, 'a', 'دورُ الخضر والغلال وقائيٌّ: تمدُّ الجسمَ بالفيتامينات والأملاح المعدنيّة التي تحميه من الأمراض.', 6)
ON CONFLICT (id) DO UPDATE SET
  exercise_id = EXCLUDED.exercise_id,
  prompt = EXCLUDED.prompt,
  options = EXCLUDED.options,
  correct_option = EXCLUDED.correct_option,
  explanation = EXCLUDED.explanation,
  display_order = EXCLUDED.display_order;

INSERT INTO public.exercises (id, chapter_id, subject_id, title, difficulty, xp_reward, reward_coins, mode, source, display_order) VALUES
  ('e5fb5a0a-624e-5402-b813-fea1d2e80fd0', 'dcc4acda-70b9-50dd-b4f2-b161b7ddd292', 'eveil-scientifique-6eme', '📝 تدريب ⭐⭐⭐: مراجعةٌ شاملةٌ للتغذية', 3, 120, 30, 'boss', 'admin', 5)
ON CONFLICT (id) DO UPDATE SET
  chapter_id = EXCLUDED.chapter_id,
  subject_id = EXCLUDED.subject_id,
  title = EXCLUDED.title,
  difficulty = EXCLUDED.difficulty,
  xp_reward = EXCLUDED.xp_reward,
  reward_coins = EXCLUDED.reward_coins,
  mode = EXCLUDED.mode,
  display_order = EXCLUDED.display_order;

INSERT INTO public.questions (id, exercise_id, prompt, options, correct_option, explanation, display_order) VALUES
  ('27b32498-29b4-58ca-9e78-ae91c64c8872', 'e5fb5a0a-624e-5402-b813-fea1d2e80fd0', 'من أمثلة الأغذية البانية:', '[{"id":"a","text":"اللحوم والبيض والحليب"},{"id":"b","text":"الخبز والأرز"},{"id":"c","text":"الخضر والغلال"},{"id":"d","text":"الماء فقط"}]'::jsonb, 'a', 'اللحومُ والبيضُ والحليب أمثلةٌ على الأغذية البانية الغنيّة بالبروتينات.', 1)
ON CONFLICT (id) DO UPDATE SET
  exercise_id = EXCLUDED.exercise_id,
  prompt = EXCLUDED.prompt,
  options = EXCLUDED.options,
  correct_option = EXCLUDED.correct_option,
  explanation = EXCLUDED.explanation,
  display_order = EXCLUDED.display_order;

INSERT INTO public.questions (id, exercise_id, prompt, options, correct_option, explanation, display_order) VALUES
  ('340967fe-54ec-5093-b4e6-c4f010d6493c', 'e5fb5a0a-624e-5402-b813-fea1d2e80fd0', 'من أمثلة الأغذية الطاقيّة:', '[{"id":"a","text":"الخبز والأرز والزيت"},{"id":"b","text":"اللحوم والسمك"},{"id":"c","text":"الخضر والغلال"},{"id":"d","text":"الفيتامينات"}]'::jsonb, 'a', 'الخبزُ والأرزُ والزيت أغذيةٌ طاقيّة تمدُّ الجسمَ بالطاقة.', 2)
ON CONFLICT (id) DO UPDATE SET
  exercise_id = EXCLUDED.exercise_id,
  prompt = EXCLUDED.prompt,
  options = EXCLUDED.options,
  correct_option = EXCLUDED.correct_option,
  explanation = EXCLUDED.explanation,
  display_order = EXCLUDED.display_order;

INSERT INTO public.questions (id, exercise_id, prompt, options, correct_option, explanation, display_order) VALUES
  ('b04a5bbe-62b0-5aeb-8e73-d09f158a1efe', 'e5fb5a0a-624e-5402-b813-fea1d2e80fd0', 'من أمثلة الأغذية الواقية:', '[{"id":"a","text":"الخضر والغلال"},{"id":"b","text":"اللحوم"},{"id":"c","text":"السكّر"},{"id":"d","text":"الزبدة"}]'::jsonb, 'a', 'الخضرُ والغلالُ أغذيةٌ واقيةٌ غنيّةٌ بالفيتامينات والأملاح.', 3)
ON CONFLICT (id) DO UPDATE SET
  exercise_id = EXCLUDED.exercise_id,
  prompt = EXCLUDED.prompt,
  options = EXCLUDED.options,
  correct_option = EXCLUDED.correct_option,
  explanation = EXCLUDED.explanation,
  display_order = EXCLUDED.display_order;

INSERT INTO public.questions (id, exercise_id, prompt, options, correct_option, explanation, display_order) VALUES
  ('a9f28943-cd78-59c0-9ec2-f4ca21e6d665', 'e5fb5a0a-624e-5402-b813-fea1d2e80fd0', 'ما تعريفُ الوجبة المتوازنة؟', '[{"id":"a","text":"التي تجمعُ الأصناف الثلاثة بنسبٍ مناسبة"},{"id":"b","text":"التي تحتوي صنفًا واحدًا بكثرة"},{"id":"c","text":"أكبرُ كمّيّةٍ من الحلويات"},{"id":"d","text":"وجبةٌ بلا ماء"}]'::jsonb, 'a', 'الوجبةُ المتوازنة هي التي تجمعُ الأغذيةَ البانية والطاقيّة والواقية بنسبٍ مناسبة.', 4)
ON CONFLICT (id) DO UPDATE SET
  exercise_id = EXCLUDED.exercise_id,
  prompt = EXCLUDED.prompt,
  options = EXCLUDED.options,
  correct_option = EXCLUDED.correct_option,
  explanation = EXCLUDED.explanation,
  display_order = EXCLUDED.display_order;

INSERT INTO public.questions (id, exercise_id, prompt, options, correct_option, explanation, display_order) VALUES
  ('d2effcaa-5c75-55f3-9d0f-6f91896d7a6a', 'e5fb5a0a-624e-5402-b813-fea1d2e80fd0', 'أيُّ مرضٍ قد ينتجُ عن الإفراط في الغذاء؟', '[{"id":"a","text":"السمنة"},{"id":"b","text":"الهزال"},{"id":"c","text":"فقر الدم بسبب نقص الحديد"},{"id":"d","text":"ضعفُ النموّ"}]'::jsonb, 'a', 'الإفراطُ في الغذاء (خاصّةً الدهون والسكّريات) يؤدّي إلى السمنة.', 5)
ON CONFLICT (id) DO UPDATE SET
  exercise_id = EXCLUDED.exercise_id,
  prompt = EXCLUDED.prompt,
  options = EXCLUDED.options,
  correct_option = EXCLUDED.correct_option,
  explanation = EXCLUDED.explanation,
  display_order = EXCLUDED.display_order;

INSERT INTO public.questions (id, exercise_id, prompt, options, correct_option, explanation, display_order) VALUES
  ('f466f465-4355-5fed-bd9b-0337ac97e29a', 'e5fb5a0a-624e-5402-b813-fea1d2e80fd0', 'لماذا تُعدُّ التغذيةُ السليمةُ مهمّة؟', '[{"id":"a","text":"لنموّ الجسم ونشاطه ووقايته من الأمراض"},{"id":"b","text":"لزيادة الوزن دائمًا"},{"id":"c","text":"لتلوين الطعام"},{"id":"d","text":"لا أهمّيةَ لها"}]'::jsonb, 'a', 'التغذيةُ السليمة تضمنُ نموَّ الجسم ونشاطَه ووقايتَه من الأمراض.', 6)
ON CONFLICT (id) DO UPDATE SET
  exercise_id = EXCLUDED.exercise_id,
  prompt = EXCLUDED.prompt,
  options = EXCLUDED.options,
  correct_option = EXCLUDED.correct_option,
  explanation = EXCLUDED.explanation,
  display_order = EXCLUDED.display_order;

INSERT INTO public.exercises (id, chapter_id, subject_id, title, difficulty, xp_reward, reward_coins, mode, source, display_order) VALUES
  ('aecf02b2-d4c6-5cc5-867f-38928ffbdb57', '9ba90402-06a3-5fc3-84bf-8c80671bb811', 'eveil-scientifique-6eme', 'اختبار فهم الدرس ⭐', 1, 20, 5, 'quiz', 'admin', 0)
ON CONFLICT (id) DO UPDATE SET
  chapter_id = EXCLUDED.chapter_id,
  subject_id = EXCLUDED.subject_id,
  title = EXCLUDED.title,
  difficulty = EXCLUDED.difficulty,
  xp_reward = EXCLUDED.xp_reward,
  reward_coins = EXCLUDED.reward_coins,
  mode = EXCLUDED.mode,
  display_order = EXCLUDED.display_order;

INSERT INTO public.questions (id, exercise_id, prompt, options, correct_option, explanation, display_order) VALUES
  ('1ddefae2-932b-55ce-83ea-8c745346b781', 'aecf02b2-d4c6-5cc5-867f-38928ffbdb57', 'مَنِ المُنتِجُ في السلسلة الغذائية؟', '[{"id":"a","text":"النبات الأخضر"},{"id":"b","text":"الحيوان العاشب"},{"id":"c","text":"الحيوان اللاحم"},{"id":"d","text":"الإنسان فقط"}]'::jsonb, 'a', 'النباتُ الأخضرُ هو المُنتِج لأنّه يصنعُ غذاءَه بنفسه، فهو أوّلُ حلقةٍ في السلسلة.', 1)
ON CONFLICT (id) DO UPDATE SET
  exercise_id = EXCLUDED.exercise_id,
  prompt = EXCLUDED.prompt,
  options = EXCLUDED.options,
  correct_option = EXCLUDED.correct_option,
  explanation = EXCLUDED.explanation,
  display_order = EXCLUDED.display_order;

INSERT INTO public.questions (id, exercise_id, prompt, options, correct_option, explanation, display_order) VALUES
  ('a2106db2-cacb-51c3-b71b-d1189eb3dc1e', 'aecf02b2-d4c6-5cc5-867f-38928ffbdb57', 'المستهلِكُ الأوّلُ حيوانٌ:', '[{"id":"a","text":"عاشبٌ يأكلُ النبات"},{"id":"b","text":"لاحمٌ يأكلُ الأسود"},{"id":"c","text":"يصنعُ غذاءَه بنفسه"},{"id":"d","text":"لا يأكلُ شيئًا"}]'::jsonb, 'a', 'المستهلِكُ الأوّلُ حيوانٌ عاشبٌ يتغذّى على النبات (المُنتِج).', 2)
ON CONFLICT (id) DO UPDATE SET
  exercise_id = EXCLUDED.exercise_id,
  prompt = EXCLUDED.prompt,
  options = EXCLUDED.options,
  correct_option = EXCLUDED.correct_option,
  explanation = EXCLUDED.explanation,
  display_order = EXCLUDED.display_order;

INSERT INTO public.questions (id, exercise_id, prompt, options, correct_option, explanation, display_order) VALUES
  ('33092fc0-5b35-5d31-be3a-b98dd2ad8074', 'aecf02b2-d4c6-5cc5-867f-38928ffbdb57', 'في أيِّ اتّجاهٍ يسيرُ سهمُ السلسلة الغذائية؟', '[{"id":"a","text":"من المأكول إلى الآكل"},{"id":"b","text":"من الآكل إلى المأكول"},{"id":"c","text":"في كلّ الاتّجاهات معًا"},{"id":"d","text":"لا اتّجاهَ له"}]'::jsonb, 'a', 'السهمُ يعني «يُؤكَلُ مِن قِبَل»، فيتّجهُ من المأكول إلى الآكل.', 3)
ON CONFLICT (id) DO UPDATE SET
  exercise_id = EXCLUDED.exercise_id,
  prompt = EXCLUDED.prompt,
  options = EXCLUDED.options,
  correct_option = EXCLUDED.correct_option,
  explanation = EXCLUDED.explanation,
  display_order = EXCLUDED.display_order;

INSERT INTO public.questions (id, exercise_id, prompt, options, correct_option, explanation, display_order) VALUES
  ('4603f188-7346-59a1-b447-49e499583f4e', 'aecf02b2-d4c6-5cc5-867f-38928ffbdb57', 'ماذا يحدثُ للسلسلة الغذائية إذا اختفى النبات؟', '[{"id":"a","text":"تختلُّ السلسلةُ ويتأثّرُ باقي الكائنات"},{"id":"b","text":"لا يتغيّرُ شيء"},{"id":"c","text":"تزدادُ الحيوانات قوّة"},{"id":"d","text":"تصبحُ الحيوانات نباتات"}]'::jsonb, 'a', 'النباتُ أوّلُ حلقة؛ فاختفاؤه يحرمُ العواشبَ غذاءَها فتختلُّ السلسلةُ كلُّها.', 4)
ON CONFLICT (id) DO UPDATE SET
  exercise_id = EXCLUDED.exercise_id,
  prompt = EXCLUDED.prompt,
  options = EXCLUDED.options,
  correct_option = EXCLUDED.correct_option,
  explanation = EXCLUDED.explanation,
  display_order = EXCLUDED.display_order;

INSERT INTO public.questions (id, exercise_id, prompt, options, correct_option, explanation, display_order) VALUES
  ('192f1e6c-eee1-5a15-907e-e0ba2eeb7368', 'aecf02b2-d4c6-5cc5-867f-38928ffbdb57', 'من مصادر تلوّث الأوساط المائية:', '[{"id":"a","text":"النفايات والمياه المستعملة"},{"id":"b","text":"ضوءُ الشمس"},{"id":"c","text":"هبوبُ الرياح"},{"id":"d","text":"مياهُ المطر النظيفة"}]'::jsonb, 'a', 'رميُ النفايات والمياه المستعملة والمواد الكيميائيّة من أهمّ مصادر تلوّث المياه.', 5)
ON CONFLICT (id) DO UPDATE SET
  exercise_id = EXCLUDED.exercise_id,
  prompt = EXCLUDED.prompt,
  options = EXCLUDED.options,
  correct_option = EXCLUDED.correct_option,
  explanation = EXCLUDED.explanation,
  display_order = EXCLUDED.display_order;

INSERT INTO public.exercises (id, chapter_id, subject_id, title, difficulty, xp_reward, reward_coins, mode, source, display_order) VALUES
  ('02ecec19-f2c1-58c9-bb3f-5f5a83be045b', '9ba90402-06a3-5fc3-84bf-8c80671bb811', 'eveil-scientifique-6eme', '⭐ تمرين: أوّلُ خطوات مع الوسط البيئي', 1, 50, 10, 'practice', 'admin', 1)
ON CONFLICT (id) DO UPDATE SET
  chapter_id = EXCLUDED.chapter_id,
  subject_id = EXCLUDED.subject_id,
  title = EXCLUDED.title,
  difficulty = EXCLUDED.difficulty,
  xp_reward = EXCLUDED.xp_reward,
  reward_coins = EXCLUDED.reward_coins,
  mode = EXCLUDED.mode,
  display_order = EXCLUDED.display_order;

INSERT INTO public.questions (id, exercise_id, prompt, options, correct_option, explanation, display_order) VALUES
  ('70e19185-686c-5957-80e1-23b4ab8910d1', '02ecec19-f2c1-58c9-bb3f-5f5a83be045b', 'ما الوسطُ البيئي؟', '[{"id":"a","text":"مكانُ عيش الكائنات الحيّة وتفاعلِها"},{"id":"b","text":"نوعٌ من الطعام"},{"id":"c","text":"آلةٌ كهربائيّة"},{"id":"d","text":"مرضٌ معدٍ"}]'::jsonb, 'a', 'الوسطُ البيئي هو المكانُ الذي تعيشُ فيه الكائناتُ الحيّة وتتفاعلُ فيما بينها ومع محيطها.', 1)
ON CONFLICT (id) DO UPDATE SET
  exercise_id = EXCLUDED.exercise_id,
  prompt = EXCLUDED.prompt,
  options = EXCLUDED.options,
  correct_option = EXCLUDED.correct_option,
  explanation = EXCLUDED.explanation,
  display_order = EXCLUDED.display_order;

INSERT INTO public.questions (id, exercise_id, prompt, options, correct_option, explanation, display_order) VALUES
  ('4487ff4a-4305-59e0-aca0-70dc32f837c9', '02ecec19-f2c1-58c9-bb3f-5f5a83be045b', 'مَن يصنعُ غذاءَه بنفسه في السلسلة الغذائية؟', '[{"id":"a","text":"النبات الأخضر"},{"id":"b","text":"الأرنب"},{"id":"c","text":"الثعلب"},{"id":"d","text":"الأسد"}]'::jsonb, 'a', 'النباتُ الأخضرُ منتِجٌ يصنعُ غذاءَه بنفسه، بينما الحيواناتُ مستهلكة.', 2)
ON CONFLICT (id) DO UPDATE SET
  exercise_id = EXCLUDED.exercise_id,
  prompt = EXCLUDED.prompt,
  options = EXCLUDED.options,
  correct_option = EXCLUDED.correct_option,
  explanation = EXCLUDED.explanation,
  display_order = EXCLUDED.display_order;

INSERT INTO public.questions (id, exercise_id, prompt, options, correct_option, explanation, display_order) VALUES
  ('c94f1475-70bc-59e4-84ab-bdab9703f69e', '02ecec19-f2c1-58c9-bb3f-5f5a83be045b', 'الحيوانُ العاشبُ يتغذّى على:', '[{"id":"a","text":"النبات"},{"id":"b","text":"الحجارة"},{"id":"c","text":"الماء فقط"},{"id":"d","text":"الحديد"}]'::jsonb, 'a', 'الحيوانُ العاشبُ يأكلُ النبات، فهو مستهلكٌ أوّل في السلسلة.', 3)
ON CONFLICT (id) DO UPDATE SET
  exercise_id = EXCLUDED.exercise_id,
  prompt = EXCLUDED.prompt,
  options = EXCLUDED.options,
  correct_option = EXCLUDED.correct_option,
  explanation = EXCLUDED.explanation,
  display_order = EXCLUDED.display_order;

INSERT INTO public.questions (id, exercise_id, prompt, options, correct_option, explanation, display_order) VALUES
  ('2fbeb761-6f14-5efd-ac39-b57649a3860b', '02ecec19-f2c1-58c9-bb3f-5f5a83be045b', 'الحيوانُ اللاحمُ يتغذّى على:', '[{"id":"a","text":"حيواناتٍ أخرى"},{"id":"b","text":"النبات فقط"},{"id":"c","text":"الضوء"},{"id":"d","text":"التربة"}]'::jsonb, 'a', 'الحيوانُ اللاحمُ يأكلُ حيواناتٍ أخرى، فهو مستهلكٌ في مرتبةٍ أعلى.', 4)
ON CONFLICT (id) DO UPDATE SET
  exercise_id = EXCLUDED.exercise_id,
  prompt = EXCLUDED.prompt,
  options = EXCLUDED.options,
  correct_option = EXCLUDED.correct_option,
  explanation = EXCLUDED.explanation,
  display_order = EXCLUDED.display_order;

INSERT INTO public.questions (id, exercise_id, prompt, options, correct_option, explanation, display_order) VALUES
  ('13666676-4288-5243-8b94-ad9144595a6c', '02ecec19-f2c1-58c9-bb3f-5f5a83be045b', 'في السلسلة «عُشب ← أرنب ← ثعلب»، مَنِ المُنتِج؟', '[{"id":"a","text":"العُشب (النبات)"},{"id":"b","text":"الأرنب"},{"id":"c","text":"الثعلب"},{"id":"d","text":"لا منتِجَ فيها"}]'::jsonb, 'a', 'العُشبُ نباتٌ أخضرُ يصنعُ غذاءَه، فهو المُنتِجُ وأوّلُ حلقةٍ في السلسلة.', 5)
ON CONFLICT (id) DO UPDATE SET
  exercise_id = EXCLUDED.exercise_id,
  prompt = EXCLUDED.prompt,
  options = EXCLUDED.options,
  correct_option = EXCLUDED.correct_option,
  explanation = EXCLUDED.explanation,
  display_order = EXCLUDED.display_order;

INSERT INTO public.questions (id, exercise_id, prompt, options, correct_option, explanation, display_order) VALUES
  ('10f9124d-6062-5a14-85da-05d74a49ca63', '02ecec19-f2c1-58c9-bb3f-5f5a83be045b', 'أيٌّ ممّا يلي من مكوّنات الوسط غير الحيّة؟', '[{"id":"a","text":"الماء والهواء والتربة"},{"id":"b","text":"النباتات"},{"id":"c","text":"الحيوانات"},{"id":"d","text":"الإنسان"}]'::jsonb, 'a', 'الماءُ والهواءُ والتربةُ والضوءُ مكوّناتٌ غيرُ حيّةٍ في الوسط البيئي.', 6)
ON CONFLICT (id) DO UPDATE SET
  exercise_id = EXCLUDED.exercise_id,
  prompt = EXCLUDED.prompt,
  options = EXCLUDED.options,
  correct_option = EXCLUDED.correct_option,
  explanation = EXCLUDED.explanation,
  display_order = EXCLUDED.display_order;

INSERT INTO public.exercises (id, chapter_id, subject_id, title, difficulty, xp_reward, reward_coins, mode, source, display_order) VALUES
  ('68655d37-f975-53af-b6fb-2687adba1ce9', '9ba90402-06a3-5fc3-84bf-8c80671bb811', 'eveil-scientifique-6eme', '⚔️ زعيم الفصل ⭐⭐⭐: تحدّي الوسط البيئي', 3, 120, 30, 'boss', 'admin', 2)
ON CONFLICT (id) DO UPDATE SET
  chapter_id = EXCLUDED.chapter_id,
  subject_id = EXCLUDED.subject_id,
  title = EXCLUDED.title,
  difficulty = EXCLUDED.difficulty,
  xp_reward = EXCLUDED.xp_reward,
  reward_coins = EXCLUDED.reward_coins,
  mode = EXCLUDED.mode,
  display_order = EXCLUDED.display_order;

INSERT INTO public.questions (id, exercise_id, prompt, options, correct_option, explanation, display_order) VALUES
  ('96682937-6424-5f10-9726-ea65590a5a83', '68655d37-f975-53af-b6fb-2687adba1ce9', 'المستهلِكُ الأوّلُ في السلسلة الغذائية هو:', '[{"id":"a","text":"الحيوان العاشب"},{"id":"b","text":"النبات الأخضر"},{"id":"c","text":"الحيوان اللاحم الكبير"},{"id":"d","text":"التربة"}]'::jsonb, 'a', 'المستهلِكُ الأوّلُ حيوانٌ عاشبٌ يأكلُ النباتَ مباشرةً.', 1)
ON CONFLICT (id) DO UPDATE SET
  exercise_id = EXCLUDED.exercise_id,
  prompt = EXCLUDED.prompt,
  options = EXCLUDED.options,
  correct_option = EXCLUDED.correct_option,
  explanation = EXCLUDED.explanation,
  display_order = EXCLUDED.display_order;

INSERT INTO public.questions (id, exercise_id, prompt, options, correct_option, explanation, display_order) VALUES
  ('9d8d6b7e-7264-5200-bebf-f90b66b3715f', '68655d37-f975-53af-b6fb-2687adba1ce9', 'ماذا يعني السهمُ (←) في السلسلة الغذائية؟', '[{"id":"a","text":"يُؤكَلُ مِن قِبَل (من المأكول إلى الآكل)"},{"id":"b","text":"يهربُ مِن"},{"id":"c","text":"يساوي"},{"id":"d","text":"يعيشُ بعيدًا عن"}]'::jsonb, 'a', 'السهمُ يدلّ على «يُؤكَلُ مِن قِبَل»، فيتّجهُ من الكائن المأكول إلى الكائن الآكل.', 2)
ON CONFLICT (id) DO UPDATE SET
  exercise_id = EXCLUDED.exercise_id,
  prompt = EXCLUDED.prompt,
  options = EXCLUDED.options,
  correct_option = EXCLUDED.correct_option,
  explanation = EXCLUDED.explanation,
  display_order = EXCLUDED.display_order;

INSERT INTO public.questions (id, exercise_id, prompt, options, correct_option, explanation, display_order) VALUES
  ('b4a1e85a-98d4-5a0f-bacb-3dc566b49cdb', '68655d37-f975-53af-b6fb-2687adba1ce9', 'في السلسلة «عُشب ← أرنب ← ثعلب»، ماذا يأكلُ الثعلب؟', '[{"id":"a","text":"الأرنب"},{"id":"b","text":"العُشب"},{"id":"c","text":"الثعالبَ الأخرى"},{"id":"d","text":"التربة"}]'::jsonb, 'a', 'في هذه السلسلة الثعلبُ لاحمٌ يأكلُ الأرنبَ (المستهلكَ الأوّل).', 3)
ON CONFLICT (id) DO UPDATE SET
  exercise_id = EXCLUDED.exercise_id,
  prompt = EXCLUDED.prompt,
  options = EXCLUDED.options,
  correct_option = EXCLUDED.correct_option,
  explanation = EXCLUDED.explanation,
  display_order = EXCLUDED.display_order;

INSERT INTO public.questions (id, exercise_id, prompt, options, correct_option, explanation, display_order) VALUES
  ('cd5c0596-3059-58d8-b7b5-fce4d0edd6fd', '68655d37-f975-53af-b6fb-2687adba1ce9', 'إذا تكاثرت الثعالبُ كثيرًا في وسطٍ ما، فماذا يحدثُ غالبًا لأعداد الأرانب؟', '[{"id":"a","text":"تتناقصُ لأنّها تُؤكَلُ أكثر"},{"id":"b","text":"تتزايدُ بقوّة"},{"id":"c","text":"لا تتغيّرُ أبدًا"},{"id":"d","text":"تتحوّلُ إلى ثعالب"}]'::jsonb, 'a', 'زيادةُ الثعالب (المفترِسات) تعني افتراسًا أكبرَ للأرانب، فيتناقصُ عددُها.', 4)
ON CONFLICT (id) DO UPDATE SET
  exercise_id = EXCLUDED.exercise_id,
  prompt = EXCLUDED.prompt,
  options = EXCLUDED.options,
  correct_option = EXCLUDED.correct_option,
  explanation = EXCLUDED.explanation,
  display_order = EXCLUDED.display_order;

INSERT INTO public.questions (id, exercise_id, prompt, options, correct_option, explanation, display_order) VALUES
  ('52b6e98a-a695-538b-97a7-6c35ff5b3b38', '68655d37-f975-53af-b6fb-2687adba1ce9', 'لو اختفى النباتُ من وسطٍ بيئيّ، فما النتيجةُ المتوقّعة؟', '[{"id":"a","text":"تختلُّ السلسلةُ وتتأثّرُ بقيّةُ الكائنات"},{"id":"b","text":"تزدهرُ كلُّ الحيوانات"},{"id":"c","text":"لا أثرَ لذلك"},{"id":"d","text":"يزدادُ عددُ العواشب"}]'::jsonb, 'a', 'النباتُ قاعدةُ السلسلة؛ فاختفاؤه يحرمُ العواشبَ غذاءَها وتتأثّرُ بقيّةُ الحلقات.', 5)
ON CONFLICT (id) DO UPDATE SET
  exercise_id = EXCLUDED.exercise_id,
  prompt = EXCLUDED.prompt,
  options = EXCLUDED.options,
  correct_option = EXCLUDED.correct_option,
  explanation = EXCLUDED.explanation,
  display_order = EXCLUDED.display_order;

INSERT INTO public.questions (id, exercise_id, prompt, options, correct_option, explanation, display_order) VALUES
  ('a60bb7c9-eccf-56e9-b201-a1eee0c25750', '68655d37-f975-53af-b6fb-2687adba1ce9', 'لماذا يُسمّى النباتُ الأخضرُ «منتِجًا»؟', '[{"id":"a","text":"لأنّه يصنعُ غذاءَه بنفسه"},{"id":"b","text":"لأنّه يأكلُ الحيوانات"},{"id":"c","text":"لأنّه لا يحتاجُ ضوءًا"},{"id":"d","text":"لأنّه يصنعُ الحجارة"}]'::jsonb, 'a', 'يُسمّى النباتُ منتِجًا لأنّه يصنعُ غذاءَه بنفسه ولا يعتمدُ على غيره في التغذية.', 6)
ON CONFLICT (id) DO UPDATE SET
  exercise_id = EXCLUDED.exercise_id,
  prompt = EXCLUDED.prompt,
  options = EXCLUDED.options,
  correct_option = EXCLUDED.correct_option,
  explanation = EXCLUDED.explanation,
  display_order = EXCLUDED.display_order;

INSERT INTO public.exercises (id, chapter_id, subject_id, title, difficulty, xp_reward, reward_coins, mode, source, display_order) VALUES
  ('28c17ebc-d3df-52e1-bf70-852dfb60ab2e', '9ba90402-06a3-5fc3-84bf-8c80671bb811', 'eveil-scientifique-6eme', '⭐⭐ تمرين مراجعة (نمط امتحان): الوسط البيئي', 2, 70, 15, 'practice', 'admin', 3)
ON CONFLICT (id) DO UPDATE SET
  chapter_id = EXCLUDED.chapter_id,
  subject_id = EXCLUDED.subject_id,
  title = EXCLUDED.title,
  difficulty = EXCLUDED.difficulty,
  xp_reward = EXCLUDED.xp_reward,
  reward_coins = EXCLUDED.reward_coins,
  mode = EXCLUDED.mode,
  display_order = EXCLUDED.display_order;

INSERT INTO public.questions (id, exercise_id, prompt, options, correct_option, explanation, display_order) VALUES
  ('4e4b5c15-8899-5eaa-a3d5-d182d1069395', '28c17ebc-d3df-52e1-bf70-852dfb60ab2e', 'مَنِ المُنتِجُ دائمًا في السلسلة الغذائية؟', '[{"id":"a","text":"النبات الأخضر"},{"id":"b","text":"العاشب"},{"id":"c","text":"اللاحم"},{"id":"d","text":"الميكروب"}]'::jsonb, 'a', 'النباتُ الأخضرُ هو المنتِجُ دائمًا، فهو أوّلُ حلقةٍ تصنعُ الغذاء.', 1)
ON CONFLICT (id) DO UPDATE SET
  exercise_id = EXCLUDED.exercise_id,
  prompt = EXCLUDED.prompt,
  options = EXCLUDED.options,
  correct_option = EXCLUDED.correct_option,
  explanation = EXCLUDED.explanation,
  display_order = EXCLUDED.display_order;

INSERT INTO public.questions (id, exercise_id, prompt, options, correct_option, explanation, display_order) VALUES
  ('56e31342-66d1-592b-a872-99387da8398e', '28c17ebc-d3df-52e1-bf70-852dfb60ab2e', 'المستهلِكُ الثاني غالبًا حيوانٌ:', '[{"id":"a","text":"لاحمٌ يأكلُ العاشب"},{"id":"b","text":"يصنعُ غذاءَه بنفسه"},{"id":"c","text":"يأكلُ النباتَ مباشرةً"},{"id":"d","text":"لا يأكلُ شيئًا"}]'::jsonb, 'a', 'المستهلِكُ الثاني لاحمٌ يتغذّى على المستهلك الأوّل (العاشب).', 2)
ON CONFLICT (id) DO UPDATE SET
  exercise_id = EXCLUDED.exercise_id,
  prompt = EXCLUDED.prompt,
  options = EXCLUDED.options,
  correct_option = EXCLUDED.correct_option,
  explanation = EXCLUDED.explanation,
  display_order = EXCLUDED.display_order;

INSERT INTO public.questions (id, exercise_id, prompt, options, correct_option, explanation, display_order) VALUES
  ('2dca6e5f-c324-5c69-9856-fde628426355', '28c17ebc-d3df-52e1-bf70-852dfb60ab2e', 'اتّجاهُ سهم السلسلة الغذائية يكون:', '[{"id":"a","text":"من المأكول إلى الآكل"},{"id":"b","text":"من الآكل إلى المأكول"},{"id":"c","text":"عشوائيًّا"},{"id":"d","text":"من اليمين دائمًا"}]'::jsonb, 'a', 'السهمُ يدلّ على «يُؤكَلُ مِن قِبَل»، أي يسيرُ من المأكول نحو الآكل.', 3)
ON CONFLICT (id) DO UPDATE SET
  exercise_id = EXCLUDED.exercise_id,
  prompt = EXCLUDED.prompt,
  options = EXCLUDED.options,
  correct_option = EXCLUDED.correct_option,
  explanation = EXCLUDED.explanation,
  display_order = EXCLUDED.display_order;

INSERT INTO public.questions (id, exercise_id, prompt, options, correct_option, explanation, display_order) VALUES
  ('77af92ff-190d-5880-8cf0-0ab8a42f711f', '28c17ebc-d3df-52e1-bf70-852dfb60ab2e', 'من مصادر تلوّث الماء:', '[{"id":"a","text":"رميُ النفايات والمواد الكيميائيّة"},{"id":"b","text":"غرسُ الأشجار"},{"id":"c","text":"سقوطُ المطر"},{"id":"d","text":"هبوبُ النسيم"}]'::jsonb, 'a', 'رميُ النفايات والمياه المستعملة والمواد الكيميائيّة في الماء يلوّثُه.', 4)
ON CONFLICT (id) DO UPDATE SET
  exercise_id = EXCLUDED.exercise_id,
  prompt = EXCLUDED.prompt,
  options = EXCLUDED.options,
  correct_option = EXCLUDED.correct_option,
  explanation = EXCLUDED.explanation,
  display_order = EXCLUDED.display_order;

INSERT INTO public.questions (id, exercise_id, prompt, options, correct_option, explanation, display_order) VALUES
  ('4f277377-e4a1-5197-a312-aeaedae93c8c', '28c17ebc-d3df-52e1-bf70-852dfb60ab2e', 'كيف نحافظُ على نظافة المياه؟', '[{"id":"a","text":"بعدم رمي الفضلات ومعالجة المياه المستعملة"},{"id":"b","text":"بإلقاء النفايات في الأنهار"},{"id":"c","text":"بسكب الزيوت في الماء"},{"id":"d","text":"بعدم استعمال الماء أبدًا"}]'::jsonb, 'a', 'نحافظُ على المياه بعدم رمي الفضلات فيها وبمعالجة المياه المستعملة قبل صرفها.', 5)
ON CONFLICT (id) DO UPDATE SET
  exercise_id = EXCLUDED.exercise_id,
  prompt = EXCLUDED.prompt,
  options = EXCLUDED.options,
  correct_option = EXCLUDED.correct_option,
  explanation = EXCLUDED.explanation,
  display_order = EXCLUDED.display_order;

INSERT INTO public.questions (id, exercise_id, prompt, options, correct_option, explanation, display_order) VALUES
  ('1add8108-981a-59e8-a114-22e96465a994', '28c17ebc-d3df-52e1-bf70-852dfb60ab2e', 'لماذا تُعدُّ المياهُ الملوّثةُ خطيرة؟', '[{"id":"a","text":"لأنّها تسبّبُ أمراضًا للإنسان والكائنات"},{"id":"b","text":"لأنّها تجعلُ النباتَ ينمو أسرع"},{"id":"c","text":"لأنّها تنظّفُ الجسم"},{"id":"d","text":"لا خطرَ منها"}]'::jsonb, 'a', 'المياهُ الملوّثةُ تنقلُ الميكروباتِ والموادَّ الضارّة فتسبّبُ أمراضًا للإنسان والكائنات.', 6)
ON CONFLICT (id) DO UPDATE SET
  exercise_id = EXCLUDED.exercise_id,
  prompt = EXCLUDED.prompt,
  options = EXCLUDED.options,
  correct_option = EXCLUDED.correct_option,
  explanation = EXCLUDED.explanation,
  display_order = EXCLUDED.display_order;

INSERT INTO public.exercises (id, chapter_id, subject_id, title, difficulty, xp_reward, reward_coins, mode, source, display_order) VALUES
  ('c5cd521a-7515-5ad2-9da2-0302047934f2', '9ba90402-06a3-5fc3-84bf-8c80671bb811', 'eveil-scientifique-6eme', '👑 تحدّي النخبة ⭐⭐⭐⭐: سيّدُ الوسط البيئي', 4, 300, 60, 'challenge', 'admin', 4)
ON CONFLICT (id) DO UPDATE SET
  chapter_id = EXCLUDED.chapter_id,
  subject_id = EXCLUDED.subject_id,
  title = EXCLUDED.title,
  difficulty = EXCLUDED.difficulty,
  xp_reward = EXCLUDED.xp_reward,
  reward_coins = EXCLUDED.reward_coins,
  mode = EXCLUDED.mode,
  display_order = EXCLUDED.display_order;

INSERT INTO public.questions (id, exercise_id, prompt, options, correct_option, explanation, display_order) VALUES
  ('06fcf09f-b204-55e4-9716-52447033af38', 'c5cd521a-7515-5ad2-9da2-0302047934f2', 'في أيّة مرتبةٍ يأتي المُنتِجُ في السلسلة الغذائية؟', '[{"id":"a","text":"في البداية (الحلقة الأولى)"},{"id":"b","text":"في النهاية"},{"id":"c","text":"في الوسط دائمًا"},{"id":"d","text":"لا يدخلُ في السلسلة"}]'::jsonb, 'a', 'المُنتِجُ (النبات) هو الحلقةُ الأولى، إذ تعتمدُ عليه بقيّةُ الكائنات في غذائها.', 1)
ON CONFLICT (id) DO UPDATE SET
  exercise_id = EXCLUDED.exercise_id,
  prompt = EXCLUDED.prompt,
  options = EXCLUDED.options,
  correct_option = EXCLUDED.correct_option,
  explanation = EXCLUDED.explanation,
  display_order = EXCLUDED.display_order;

INSERT INTO public.questions (id, exercise_id, prompt, options, correct_option, explanation, display_order) VALUES
  ('85629355-1dfb-5867-854d-5e90ff7a8cda', 'c5cd521a-7515-5ad2-9da2-0302047934f2', 'في السلسلة «عُشب ← غزال ← أسد»، مَنِ المستهلِكُ الأوّل؟', '[{"id":"a","text":"الغزال"},{"id":"b","text":"العُشب"},{"id":"c","text":"الأسد"},{"id":"d","text":"لا يوجد"}]'::jsonb, 'a', 'الغزالُ عاشبٌ يأكلُ العُشب، فهو المستهلِكُ الأوّل، والأسدُ لاحمٌ يأكلُ الغزال.', 2)
ON CONFLICT (id) DO UPDATE SET
  exercise_id = EXCLUDED.exercise_id,
  prompt = EXCLUDED.prompt,
  options = EXCLUDED.options,
  correct_option = EXCLUDED.correct_option,
  explanation = EXCLUDED.explanation,
  display_order = EXCLUDED.display_order;

INSERT INTO public.questions (id, exercise_id, prompt, options, correct_option, explanation, display_order) VALUES
  ('e1d625de-4248-5afd-ad67-01f49bee9ba2', 'c5cd521a-7515-5ad2-9da2-0302047934f2', 'رُشَّ مبيدٌ قضى على كلّ الحشرات في حقل. ما الأثرُ المتوقّعُ على الطيور التي تتغذّى عليها؟', '[{"id":"a","text":"يقلُّ غذاؤها فيتأثّرُ عددُها"},{"id":"b","text":"يزدادُ عددُها فجأة"},{"id":"c","text":"لا تتأثّرُ إطلاقًا"},{"id":"d","text":"تتحوّلُ إلى حشرات"}]'::jsonb, 'a', 'الطيورُ تعتمدُ على الحشرات في غذائها؛ فاختفاؤها يقلّلُ غذاءَ الطيور ويؤثّرُ في أعدادها.', 3)
ON CONFLICT (id) DO UPDATE SET
  exercise_id = EXCLUDED.exercise_id,
  prompt = EXCLUDED.prompt,
  options = EXCLUDED.options,
  correct_option = EXCLUDED.correct_option,
  explanation = EXCLUDED.explanation,
  display_order = EXCLUDED.display_order;

INSERT INTO public.questions (id, exercise_id, prompt, options, correct_option, explanation, display_order) VALUES
  ('54f0a1c3-ca4a-5761-b5f9-82a62c9bffa0', 'c5cd521a-7515-5ad2-9da2-0302047934f2', 'لماذا يُعدُّ التوازنُ الطبيعيُّ مهمًّا في الوسط البيئي؟', '[{"id":"a","text":"لأنّ كلَّ كائنٍ يعتمدُ على غيره في السلسلة"},{"id":"b","text":"لأنّ الكائناتِ لا تتأثّرُ ببعضها"},{"id":"c","text":"لأنّ النباتَ وحدَه يكفي"},{"id":"d","text":"لأنّه لا أهمّيةَ للتوازن"}]'::jsonb, 'a', 'التوازنُ مهمٌّ لأنّ الكائناتِ مرتبطةٌ في سلاسلَ، فاختلالُ حلقةٍ يؤثّرُ في الباقي.', 4)
ON CONFLICT (id) DO UPDATE SET
  exercise_id = EXCLUDED.exercise_id,
  prompt = EXCLUDED.prompt,
  options = EXCLUDED.options,
  correct_option = EXCLUDED.correct_option,
  explanation = EXCLUDED.explanation,
  display_order = EXCLUDED.display_order;

INSERT INTO public.questions (id, exercise_id, prompt, options, correct_option, explanation, display_order) VALUES
  ('dd4301d0-a563-57ca-a2b7-17de966778d6', 'c5cd521a-7515-5ad2-9da2-0302047934f2', 'أيُّ سلوكٍ يحمي الأوساطَ المائية؟', '[{"id":"a","text":"معالجةُ المياه المستعملة قبل صرفها"},{"id":"b","text":"رميُ النفايات في النهر"},{"id":"c","text":"سكبُ الزيوت في البحر"},{"id":"d","text":"إلقاءُ المواد الكيميائيّة في الماء"}]'::jsonb, 'a', 'معالجةُ المياه المستعملة قبل إعادتها إلى الطبيعة تحمي الأوساطَ المائيّة من التلوّث.', 5)
ON CONFLICT (id) DO UPDATE SET
  exercise_id = EXCLUDED.exercise_id,
  prompt = EXCLUDED.prompt,
  options = EXCLUDED.options,
  correct_option = EXCLUDED.correct_option,
  explanation = EXCLUDED.explanation,
  display_order = EXCLUDED.display_order;

INSERT INTO public.questions (id, exercise_id, prompt, options, correct_option, explanation, display_order) VALUES
  ('ee37c28b-d434-575f-a056-0f393ab6ef5b', 'c5cd521a-7515-5ad2-9da2-0302047934f2', 'لماذا لا يصحُّ عكسُ اتّجاه السهم في السلسلة الغذائية؟', '[{"id":"a","text":"لأنّه يدلُّ على من يأكلُ من؛ من المأكول إلى الآكل"},{"id":"b","text":"لأنّ السهمَ مجرّدُ زينة"},{"id":"c","text":"لأنّ الاتّجاهَ لا معنى له"},{"id":"d","text":"لأنّ النباتَ يأكلُ الحيوان"}]'::jsonb, 'a', 'السهمُ يحملُ معنى «يُؤكَلُ مِن قِبَل»؛ فعكسُه يقلبُ العلاقةَ الغذائيّةَ ويجعلُها خاطئة.', 6)
ON CONFLICT (id) DO UPDATE SET
  exercise_id = EXCLUDED.exercise_id,
  prompt = EXCLUDED.prompt,
  options = EXCLUDED.options,
  correct_option = EXCLUDED.correct_option,
  explanation = EXCLUDED.explanation,
  display_order = EXCLUDED.display_order;

INSERT INTO public.exercises (id, chapter_id, subject_id, title, difficulty, xp_reward, reward_coins, mode, source, display_order) VALUES
  ('ae6c1d5c-5cad-5808-89e8-9e1adf0bf999', '9ba90402-06a3-5fc3-84bf-8c80671bb811', 'eveil-scientifique-6eme', '📝 تدريب ⭐⭐⭐: مراجعةٌ شاملةٌ للوسط البيئي', 3, 120, 30, 'boss', 'admin', 5)
ON CONFLICT (id) DO UPDATE SET
  chapter_id = EXCLUDED.chapter_id,
  subject_id = EXCLUDED.subject_id,
  title = EXCLUDED.title,
  difficulty = EXCLUDED.difficulty,
  xp_reward = EXCLUDED.xp_reward,
  reward_coins = EXCLUDED.reward_coins,
  mode = EXCLUDED.mode,
  display_order = EXCLUDED.display_order;

INSERT INTO public.questions (id, exercise_id, prompt, options, correct_option, explanation, display_order) VALUES
  ('90a55f25-585c-5d4f-a75f-def19cf984c9', 'ae6c1d5c-5cad-5808-89e8-9e1adf0bf999', 'ما السلسلةُ الغذائية؟', '[{"id":"a","text":"علاقةُ «مَن يأكلُ مَن» بين الكائنات"},{"id":"b","text":"قائمةُ مشترياتٍ للطعام"},{"id":"c","text":"نوعٌ من النباتات"},{"id":"d","text":"جهازٌ في جسم الإنسان"}]'::jsonb, 'a', 'السلسلةُ الغذائية تبيّنُ علاقةَ «مَن يأكلُ مَن» وتربطُ الكائناتِ الحيّة ببعضها.', 1)
ON CONFLICT (id) DO UPDATE SET
  exercise_id = EXCLUDED.exercise_id,
  prompt = EXCLUDED.prompt,
  options = EXCLUDED.options,
  correct_option = EXCLUDED.correct_option,
  explanation = EXCLUDED.explanation,
  display_order = EXCLUDED.display_order;

INSERT INTO public.questions (id, exercise_id, prompt, options, correct_option, explanation, display_order) VALUES
  ('c87db149-cb49-563e-bb8a-1718cae44d49', 'ae6c1d5c-5cad-5808-89e8-9e1adf0bf999', 'المُنتِجُ في السلسلة هو:', '[{"id":"a","text":"النبات الأخضر"},{"id":"b","text":"العاشب"},{"id":"c","text":"اللاحم"},{"id":"d","text":"التربة"}]'::jsonb, 'a', 'النباتُ الأخضرُ منتِجٌ يصنعُ غذاءَه، وهو قاعدةُ كلّ سلسلةٍ غذائيّة.', 2)
ON CONFLICT (id) DO UPDATE SET
  exercise_id = EXCLUDED.exercise_id,
  prompt = EXCLUDED.prompt,
  options = EXCLUDED.options,
  correct_option = EXCLUDED.correct_option,
  explanation = EXCLUDED.explanation,
  display_order = EXCLUDED.display_order;

INSERT INTO public.questions (id, exercise_id, prompt, options, correct_option, explanation, display_order) VALUES
  ('bfa5b9e7-418c-5904-92de-f76610812f5e', 'ae6c1d5c-5cad-5808-89e8-9e1adf0bf999', 'المستهلِكُ الأوّلُ هو:', '[{"id":"a","text":"الحيوان العاشب"},{"id":"b","text":"النبات"},{"id":"c","text":"كبيرُ اللواحم"},{"id":"d","text":"الهواء"}]'::jsonb, 'a', 'المستهلِكُ الأوّلُ حيوانٌ عاشبٌ يأكلُ النباتَ مباشرةً.', 3)
ON CONFLICT (id) DO UPDATE SET
  exercise_id = EXCLUDED.exercise_id,
  prompt = EXCLUDED.prompt,
  options = EXCLUDED.options,
  correct_option = EXCLUDED.correct_option,
  explanation = EXCLUDED.explanation,
  display_order = EXCLUDED.display_order;

INSERT INTO public.questions (id, exercise_id, prompt, options, correct_option, explanation, display_order) VALUES
  ('d0f525a2-04db-5aaa-85d1-f023d453e991', 'ae6c1d5c-5cad-5808-89e8-9e1adf0bf999', 'في السلسلة «نبات ← جرادة ← ضفدع ← ثعبان»، مَن يأكلُ الجرادة؟', '[{"id":"a","text":"الضفدع"},{"id":"b","text":"النبات"},{"id":"c","text":"الثعبان"},{"id":"d","text":"لا أحد"}]'::jsonb, 'a', 'حسب السلسلة، الضفدعُ يأكلُ الجرادة، ثمّ يأتي الثعبانُ ليأكلَ الضفدع.', 4)
ON CONFLICT (id) DO UPDATE SET
  exercise_id = EXCLUDED.exercise_id,
  prompt = EXCLUDED.prompt,
  options = EXCLUDED.options,
  correct_option = EXCLUDED.correct_option,
  explanation = EXCLUDED.explanation,
  display_order = EXCLUDED.display_order;

INSERT INTO public.questions (id, exercise_id, prompt, options, correct_option, explanation, display_order) VALUES
  ('c01255e1-92d7-5ae1-a47b-660e6c83cc3a', 'ae6c1d5c-5cad-5808-89e8-9e1adf0bf999', 'ماذا يحدثُ لكائنات الوسط إذا لوّثنا ماءَه بشدّة؟', '[{"id":"a","text":"تمرضُ أو تموتُ كثيرٌ منها"},{"id":"b","text":"تزدادُ صحّةً وقوّة"},{"id":"c","text":"تتكاثرُ بسرعة"},{"id":"d","text":"لا تتأثّرُ نهائيًّا"}]'::jsonb, 'a', 'التلوّثُ الشديدُ للماء يضرُّ بالكائنات الحيّة فيمرضُ أو يموتُ كثيرٌ منها.', 5)
ON CONFLICT (id) DO UPDATE SET
  exercise_id = EXCLUDED.exercise_id,
  prompt = EXCLUDED.prompt,
  options = EXCLUDED.options,
  correct_option = EXCLUDED.correct_option,
  explanation = EXCLUDED.explanation,
  display_order = EXCLUDED.display_order;

INSERT INTO public.questions (id, exercise_id, prompt, options, correct_option, explanation, display_order) VALUES
  ('1a0940ba-0491-5893-887e-9458b4a95fec', 'ae6c1d5c-5cad-5808-89e8-9e1adf0bf999', 'كيف نحافظُ على الوسط البيئي؟', '[{"id":"a","text":"بعدم التلويث والمحافظة على الكائنات"},{"id":"b","text":"برمي النفايات في كلّ مكان"},{"id":"c","text":"بقطع كلّ الأشجار"},{"id":"d","text":"بتلويث المياه"}]'::jsonb, 'a', 'نحافظُ على الوسط البيئي بعدم تلويثه وبحماية كائناته ومكوّناته الطبيعيّة.', 6)
ON CONFLICT (id) DO UPDATE SET
  exercise_id = EXCLUDED.exercise_id,
  prompt = EXCLUDED.prompt,
  options = EXCLUDED.options,
  correct_option = EXCLUDED.correct_option,
  explanation = EXCLUDED.explanation,
  display_order = EXCLUDED.display_order;

INSERT INTO public.exercises (id, chapter_id, subject_id, title, difficulty, xp_reward, reward_coins, mode, source, display_order) VALUES
  ('2d4a5a54-c42d-5b52-af11-1defbf9d111b', 'd5eff8d2-9652-5d05-acbb-cc647378b654', 'eveil-scientifique-6eme', 'اختبار فهم الدرس ⭐', 1, 20, 5, 'quiz', 'admin', 0)
ON CONFLICT (id) DO UPDATE SET
  chapter_id = EXCLUDED.chapter_id,
  subject_id = EXCLUDED.subject_id,
  title = EXCLUDED.title,
  difficulty = EXCLUDED.difficulty,
  xp_reward = EXCLUDED.xp_reward,
  reward_coins = EXCLUDED.reward_coins,
  mode = EXCLUDED.mode,
  display_order = EXCLUDED.display_order;

INSERT INTO public.questions (id, exercise_id, prompt, options, correct_option, explanation, display_order) VALUES
  ('9ff0fa0e-ceb2-542b-98d2-11b6503b4952', '2d4a5a54-c42d-5b52-af11-1defbf9d111b', 'ما العضوُ الأنثويُّ في الزهرة؟', '[{"id":"a","text":"المدقّة"},{"id":"b","text":"الأسدية"},{"id":"c","text":"البتلات"},{"id":"d","text":"السبلات"}]'::jsonb, 'a', 'المدقّةُ هي العضوُ الأنثويّ في الزهرة، وتحوي المبيضَ وفيه البويضات.', 1)
ON CONFLICT (id) DO UPDATE SET
  exercise_id = EXCLUDED.exercise_id,
  prompt = EXCLUDED.prompt,
  options = EXCLUDED.options,
  correct_option = EXCLUDED.correct_option,
  explanation = EXCLUDED.explanation,
  display_order = EXCLUDED.display_order;

INSERT INTO public.questions (id, exercise_id, prompt, options, correct_option, explanation, display_order) VALUES
  ('e3f94122-34b2-58ad-9d07-1842dc036788', '2d4a5a54-c42d-5b52-af11-1defbf9d111b', 'ماذا تحملُ الأسدية؟', '[{"id":"a","text":"حبوبَ الطلع"},{"id":"b","text":"البذور"},{"id":"c","text":"الماء"},{"id":"d","text":"الرحيقَ فقط"}]'::jsonb, 'a', 'الأسدية هي الأعضاءُ الذكريّة، وتحملُ حبوبَ الطلع اللازمةَ للتلقيح.', 2)
ON CONFLICT (id) DO UPDATE SET
  exercise_id = EXCLUDED.exercise_id,
  prompt = EXCLUDED.prompt,
  options = EXCLUDED.options,
  correct_option = EXCLUDED.correct_option,
  explanation = EXCLUDED.explanation,
  display_order = EXCLUDED.display_order;

INSERT INTO public.questions (id, exercise_id, prompt, options, correct_option, explanation, display_order) VALUES
  ('b8e9062d-fc04-5337-8052-ee68f52a4cbc', '2d4a5a54-c42d-5b52-af11-1defbf9d111b', 'ما هو التلقيح؟', '[{"id":"a","text":"انتقالُ حبوب الطلع من الأسدية إلى المدقّة"},{"id":"b","text":"سقوطُ أوراق الزهرة"},{"id":"c","text":"ذبولُ الزهرة"},{"id":"d","text":"نموُّ الجذور"}]'::jsonb, 'a', 'التلقيحُ هو انتقالُ حبوب الطلع من الأسدية (الذكريّة) إلى المدقّة (الأنثويّة).', 3)
ON CONFLICT (id) DO UPDATE SET
  exercise_id = EXCLUDED.exercise_id,
  prompt = EXCLUDED.prompt,
  options = EXCLUDED.options,
  correct_option = EXCLUDED.correct_option,
  explanation = EXCLUDED.explanation,
  display_order = EXCLUDED.display_order;

INSERT INTO public.questions (id, exercise_id, prompt, options, correct_option, explanation, display_order) VALUES
  ('10f28926-d69c-5e4c-ad73-6f000773ca5e', '2d4a5a54-c42d-5b52-af11-1defbf9d111b', 'إلى ماذا يتحوّلُ المبيضُ بعد الإخصاب؟', '[{"id":"a","text":"ثمرة"},{"id":"b","text":"جذر"},{"id":"c","text":"ورقة"},{"id":"d","text":"ساق"}]'::jsonb, 'a', 'بعد الإخصاب يتحوّلُ المبيضُ إلى ثمرة، وتتحوّلُ البويضاتُ داخلَه إلى بذور.', 4)
ON CONFLICT (id) DO UPDATE SET
  exercise_id = EXCLUDED.exercise_id,
  prompt = EXCLUDED.prompt,
  options = EXCLUDED.options,
  correct_option = EXCLUDED.correct_option,
  explanation = EXCLUDED.explanation,
  display_order = EXCLUDED.display_order;

INSERT INTO public.questions (id, exercise_id, prompt, options, correct_option, explanation, display_order) VALUES
  ('be2066f4-831b-5374-9209-52625ab917cc', '2d4a5a54-c42d-5b52-af11-1defbf9d111b', 'ما الذي يجذبُ الحشراتِ إلى الزهرة؟', '[{"id":"a","text":"البتلاتُ الملوّنةُ والرحيق"},{"id":"b","text":"السبلاتُ الخضراء"},{"id":"c","text":"الجذور"},{"id":"d","text":"الأشواك"}]'::jsonb, 'a', 'ألوانُ البتلات الزاهيةُ ورحيقُ الزهرة يجذبان الحشراتِ التي تساعدُ على التلقيح.', 5)
ON CONFLICT (id) DO UPDATE SET
  exercise_id = EXCLUDED.exercise_id,
  prompt = EXCLUDED.prompt,
  options = EXCLUDED.options,
  correct_option = EXCLUDED.correct_option,
  explanation = EXCLUDED.explanation,
  display_order = EXCLUDED.display_order;

INSERT INTO public.exercises (id, chapter_id, subject_id, title, difficulty, xp_reward, reward_coins, mode, source, display_order) VALUES
  ('c4e2a3ed-497c-53fb-8fcf-43715af0a905', 'd5eff8d2-9652-5d05-acbb-cc647378b654', 'eveil-scientifique-6eme', '⭐ تمرين: أوّلُ خطوات مع الزهرة', 1, 50, 10, 'practice', 'admin', 1)
ON CONFLICT (id) DO UPDATE SET
  chapter_id = EXCLUDED.chapter_id,
  subject_id = EXCLUDED.subject_id,
  title = EXCLUDED.title,
  difficulty = EXCLUDED.difficulty,
  xp_reward = EXCLUDED.xp_reward,
  reward_coins = EXCLUDED.reward_coins,
  mode = EXCLUDED.mode,
  display_order = EXCLUDED.display_order;

INSERT INTO public.questions (id, exercise_id, prompt, options, correct_option, explanation, display_order) VALUES
  ('e9694da7-f84a-5ad9-9c2f-dae0a67df983', 'c4e2a3ed-497c-53fb-8fcf-43715af0a905', 'ما دورُ البتلات الملوّنة في الزهرة؟', '[{"id":"a","text":"جذبُ الحشرات"},{"id":"b","text":"صنعُ البذور"},{"id":"c","text":"تثبيتُ النبتة في التربة"},{"id":"d","text":"امتصاصُ الماء"}]'::jsonb, 'a', 'البتلاتُ الملوّنة تجذبُ الحشراتِ التي تساعدُ على نقل حبوب الطلع.', 1)
ON CONFLICT (id) DO UPDATE SET
  exercise_id = EXCLUDED.exercise_id,
  prompt = EXCLUDED.prompt,
  options = EXCLUDED.options,
  correct_option = EXCLUDED.correct_option,
  explanation = EXCLUDED.explanation,
  display_order = EXCLUDED.display_order;

INSERT INTO public.questions (id, exercise_id, prompt, options, correct_option, explanation, display_order) VALUES
  ('0ec9c581-0f7e-59c2-9a26-967f25e4532d', 'c4e2a3ed-497c-53fb-8fcf-43715af0a905', 'ما العضوُ الذكريُّ في الزهرة؟', '[{"id":"a","text":"الأسدية"},{"id":"b","text":"المدقّة"},{"id":"c","text":"السبلات"},{"id":"d","text":"البتلات"}]'::jsonb, 'a', 'الأسدية هي الأعضاءُ الذكريّة في الزهرة، وتحملُ حبوبَ الطلع.', 2)
ON CONFLICT (id) DO UPDATE SET
  exercise_id = EXCLUDED.exercise_id,
  prompt = EXCLUDED.prompt,
  options = EXCLUDED.options,
  correct_option = EXCLUDED.correct_option,
  explanation = EXCLUDED.explanation,
  display_order = EXCLUDED.display_order;

INSERT INTO public.questions (id, exercise_id, prompt, options, correct_option, explanation, display_order) VALUES
  ('39ea143d-5bd5-5949-8d45-e80a442a22e0', 'c4e2a3ed-497c-53fb-8fcf-43715af0a905', 'ما العضوُ الأنثويُّ في الزهرة؟', '[{"id":"a","text":"المدقّة"},{"id":"b","text":"الأسدية"},{"id":"c","text":"التويج"},{"id":"d","text":"الكأس"}]'::jsonb, 'a', 'المدقّةُ هي العضوُ الأنثويّ، وتحوي المبيضَ وفيه البويضات.', 3)
ON CONFLICT (id) DO UPDATE SET
  exercise_id = EXCLUDED.exercise_id,
  prompt = EXCLUDED.prompt,
  options = EXCLUDED.options,
  correct_option = EXCLUDED.correct_option,
  explanation = EXCLUDED.explanation,
  display_order = EXCLUDED.display_order;

INSERT INTO public.questions (id, exercise_id, prompt, options, correct_option, explanation, display_order) VALUES
  ('f3876931-078c-5ea5-9a97-d3071363a772', 'c4e2a3ed-497c-53fb-8fcf-43715af0a905', 'ما دورُ السبلات (الكأس)؟', '[{"id":"a","text":"حمايةُ الزهرة وهي برعم"},{"id":"b","text":"جذبُ الحشرات بالألوان"},{"id":"c","text":"حملُ حبوب الطلع"},{"id":"d","text":"إنتاجُ البذور"}]'::jsonb, 'a', 'السبلاتُ أوراقٌ خضراءُ تحمي الزهرةَ في مرحلة البرعم قبل تفتّحها.', 4)
ON CONFLICT (id) DO UPDATE SET
  exercise_id = EXCLUDED.exercise_id,
  prompt = EXCLUDED.prompt,
  options = EXCLUDED.options,
  correct_option = EXCLUDED.correct_option,
  explanation = EXCLUDED.explanation,
  display_order = EXCLUDED.display_order;

INSERT INTO public.questions (id, exercise_id, prompt, options, correct_option, explanation, display_order) VALUES
  ('a2212adf-5348-57e3-93c9-558512a5bfec', 'c4e2a3ed-497c-53fb-8fcf-43715af0a905', 'أين توجدُ البويضات في الزهرة؟', '[{"id":"a","text":"في المبيض داخل المدقّة"},{"id":"b","text":"في الأسدية"},{"id":"c","text":"في البتلات"},{"id":"d","text":"في الجذور"}]'::jsonb, 'a', 'توجدُ البويضاتُ في المبيض الذي يقع داخلَ المدقّة (العضو الأنثويّ).', 5)
ON CONFLICT (id) DO UPDATE SET
  exercise_id = EXCLUDED.exercise_id,
  prompt = EXCLUDED.prompt,
  options = EXCLUDED.options,
  correct_option = EXCLUDED.correct_option,
  explanation = EXCLUDED.explanation,
  display_order = EXCLUDED.display_order;

INSERT INTO public.questions (id, exercise_id, prompt, options, correct_option, explanation, display_order) VALUES
  ('5a0028f6-1ec1-55b0-811e-2a8b19e43b84', 'c4e2a3ed-497c-53fb-8fcf-43715af0a905', 'ماذا تحملُ الأسدية؟', '[{"id":"a","text":"حبوبَ الطلع"},{"id":"b","text":"البذورَ الناضجة"},{"id":"c","text":"الثمار"},{"id":"d","text":"الأوراقَ الخضراء"}]'::jsonb, 'a', 'تحملُ الأسدية حبوبَ الطلع، وهي الخلايا الذكريّة اللازمة للتلقيح.', 6)
ON CONFLICT (id) DO UPDATE SET
  exercise_id = EXCLUDED.exercise_id,
  prompt = EXCLUDED.prompt,
  options = EXCLUDED.options,
  correct_option = EXCLUDED.correct_option,
  explanation = EXCLUDED.explanation,
  display_order = EXCLUDED.display_order;

INSERT INTO public.exercises (id, chapter_id, subject_id, title, difficulty, xp_reward, reward_coins, mode, source, display_order) VALUES
  ('e3e33551-4a10-565a-8e72-5d793a91cd21', 'd5eff8d2-9652-5d05-acbb-cc647378b654', 'eveil-scientifique-6eme', '⚔️ زعيم الفصل ⭐⭐⭐: تحدّي التكاثر الزهري', 3, 120, 30, 'boss', 'admin', 2)
ON CONFLICT (id) DO UPDATE SET
  chapter_id = EXCLUDED.chapter_id,
  subject_id = EXCLUDED.subject_id,
  title = EXCLUDED.title,
  difficulty = EXCLUDED.difficulty,
  xp_reward = EXCLUDED.xp_reward,
  reward_coins = EXCLUDED.reward_coins,
  mode = EXCLUDED.mode,
  display_order = EXCLUDED.display_order;

INSERT INTO public.questions (id, exercise_id, prompt, options, correct_option, explanation, display_order) VALUES
  ('234a4c92-14e2-594e-8363-29295812781a', 'e3e33551-4a10-565a-8e72-5d793a91cd21', 'التلقيحُ هو:', '[{"id":"a","text":"انتقالُ حبوب الطلع من الأسدية إلى المدقّة"},{"id":"b","text":"نموُّ الجذور في التربة"},{"id":"c","text":"سقوطُ أوراق الشجر"},{"id":"d","text":"امتصاصُ الماء من التربة"}]'::jsonb, 'a', 'التلقيحُ هو انتقالُ حبوب الطلع من العضو الذكريّ (الأسدية) إلى العضو الأنثويّ (المدقّة).', 1)
ON CONFLICT (id) DO UPDATE SET
  exercise_id = EXCLUDED.exercise_id,
  prompt = EXCLUDED.prompt,
  options = EXCLUDED.options,
  correct_option = EXCLUDED.correct_option,
  explanation = EXCLUDED.explanation,
  display_order = EXCLUDED.display_order;

INSERT INTO public.questions (id, exercise_id, prompt, options, correct_option, explanation, display_order) VALUES
  ('35a06ef2-252b-56d6-8a06-8b977e5cb2ec', 'e3e33551-4a10-565a-8e72-5d793a91cd21', 'مَن ينقلُ حبوبَ الطلع بين الأزهار؟', '[{"id":"a","text":"الحشراتُ والرياح"},{"id":"b","text":"الجذورُ فقط"},{"id":"c","text":"الحجارة"},{"id":"d","text":"لا شيءَ ينقلُها"}]'::jsonb, 'a', 'تنقلُ الحشراتُ (كالنحل) والرياحُ حبوبَ الطلع من زهرةٍ إلى أخرى.', 2)
ON CONFLICT (id) DO UPDATE SET
  exercise_id = EXCLUDED.exercise_id,
  prompt = EXCLUDED.prompt,
  options = EXCLUDED.options,
  correct_option = EXCLUDED.correct_option,
  explanation = EXCLUDED.explanation,
  display_order = EXCLUDED.display_order;

INSERT INTO public.questions (id, exercise_id, prompt, options, correct_option, explanation, display_order) VALUES
  ('1d41f55b-ce1c-5792-96ee-a265d681134b', 'e3e33551-4a10-565a-8e72-5d793a91cd21', 'ما هو الإخصاب؟', '[{"id":"a","text":"اتّحادُ حبّة الطلع بالبويضة"},{"id":"b","text":"تفتّحُ البتلات"},{"id":"c","text":"ذبولُ الزهرة"},{"id":"d","text":"نموُّ الساق"}]'::jsonb, 'a', 'الإخصابُ هو اتّحادُ حبّة الطلع بالبويضة، وهو يلي التلقيح.', 3)
ON CONFLICT (id) DO UPDATE SET
  exercise_id = EXCLUDED.exercise_id,
  prompt = EXCLUDED.prompt,
  options = EXCLUDED.options,
  correct_option = EXCLUDED.correct_option,
  explanation = EXCLUDED.explanation,
  display_order = EXCLUDED.display_order;

INSERT INTO public.questions (id, exercise_id, prompt, options, correct_option, explanation, display_order) VALUES
  ('0cfc7d1d-3d62-506d-af5a-66bf7e79fa9a', 'e3e33551-4a10-565a-8e72-5d793a91cd21', 'بعد الإخصاب، يتحوّلُ المبيضُ إلى:', '[{"id":"a","text":"ثمرة"},{"id":"b","text":"ورقة"},{"id":"c","text":"سبلة"},{"id":"d","text":"جذر"}]'::jsonb, 'a', 'يتحوّلُ المبيضُ بعد الإخصاب إلى ثمرةٍ تحمي البذور.', 4)
ON CONFLICT (id) DO UPDATE SET
  exercise_id = EXCLUDED.exercise_id,
  prompt = EXCLUDED.prompt,
  options = EXCLUDED.options,
  correct_option = EXCLUDED.correct_option,
  explanation = EXCLUDED.explanation,
  display_order = EXCLUDED.display_order;

INSERT INTO public.questions (id, exercise_id, prompt, options, correct_option, explanation, display_order) VALUES
  ('041a32e3-ca09-53c8-bd8d-7c17dc936de6', 'e3e33551-4a10-565a-8e72-5d793a91cd21', 'بعد الإخصاب، تتحوّلُ البويضاتُ إلى:', '[{"id":"a","text":"بذور"},{"id":"b","text":"بتلات"},{"id":"c","text":"أسدية"},{"id":"d","text":"أوراق"}]'::jsonb, 'a', 'تتحوّلُ البويضاتُ داخلَ المبيض إلى بذورٍ بعد الإخصاب.', 5)
ON CONFLICT (id) DO UPDATE SET
  exercise_id = EXCLUDED.exercise_id,
  prompt = EXCLUDED.prompt,
  options = EXCLUDED.options,
  correct_option = EXCLUDED.correct_option,
  explanation = EXCLUDED.explanation,
  display_order = EXCLUDED.display_order;

INSERT INTO public.questions (id, exercise_id, prompt, options, correct_option, explanation, display_order) VALUES
  ('a121d3ed-faf8-5c63-85fd-efef1289a853', 'e3e33551-4a10-565a-8e72-5d793a91cd21', 'لماذا تكونُ ألوانُ كثيرٍ من الأزهار زاهية؟', '[{"id":"a","text":"لجذب الحشرات التي تساعدُ على التلقيح"},{"id":"b","text":"لتخويف الحشرات"},{"id":"c","text":"لامتصاص الماء"},{"id":"d","text":"لتبريد النبتة"}]'::jsonb, 'a', 'الألوانُ الزاهيةُ تجذبُ الحشراتِ الملقّحة، فتساعدُ النبتةَ على التكاثر.', 6)
ON CONFLICT (id) DO UPDATE SET
  exercise_id = EXCLUDED.exercise_id,
  prompt = EXCLUDED.prompt,
  options = EXCLUDED.options,
  correct_option = EXCLUDED.correct_option,
  explanation = EXCLUDED.explanation,
  display_order = EXCLUDED.display_order;

INSERT INTO public.exercises (id, chapter_id, subject_id, title, difficulty, xp_reward, reward_coins, mode, source, display_order) VALUES
  ('8b358f1d-19f3-59a8-8c1d-05a7b4b974f8', 'd5eff8d2-9652-5d05-acbb-cc647378b654', 'eveil-scientifique-6eme', '⭐⭐ تمرين مراجعة (نمط امتحان): التكاثر الزهري', 2, 70, 15, 'practice', 'admin', 3)
ON CONFLICT (id) DO UPDATE SET
  chapter_id = EXCLUDED.chapter_id,
  subject_id = EXCLUDED.subject_id,
  title = EXCLUDED.title,
  difficulty = EXCLUDED.difficulty,
  xp_reward = EXCLUDED.xp_reward,
  reward_coins = EXCLUDED.reward_coins,
  mode = EXCLUDED.mode,
  display_order = EXCLUDED.display_order;

INSERT INTO public.questions (id, exercise_id, prompt, options, correct_option, explanation, display_order) VALUES
  ('d3400afd-9aed-5021-bad2-9232143b8a5e', '8b358f1d-19f3-59a8-8c1d-05a7b4b974f8', 'أيُّ هذه أعضاءٌ أنثويّةٌ في الزهرة؟', '[{"id":"a","text":"المدقّة"},{"id":"b","text":"الأسدية"},{"id":"c","text":"البتلات"},{"id":"d","text":"السبلات"}]'::jsonb, 'a', 'المدقّةُ هي العضوُ الأنثويّ في الزهرة، أمّا الأسدية فذكريّة.', 1)
ON CONFLICT (id) DO UPDATE SET
  exercise_id = EXCLUDED.exercise_id,
  prompt = EXCLUDED.prompt,
  options = EXCLUDED.options,
  correct_option = EXCLUDED.correct_option,
  explanation = EXCLUDED.explanation,
  display_order = EXCLUDED.display_order;

INSERT INTO public.questions (id, exercise_id, prompt, options, correct_option, explanation, display_order) VALUES
  ('696705c1-6992-5c02-ae44-181c4600c8e0', '8b358f1d-19f3-59a8-8c1d-05a7b4b974f8', 'ممّ يتكوّنُ الكأسُ في الزهرة؟', '[{"id":"a","text":"من السبلات"},{"id":"b","text":"من البتلات"},{"id":"c","text":"من الأسدية"},{"id":"d","text":"من البذور"}]'::jsonb, 'a', 'الكأسُ يتكوّنُ من السبلات الخضراء التي تحمي الزهرةَ وهي برعم.', 2)
ON CONFLICT (id) DO UPDATE SET
  exercise_id = EXCLUDED.exercise_id,
  prompt = EXCLUDED.prompt,
  options = EXCLUDED.options,
  correct_option = EXCLUDED.correct_option,
  explanation = EXCLUDED.explanation,
  display_order = EXCLUDED.display_order;

INSERT INTO public.questions (id, exercise_id, prompt, options, correct_option, explanation, display_order) VALUES
  ('4925edea-3589-52d2-8d3c-623a75a42ed2', '8b358f1d-19f3-59a8-8c1d-05a7b4b974f8', 'ممّ يتكوّنُ التويجُ في الزهرة؟', '[{"id":"a","text":"من البتلات"},{"id":"b","text":"من السبلات"},{"id":"c","text":"من المدقّة"},{"id":"d","text":"من الجذور"}]'::jsonb, 'a', 'التويجُ يتكوّنُ من البتلات الملوّنة التي تجذبُ الحشرات.', 3)
ON CONFLICT (id) DO UPDATE SET
  exercise_id = EXCLUDED.exercise_id,
  prompt = EXCLUDED.prompt,
  options = EXCLUDED.options,
  correct_option = EXCLUDED.correct_option,
  explanation = EXCLUDED.explanation,
  display_order = EXCLUDED.display_order;

INSERT INTO public.questions (id, exercise_id, prompt, options, correct_option, explanation, display_order) VALUES
  ('565e825d-4d13-5669-a32f-6f693d355e83', '8b358f1d-19f3-59a8-8c1d-05a7b4b974f8', 'ما الذي يسبقُ الإخصابَ؟', '[{"id":"a","text":"التلقيح"},{"id":"b","text":"تكوّنُ الثمرة"},{"id":"c","text":"تكوّنُ البذور"},{"id":"d","text":"إنبات البذرة"}]'::jsonb, 'a', 'التلقيحُ (نقلُ حبوب الطلع) يسبقُ الإخصابَ (اتّحادُ الطلع بالبويضة).', 4)
ON CONFLICT (id) DO UPDATE SET
  exercise_id = EXCLUDED.exercise_id,
  prompt = EXCLUDED.prompt,
  options = EXCLUDED.options,
  correct_option = EXCLUDED.correct_option,
  explanation = EXCLUDED.explanation,
  display_order = EXCLUDED.display_order;

INSERT INTO public.questions (id, exercise_id, prompt, options, correct_option, explanation, display_order) VALUES
  ('4b285a90-109a-5fcb-b29a-0ee814779d76', '8b358f1d-19f3-59a8-8c1d-05a7b4b974f8', 'من ماذا تنبتُ النبتةُ الجديدة؟', '[{"id":"a","text":"من البذرة"},{"id":"b","text":"من البتلة"},{"id":"c","text":"من السبلة"},{"id":"d","text":"من حبّة الطلع وحدها"}]'::jsonb, 'a', 'تنبتُ النبتةُ الجديدةُ من البذرة التي تكوّنت بعد الإخصاب.', 5)
ON CONFLICT (id) DO UPDATE SET
  exercise_id = EXCLUDED.exercise_id,
  prompt = EXCLUDED.prompt,
  options = EXCLUDED.options,
  correct_option = EXCLUDED.correct_option,
  explanation = EXCLUDED.explanation,
  display_order = EXCLUDED.display_order;

INSERT INTO public.questions (id, exercise_id, prompt, options, correct_option, explanation, display_order) VALUES
  ('38327403-a725-5017-a840-b7561d5f37d1', '8b358f1d-19f3-59a8-8c1d-05a7b4b974f8', 'ما الترتيبُ الصحيح: تلقيح ← إخصاب ← ...؟', '[{"id":"a","text":"تكوّنُ الثمرة والبذور"},{"id":"b","text":"ذبولُ الجذور"},{"id":"c","text":"اختفاءُ النبتة"},{"id":"d","text":"تكوّنُ الأسدية"}]'::jsonb, 'a', 'بعد التلقيح فالإخصاب يأتي تكوّنُ الثمرة (من المبيض) والبذور (من البويضات).', 6)
ON CONFLICT (id) DO UPDATE SET
  exercise_id = EXCLUDED.exercise_id,
  prompt = EXCLUDED.prompt,
  options = EXCLUDED.options,
  correct_option = EXCLUDED.correct_option,
  explanation = EXCLUDED.explanation,
  display_order = EXCLUDED.display_order;

INSERT INTO public.exercises (id, chapter_id, subject_id, title, difficulty, xp_reward, reward_coins, mode, source, display_order) VALUES
  ('7604dfa9-2520-5fa6-b167-7b20b942b74f', 'd5eff8d2-9652-5d05-acbb-cc647378b654', 'eveil-scientifique-6eme', '👑 تحدّي النخبة ⭐⭐⭐⭐: سيّدُ التكاثر الزهري', 4, 300, 60, 'challenge', 'admin', 4)
ON CONFLICT (id) DO UPDATE SET
  chapter_id = EXCLUDED.chapter_id,
  subject_id = EXCLUDED.subject_id,
  title = EXCLUDED.title,
  difficulty = EXCLUDED.difficulty,
  xp_reward = EXCLUDED.xp_reward,
  reward_coins = EXCLUDED.reward_coins,
  mode = EXCLUDED.mode,
  display_order = EXCLUDED.display_order;

INSERT INTO public.questions (id, exercise_id, prompt, options, correct_option, explanation, display_order) VALUES
  ('a477778d-8cf7-5cd1-95e0-08a9cd2939d2', '7604dfa9-2520-5fa6-b167-7b20b942b74f', 'ما الفرقُ بين التلقيح والإخصاب؟', '[{"id":"a","text":"التلقيحُ نقلُ حبوب الطلع، والإخصابُ اتّحادُها بالبويضة"},{"id":"b","text":"هما الشيءُ نفسُه"},{"id":"c","text":"التلقيحُ يلي الإخصاب"},{"id":"d","text":"الإخصابُ نقلُ الطلع، والتلقيحُ اتّحادُه"}]'::jsonb, 'a', 'التلقيحُ نقلُ حبوب الطلع إلى المدقّة، ثمّ يأتي الإخصابُ وهو اتّحادُ حبّة الطلع بالبويضة.', 1)
ON CONFLICT (id) DO UPDATE SET
  exercise_id = EXCLUDED.exercise_id,
  prompt = EXCLUDED.prompt,
  options = EXCLUDED.options,
  correct_option = EXCLUDED.correct_option,
  explanation = EXCLUDED.explanation,
  display_order = EXCLUDED.display_order;

INSERT INTO public.questions (id, exercise_id, prompt, options, correct_option, explanation, display_order) VALUES
  ('4e38af77-173d-5cc8-adf3-ae1a1438b7ba', '7604dfa9-2520-5fa6-b167-7b20b942b74f', 'لماذا يُعدُّ النحلُ مهمًّا للنباتات الزهريّة؟', '[{"id":"a","text":"لأنّه ينقلُ حبوبَ الطلع فيساعدُ على التلقيح"},{"id":"b","text":"لأنّه يأكلُ الجذور"},{"id":"c","text":"لأنّه يقطعُ الأزهار"},{"id":"d","text":"لأنّه يجفّفُ التربة"}]'::jsonb, 'a', 'ينتقلُ النحلُ بين الأزهار حاملًا حبوبَ الطلع، فيساعدُ على التلقيح والتكاثر.', 2)
ON CONFLICT (id) DO UPDATE SET
  exercise_id = EXCLUDED.exercise_id,
  prompt = EXCLUDED.prompt,
  options = EXCLUDED.options,
  correct_option = EXCLUDED.correct_option,
  explanation = EXCLUDED.explanation,
  display_order = EXCLUDED.display_order;

INSERT INTO public.questions (id, exercise_id, prompt, options, correct_option, explanation, display_order) VALUES
  ('25f94ba5-e6ee-591d-b928-4f736df8acb7', '7604dfa9-2520-5fa6-b167-7b20b942b74f', 'إذا لم يحدثْ تلقيحٌ لزهرةٍ، فما النتيجةُ غالبًا؟', '[{"id":"a","text":"لا تتكوّنُ ثمرةٌ ولا بذور"},{"id":"b","text":"تتكوّنُ ثمارٌ أكثر"},{"id":"c","text":"تتضاعفُ البذور"},{"id":"d","text":"تتحوّلُ الزهرةُ إلى جذر"}]'::jsonb, 'a', 'بدون تلقيحٍ لا يحدثُ إخصاب، فلا يتحوّلُ المبيضُ إلى ثمرةٍ ولا البويضاتُ إلى بذور.', 3)
ON CONFLICT (id) DO UPDATE SET
  exercise_id = EXCLUDED.exercise_id,
  prompt = EXCLUDED.prompt,
  options = EXCLUDED.options,
  correct_option = EXCLUDED.correct_option,
  explanation = EXCLUDED.explanation,
  display_order = EXCLUDED.display_order;

INSERT INTO public.questions (id, exercise_id, prompt, options, correct_option, explanation, display_order) VALUES
  ('f539aa3c-0955-5c9b-9845-d549ae885309', '7604dfa9-2520-5fa6-b167-7b20b942b74f', 'ما مصدرُ البذور الموجودة داخل الثمرة؟', '[{"id":"a","text":"البويضاتُ بعد إخصابها"},{"id":"b","text":"البتلاتُ المتساقطة"},{"id":"c","text":"السبلاتُ الخضراء"},{"id":"d","text":"حبوبُ الطلع وحدها"}]'::jsonb, 'a', 'البذورُ تتكوّنُ من البويضات بعد إخصابها بحبوب الطلع.', 4)
ON CONFLICT (id) DO UPDATE SET
  exercise_id = EXCLUDED.exercise_id,
  prompt = EXCLUDED.prompt,
  options = EXCLUDED.options,
  correct_option = EXCLUDED.correct_option,
  explanation = EXCLUDED.explanation,
  display_order = EXCLUDED.display_order;

INSERT INTO public.questions (id, exercise_id, prompt, options, correct_option, explanation, display_order) VALUES
  ('ce37af1c-fb83-5a55-aa72-391d5cc2689b', '7604dfa9-2520-5fa6-b167-7b20b942b74f', 'دورةُ حياة النبات الزهريّ تبدأ بالبذرة وتعودُ في النهاية إلى:', '[{"id":"a","text":"بذرةٍ جديدة"},{"id":"b","text":"حجرٍ صغير"},{"id":"c","text":"قطرة ماء"},{"id":"d","text":"لا شيء"}]'::jsonb, 'a', 'تنبتُ البذرةُ نبتةً تُزهرُ وتُثمرُ بذورًا جديدة، فتتكرّرُ دورةُ الحياة.', 5)
ON CONFLICT (id) DO UPDATE SET
  exercise_id = EXCLUDED.exercise_id,
  prompt = EXCLUDED.prompt,
  options = EXCLUDED.options,
  correct_option = EXCLUDED.correct_option,
  explanation = EXCLUDED.explanation,
  display_order = EXCLUDED.display_order;

INSERT INTO public.questions (id, exercise_id, prompt, options, correct_option, explanation, display_order) VALUES
  ('36ad0255-9d43-5199-90d3-f75d4095a2db', '7604dfa9-2520-5fa6-b167-7b20b942b74f', 'غيرَ الحشرات، ما الذي يمكنُ أن ينقلَ حبوبَ الطلع؟', '[{"id":"a","text":"الرياح"},{"id":"b","text":"الجاذبيّةُ وحدها"},{"id":"c","text":"ضوءُ القمر"},{"id":"d","text":"صوتُ الرعد"}]'::jsonb, 'a', 'تنقلُ الرياحُ حبوبَ الطلع في كثيرٍ من النباتات، إضافةً إلى الحشرات.', 6)
ON CONFLICT (id) DO UPDATE SET
  exercise_id = EXCLUDED.exercise_id,
  prompt = EXCLUDED.prompt,
  options = EXCLUDED.options,
  correct_option = EXCLUDED.correct_option,
  explanation = EXCLUDED.explanation,
  display_order = EXCLUDED.display_order;

INSERT INTO public.exercises (id, chapter_id, subject_id, title, difficulty, xp_reward, reward_coins, mode, source, display_order) VALUES
  ('36dcfbe7-b335-532c-84cb-b653a205ab43', 'd5eff8d2-9652-5d05-acbb-cc647378b654', 'eveil-scientifique-6eme', '📝 تدريب ⭐⭐⭐: مراجعةٌ شاملةٌ للتكاثر الزهري', 3, 120, 30, 'boss', 'admin', 5)
ON CONFLICT (id) DO UPDATE SET
  chapter_id = EXCLUDED.chapter_id,
  subject_id = EXCLUDED.subject_id,
  title = EXCLUDED.title,
  difficulty = EXCLUDED.difficulty,
  xp_reward = EXCLUDED.xp_reward,
  reward_coins = EXCLUDED.reward_coins,
  mode = EXCLUDED.mode,
  display_order = EXCLUDED.display_order;

INSERT INTO public.questions (id, exercise_id, prompt, options, correct_option, explanation, display_order) VALUES
  ('23a33e83-084b-5a3a-8637-b0663766f18c', '36dcfbe7-b335-532c-84cb-b653a205ab43', 'ما العضوُ الذي يحملُ حبوبَ الطلع؟', '[{"id":"a","text":"الأسدية"},{"id":"b","text":"المدقّة"},{"id":"c","text":"البتلات"},{"id":"d","text":"السبلات"}]'::jsonb, 'a', 'الأسدية هي العضوُ الذكريُّ الذي يحملُ حبوبَ الطلع.', 1)
ON CONFLICT (id) DO UPDATE SET
  exercise_id = EXCLUDED.exercise_id,
  prompt = EXCLUDED.prompt,
  options = EXCLUDED.options,
  correct_option = EXCLUDED.correct_option,
  explanation = EXCLUDED.explanation,
  display_order = EXCLUDED.display_order;

INSERT INTO public.questions (id, exercise_id, prompt, options, correct_option, explanation, display_order) VALUES
  ('f5d1e33b-ecc7-55e3-b44e-f6cabe34dbb4', '36dcfbe7-b335-532c-84cb-b653a205ab43', 'ما العضوُ الأنثويُّ الذي يحوي المبيض؟', '[{"id":"a","text":"المدقّة"},{"id":"b","text":"الأسدية"},{"id":"c","text":"التويج"},{"id":"d","text":"الكأس"}]'::jsonb, 'a', 'المدقّةُ هي العضوُ الأنثويُّ، وفيها المبيضُ الذي يحوي البويضات.', 2)
ON CONFLICT (id) DO UPDATE SET
  exercise_id = EXCLUDED.exercise_id,
  prompt = EXCLUDED.prompt,
  options = EXCLUDED.options,
  correct_option = EXCLUDED.correct_option,
  explanation = EXCLUDED.explanation,
  display_order = EXCLUDED.display_order;

INSERT INTO public.questions (id, exercise_id, prompt, options, correct_option, explanation, display_order) VALUES
  ('8a1dc8d9-4bda-5a4a-ace4-d82a28eae8fa', '36dcfbe7-b335-532c-84cb-b653a205ab43', 'ما هو التلقيح؟', '[{"id":"a","text":"نقلُ حبوب الطلع إلى المدقّة"},{"id":"b","text":"تساقطُ البذور"},{"id":"c","text":"نموُّ الأوراق"},{"id":"d","text":"ذبولُ الزهرة"}]'::jsonb, 'a', 'التلقيحُ هو نقلُ حبوب الطلع من الأسدية إلى المدقّة.', 3)
ON CONFLICT (id) DO UPDATE SET
  exercise_id = EXCLUDED.exercise_id,
  prompt = EXCLUDED.prompt,
  options = EXCLUDED.options,
  correct_option = EXCLUDED.correct_option,
  explanation = EXCLUDED.explanation,
  display_order = EXCLUDED.display_order;

INSERT INTO public.questions (id, exercise_id, prompt, options, correct_option, explanation, display_order) VALUES
  ('f464854e-fd92-5c86-aaab-964f06fbe33a', '36dcfbe7-b335-532c-84cb-b653a205ab43', 'ماذا يتكوّنُ بعد الإخصاب؟', '[{"id":"a","text":"الثمرةُ والبذور"},{"id":"b","text":"السبلاتُ والبتلات"},{"id":"c","text":"الجذورُ فقط"},{"id":"d","text":"حبوبُ الطلع"}]'::jsonb, 'a', 'بعد الإخصاب يتحوّلُ المبيضُ إلى ثمرةٍ والبويضاتُ إلى بذور.', 4)
ON CONFLICT (id) DO UPDATE SET
  exercise_id = EXCLUDED.exercise_id,
  prompt = EXCLUDED.prompt,
  options = EXCLUDED.options,
  correct_option = EXCLUDED.correct_option,
  explanation = EXCLUDED.explanation,
  display_order = EXCLUDED.display_order;

INSERT INTO public.questions (id, exercise_id, prompt, options, correct_option, explanation, display_order) VALUES
  ('9546b566-f476-5209-a1e1-c1fcc8e43742', '36dcfbe7-b335-532c-84cb-b653a205ab43', 'ما دورُ البتلات الملوّنة؟', '[{"id":"a","text":"جذبُ الحشرات الملقّحة"},{"id":"b","text":"حملُ البذور"},{"id":"c","text":"امتصاصُ الماء"},{"id":"d","text":"تثبيتُ النبتة"}]'::jsonb, 'a', 'البتلاتُ الملوّنةُ تجذبُ الحشراتِ التي تنقلُ حبوبَ الطلع وتساعدُ على التلقيح.', 5)
ON CONFLICT (id) DO UPDATE SET
  exercise_id = EXCLUDED.exercise_id,
  prompt = EXCLUDED.prompt,
  options = EXCLUDED.options,
  correct_option = EXCLUDED.correct_option,
  explanation = EXCLUDED.explanation,
  display_order = EXCLUDED.display_order;

INSERT INTO public.questions (id, exercise_id, prompt, options, correct_option, explanation, display_order) VALUES
  ('b5448929-2227-53df-aa24-c45020f29aeb', '36dcfbe7-b335-532c-84cb-b653a205ab43', 'ما الذي ينمو من البذرة؟', '[{"id":"a","text":"نبتةٌ جديدة"},{"id":"b","text":"زهرةٌ ذابلة"},{"id":"c","text":"حبّةُ طلع"},{"id":"d","text":"حشرة"}]'::jsonb, 'a', 'تنبتُ البذرةُ لتعطيَ نبتةً جديدةً تكملُ دورةَ حياة النبات.', 6)
ON CONFLICT (id) DO UPDATE SET
  exercise_id = EXCLUDED.exercise_id,
  prompt = EXCLUDED.prompt,
  options = EXCLUDED.options,
  correct_option = EXCLUDED.correct_option,
  explanation = EXCLUDED.explanation,
  display_order = EXCLUDED.display_order;

INSERT INTO public.exercises (id, chapter_id, subject_id, title, difficulty, xp_reward, reward_coins, mode, source, display_order) VALUES
  ('5d11df30-d45c-5032-8b00-54443d9ee35e', '2c330d4a-3925-533b-a583-37df79d0c174', 'eveil-scientifique-6eme', 'اختبار فهم الدرس ⭐', 1, 20, 5, 'quiz', 'admin', 0)
ON CONFLICT (id) DO UPDATE SET
  chapter_id = EXCLUDED.chapter_id,
  subject_id = EXCLUDED.subject_id,
  title = EXCLUDED.title,
  difficulty = EXCLUDED.difficulty,
  xp_reward = EXCLUDED.xp_reward,
  reward_coins = EXCLUDED.reward_coins,
  mode = EXCLUDED.mode,
  display_order = EXCLUDED.display_order;

INSERT INTO public.questions (id, exercise_id, prompt, options, correct_option, explanation, display_order) VALUES
  ('26a5eb9e-5b2a-56b1-a6ca-ecd2d6f962c0', '5d11df30-d45c-5032-8b00-54443d9ee35e', 'ماذا يجذبُ هذا المغنط أساسًا؟ <svg viewBox="0 0 100 100"><rect x="20" y="42" width="60" height="20" fill="none" stroke="currentColor" stroke-width="2.5"/><line x1="50" y1="42" x2="50" y2="62" stroke="currentColor" stroke-width="1.3"/><text x="31" y="57" font-size="13" fill="#ef4444">N</text><text x="63" y="57" font-size="13" fill="currentColor">S</text></svg>', '[{"id":"a","text":"المواد الحديديّة"},{"id":"b","text":"الخشب"},{"id":"c","text":"الزجاج"},{"id":"d","text":"البلاستيك"}]'::jsonb, 'a', 'المغنطُ يجذبُ الموادَّ الحديديّة (الحديد والفولاذ)، ولا يجذبُ الخشبَ ولا الزجاجَ ولا البلاستيك.', 1)
ON CONFLICT (id) DO UPDATE SET
  exercise_id = EXCLUDED.exercise_id,
  prompt = EXCLUDED.prompt,
  options = EXCLUDED.options,
  correct_option = EXCLUDED.correct_option,
  explanation = EXCLUDED.explanation,
  display_order = EXCLUDED.display_order;

INSERT INTO public.questions (id, exercise_id, prompt, options, correct_option, explanation, display_order) VALUES
  ('c7a5fc84-2242-57d9-9cac-7e8513947f2d', '5d11df30-d45c-5032-8b00-54443d9ee35e', 'كم قطبًا لكلّ مغنط؟', '[{"id":"a","text":"قطبان (N و S)"},{"id":"b","text":"قطبٌ واحد"},{"id":"c","text":"ثلاثة أقطاب"},{"id":"d","text":"لا أقطابَ له"}]'::jsonb, 'a', 'لكلّ مغنطٍ قطبان: شماليّ (N) وجنوبيّ (S).', 2)
ON CONFLICT (id) DO UPDATE SET
  exercise_id = EXCLUDED.exercise_id,
  prompt = EXCLUDED.prompt,
  options = EXCLUDED.options,
  correct_option = EXCLUDED.correct_option,
  explanation = EXCLUDED.explanation,
  display_order = EXCLUDED.display_order;

INSERT INTO public.questions (id, exercise_id, prompt, options, correct_option, explanation, display_order) VALUES
  ('41d7dcda-2ea3-52cb-b146-cc18327f8e12', '5d11df30-d45c-5032-8b00-54443d9ee35e', 'إذا قرّبنا قطبين متماثلين (N و N)، فإنّهما:', '[{"id":"a","text":"يتنافران"},{"id":"b","text":"يتجاذبان"},{"id":"c","text":"يلتصقان دائمًا"},{"id":"d","text":"لا يتأثّران"}]'::jsonb, 'a', 'القطبان المتماثلان (N و N أو S و S) يتنافران.', 3)
ON CONFLICT (id) DO UPDATE SET
  exercise_id = EXCLUDED.exercise_id,
  prompt = EXCLUDED.prompt,
  options = EXCLUDED.options,
  correct_option = EXCLUDED.correct_option,
  explanation = EXCLUDED.explanation,
  display_order = EXCLUDED.display_order;

INSERT INTO public.questions (id, exercise_id, prompt, options, correct_option, explanation, display_order) VALUES
  ('c53e4b41-3136-56f7-b6e1-9957ad0fe710', '5d11df30-d45c-5032-8b00-54443d9ee35e', 'إذا قرّبنا قطبين مختلفين (N و S)، فإنّهما:', '[{"id":"a","text":"يتجاذبان"},{"id":"b","text":"يتنافران"},{"id":"c","text":"ينفصلان بقوّة"},{"id":"d","text":"لا يتأثّران"}]'::jsonb, 'a', 'القطبان المختلفان (N و S) يتجاذبان.', 4)
ON CONFLICT (id) DO UPDATE SET
  exercise_id = EXCLUDED.exercise_id,
  prompt = EXCLUDED.prompt,
  options = EXCLUDED.options,
  correct_option = EXCLUDED.correct_option,
  explanation = EXCLUDED.explanation,
  display_order = EXCLUDED.display_order;

INSERT INTO public.questions (id, exercise_id, prompt, options, correct_option, explanation, display_order) VALUES
  ('dc552419-dc18-5bf9-840d-8b81e904fc51', '5d11df30-d45c-5032-8b00-54443d9ee35e', 'إلى أيّ جهةٍ تشيرُ إبرةُ البوصلة دائمًا؟', '[{"id":"a","text":"الشمال"},{"id":"b","text":"الجنوب"},{"id":"c","text":"حيثما نريد"},{"id":"d","text":"نحو الأرض"}]'::jsonb, 'a', 'تشيرُ إبرةُ البوصلة دائمًا إلى الشمال لأنّ الأرضَ مغناطيسٌ عملاق.', 5)
ON CONFLICT (id) DO UPDATE SET
  exercise_id = EXCLUDED.exercise_id,
  prompt = EXCLUDED.prompt,
  options = EXCLUDED.options,
  correct_option = EXCLUDED.correct_option,
  explanation = EXCLUDED.explanation,
  display_order = EXCLUDED.display_order;

INSERT INTO public.exercises (id, chapter_id, subject_id, title, difficulty, xp_reward, reward_coins, mode, source, display_order) VALUES
  ('7049d040-615f-5421-8a70-4ca5d31245f9', '2c330d4a-3925-533b-a583-37df79d0c174', 'eveil-scientifique-6eme', '⭐ تمرين: أوّلُ خطوات مع المغناطيس', 1, 50, 10, 'practice', 'admin', 1)
ON CONFLICT (id) DO UPDATE SET
  chapter_id = EXCLUDED.chapter_id,
  subject_id = EXCLUDED.subject_id,
  title = EXCLUDED.title,
  difficulty = EXCLUDED.difficulty,
  xp_reward = EXCLUDED.xp_reward,
  reward_coins = EXCLUDED.reward_coins,
  mode = EXCLUDED.mode,
  display_order = EXCLUDED.display_order;

INSERT INTO public.questions (id, exercise_id, prompt, options, correct_option, explanation, display_order) VALUES
  ('ad751329-4a02-5197-ba36-abea8e4d2026', '7049d040-615f-5421-8a70-4ca5d31245f9', 'المغنطُ يجذبُ:', '[{"id":"a","text":"المسمارَ الحديديّ"},{"id":"b","text":"قطعةَ الخشب"},{"id":"c","text":"كأسَ الزجاج"},{"id":"d","text":"الورقة"}]'::jsonb, 'a', 'المغنطُ يجذبُ الموادَّ الحديديّة كالمسمار، لا الخشبَ ولا الزجاجَ ولا الورق.', 1)
ON CONFLICT (id) DO UPDATE SET
  exercise_id = EXCLUDED.exercise_id,
  prompt = EXCLUDED.prompt,
  options = EXCLUDED.options,
  correct_option = EXCLUDED.correct_option,
  explanation = EXCLUDED.explanation,
  display_order = EXCLUDED.display_order;

INSERT INTO public.questions (id, exercise_id, prompt, options, correct_option, explanation, display_order) VALUES
  ('7750579f-e6a3-5d35-bbda-9c6079118ec2', '7049d040-615f-5421-8a70-4ca5d31245f9', 'أيُّ مادّةٍ لا يجذبُها المغنط؟', '[{"id":"a","text":"الخشب"},{"id":"b","text":"الحديد"},{"id":"c","text":"الفولاذ"},{"id":"d","text":"مسمارٌ حديديّ"}]'::jsonb, 'a', 'لا يجذبُ المغنطُ الخشبَ؛ فهو يجذبُ الموادَّ الحديديّة (الحديد والفولاذ) فقط.', 2)
ON CONFLICT (id) DO UPDATE SET
  exercise_id = EXCLUDED.exercise_id,
  prompt = EXCLUDED.prompt,
  options = EXCLUDED.options,
  correct_option = EXCLUDED.correct_option,
  explanation = EXCLUDED.explanation,
  display_order = EXCLUDED.display_order;

INSERT INTO public.questions (id, exercise_id, prompt, options, correct_option, explanation, display_order) VALUES
  ('d02c64e5-4b19-52cc-9ee7-a2a780473d84', '7049d040-615f-5421-8a70-4ca5d31245f9', 'كم قطبًا لهذا المغنط؟ <svg viewBox="0 0 100 100"><rect x="20" y="42" width="60" height="20" fill="none" stroke="currentColor" stroke-width="2.5"/><line x1="50" y1="42" x2="50" y2="62" stroke="currentColor" stroke-width="1.3"/><text x="31" y="57" font-size="13" fill="#ef4444">N</text><text x="63" y="57" font-size="13" fill="currentColor">S</text></svg>', '[{"id":"a","text":"قطبان"},{"id":"b","text":"قطبٌ واحد"},{"id":"c","text":"أربعة أقطاب"},{"id":"d","text":"ثلاثة أقطاب"}]'::jsonb, 'a', 'نرى قطبين: الشماليّ (N) والجنوبيّ (S)، فلكلّ مغنطٍ قطبان.', 3)
ON CONFLICT (id) DO UPDATE SET
  exercise_id = EXCLUDED.exercise_id,
  prompt = EXCLUDED.prompt,
  options = EXCLUDED.options,
  correct_option = EXCLUDED.correct_option,
  explanation = EXCLUDED.explanation,
  display_order = EXCLUDED.display_order;

INSERT INTO public.questions (id, exercise_id, prompt, options, correct_option, explanation, display_order) VALUES
  ('85e52cea-54c7-5626-9051-729e9f3dafbf', '7049d040-615f-5421-8a70-4ca5d31245f9', 'ما رمزُ القطب الشماليّ للمغنط؟', '[{"id":"a","text":"N"},{"id":"b","text":"S"},{"id":"c","text":"W"},{"id":"d","text":"E"}]'::jsonb, 'a', 'يُرمَزُ للقطب الشماليّ بـ N وللقطب الجنوبيّ بـ S.', 4)
ON CONFLICT (id) DO UPDATE SET
  exercise_id = EXCLUDED.exercise_id,
  prompt = EXCLUDED.prompt,
  options = EXCLUDED.options,
  correct_option = EXCLUDED.correct_option,
  explanation = EXCLUDED.explanation,
  display_order = EXCLUDED.display_order;

INSERT INTO public.questions (id, exercise_id, prompt, options, correct_option, explanation, display_order) VALUES
  ('88588c75-a942-53f2-838c-dabd05732699', '7049d040-615f-5421-8a70-4ca5d31245f9', 'أين تكونُ قوّةُ الجذب أكبرَ في المغنط؟', '[{"id":"a","text":"عند القطبين"},{"id":"b","text":"في الوسط"},{"id":"c","text":"لا تختلفُ في كلّ مكان"},{"id":"d","text":"خارج المغنط فقط"}]'::jsonb, 'a', 'قوّةُ الجذب أكبرُ عند قطبي المغنط منها في وسطه.', 5)
ON CONFLICT (id) DO UPDATE SET
  exercise_id = EXCLUDED.exercise_id,
  prompt = EXCLUDED.prompt,
  options = EXCLUDED.options,
  correct_option = EXCLUDED.correct_option,
  explanation = EXCLUDED.explanation,
  display_order = EXCLUDED.display_order;

INSERT INTO public.questions (id, exercise_id, prompt, options, correct_option, explanation, display_order) VALUES
  ('b125d3ba-7e31-5be8-a5b1-35a411894f08', '7049d040-615f-5421-8a70-4ca5d31245f9', 'البوصلةُ أداةٌ تشيرُ إلى:', '[{"id":"a","text":"الشمال"},{"id":"b","text":"الأسفل"},{"id":"c","text":"أقرب مغنط فقط"},{"id":"d","text":"الشمس"}]'::jsonb, 'a', 'البوصلةُ إبرةٌ ممغنطةٌ تشيرُ إلى الشمال، فتساعدُ على تحديد الجهات.', 6)
ON CONFLICT (id) DO UPDATE SET
  exercise_id = EXCLUDED.exercise_id,
  prompt = EXCLUDED.prompt,
  options = EXCLUDED.options,
  correct_option = EXCLUDED.correct_option,
  explanation = EXCLUDED.explanation,
  display_order = EXCLUDED.display_order;

INSERT INTO public.exercises (id, chapter_id, subject_id, title, difficulty, xp_reward, reward_coins, mode, source, display_order) VALUES
  ('2a7e2ab1-3888-5d77-b216-dd3c7bbe7b87', '2c330d4a-3925-533b-a583-37df79d0c174', 'eveil-scientifique-6eme', '⚔️ زعيم الفصل ⭐⭐⭐: تحدّي المغناطيس', 3, 120, 30, 'boss', 'admin', 2)
ON CONFLICT (id) DO UPDATE SET
  chapter_id = EXCLUDED.chapter_id,
  subject_id = EXCLUDED.subject_id,
  title = EXCLUDED.title,
  difficulty = EXCLUDED.difficulty,
  xp_reward = EXCLUDED.xp_reward,
  reward_coins = EXCLUDED.reward_coins,
  mode = EXCLUDED.mode,
  display_order = EXCLUDED.display_order;

INSERT INTO public.questions (id, exercise_id, prompt, options, correct_option, explanation, display_order) VALUES
  ('c800adc8-8e8b-5627-a1cf-98c150df0173', '2a7e2ab1-3888-5d77-b216-dd3c7bbe7b87', 'المغنطُ يجذبُ الحديدَ لكنّه لا يجذبُ:', '[{"id":"a","text":"النحاس"},{"id":"b","text":"الفولاذ"},{"id":"c","text":"مسمارَ الحديد"},{"id":"d","text":"صفيحةَ الحديد"}]'::jsonb, 'a', 'النحاسُ ليس مادّةً حديديّة، فلا يجذبُه المغنط؛ بينما يجذبُ الحديدَ والفولاذ.', 1)
ON CONFLICT (id) DO UPDATE SET
  exercise_id = EXCLUDED.exercise_id,
  prompt = EXCLUDED.prompt,
  options = EXCLUDED.options,
  correct_option = EXCLUDED.correct_option,
  explanation = EXCLUDED.explanation,
  display_order = EXCLUDED.display_order;

INSERT INTO public.questions (id, exercise_id, prompt, options, correct_option, explanation, display_order) VALUES
  ('cc04833f-062f-5e8b-bf35-36dffaac300a', '2a7e2ab1-3888-5d77-b216-dd3c7bbe7b87', 'القطبان المتقابلان في الرسم. ماذا يحدثُ بينهما؟ <svg viewBox="0 0 100 100"><rect x="8" y="42" width="34" height="18" fill="none" stroke="currentColor" stroke-width="2.5"/><line x1="25" y1="42" x2="25" y2="60" stroke="currentColor" stroke-width="1.2"/><text x="13" y="56" font-size="11" fill="currentColor">S</text><text x="31" y="56" font-size="11" fill="#ef4444">N</text><rect x="58" y="42" width="34" height="18" fill="none" stroke="currentColor" stroke-width="2.5"/><line x1="75" y1="42" x2="75" y2="60" stroke="currentColor" stroke-width="1.2"/><text x="62" y="56" font-size="11" fill="currentColor">S</text><text x="80" y="56" font-size="11" fill="#ef4444">N</text></svg>', '[{"id":"a","text":"يتجاذبان (N أمام S)"},{"id":"b","text":"يتنافران"},{"id":"c","text":"لا يتأثّران"},{"id":"d","text":"ينكسران"}]'::jsonb, 'a', 'القطبُ N للمغنط الأيسر يقابلُ القطبَ S للمغنط الأيمن؛ وهما مختلفان فيتجاذبان.', 2)
ON CONFLICT (id) DO UPDATE SET
  exercise_id = EXCLUDED.exercise_id,
  prompt = EXCLUDED.prompt,
  options = EXCLUDED.options,
  correct_option = EXCLUDED.correct_option,
  explanation = EXCLUDED.explanation,
  display_order = EXCLUDED.display_order;

INSERT INTO public.questions (id, exercise_id, prompt, options, correct_option, explanation, display_order) VALUES
  ('3038ae0e-4afb-55d1-9c30-d9df8024c58a', '2a7e2ab1-3888-5d77-b216-dd3c7bbe7b87', 'قطبان متماثلان (S و S) قُرّب أحدُهما من الآخر. ماذا يحدث؟', '[{"id":"a","text":"يتنافران"},{"id":"b","text":"يتجاذبان"},{"id":"c","text":"يلتصقان"},{"id":"d","text":"يفقدان مغناطيسيّتهما"}]'::jsonb, 'a', 'القطبان المتماثلان (S و S) يتنافران، كما يتنافرُ N و N.', 3)
ON CONFLICT (id) DO UPDATE SET
  exercise_id = EXCLUDED.exercise_id,
  prompt = EXCLUDED.prompt,
  options = EXCLUDED.options,
  correct_option = EXCLUDED.correct_option,
  explanation = EXCLUDED.explanation,
  display_order = EXCLUDED.display_order;

INSERT INTO public.questions (id, exercise_id, prompt, options, correct_option, explanation, display_order) VALUES
  ('c2b37e1f-aae5-51a5-9c5b-c28bfa9dd35f', '2a7e2ab1-3888-5d77-b216-dd3c7bbe7b87', 'لماذا تشيرُ إبرةُ البوصلة إلى الشمال؟', '[{"id":"a","text":"لأنّ الأرضَ نفسَها مغناطيسٌ عملاق"},{"id":"b","text":"لأنّها مصنوعةٌ من الخشب"},{"id":"c","text":"لأنّ الشمالَ أثقل"},{"id":"d","text":"لأنّ الشمسَ تجذبُها"}]'::jsonb, 'a', 'الأرضُ مغناطيسٌ عملاق، فتتّجهُ الإبرةُ الممغنطةُ الحرّةُ نحو الشمال.', 4)
ON CONFLICT (id) DO UPDATE SET
  exercise_id = EXCLUDED.exercise_id,
  prompt = EXCLUDED.prompt,
  options = EXCLUDED.options,
  correct_option = EXCLUDED.correct_option,
  explanation = EXCLUDED.explanation,
  display_order = EXCLUDED.display_order;

INSERT INTO public.questions (id, exercise_id, prompt, options, correct_option, explanation, display_order) VALUES
  ('c565a814-6249-559c-905d-6d3787ffd9ca', '2a7e2ab1-3888-5d77-b216-dd3c7bbe7b87', 'أيٌّ ممّا يلي يُعدُّ شكلًا من أشكال المغانط؟', '[{"id":"a","text":"مغنطٌ على شكل حدوة حصان (U)"},{"id":"b","text":"قطعةُ زجاج"},{"id":"c","text":"ورقةٌ مطويّة"},{"id":"d","text":"كأسُ ماء"}]'::jsonb, 'a', 'من أشكال المغانط: المستقيم، وحدوة الحصان (U)، والإبرة الممغنطة.', 5)
ON CONFLICT (id) DO UPDATE SET
  exercise_id = EXCLUDED.exercise_id,
  prompt = EXCLUDED.prompt,
  options = EXCLUDED.options,
  correct_option = EXCLUDED.correct_option,
  explanation = EXCLUDED.explanation,
  display_order = EXCLUDED.display_order;

INSERT INTO public.questions (id, exercise_id, prompt, options, correct_option, explanation, display_order) VALUES
  ('c2dd9ea1-b9ab-5f7a-bbce-8fda65bd3080', '2a7e2ab1-3888-5d77-b216-dd3c7bbe7b87', 'لاستعمال البوصلة في تحديد الاتّجاه، نعتمدُ على أنّ إبرتَها تشيرُ إلى:', '[{"id":"a","text":"الشمال"},{"id":"b","text":"الشرق"},{"id":"c","text":"أيّ جهةٍ عشوائيّة"},{"id":"d","text":"باطن الأرض"}]'::jsonb, 'a', 'بما أنّ الإبرةَ تشيرُ إلى الشمال، نستنتجُ منه بقيّةَ الجهات.', 6)
ON CONFLICT (id) DO UPDATE SET
  exercise_id = EXCLUDED.exercise_id,
  prompt = EXCLUDED.prompt,
  options = EXCLUDED.options,
  correct_option = EXCLUDED.correct_option,
  explanation = EXCLUDED.explanation,
  display_order = EXCLUDED.display_order;

INSERT INTO public.exercises (id, chapter_id, subject_id, title, difficulty, xp_reward, reward_coins, mode, source, display_order) VALUES
  ('ec50f320-46e1-5832-be14-69e1a409032e', '2c330d4a-3925-533b-a583-37df79d0c174', 'eveil-scientifique-6eme', '⭐⭐ تمرين مراجعة (نمط امتحان): المغناطيس والبوصلة', 2, 70, 15, 'practice', 'admin', 3)
ON CONFLICT (id) DO UPDATE SET
  chapter_id = EXCLUDED.chapter_id,
  subject_id = EXCLUDED.subject_id,
  title = EXCLUDED.title,
  difficulty = EXCLUDED.difficulty,
  xp_reward = EXCLUDED.xp_reward,
  reward_coins = EXCLUDED.reward_coins,
  mode = EXCLUDED.mode,
  display_order = EXCLUDED.display_order;

INSERT INTO public.questions (id, exercise_id, prompt, options, correct_option, explanation, display_order) VALUES
  ('cdf412ef-6e69-508f-b41a-4aafa705fcf3', 'ec50f320-46e1-5832-be14-69e1a409032e', 'المغنطُ يجذبُ:', '[{"id":"a","text":"المواد الحديديّة"},{"id":"b","text":"كلَّ المعادن"},{"id":"c","text":"الخشبَ والورق"},{"id":"d","text":"الماء"}]'::jsonb, 'a', 'المغنطُ يجذبُ الموادَّ الحديديّة فقط (الحديد والفولاذ)، لا كلَّ المعادن.', 1)
ON CONFLICT (id) DO UPDATE SET
  exercise_id = EXCLUDED.exercise_id,
  prompt = EXCLUDED.prompt,
  options = EXCLUDED.options,
  correct_option = EXCLUDED.correct_option,
  explanation = EXCLUDED.explanation,
  display_order = EXCLUDED.display_order;

INSERT INTO public.questions (id, exercise_id, prompt, options, correct_option, explanation, display_order) VALUES
  ('6daa1b9a-b48a-5ec8-8449-730ad34b381c', 'ec50f320-46e1-5832-be14-69e1a409032e', 'ما رمزا قطبي المغنط؟', '[{"id":"a","text":"N و S"},{"id":"b","text":"A و B"},{"id":"c","text":"+ و +"},{"id":"d","text":"X و Y"}]'::jsonb, 'a', 'قطبا المغنط هما الشماليّ (N) والجنوبيّ (S).', 2)
ON CONFLICT (id) DO UPDATE SET
  exercise_id = EXCLUDED.exercise_id,
  prompt = EXCLUDED.prompt,
  options = EXCLUDED.options,
  correct_option = EXCLUDED.correct_option,
  explanation = EXCLUDED.explanation,
  display_order = EXCLUDED.display_order;

INSERT INTO public.questions (id, exercise_id, prompt, options, correct_option, explanation, display_order) VALUES
  ('92d8c3b9-8abd-589d-b9bf-1caf9ad39232', 'ec50f320-46e1-5832-be14-69e1a409032e', 'إلامَ يشيرُ العقربُ الأحمرُ في هذه البوصلة؟ <svg viewBox="0 0 100 100"><circle cx="50" cy="50" r="34" fill="none" stroke="currentColor" stroke-width="2.5"/><text x="46" y="17" font-size="11" fill="currentColor">N</text><polygon points="50,26 44,50 56,50" fill="#ef4444"/><polygon points="50,74 44,50 56,50" fill="none" stroke="currentColor" stroke-width="1.5"/></svg>', '[{"id":"a","text":"الشمال (N)"},{"id":"b","text":"الجنوب"},{"id":"c","text":"الشرق"},{"id":"d","text":"الغرب"}]'::jsonb, 'a', 'العقربُ الأحمرُ يشيرُ إلى الشمال (N) كما هو مكتوبٌ أعلى البوصلة.', 3)
ON CONFLICT (id) DO UPDATE SET
  exercise_id = EXCLUDED.exercise_id,
  prompt = EXCLUDED.prompt,
  options = EXCLUDED.options,
  correct_option = EXCLUDED.correct_option,
  explanation = EXCLUDED.explanation,
  display_order = EXCLUDED.display_order;

INSERT INTO public.questions (id, exercise_id, prompt, options, correct_option, explanation, display_order) VALUES
  ('472d26a2-f2bb-5a4b-b7db-b0d44af7d518', 'ec50f320-46e1-5832-be14-69e1a409032e', 'قطبان مختلفان (N و S):', '[{"id":"a","text":"يتجاذبان"},{"id":"b","text":"يتنافران"},{"id":"c","text":"لا يتأثّران"},{"id":"d","text":"ينكسران"}]'::jsonb, 'a', 'القطبان المختلفان (N و S) يتجاذبان.', 4)
ON CONFLICT (id) DO UPDATE SET
  exercise_id = EXCLUDED.exercise_id,
  prompt = EXCLUDED.prompt,
  options = EXCLUDED.options,
  correct_option = EXCLUDED.correct_option,
  explanation = EXCLUDED.explanation,
  display_order = EXCLUDED.display_order;

INSERT INTO public.questions (id, exercise_id, prompt, options, correct_option, explanation, display_order) VALUES
  ('af4946e0-d0c0-59c1-a2ff-158b4ce3f7b7', 'ec50f320-46e1-5832-be14-69e1a409032e', 'أيُّ هذه الأجسام يجذبُها المغنط؟', '[{"id":"a","text":"مسمارٌ من حديد"},{"id":"b","text":"ملعقةٌ خشبيّة"},{"id":"c","text":"كأسٌ زجاجيّ"},{"id":"d","text":"قلمُ بلاستيك"}]'::jsonb, 'a', 'المسمارُ الحديديّ مادّةٌ حديديّةٌ يجذبُها المغنط، بخلاف الخشب والزجاج والبلاستيك.', 5)
ON CONFLICT (id) DO UPDATE SET
  exercise_id = EXCLUDED.exercise_id,
  prompt = EXCLUDED.prompt,
  options = EXCLUDED.options,
  correct_option = EXCLUDED.correct_option,
  explanation = EXCLUDED.explanation,
  display_order = EXCLUDED.display_order;

INSERT INTO public.questions (id, exercise_id, prompt, options, correct_option, explanation, display_order) VALUES
  ('35b1fd77-40e7-51e9-90ef-1469e7af9510', 'ec50f320-46e1-5832-be14-69e1a409032e', 'لماذا نستعملُ البوصلة؟', '[{"id":"a","text":"لتحديد الجهات"},{"id":"b","text":"لقياس الحرارة"},{"id":"c","text":"لوزن الأجسام"},{"id":"d","text":"لقياس الزمن"}]'::jsonb, 'a', 'نستعملُ البوصلةَ لتحديد الجهات اعتمادًا على إشارة إبرتها إلى الشمال.', 6)
ON CONFLICT (id) DO UPDATE SET
  exercise_id = EXCLUDED.exercise_id,
  prompt = EXCLUDED.prompt,
  options = EXCLUDED.options,
  correct_option = EXCLUDED.correct_option,
  explanation = EXCLUDED.explanation,
  display_order = EXCLUDED.display_order;

INSERT INTO public.exercises (id, chapter_id, subject_id, title, difficulty, xp_reward, reward_coins, mode, source, display_order) VALUES
  ('1b677443-6deb-5939-bcb6-d20ef3d481ac', '2c330d4a-3925-533b-a583-37df79d0c174', 'eveil-scientifique-6eme', '👑 تحدّي النخبة ⭐⭐⭐⭐: سيّدُ المغناطيس', 4, 300, 60, 'challenge', 'admin', 4)
ON CONFLICT (id) DO UPDATE SET
  chapter_id = EXCLUDED.chapter_id,
  subject_id = EXCLUDED.subject_id,
  title = EXCLUDED.title,
  difficulty = EXCLUDED.difficulty,
  xp_reward = EXCLUDED.xp_reward,
  reward_coins = EXCLUDED.reward_coins,
  mode = EXCLUDED.mode,
  display_order = EXCLUDED.display_order;

INSERT INTO public.questions (id, exercise_id, prompt, options, correct_option, explanation, display_order) VALUES
  ('1fecf934-e6ea-5fcb-b1d2-aa8c5597ccdd', '1b677443-6deb-5939-bcb6-d20ef3d481ac', 'أيُّ هذه الأجسام لا يجذبُه المغنط؟', '[{"id":"a","text":"قطعةُ زجاج"},{"id":"b","text":"مسمارٌ من حديد"},{"id":"c","text":"مشبكٌ من فولاذ"},{"id":"d","text":"صفيحةٌ من حديد"}]'::jsonb, 'a', 'الزجاجُ ليس مادّةً حديديّة، فلا يجذبُه المغنط؛ بينما يجذبُ الحديدَ والفولاذ.', 1)
ON CONFLICT (id) DO UPDATE SET
  exercise_id = EXCLUDED.exercise_id,
  prompt = EXCLUDED.prompt,
  options = EXCLUDED.options,
  correct_option = EXCLUDED.correct_option,
  explanation = EXCLUDED.explanation,
  display_order = EXCLUDED.display_order;

INSERT INTO public.questions (id, exercise_id, prompt, options, correct_option, explanation, display_order) VALUES
  ('8253f21a-09e3-5d68-a635-de41f1555ef4', '1b677443-6deb-5939-bcb6-d20ef3d481ac', 'ماذا يحدثُ بين هذين القطبين المتقابلين؟ <svg viewBox="0 0 100 100"><rect x="8" y="42" width="34" height="18" fill="none" stroke="currentColor" stroke-width="2.5"/><line x1="25" y1="42" x2="25" y2="60" stroke="currentColor" stroke-width="1.2"/><text x="13" y="56" font-size="11" fill="currentColor">S</text><text x="31" y="56" font-size="11" fill="#ef4444">N</text><rect x="58" y="42" width="34" height="18" fill="none" stroke="currentColor" stroke-width="2.5"/><line x1="75" y1="42" x2="75" y2="60" stroke="currentColor" stroke-width="1.2"/><text x="62" y="56" font-size="11" fill="#ef4444">N</text><text x="80" y="56" font-size="11" fill="currentColor">S</text></svg>', '[{"id":"a","text":"يتنافران (N أمام N)"},{"id":"b","text":"يتجاذبان"},{"id":"c","text":"يلتصقان فورًا"},{"id":"d","text":"لا يتأثّران"}]'::jsonb, 'a', 'القطبُ N للمغنط الأيسر يقابلُ القطبَ N للمغنط الأيمن؛ وهما متماثلان فيتنافران.', 2)
ON CONFLICT (id) DO UPDATE SET
  exercise_id = EXCLUDED.exercise_id,
  prompt = EXCLUDED.prompt,
  options = EXCLUDED.options,
  correct_option = EXCLUDED.correct_option,
  explanation = EXCLUDED.explanation,
  display_order = EXCLUDED.display_order;

INSERT INTO public.questions (id, exercise_id, prompt, options, correct_option, explanation, display_order) VALUES
  ('977e5217-e004-5354-97d5-2fd48757b5c7', '1b677443-6deb-5939-bcb6-d20ef3d481ac', 'إذا قرّبنا قطبًا شماليًّا (N) من قطبٍ جنوبيّ (S)، فماذا يحدث؟', '[{"id":"a","text":"يتجاذبان"},{"id":"b","text":"يتنافران"},{"id":"c","text":"لا يحدثُ شيء"},{"id":"d","text":"يفقدان مغناطيسيّتهما"}]'::jsonb, 'a', 'القطبان المختلفان (N و S) يتجاذبان دائمًا.', 3)
ON CONFLICT (id) DO UPDATE SET
  exercise_id = EXCLUDED.exercise_id,
  prompt = EXCLUDED.prompt,
  options = EXCLUDED.options,
  correct_option = EXCLUDED.correct_option,
  explanation = EXCLUDED.explanation,
  display_order = EXCLUDED.display_order;

INSERT INTO public.questions (id, exercise_id, prompt, options, correct_option, explanation, display_order) VALUES
  ('c8136840-6814-5f06-9c40-b10e1d1f479e', '1b677443-6deb-5939-bcb6-d20ef3d481ac', 'في مغنطٍ مستقيم، أين تكونُ قوّةُ الجذب أكبر؟', '[{"id":"a","text":"عند طرفيه (قطبيه)"},{"id":"b","text":"في منتصفه"},{"id":"c","text":"متساويةٌ في كلّ مكان"},{"id":"d","text":"خارج المغنط فقط"}]'::jsonb, 'a', 'تتركّزُ قوّةُ الجذب عند قطبي المغنط (طرفيه)، وتضعفُ في الوسط.', 4)
ON CONFLICT (id) DO UPDATE SET
  exercise_id = EXCLUDED.exercise_id,
  prompt = EXCLUDED.prompt,
  options = EXCLUDED.options,
  correct_option = EXCLUDED.correct_option,
  explanation = EXCLUDED.explanation,
  display_order = EXCLUDED.display_order;

INSERT INTO public.questions (id, exercise_id, prompt, options, correct_option, explanation, display_order) VALUES
  ('060da265-9844-5182-ac24-b125dec38f43', '1b677443-6deb-5939-bcb6-d20ef3d481ac', 'ما السببُ في إشارة إبرة البوصلة إلى الشمال؟', '[{"id":"a","text":"مغناطيسيّةُ الأرض"},{"id":"b","text":"ضوءُ الشمس"},{"id":"c","text":"ثقلُ الإبرة"},{"id":"d","text":"حرارةُ الجوّ"}]'::jsonb, 'a', 'الأرضُ مغناطيسٌ عملاق، ومجالُها يوجّهُ إبرةَ البوصلة الممغنطةَ نحو الشمال.', 5)
ON CONFLICT (id) DO UPDATE SET
  exercise_id = EXCLUDED.exercise_id,
  prompt = EXCLUDED.prompt,
  options = EXCLUDED.options,
  correct_option = EXCLUDED.correct_option,
  explanation = EXCLUDED.explanation,
  display_order = EXCLUDED.display_order;

INSERT INTO public.questions (id, exercise_id, prompt, options, correct_option, explanation, display_order) VALUES
  ('343c82f0-3d6e-5bd2-8429-f13e834ec8aa', '1b677443-6deb-5939-bcb6-d20ef3d481ac', 'كيف نتأكّدُ من أنّ جسمًا حديديًّا أصبح ممغنطًا؟', '[{"id":"a","text":"إذا صار يجذبُ موادَّ حديديّةً صغيرة"},{"id":"b","text":"إذا تغيّرَ لونُه"},{"id":"c","text":"إذا أصبح أثقل"},{"id":"d","text":"إذا ذابَ في الماء"}]'::jsonb, 'a', 'الجسمُ الممغنطُ يجذبُ الموادَّ الحديديّة الصغيرة (كبرادة الحديد أو الدبابيس)، وهذا دليلُ مغنطته.', 6)
ON CONFLICT (id) DO UPDATE SET
  exercise_id = EXCLUDED.exercise_id,
  prompt = EXCLUDED.prompt,
  options = EXCLUDED.options,
  correct_option = EXCLUDED.correct_option,
  explanation = EXCLUDED.explanation,
  display_order = EXCLUDED.display_order;

INSERT INTO public.exercises (id, chapter_id, subject_id, title, difficulty, xp_reward, reward_coins, mode, source, display_order) VALUES
  ('8a4a236b-8822-5ea9-a6b1-cd02385c3ae1', '2c330d4a-3925-533b-a583-37df79d0c174', 'eveil-scientifique-6eme', '📝 تدريب ⭐⭐⭐: مراجعةٌ شاملةٌ للمغناطيس والبوصلة', 3, 120, 30, 'boss', 'admin', 5)
ON CONFLICT (id) DO UPDATE SET
  chapter_id = EXCLUDED.chapter_id,
  subject_id = EXCLUDED.subject_id,
  title = EXCLUDED.title,
  difficulty = EXCLUDED.difficulty,
  xp_reward = EXCLUDED.xp_reward,
  reward_coins = EXCLUDED.reward_coins,
  mode = EXCLUDED.mode,
  display_order = EXCLUDED.display_order;

INSERT INTO public.questions (id, exercise_id, prompt, options, correct_option, explanation, display_order) VALUES
  ('f7fd461a-020a-5354-84bc-84ddc7589b38', '8a4a236b-8822-5ea9-a6b1-cd02385c3ae1', 'المغنطُ يجذبُ أساسًا:', '[{"id":"a","text":"الحديدَ والفولاذ"},{"id":"b","text":"الخشبَ"},{"id":"c","text":"الزجاجَ"},{"id":"d","text":"البلاستيكَ"}]'::jsonb, 'a', 'المغنطُ يجذبُ الموادَّ الحديديّة كالحديد والفولاذ.', 1)
ON CONFLICT (id) DO UPDATE SET
  exercise_id = EXCLUDED.exercise_id,
  prompt = EXCLUDED.prompt,
  options = EXCLUDED.options,
  correct_option = EXCLUDED.correct_option,
  explanation = EXCLUDED.explanation,
  display_order = EXCLUDED.display_order;

INSERT INTO public.questions (id, exercise_id, prompt, options, correct_option, explanation, display_order) VALUES
  ('ca568965-18e4-5703-8456-4e5efa3e99df', '8a4a236b-8822-5ea9-a6b1-cd02385c3ae1', 'كم قطبًا لكلّ مغنط؟', '[{"id":"a","text":"قطبان"},{"id":"b","text":"قطبٌ واحد"},{"id":"c","text":"ثلاثة"},{"id":"d","text":"لا أقطاب"}]'::jsonb, 'a', 'لكلّ مغنطٍ قطبان: شماليّ (N) وجنوبيّ (S).', 2)
ON CONFLICT (id) DO UPDATE SET
  exercise_id = EXCLUDED.exercise_id,
  prompt = EXCLUDED.prompt,
  options = EXCLUDED.options,
  correct_option = EXCLUDED.correct_option,
  explanation = EXCLUDED.explanation,
  display_order = EXCLUDED.display_order;

INSERT INTO public.questions (id, exercise_id, prompt, options, correct_option, explanation, display_order) VALUES
  ('731334d8-546d-56a9-a819-4af74305b5cb', '8a4a236b-8822-5ea9-a6b1-cd02385c3ae1', 'ما رمزا قطبي هذا المغنط؟ <svg viewBox="0 0 100 100"><rect x="20" y="42" width="60" height="20" fill="none" stroke="currentColor" stroke-width="2.5"/><line x1="50" y1="42" x2="50" y2="62" stroke="currentColor" stroke-width="1.3"/><text x="31" y="57" font-size="13" fill="#ef4444">N</text><text x="63" y="57" font-size="13" fill="currentColor">S</text></svg>', '[{"id":"a","text":"N و S"},{"id":"b","text":"A و Z"},{"id":"c","text":"+ و −"},{"id":"d","text":"1 و 2"}]'::jsonb, 'a', 'نرى في الرسم القطبَ الشماليّ (N) والقطبَ الجنوبيّ (S).', 3)
ON CONFLICT (id) DO UPDATE SET
  exercise_id = EXCLUDED.exercise_id,
  prompt = EXCLUDED.prompt,
  options = EXCLUDED.options,
  correct_option = EXCLUDED.correct_option,
  explanation = EXCLUDED.explanation,
  display_order = EXCLUDED.display_order;

INSERT INTO public.questions (id, exercise_id, prompt, options, correct_option, explanation, display_order) VALUES
  ('208c172d-6179-5d44-bb96-bc72b7822c38', '8a4a236b-8822-5ea9-a6b1-cd02385c3ae1', 'قطبان متماثلان (N و N) أو (S و S):', '[{"id":"a","text":"يتنافران"},{"id":"b","text":"يتجاذبان"},{"id":"c","text":"يلتصقان دائمًا"},{"id":"d","text":"لا يتأثّران"}]'::jsonb, 'a', 'القطبان المتماثلان يتنافران (N مع N، وS مع S).', 4)
ON CONFLICT (id) DO UPDATE SET
  exercise_id = EXCLUDED.exercise_id,
  prompt = EXCLUDED.prompt,
  options = EXCLUDED.options,
  correct_option = EXCLUDED.correct_option,
  explanation = EXCLUDED.explanation,
  display_order = EXCLUDED.display_order;

INSERT INTO public.questions (id, exercise_id, prompt, options, correct_option, explanation, display_order) VALUES
  ('4757b52b-ab55-5f6b-8b0d-b5db59c6e535', '8a4a236b-8822-5ea9-a6b1-cd02385c3ae1', 'قطبان مختلفان (N و S):', '[{"id":"a","text":"يتجاذبان"},{"id":"b","text":"يتنافران"},{"id":"c","text":"لا يتأثّران"},{"id":"d","text":"ينكسران"}]'::jsonb, 'a', 'القطبان المختلفان (N و S) يتجاذبان.', 5)
ON CONFLICT (id) DO UPDATE SET
  exercise_id = EXCLUDED.exercise_id,
  prompt = EXCLUDED.prompt,
  options = EXCLUDED.options,
  correct_option = EXCLUDED.correct_option,
  explanation = EXCLUDED.explanation,
  display_order = EXCLUDED.display_order;

INSERT INTO public.questions (id, exercise_id, prompt, options, correct_option, explanation, display_order) VALUES
  ('d500c0ee-f9aa-5990-8ba8-9764b6906ba8', '8a4a236b-8822-5ea9-a6b1-cd02385c3ae1', 'تُستعملُ البوصلةُ من أجل:', '[{"id":"a","text":"تحديد الجهات (تشيرُ إلى الشمال)"},{"id":"b","text":"قياس الوزن"},{"id":"c","text":"قياس درجة الحرارة"},{"id":"d","text":"معرفة الوقت"}]'::jsonb, 'a', 'البوصلةُ تُحدّدُ الجهاتِ لأنّ إبرتَها الممغنطةَ تشيرُ دائمًا إلى الشمال.', 6)
ON CONFLICT (id) DO UPDATE SET
  exercise_id = EXCLUDED.exercise_id,
  prompt = EXCLUDED.prompt,
  options = EXCLUDED.options,
  correct_option = EXCLUDED.correct_option,
  explanation = EXCLUDED.explanation,
  display_order = EXCLUDED.display_order;

