-- =========================================================
-- GENERATED FILE — do not edit by hand.
-- Subject: math-8eme (الرياضيات)
-- Regenerate with: npm run content:build
-- Source of truth: content/math-8eme/
-- =========================================================

DO $$
BEGIN
  IF EXISTS (SELECT 1 FROM pg_constraint WHERE conname = 'exercises_mode_check') THEN
    ALTER TABLE public.exercises DROP CONSTRAINT exercises_mode_check;
  END IF;
  ALTER TABLE public.exercises
    ADD CONSTRAINT exercises_mode_check CHECK (mode IN ('practice', 'boss', 'quiz', 'challenge'));
END $$;

INSERT INTO public.subjects (id, name_fr, description, attribute, color_token, icon, display_order, content_language, is_premium, theme_id, grade_id) VALUES
  ('math-8eme', 'الرياضيات', 'الأنشطة العددية والهندسية وفق برنامج السنة الثامنة من التعليم الأساسي', 'Force', 'subject-math', 'Calculator', 1, 'ar', false, 'ecole-tn', (SELECT id FROM public.grades WHERE theme_id = 'ecole-tn' AND slug = '8eme-base'))
ON CONFLICT (id) DO UPDATE SET
  name_fr = EXCLUDED.name_fr,
  description = EXCLUDED.description,
  attribute = EXCLUDED.attribute,
  color_token = EXCLUDED.color_token,
  icon = EXCLUDED.icon,
  display_order = EXCLUDED.display_order,
  content_language = EXCLUDED.content_language,
  is_premium = EXCLUDED.is_premium,
  theme_id = EXCLUDED.theme_id,
  grade_id = EXCLUDED.grade_id;

-- Prune admin-authored content that is no longer in the source tree.
DO $$
BEGIN
  IF to_regclass('public.dungeon_run_questions') IS NOT NULL THEN
    DELETE FROM public.dungeon_run_questions d
    USING public.questions q, public.exercises e
    WHERE d.question_id = q.id
      AND q.exercise_id = e.id
      AND e.subject_id = 'math-8eme'
      AND e.source = 'admin'
      AND q.id NOT IN ('bdf5deb7-b69b-5452-9a64-c57ab37c00d2', '9b644abc-86d9-50d2-9ee1-d3cbbe885907', '6b225540-51f9-5234-b529-4207319eea6e', '7a2f0a83-6b7f-5ad5-b3e1-2dc08905f448', '11ac2ecf-f8ff-52bc-a8b9-e91c290ea84b', '8d93fd54-6bed-5ec7-9a31-910381fb41d8', 'a565d2c8-fd3c-532e-96af-cc9a38161a6b', '693c41b1-bd59-5fd3-beca-196f543f6714', '38c9c2b6-8517-5c75-b542-faf9c755a776', 'e8d6d60a-cee2-5b41-9fc2-0d62fec8badc', 'e0376be3-b65a-58c9-8c62-d1b7ec98b012', 'dbf04301-8bcf-5e35-b229-e8ea3c2ae70c', 'fdfcb91c-f4f3-51cc-bc6b-18049ef3df26', '0a709bbe-0e6d-5773-87d5-5f5f79cfcc52', 'fcdb379b-32ac-59a0-9072-f9ee0bd75a62', '139a766e-a993-5028-8980-a02a0703c607', 'b9600b5c-a190-5102-983f-3d512bb73af2', '70d93a3d-c32a-5d97-8ae4-4f2757dfc253', '3976ab3b-8de7-5cd4-993b-a381184a6407', '5c27c022-3284-5d0c-98ad-d88ad883f4ba', '0745daff-c6e6-5f4c-bd7a-0bbae6482595', '98bdcdff-f011-5268-bcb8-19d79d039d25', '2f23d2ca-b50e-5159-8fe0-cbba42e2f542', '6292455c-bcd8-5a4a-ac6a-1466e2c997cd', '597d0647-918d-500f-b7af-463cbb038648', '90170c37-355d-5f99-bae5-397bf48419cc', '5eee08af-7356-597f-829c-9b0d374961a2', '5badea6b-d1bc-525b-bf53-0507a1482df1', '4c491342-1a8f-523f-8c2d-f117d9a6d1b2', '18fef0f4-ae79-574f-8f1b-44a585692ccc', 'ad4032c4-550e-5347-8433-fe7405237681', '76b3e887-61a4-5e49-96f0-af034f29e558', '90f853d7-b030-5561-a8b0-e0ea892bff4b', '83564b0c-e2c4-5a7b-a0a2-2e974f136ce3', '5a556e12-2614-5051-9ebe-81b5af41f324', 'f55ae338-e3b8-5c61-82b6-4cf663bbd8f7', '2755689b-ed9f-5737-9cbe-412d4bb059f6', '15e2cf5c-e5f6-5cd5-9afa-ec3c13efa2ed', '104c48d8-fbbb-5871-bc45-97a6d4c6bf1a', '456548db-948d-5d7b-9a1a-44177aeedea3', '80f48a2f-b40e-5336-a937-eaa906e84f5e', '7d5147a2-930d-5322-b5d5-8553e0412f5c', '9b7fc0a9-ae1b-596d-b9d3-559ca1f15f82', '237a834f-0517-53c9-94f7-22856acf8541', '44d1e581-de7a-58b1-8d51-e5db1c3e8ff2', '1e604e84-bb1d-54a2-b0e5-8584d9f892ce', '5ef5042a-145e-5676-aedc-8f97b19bd532', '4a55f340-449f-54c8-b23b-0a891b136b41', '67fddef3-9522-5ebb-98eb-d5a97818a13c', '17648757-1c82-526a-ac11-563204028a27', 'd109e16e-a281-5d07-93a2-02432060b953', '4e3e3a77-d418-5f8d-a4f7-e6407f70a2ae', 'b773787f-a733-5864-8939-56375d185139', '7bce8d03-e881-54a9-ad6f-a82ad576b0d9', '70185d8d-bd89-5d78-9324-250bf0f9b5e4', 'fb79efff-e46b-57e1-aca6-923f07173ed8', 'b9a48384-ab57-5b5e-b71e-6ce187294906', '39826938-9f76-5d68-9ad5-7e67bf05c2ed', '02cc389d-9f66-58d2-b887-85eef7dd5df3', 'f342ee85-761c-5935-ab83-a50eeec64bad', 'fcf4870a-f286-5ec1-8e96-bc7fca7c0674', '820b5d05-9522-5f31-b201-4438c9843e5f', '2d2fd2c0-3c66-5150-9d62-a708388e62af', '1c22beea-cc29-5fd9-9703-f227da12cb6f', '3249b3ef-bdf9-51f5-8ba1-d1ec1d67c34d', 'b3ea4966-3ba9-5825-b80d-3b45e816190f', '9e8ce023-f464-5196-a0af-8257422b5691', '4b34ab56-0cf7-59bf-92e9-cb869b902fbd', 'e93661e7-7f34-540f-8a3b-9e45a6c551cd', '33577ae6-fb49-5a9b-8bea-109930a30c70', '294af9b5-ecda-50c4-88c7-835a324d12c4', 'fe01ca4c-226d-567b-b398-6ffad6cb65cf', '87fc2166-e214-5972-948c-4de0574fd2cc', '03c5d076-e98e-5cb2-a834-03e104873c0d', 'c65c96d9-b3f6-513f-9bf1-b6c85dcee773', '5881f4e7-5b93-50d3-b5e5-9c35739da15b', '31397481-af2b-582d-93cd-4b7c051705c2', '8afd637f-0833-59b2-bf4c-b88464ea3517', '6cc1dc17-1eae-5cb4-91c0-3cca4c8ec759', 'ba6c7de3-f98f-5003-af70-b1992930c41f', '55ebaddb-d0bf-5d6f-8ea3-2aeabfde27ad', '97509018-1226-5dfd-b0ec-da663a2e1d9c', 'b7354b7b-b7f6-56d4-8c34-85c979910dac', '08ced735-decf-5365-bffc-8b2b709bbb34', '744a0a8d-efd6-5e2c-84ba-e84405f54401', '5e5e6a81-9857-5b1b-9397-3a77027da1f8', 'b31707f2-5b86-5734-bc2c-b5027228d786', '3e189f46-ae22-508f-a506-f496e1fbd11f', 'ebc275e5-cefa-57c2-b327-0253f25c9b88', '8afc53f1-f92d-5d39-9885-ee9860dc7544', 'e3a0b3a5-4abb-556d-9b06-32275418106c', '8f24c60f-7c39-5a3d-8a6a-63dc2c56bcb8', 'cdcb4053-1722-5cb5-8d44-7336106ba367', 'e167992b-3c4e-5f2a-9af5-0ea81a30658a', '58cffcbe-1eda-5961-8363-984d4d304838', '3f12aef7-0bc8-53fa-bd54-00e40fbefbb6', '036e3fcf-d4f8-5826-9293-793c420c0ffa', '59694735-6192-56e0-a4b8-e8a093a1c96b', 'd04934e2-e3e2-51d8-bf87-d92eef1f8449', '6640262b-2fa7-5c80-8a82-2c6b55d9ace6', '1ae5ba45-a1d7-5faa-92a9-0da606daa917', '91f4dc19-85ac-5cc5-8cbb-92ffbc618761', 'fbb849a3-15d2-5efd-8e0f-d57c4f715fc6', '89e54cc6-4839-5737-b195-bc58cadab27a', '281849a8-fc56-5fb9-9d44-4fd637e6e2eb', '1f31b014-b43d-57e8-87f2-6e62fcef69ee', '5f6216ff-f58f-5ef7-9d51-03e452c905b1', '25d74b64-fb11-59d6-bfd4-1151259b17f7', '96b85486-80a1-5621-aa4e-9c50bc74c9b3', '0a642f45-79c6-5b4b-a114-450d7adcffc5', 'a739c692-11ec-5155-b6c2-60ebd97953f7', 'bef5b155-08aa-5434-b00f-c2f68c680ce9', 'cf98edc6-4515-55d3-ae5c-ffe51f821660', '55830d8d-0d91-5d08-a14f-35e1b52781f6', '3e979eb1-840f-53e4-bcbe-7b64a96104a1', '8b29a8a1-4123-5111-a156-61581ed1bcf8', '31353829-2d46-5d70-b62c-481a7db6e9c2', 'e70ecde2-d503-5c89-a951-4a0e013b66a6', '7e7abbe9-ca7b-52f6-b80b-b61d0b94710d', '0590fe2b-7c2e-5bea-be94-b277fbb381f6', 'b0bd0177-fe60-5d2e-94f7-7c8820d54dad', '5fac2d2b-e044-5277-9735-c5bfd1697848', '705d6c89-dee7-58d9-ae59-7cc04bb5e2a7', 'd38db7bd-88a8-5815-8219-39dc73765fad', '85ea0bba-ff88-5f47-8c69-d0002b2e45e6', '6d519f89-5c0e-5014-a5f0-b3248d1b99fb', 'f88b8d74-8792-5a1f-9b79-0f66b1e82805', 'a8625719-e0fb-51e8-8f99-30521e0096c5', '726d7f5b-db63-5e9e-a0c0-143ab4e37485', 'cebb35b6-fcce-5341-a96b-eeeb413974f3', '2cd70e56-68a5-5aa4-90b4-bf4efd5cc292', '8d4ec1cf-d54a-5bd7-90b6-390a96bf8401', '71a334ca-c3e8-5b3f-a138-7111a3c614c8', 'ed06bcd2-dfd0-5ebc-890c-d40fd2994427', 'fdad9e55-54ed-5d02-9f25-e29373acbcb2', 'edd7c195-004f-5d77-ba83-a8dc1ff12fac', '34b43924-324f-57c9-bf59-6af0f1685a2e', 'd81d132c-354c-56d8-a10c-7516c8387920', '8fd14b2f-0024-5b5d-9cd4-95c8c1a6bd05', '7d4aa889-cd81-5b2b-ab35-946f3ab8dd95', 'cb79caf0-f512-53f3-a540-4a85799b0f34', 'a0cb1f4f-9e9b-5bb1-9048-9115c0f079ac', 'd92a357e-98ac-5b73-b55e-bb6ab722e3ac', '968768dd-e8fb-558e-b416-29da016ead87', '548bd724-6319-593e-8c39-325e05edcd21', '8072d34a-ca89-58d9-ac09-87e4c0df94ad', '89a625d9-f8b2-56dd-b067-a7dbce2b22b4', 'ed945d96-f61b-5d1b-bac4-0d845c94b625', '567232a9-721b-5606-a571-72768cbcf968', '9cc699a4-e271-5635-8d73-be3cc7b17008', '17d1873b-fa7f-51b5-a45c-343579a518d0', '762e8ece-7bd2-5b0c-aa44-51f8cbd3fbd2', '0b991937-8736-54ad-b90b-dff1fe1c87df', 'a2d183fa-d020-5b17-bbb4-7f092b2bf576', 'ae8804f4-050a-57b4-855d-4167fee654f4', 'e38a73b7-2895-5f56-9c00-6739c1ec50ee', '9ab92369-3983-5c90-8eaa-79773232446d', '1ef031cf-a624-515c-97fd-6faf713cf63b', '5f9b93fc-e7de-5039-94db-37987a8ee65f', 'f27b66fd-66d9-5feb-a9f0-6bf7647c4605', '09cfd16d-92f3-58e4-9779-1169b0adbdc7', 'ed1252eb-00cf-57a6-b2a5-3cbbd2c1a6d3', '3ae72427-f890-5f8d-a217-823b70da53de', 'c75487a5-dc01-570e-815d-6389c6b71bd0', 'db40e64a-710f-581f-8515-d18162ce01b6', '99c7b3d8-7f05-5f7f-8cb0-93c6f7d35bb4', '547db13d-50af-5734-aaf5-349de613a22d', '1d54d14a-4a5b-549a-bec8-067e2d7f9cbc', '8acbde40-bbb5-5b40-992c-454f404501be', '21c40461-030d-507e-a0b4-ee6dd1820ef3', 'f60e7b49-425d-551a-b381-cb522fbd793f', '0d75e0d7-73e5-59be-b42a-3fd6153d7b4f', '1d0f7697-dd68-5b68-8b90-8d1b89f6047d', '20184c24-64f6-554e-a29c-ce7ec556cb71', 'cf953c88-731d-5a4f-8175-a3e570c36d66', '2fb7fd22-4057-584e-b9bc-bfe6f4ec906d', '2639d63a-109e-5005-af98-8d9b5eb7be28', 'f8ce1c7a-5f95-58ba-9b57-fa7f973fa8e8', '5be21665-555a-500f-9ae7-2512ba7a92f1', 'af225d14-1478-5b16-9a33-c9d7d00b2661', '2f9498d1-119d-5e63-8ff0-32f5576a53cc', '19b13094-56d7-53b7-8074-daa9db94cab2', '9cc2584e-bc63-5890-9a8e-7d1c2ac8cddd', '8e025ac6-f04f-594c-ba11-f47ec60c8fce', '9a3c4441-5b33-5bfd-a3af-6220d543f5ec', '8ec1fd4b-2512-50b7-9a5d-9e93f1bc05a3', '1208d46d-a934-5c11-a5a8-412136cea884', 'd237a4c6-47de-582c-b1f9-4745599d2abf', '6b1ee418-b3ea-5205-abab-ce3ad10aac5d', '47d4290d-3c94-5789-8e54-834fac1bb602', 'fb9689c7-3c48-516c-b1e0-24e553e6946d', 'cd0034c5-2434-5691-8558-243e262cce66', 'ad59602b-5b92-522c-8ea9-79d7caa7e960', '338585b9-3b3c-5969-ba05-ad8100439c3c', '7b2f6f28-a623-5d3f-9335-a118ab338929', 'e6b28b9c-3559-5874-b14f-ad39ed75cdc1', 'cd0d00b9-ec7f-5ac5-a47a-38d3e1c57bca', 'aaf65f49-3987-5c29-8f74-f5abc87a22fa', 'f39f7f88-8875-50c3-80d2-144bd7acac16', '7e4f539c-71ec-5ca9-8e51-65fe81b7703e', 'e3c3dadc-46e4-5ddc-babd-7a3f4eb3a460', '15cf21db-4cf5-566c-8b79-0e7bc09f279f', 'bd16aced-e02a-52d6-b1fc-709c11c3e671', 'dfa94b20-e353-5b44-80e2-fec761f38450', '7acad45b-a001-5c07-b069-e1313667b330', '127af05d-9c32-5dfa-a67d-7dc7a719c334', 'dde54e81-78b7-55ac-bbf1-7c7c50cc9e9b', 'a8fb946b-65a2-5a3c-a6dc-01b133a52d59', '9f316d06-2c88-5597-93b8-4806e21f0cee', '765a60fa-53b3-5152-9245-d31e86958d7d', '0497cc1f-61e8-597a-973e-e2e687aa0eee', '0a87d0ce-ebec-5e97-b35c-cdb66d324e1f', '06ba240c-9012-50c3-b06e-5b3324226af5', '47ac7cf2-f9d6-577e-a0b7-33b1e1fbfb44', 'ce741c7c-de61-5faf-a393-1d4f3a88f9df', '59617934-1848-5ede-9413-84e0a2ab1b26', 'c3d0d6d1-c781-5536-82b1-14df5a01a2ad', '6bf4363e-8a57-5f72-9879-145619dc1cee', '5be4594b-bf63-5e8d-afaa-78a8bf6a7a7e', '68a06906-1d15-51d4-9b94-e63c86a81067', '3d71ca19-4a90-5837-b851-3ca78683cc27', '480c3e45-a8e1-539a-a1d2-f17445443d8b', '05325f36-822d-5132-8a78-9fe343a09531', '8c820494-fa90-5e60-be1c-458a17f1fb4c', '2ad95c64-12ee-507b-bcab-bf79410af5b8', 'bfe93bd9-31cf-52e2-8304-f35226dcafc5', '0050247f-6af4-5966-9d7f-3d50b79ba9f9', '61652647-f552-52b4-9fc5-da8a12654ccd', '1705c2ae-70fd-51f2-acae-129e52b57904', '15af682b-4bd9-57e6-bcfb-0a1e02326740', 'b8519a67-65fa-5a8f-bf49-4e8e6771153e', 'baa2e2f0-d62d-596d-b31f-01ebc303a42a', '6cecdb6b-b5cb-5ec9-86b0-319a9514e4e3', 'b0736243-caca-50d3-ac20-e961f3c411ff', '03f7b413-40f4-5f6f-8561-60f7d80f04e9', 'e2bae698-04ea-52fd-b6fd-c06763a209f9', '3604af69-b459-56b8-ba3a-ae37221d3dc3', '0ef07935-2d7c-5cba-a302-0646a6101561', 'cd0a86b7-76bf-5805-b6d4-b8f6922f0d68', '6f5c8a31-a63f-57ab-86ab-759dbeca9cae', '9cee13e0-b5d5-52a6-bb65-67e8fc180984', '547b805d-de8e-5787-90da-ff60c40d9fed', 'cfbefcd6-31e5-52cf-8333-86b338bfb217', '46e9e98a-d56e-5db5-9d03-a17096abfdd5', 'ac15e3cd-61d6-5d38-a4b3-7a5f995d619a', '47c9e261-b611-59c2-953e-a1dc1a96fd94', 'e66244d5-12d1-5e47-a244-c34f387a7cb5', '9c00a295-0157-536a-99d0-398e9961bf52', '6baf699c-732b-51cb-b2a6-f41cf1ea586f', '9a333d23-c9ec-5e5f-b0f9-98dcef1b3fdb', '65aa6850-a52b-5b87-9608-1c3e69e29cae', '20f0a8e5-ca12-525f-8502-9d39ede1d715', '1c158e10-7afb-5ecf-ab9a-5c11ace7c7bb', '246c3649-d0d3-582d-8a4e-1a7525c1cfbe', '32862eb5-2658-557a-b8db-43d6594f1bc9', 'dd77bb25-1e47-5c1b-83d3-574fedcd63ea', '669409f4-110f-5d64-be4b-ea9eb8f40815', '27c773d6-a12d-5ade-b613-b47c37ef6201', '32aece92-e3a0-58b8-a81c-413697fc6d76', '20bcb966-f08b-5160-8d72-d26003bd28a7', 'ae814d51-372d-589c-904b-56c51ecf20c0', '8cfa1635-b873-5f21-9c97-4ae1298d6472', 'da7ba07b-84c4-5c7a-b2dc-0ad09a4f7ed5', '5ec74a83-a974-53ae-ab9a-92f4937e3356', '6c6ba3a7-e8a9-5001-b9b6-bb801a32018b', '480793ba-fdc7-593f-9703-68747ed72bf0', '402b98ea-4021-58c1-a2a3-1eef6626b215', 'c1fc3708-fe2e-5f9a-b345-b7dcf5b4be69', '584f4303-70c3-5f83-ac04-31ce276e1a37', 'fb1a5cc3-fcb6-5277-9982-9de03249bb29', 'acd7b679-bea9-5b4b-a296-b9d24413f79c', '133faad6-cea8-5e98-93d2-8c987b6ca49f', '894b64f6-d07d-51eb-a778-281ac303d228', '467234d8-30f0-52d2-bd82-36d3fdb3b929', 'b99703d1-844e-555f-bbbb-95d83f898e25', '599af47b-55b0-5055-ad86-9c7dd7d62f2e', '1e681380-3a75-54ea-9b19-6915b0f2054b', '8f414ce1-fc40-571c-b772-c23a24d7d8ad', 'aec50efa-ab52-5bf8-a85d-1fe9467da81f', '45b21e90-412e-5aae-98d9-9be830cccbd0', 'dda27967-ae97-5104-b934-2b68c7e23e65', '99d53e17-b9a5-57ac-b3b5-878c30624fb8', 'c12a7633-aa1c-5751-b7c8-e74ee2ba64fb', 'fe664f2b-a1b1-566d-b327-6f89b3c0614b', '25f2f416-353e-579c-b8f5-f8f1f66eeb44', '13f5e6dc-08d3-5d6e-b7aa-0fdc4db12234', '77f27d4a-b176-51ea-8f13-fdd1aaa2fed0', '8e6a7493-f4c5-59c6-9710-4e6016cb9ddd', 'bba882f2-8dc3-5547-99b4-d31f1418cfc0', '0995a445-ae92-5304-94ff-6336806d7863', '382b2aca-186b-5c79-a288-5366973f5930', '3450a81e-b337-5214-9b7a-bdad30cf7d88', '6bcb9123-00f6-50cb-9f31-426a403b9a12', '03102d56-8853-573f-99f5-32216ebbd37d', 'a784ee78-7509-5c45-9d18-5b7728bc6c7a', '7b3e2497-af15-5e4a-bd9e-8ac3d9e6432c', '5aa00963-eb52-5dc7-abd2-03d835580c80', 'f12e7575-4949-5e03-b596-9762edeee48f', '908bb92c-b002-560b-9e5d-e7d7fd59ffea', '740a1a4c-9480-51f1-b6ae-9d52d7030f28', '0c0f2040-8b2f-583c-b8b5-12005f0d4244', 'c0df64a7-aa94-587a-ad12-fcb52b201beb', 'ac97e38d-fb76-5e89-b37f-8eebf3ffaa96', 'b12ea9ad-554a-5fbf-ad24-1e518a18a9ea', '598fd29e-4ac7-5834-acbe-5826f71e0d11', '670ef2a5-2a6f-51f7-b729-4cc2a335747f', 'f9fe9f08-3e62-54e0-aa77-1e13f8f655e9', '70e99023-7c36-5711-bf14-5414d22dc1ab', 'f2f05a0c-a130-5fda-8478-deb3c37b9e3a', '536e32e7-442a-5c83-9440-80b21680f529', 'f58bf9eb-9037-5cdc-b9c7-41ae0d20567a', 'b0f5fd50-80ef-5ef6-a551-f11a4fe54d59', '9277006f-60a5-59b5-b454-79c32b02c549', 'ba12e55a-74d6-51f0-a97b-95c6bcdd6706', '82205923-b4c5-5b6a-8ee4-f0cb242adc1e', '9bb8eeea-7080-57d0-8f38-4d7e387e724b', 'c91c4e1a-6f4d-5791-b773-9b27e4e2bed7', 'afca41c2-10bb-53c8-9377-fdd4cbb9969e', '7227339e-a931-5a50-91e3-665168cb2995', '56953f22-d112-56e4-ae91-ea88a13a3d5b', '83854956-2bc4-5bb3-8fd2-d71b8e0033c3', 'd2f69a7e-64f8-595f-b54b-97225a61860a', '694c0085-c8a4-5266-9b55-52daa7267ee8', '079f825f-ce2d-5b37-a6cc-296e94c44e3f', '9f5bafe1-cf4b-5246-934c-02f6b8ec03ca', 'ba1b733b-cb31-580e-b58c-08ad410c0c73', 'af786eab-e136-53f4-bc88-93185f13c2b5', '89d6985c-4e41-5722-a01f-44273c7668f8', 'd5230d15-220b-51f5-aee8-3473168c2008', '980862ec-7785-536d-a1e2-708f4a607f25', 'cd9db75c-08c1-5985-b2d1-5aa3074063ab', '8f46f1a4-7887-5a58-8e5a-46b903263d3f', '33dd83a9-7dcd-5023-991b-6979fb04b290', '720d54d4-ef52-5f2b-bb7a-8f3ab330e24a', '31ef0a87-1976-55cb-83fc-562d6dfcda3a', 'c421fd3b-0805-57fb-8d79-ead50f372a25', '619233d2-e695-5e77-964d-2982ac58f2b2', '69305df2-f936-5913-83aa-4832abb35885', 'ea8cf050-1fa5-590d-bb6f-ac557aba5075', '797d3677-24d2-5a22-a349-a527311b7a7e', '1ceb366b-7824-5ae1-b69d-569990e1cba1', '244a7997-5637-542a-ac41-f2e4864ea489', '92278053-3f8a-5ad0-9aa7-93874f7a3173', 'f87aa9fe-5034-5b36-9607-ebd5349eea9d', 'd36304e6-e782-5640-933a-6e84ede88533', 'cdb1299d-4797-544d-9e7b-a8839cb1c19f', 'cebf2d16-f13c-54f4-9b91-210fdb7e0384', 'f23f4db5-f6f3-5461-8b9c-0db420c34de1', '3b66d556-12a3-5043-a4fb-784b2abf6558', '29dcf472-398e-54ba-a0ca-806b3b270af3', '46474ae1-6cc0-5baf-9050-55a6c5859769', '92082649-95a6-581f-bb1e-3d170282103b', '4650f1ce-b41f-5080-9f44-9f620880eab5', '9e82ff49-40f4-57b7-9b33-e5e7a016f9ad', '7cf4a250-0bcd-5e7f-8380-5d8193cb1b75', 'bb40751b-7f91-5029-a51f-0e9aa865cb58', '8e796157-b7f8-5822-b466-086e2a50afdf', 'ec04c6d8-584e-5a45-a65f-128997223500', 'e82a3ccc-6805-5517-85c6-12f404f6b9e5', '376f7a97-7863-56bf-849a-48f9311991af', '94944f6e-623f-5759-ade9-869bb23926aa', '44132f8c-4030-527d-ad30-3815df50a20a', '3eba17e3-cca2-51cb-8ba4-203d66109a81', '8e0426af-2ec2-53be-baeb-2ab34bd35c87', '5c2de966-f89b-53f2-8ca1-49b0a9a4192c', '85b7efff-2eeb-55b6-b721-5b65b380092d', '47557eff-85a9-5c21-83ec-d2e52d3069cd', 'cb839d84-06b4-5682-a675-f250d053055a', '00063780-71fc-56d5-8785-f2c0791fdaef', 'af778635-cbb6-5c02-8b92-493b46838719', '539b962f-9200-5937-b404-ca50c1b4134b', '873a4b86-32ad-5b55-9c68-e1dfbbba6bff', '76738366-f347-5ab8-913e-b4612e55a164', '0d8c10d8-72c3-5e7b-b561-43e57145bc0a', '99a4e938-c722-5b37-8f5c-3d90b4174669', 'cdf2eff1-b0c2-5bd7-aa08-363af6c216ad', '544452fc-d3f0-5e93-97ad-dcf470f8b676', '2a566812-0d5f-5538-bd22-8a789de3c2ad', '6d5e3172-6aff-5b41-a365-fcc131bbcad2', 'f84df874-0cce-57da-9464-837d43d7bf6a', 'd9c08adf-135f-59c5-9e14-d05c01ace01c', '4251c806-eb9f-5eac-9712-0b95418108da', 'edd7dc55-bc3b-5ff7-aaf2-7727d1737f0a', 'f862d945-e506-5c3f-b06a-a4a4bf37d20d', '8f1d27b3-2c8e-5e10-90b0-857946a35645', '823b55ff-fc42-5650-b2b9-4a741d46f8eb', '748d2ff7-0748-5788-bbf7-dbd8a6863634', '0b0bc81b-278f-571f-8050-03436336bce7', '065d1bc6-39e7-5dfc-a28d-12ac418cb31c', '4db58d30-bc41-5d9f-9361-047bb2f3c913', 'b2432cfd-6c18-5546-95ad-a8e33d4bb988', 'd2b18d04-4286-5b85-b26c-63490f715837', '3a3ab840-09e1-5cb4-9fa4-0032de40bdd7', 'b7aa06ed-aded-5bfa-b6c6-608325a7f2f3', '82313c76-a678-5da6-993d-30cea0c3a209', 'fdab0d13-8000-5cb8-9fb5-ad7fb8d1ca5b', 'dba93b5e-c230-5fb0-b39a-4d998e4c78b1', '5de96052-ceb2-5fad-b8fa-ed714c5b8cc9', '42add603-7c40-5ee4-95da-3a40fe6c5277', '1481373e-d936-5ea9-9aec-dda0900fcb92', '4f02747c-2324-5529-85e8-cc25a2bb63d2', '8ee7e385-bf74-52b7-acf9-3a573bba5b87', '8f291ce2-059e-544b-a772-4dfb985721a2', '35994069-1bfc-5513-a276-3c26fecab177', '5a014eac-a463-563c-987d-b5cecddbe103', 'dc3dd5ae-b896-507c-ad9e-6a819c31b0eb', '257edf76-ed85-56c3-bbeb-1863515a2189', '36997480-95ac-5e22-bb52-108b8ce5e462', '3c16547d-a5ea-5dc1-b274-da7eaf7a47c4', '2a50906c-011a-56be-a32d-30f37dba144a', '0ac336c4-d858-5437-9bac-79ee96307e65', '6aa48013-6828-5cf3-9221-e59ac2a0c1ba', 'a48e4fee-2805-5adc-959c-eebc829239ab', '67c47c3a-066e-571b-8fe0-56407279a9e8', '5db9d27a-faca-5e12-9047-8de6bdb42b42', '7350f25c-8073-555e-a82a-582fe8683f34', 'dfa1eeb2-3ab6-5e81-83c2-f9e175b9fd9f', '4d559d4c-341d-5c94-b71a-10b428e5e634', '60d19ffd-0720-5351-93c3-51c990dde334', '9fb75cd8-d923-54a8-920c-d1689ff721d5', '12aa80c6-6405-5437-b768-8dbc267ecc26', 'b6422d36-244a-52ae-9d9a-3973b68cb68c', '8941f387-766d-5d51-999a-8b85d9511650', 'd392b77f-a9f2-5ef3-8f31-8fb5f58d0710', '35a2ff4b-8310-54a5-b4ed-5992880661e4', 'cc6f882f-9507-57a7-bbab-75d46512bb62', '7a8f5d2a-2ec7-59eb-94c1-3d70e838e2ed', '99483ba7-8644-5a4b-b174-a63c6e958005', 'ac12e6e2-36d5-570d-bbff-898bcc3de310', 'a8d230b5-dc93-5aac-af7e-2b11a9ebbdd0', 'cf182abd-0845-591c-87ba-139b6b7e020c', '8c471a4e-7dbb-516b-9de5-7d6d19390937', '928ae4c9-2088-5470-bab2-917028dd1c37', '00689d2a-1b78-52a1-952d-a563b7fe8f7f', 'c6bf5a53-c2e8-51d5-b8b6-b194f174a9e1', '833d24fd-d7bf-5852-b390-82696322fcd7', '4eb40591-7251-5ba4-851c-3f87eef2a0e9', '0e4be6ca-b0f4-53e5-8177-88294e05bc5b', '69c12e94-53f3-5a52-8d66-28fe99fad239', 'cb3bd9bf-5cd3-5edb-8ecf-0d83ee093c98', 'a41a552e-1cb0-5c50-9902-c5f6ed0aba9a', '8e1d0380-d97f-585d-b0d3-bcc873df3829', '504abdcb-96d0-5234-8fd7-4e49ab6afcc8', '6f16d089-4385-5ca7-bf54-7a2bca0025b9', '2c16b686-bd92-5118-b4cc-7cdb42eae9d5', '722e147b-c771-5a06-99b3-c88880f7d155', '4d0b7b71-cd20-5ec2-be10-95490fa515d2', 'cd3ce125-9c9a-55b6-a075-a14e8ef64934', 'b9425003-43a1-531b-a6a6-fcb8170d9abd', '05c58752-e608-5381-9b42-2dd8986a0581', '97566ee3-03c8-579b-aad7-7540c432ceec', 'f218c7ae-4037-5653-8377-78a38ad411b8', '0538b53f-0c0f-5e0f-a32e-e291483e4aa6', '4d246437-7542-5551-9552-93c72a154fe1', 'cb149b6c-c104-556e-8cef-65c4092ba06d', '7d97c585-5732-56c0-a7bc-4a72a3295cd5', '34f96918-282a-5ec1-88e3-8b8434417c1d', '8587ac35-9a67-58ad-8059-cc2bbb8c1466', '179d8362-3503-5427-bae8-3efe9c39b070', '2d27cd0a-b8f9-58fa-9a05-a8ed732b1585', '5ecb458f-4e9b-5997-8c30-5b7f14a7df85', 'f9f417d0-e31c-5ffd-92c0-5e21b428c2cb', 'b89323ec-ce2c-5edd-a730-cd8d4b9a584d', '0600d321-493f-54e3-9b30-3bb202e94437', 'a919c840-c83f-51eb-b127-5e656c2a0361', '7afe371a-79da-5bb0-9cb0-49f6a2a3f935', 'a80cbfe7-e762-5c9e-9dd1-afacfa1ad393', 'f5b9dfcb-46a1-51af-a5d2-174b733c4400', '2dd5c938-99e8-5b60-8022-69f0e637a30f', 'd895fb1b-3ef2-5978-a606-0bf1ae1ca50e', 'd99d5a38-3a4b-5316-9241-0594317f8895', 'db54b40c-05cf-5bec-a43d-94bb6fa9c33f', 'bad52343-3bd4-5b19-bd7e-f14041bd9a47', '56c186f8-18b3-5756-ba42-52896118282c', '35d7ed39-4b60-5e96-99de-ee8a31ec0efb', '8061b0fe-4f0c-52f6-847f-1e3e7d263245', 'b65ffdab-9f74-53f7-ba6a-cc0e1a3cc0cb', 'a4eb73ea-1497-50bc-98d0-a7a5ec80df17', '34edfb36-e6ee-5bdd-a6b2-8ee61be6fd70', '50fec117-d35b-512c-ac2c-6a035c33192f', 'ef0d819b-3cd1-5ca8-baaf-1eb2eebdfd7f', '960d4ba6-9ef8-5174-8d4a-e3ec45d76dc3', '4a9446b1-e7a4-5c2f-9a49-3b3a7bb6c4d4', '6d0871fd-1394-522b-ba1f-264c8edc4d3e', 'e564b474-b117-5e9a-b2a2-6e22a0fbd878', '46c6963c-0a81-555b-9526-0f3c81775b0c', 'fa50a83e-26c0-5d96-9208-8160496730a4', 'd188a496-f814-5796-a89a-7ac8f8adc523', 'd61ac020-8f13-55f9-8f7c-619f082a0734', '7f5942f9-6208-5f74-a1fb-42727cfb9080', 'bc20d2c0-ad6f-5d20-8f60-a98f36954c97', 'c3ffae65-bb20-549d-8b12-70b82160c77f');
  END IF;
END $$;
DELETE FROM public.exercises WHERE subject_id = 'math-8eme' AND source = 'admin' AND id NOT IN ('5b6e0974-036a-5e19-a95b-9ebe8f18f088', '395cebdf-ac29-5959-baac-2cdeb6d0126b', '7945f775-aa19-5d28-91ed-554e190bd5b2', 'c2b6def3-a4ae-5c50-98f3-9852973524af', '11f08802-5735-5acd-8a80-388e358b90d8', 'b015f379-245d-54fe-89dd-fd4db6f58b0f', 'a1d41c4e-bfc7-5fe4-8c37-f71b3454f0c8', '78af02ef-808a-5643-bfce-a5093ac839c5', 'a69bea3d-99cc-55c1-91dc-e4f8741f2f4e', 'ec73e405-dab4-5f2b-955e-1f8915b8bf6d', '2fc835a3-2761-5f0a-a687-4a58c223b2e4', '7ee286db-fda1-5e83-b6ff-4e3160160dd6', 'cfa0c9fe-eaa7-5fc4-907f-4433c7eb36ce', '3149ac8e-46b8-58f4-a5da-252870ac27ec', 'b7f89252-e4dc-58ed-88ed-04dcfdaab2bb', '2b2e7d52-bc3b-54b5-a439-24e37fc3d310', '13559988-10fe-5be5-bc36-fec80d7e8cac', 'b30d6315-b456-545f-94a0-df6bda560c4f', '934c97b1-b838-5c6b-a1ae-cd55d7573b0c', '82604f58-1e97-5a36-9864-8b02b0f47f8c', 'dfb1bf66-a7bf-5ae0-bff0-01cf67f6701f', '6afe2dde-e1af-59a5-9f38-629a5ea72d6e', 'f5a30bab-b176-5023-99b4-ffa0bb144f9d', 'b1a25f8f-475b-5d0c-9595-d4b6cbc1348f', 'fc147fd2-f83e-5fb1-8aa3-d64d3d3a9e01', 'f3aceac4-8daf-52c8-b66b-ba78f16f1432', '6286991c-9921-59e8-96c0-6a8a256dcd1b', 'd9526ba3-8737-5535-9e24-20588de78b4b', '01332114-bbf9-5e43-b98f-d223affda1b2', 'a5fa6b20-7025-5ab8-89d0-0c4daf68a200', '9c14bd1f-6198-5a6a-96dd-40e4f97bee14', '9d721103-84db-56c5-9862-d761df7441ad', '9f1052bd-6a53-5f82-84f7-e48a6f951b68', '47e7b880-4a66-5345-abd9-3293a355a229', '8825a2b1-6c6a-517d-ac9e-56c2388e7bba', '4db62683-9b85-5168-bc71-b43764bde4b2', '1a35b13e-27c5-50cd-8b90-fa60f86466b7', '5bf1faa9-f11e-5c30-9bd6-c6289f648f79', '126a97fb-e69b-5ac4-ab28-f424b3b17ac6', 'e4659fcb-3ea7-5abb-81dd-adda3a51733d', 'f8b21c7d-f774-5a06-a3b4-489daf88664a', '02953175-6b30-572c-b224-4439f8fd39d5', 'b19b69c9-513f-5a9e-9fc3-6b1b80d4532d', 'cee04ed9-6549-55ee-91b3-8a121f98ce58', 'af24817d-f29d-53b3-82f1-1790f9220019', '4ba0528f-fd51-5e59-b11b-a61456e4bafb', 'ac1c08a5-920f-5250-b387-1800a08988c3', '6714716c-67f8-51e3-889e-f70f7f7b59e2', 'd143ca95-f7e1-5197-afab-fc3e5d4f14fa', '6db33607-2209-5b90-a3e1-4a58c78d9e9d', 'a412a117-80eb-5bc8-b792-3d7a9f107b30', '75223a47-b7d6-5f70-8200-4cb01800df20', '4006fc58-0a2e-56b3-95df-db1dbe8bef45', '09042276-5a6b-5c9d-8dc6-dc1c0222fa86', '45232de4-c65f-5c37-ae63-dd506e5d1800', '310837f0-97dc-5683-8c7e-625ff55ff507', '8f2fc61b-3316-5190-bd65-c1ad8d5ebc96', 'e37c0da8-3def-543d-a774-34f96607f45d', '4234ec21-6cc2-5ad3-8c8e-bb6e0d64e18d', 'd22ae00e-755d-5e63-8c0d-a3ff8a2e4b04', 'd2883264-6d36-5d98-a586-01ec33362bd5', '8faba87a-8ce2-597c-9538-467a84f65d1b', '414d836a-8afb-526a-bb45-25d32a990874', '950c4d0c-c544-56e2-b5d7-3d52044d6b50', '07b610bf-6b0e-59b6-9ffa-1eff69efacc4', '899ced15-50c9-52b5-a8fe-9702a7411439', 'a6640f80-8754-5c9a-9d2a-4b8f1db750c0', '2734d311-f733-522b-9ce5-776f6a462d64', '825acbaa-afd1-535d-9888-eeb275ce7829', '3e50939b-8769-5875-ac6c-cbf624313670', 'b0586565-2a16-5b5d-9364-740536276dc2', '62106dd1-bc9d-5609-9142-1cd0d7fa6d00', 'f8a20b88-ee46-5389-bbd1-9f450e0a862f', '77f3a946-050c-5172-a282-a67923c9d7ba', '0ce28329-9601-5e43-877a-4dd5d5f91dae', 'd2aa3cdd-19ba-5c4e-9180-d31ed661a408', '247e5a09-4627-5b73-9884-71f33d01de10', 'f258229c-e96a-5bc7-b906-c17dce1c48ee', '65c05831-3608-5507-8e81-4a14a84b6994', '2e00fa20-a744-5c4a-b6e2-759d76890c59', '9932d685-0faa-551f-8e9c-4d8bbc932a2a', '5c0f2ddd-1a9f-5fe9-aa8d-4f16ae1308e2', 'ba05c3d0-feda-5956-93ce-5d0c7cd2fca8', 'be1e4d13-1396-55cb-b432-f686b3cfdca3');
DELETE FROM public.questions WHERE exercise_id IN ('5b6e0974-036a-5e19-a95b-9ebe8f18f088', '395cebdf-ac29-5959-baac-2cdeb6d0126b', '7945f775-aa19-5d28-91ed-554e190bd5b2', 'c2b6def3-a4ae-5c50-98f3-9852973524af', '11f08802-5735-5acd-8a80-388e358b90d8', 'b015f379-245d-54fe-89dd-fd4db6f58b0f', 'a1d41c4e-bfc7-5fe4-8c37-f71b3454f0c8', '78af02ef-808a-5643-bfce-a5093ac839c5', 'a69bea3d-99cc-55c1-91dc-e4f8741f2f4e', 'ec73e405-dab4-5f2b-955e-1f8915b8bf6d', '2fc835a3-2761-5f0a-a687-4a58c223b2e4', '7ee286db-fda1-5e83-b6ff-4e3160160dd6', 'cfa0c9fe-eaa7-5fc4-907f-4433c7eb36ce', '3149ac8e-46b8-58f4-a5da-252870ac27ec', 'b7f89252-e4dc-58ed-88ed-04dcfdaab2bb', '2b2e7d52-bc3b-54b5-a439-24e37fc3d310', '13559988-10fe-5be5-bc36-fec80d7e8cac', 'b30d6315-b456-545f-94a0-df6bda560c4f', '934c97b1-b838-5c6b-a1ae-cd55d7573b0c', '82604f58-1e97-5a36-9864-8b02b0f47f8c', 'dfb1bf66-a7bf-5ae0-bff0-01cf67f6701f', '6afe2dde-e1af-59a5-9f38-629a5ea72d6e', 'f5a30bab-b176-5023-99b4-ffa0bb144f9d', 'b1a25f8f-475b-5d0c-9595-d4b6cbc1348f', 'fc147fd2-f83e-5fb1-8aa3-d64d3d3a9e01', 'f3aceac4-8daf-52c8-b66b-ba78f16f1432', '6286991c-9921-59e8-96c0-6a8a256dcd1b', 'd9526ba3-8737-5535-9e24-20588de78b4b', '01332114-bbf9-5e43-b98f-d223affda1b2', 'a5fa6b20-7025-5ab8-89d0-0c4daf68a200', '9c14bd1f-6198-5a6a-96dd-40e4f97bee14', '9d721103-84db-56c5-9862-d761df7441ad', '9f1052bd-6a53-5f82-84f7-e48a6f951b68', '47e7b880-4a66-5345-abd9-3293a355a229', '8825a2b1-6c6a-517d-ac9e-56c2388e7bba', '4db62683-9b85-5168-bc71-b43764bde4b2', '1a35b13e-27c5-50cd-8b90-fa60f86466b7', '5bf1faa9-f11e-5c30-9bd6-c6289f648f79', '126a97fb-e69b-5ac4-ab28-f424b3b17ac6', 'e4659fcb-3ea7-5abb-81dd-adda3a51733d', 'f8b21c7d-f774-5a06-a3b4-489daf88664a', '02953175-6b30-572c-b224-4439f8fd39d5', 'b19b69c9-513f-5a9e-9fc3-6b1b80d4532d', 'cee04ed9-6549-55ee-91b3-8a121f98ce58', 'af24817d-f29d-53b3-82f1-1790f9220019', '4ba0528f-fd51-5e59-b11b-a61456e4bafb', 'ac1c08a5-920f-5250-b387-1800a08988c3', '6714716c-67f8-51e3-889e-f70f7f7b59e2', 'd143ca95-f7e1-5197-afab-fc3e5d4f14fa', '6db33607-2209-5b90-a3e1-4a58c78d9e9d', 'a412a117-80eb-5bc8-b792-3d7a9f107b30', '75223a47-b7d6-5f70-8200-4cb01800df20', '4006fc58-0a2e-56b3-95df-db1dbe8bef45', '09042276-5a6b-5c9d-8dc6-dc1c0222fa86', '45232de4-c65f-5c37-ae63-dd506e5d1800', '310837f0-97dc-5683-8c7e-625ff55ff507', '8f2fc61b-3316-5190-bd65-c1ad8d5ebc96', 'e37c0da8-3def-543d-a774-34f96607f45d', '4234ec21-6cc2-5ad3-8c8e-bb6e0d64e18d', 'd22ae00e-755d-5e63-8c0d-a3ff8a2e4b04', 'd2883264-6d36-5d98-a586-01ec33362bd5', '8faba87a-8ce2-597c-9538-467a84f65d1b', '414d836a-8afb-526a-bb45-25d32a990874', '950c4d0c-c544-56e2-b5d7-3d52044d6b50', '07b610bf-6b0e-59b6-9ffa-1eff69efacc4', '899ced15-50c9-52b5-a8fe-9702a7411439', 'a6640f80-8754-5c9a-9d2a-4b8f1db750c0', '2734d311-f733-522b-9ce5-776f6a462d64', '825acbaa-afd1-535d-9888-eeb275ce7829', '3e50939b-8769-5875-ac6c-cbf624313670', 'b0586565-2a16-5b5d-9364-740536276dc2', '62106dd1-bc9d-5609-9142-1cd0d7fa6d00', 'f8a20b88-ee46-5389-bbd1-9f450e0a862f', '77f3a946-050c-5172-a282-a67923c9d7ba', '0ce28329-9601-5e43-877a-4dd5d5f91dae', 'd2aa3cdd-19ba-5c4e-9180-d31ed661a408', '247e5a09-4627-5b73-9884-71f33d01de10', 'f258229c-e96a-5bc7-b906-c17dce1c48ee', '65c05831-3608-5507-8e81-4a14a84b6994', '2e00fa20-a744-5c4a-b6e2-759d76890c59', '9932d685-0faa-551f-8e9c-4d8bbc932a2a', '5c0f2ddd-1a9f-5fe9-aa8d-4f16ae1308e2', 'ba05c3d0-feda-5956-93ce-5d0c7cd2fca8', 'be1e4d13-1396-55cb-b432-f686b3cfdca3') AND id NOT IN ('bdf5deb7-b69b-5452-9a64-c57ab37c00d2', '9b644abc-86d9-50d2-9ee1-d3cbbe885907', '6b225540-51f9-5234-b529-4207319eea6e', '7a2f0a83-6b7f-5ad5-b3e1-2dc08905f448', '11ac2ecf-f8ff-52bc-a8b9-e91c290ea84b', '8d93fd54-6bed-5ec7-9a31-910381fb41d8', 'a565d2c8-fd3c-532e-96af-cc9a38161a6b', '693c41b1-bd59-5fd3-beca-196f543f6714', '38c9c2b6-8517-5c75-b542-faf9c755a776', 'e8d6d60a-cee2-5b41-9fc2-0d62fec8badc', 'e0376be3-b65a-58c9-8c62-d1b7ec98b012', 'dbf04301-8bcf-5e35-b229-e8ea3c2ae70c', 'fdfcb91c-f4f3-51cc-bc6b-18049ef3df26', '0a709bbe-0e6d-5773-87d5-5f5f79cfcc52', 'fcdb379b-32ac-59a0-9072-f9ee0bd75a62', '139a766e-a993-5028-8980-a02a0703c607', 'b9600b5c-a190-5102-983f-3d512bb73af2', '70d93a3d-c32a-5d97-8ae4-4f2757dfc253', '3976ab3b-8de7-5cd4-993b-a381184a6407', '5c27c022-3284-5d0c-98ad-d88ad883f4ba', '0745daff-c6e6-5f4c-bd7a-0bbae6482595', '98bdcdff-f011-5268-bcb8-19d79d039d25', '2f23d2ca-b50e-5159-8fe0-cbba42e2f542', '6292455c-bcd8-5a4a-ac6a-1466e2c997cd', '597d0647-918d-500f-b7af-463cbb038648', '90170c37-355d-5f99-bae5-397bf48419cc', '5eee08af-7356-597f-829c-9b0d374961a2', '5badea6b-d1bc-525b-bf53-0507a1482df1', '4c491342-1a8f-523f-8c2d-f117d9a6d1b2', '18fef0f4-ae79-574f-8f1b-44a585692ccc', 'ad4032c4-550e-5347-8433-fe7405237681', '76b3e887-61a4-5e49-96f0-af034f29e558', '90f853d7-b030-5561-a8b0-e0ea892bff4b', '83564b0c-e2c4-5a7b-a0a2-2e974f136ce3', '5a556e12-2614-5051-9ebe-81b5af41f324', 'f55ae338-e3b8-5c61-82b6-4cf663bbd8f7', '2755689b-ed9f-5737-9cbe-412d4bb059f6', '15e2cf5c-e5f6-5cd5-9afa-ec3c13efa2ed', '104c48d8-fbbb-5871-bc45-97a6d4c6bf1a', '456548db-948d-5d7b-9a1a-44177aeedea3', '80f48a2f-b40e-5336-a937-eaa906e84f5e', '7d5147a2-930d-5322-b5d5-8553e0412f5c', '9b7fc0a9-ae1b-596d-b9d3-559ca1f15f82', '237a834f-0517-53c9-94f7-22856acf8541', '44d1e581-de7a-58b1-8d51-e5db1c3e8ff2', '1e604e84-bb1d-54a2-b0e5-8584d9f892ce', '5ef5042a-145e-5676-aedc-8f97b19bd532', '4a55f340-449f-54c8-b23b-0a891b136b41', '67fddef3-9522-5ebb-98eb-d5a97818a13c', '17648757-1c82-526a-ac11-563204028a27', 'd109e16e-a281-5d07-93a2-02432060b953', '4e3e3a77-d418-5f8d-a4f7-e6407f70a2ae', 'b773787f-a733-5864-8939-56375d185139', '7bce8d03-e881-54a9-ad6f-a82ad576b0d9', '70185d8d-bd89-5d78-9324-250bf0f9b5e4', 'fb79efff-e46b-57e1-aca6-923f07173ed8', 'b9a48384-ab57-5b5e-b71e-6ce187294906', '39826938-9f76-5d68-9ad5-7e67bf05c2ed', '02cc389d-9f66-58d2-b887-85eef7dd5df3', 'f342ee85-761c-5935-ab83-a50eeec64bad', 'fcf4870a-f286-5ec1-8e96-bc7fca7c0674', '820b5d05-9522-5f31-b201-4438c9843e5f', '2d2fd2c0-3c66-5150-9d62-a708388e62af', '1c22beea-cc29-5fd9-9703-f227da12cb6f', '3249b3ef-bdf9-51f5-8ba1-d1ec1d67c34d', 'b3ea4966-3ba9-5825-b80d-3b45e816190f', '9e8ce023-f464-5196-a0af-8257422b5691', '4b34ab56-0cf7-59bf-92e9-cb869b902fbd', 'e93661e7-7f34-540f-8a3b-9e45a6c551cd', '33577ae6-fb49-5a9b-8bea-109930a30c70', '294af9b5-ecda-50c4-88c7-835a324d12c4', 'fe01ca4c-226d-567b-b398-6ffad6cb65cf', '87fc2166-e214-5972-948c-4de0574fd2cc', '03c5d076-e98e-5cb2-a834-03e104873c0d', 'c65c96d9-b3f6-513f-9bf1-b6c85dcee773', '5881f4e7-5b93-50d3-b5e5-9c35739da15b', '31397481-af2b-582d-93cd-4b7c051705c2', '8afd637f-0833-59b2-bf4c-b88464ea3517', '6cc1dc17-1eae-5cb4-91c0-3cca4c8ec759', 'ba6c7de3-f98f-5003-af70-b1992930c41f', '55ebaddb-d0bf-5d6f-8ea3-2aeabfde27ad', '97509018-1226-5dfd-b0ec-da663a2e1d9c', 'b7354b7b-b7f6-56d4-8c34-85c979910dac', '08ced735-decf-5365-bffc-8b2b709bbb34', '744a0a8d-efd6-5e2c-84ba-e84405f54401', '5e5e6a81-9857-5b1b-9397-3a77027da1f8', 'b31707f2-5b86-5734-bc2c-b5027228d786', '3e189f46-ae22-508f-a506-f496e1fbd11f', 'ebc275e5-cefa-57c2-b327-0253f25c9b88', '8afc53f1-f92d-5d39-9885-ee9860dc7544', 'e3a0b3a5-4abb-556d-9b06-32275418106c', '8f24c60f-7c39-5a3d-8a6a-63dc2c56bcb8', 'cdcb4053-1722-5cb5-8d44-7336106ba367', 'e167992b-3c4e-5f2a-9af5-0ea81a30658a', '58cffcbe-1eda-5961-8363-984d4d304838', '3f12aef7-0bc8-53fa-bd54-00e40fbefbb6', '036e3fcf-d4f8-5826-9293-793c420c0ffa', '59694735-6192-56e0-a4b8-e8a093a1c96b', 'd04934e2-e3e2-51d8-bf87-d92eef1f8449', '6640262b-2fa7-5c80-8a82-2c6b55d9ace6', '1ae5ba45-a1d7-5faa-92a9-0da606daa917', '91f4dc19-85ac-5cc5-8cbb-92ffbc618761', 'fbb849a3-15d2-5efd-8e0f-d57c4f715fc6', '89e54cc6-4839-5737-b195-bc58cadab27a', '281849a8-fc56-5fb9-9d44-4fd637e6e2eb', '1f31b014-b43d-57e8-87f2-6e62fcef69ee', '5f6216ff-f58f-5ef7-9d51-03e452c905b1', '25d74b64-fb11-59d6-bfd4-1151259b17f7', '96b85486-80a1-5621-aa4e-9c50bc74c9b3', '0a642f45-79c6-5b4b-a114-450d7adcffc5', 'a739c692-11ec-5155-b6c2-60ebd97953f7', 'bef5b155-08aa-5434-b00f-c2f68c680ce9', 'cf98edc6-4515-55d3-ae5c-ffe51f821660', '55830d8d-0d91-5d08-a14f-35e1b52781f6', '3e979eb1-840f-53e4-bcbe-7b64a96104a1', '8b29a8a1-4123-5111-a156-61581ed1bcf8', '31353829-2d46-5d70-b62c-481a7db6e9c2', 'e70ecde2-d503-5c89-a951-4a0e013b66a6', '7e7abbe9-ca7b-52f6-b80b-b61d0b94710d', '0590fe2b-7c2e-5bea-be94-b277fbb381f6', 'b0bd0177-fe60-5d2e-94f7-7c8820d54dad', '5fac2d2b-e044-5277-9735-c5bfd1697848', '705d6c89-dee7-58d9-ae59-7cc04bb5e2a7', 'd38db7bd-88a8-5815-8219-39dc73765fad', '85ea0bba-ff88-5f47-8c69-d0002b2e45e6', '6d519f89-5c0e-5014-a5f0-b3248d1b99fb', 'f88b8d74-8792-5a1f-9b79-0f66b1e82805', 'a8625719-e0fb-51e8-8f99-30521e0096c5', '726d7f5b-db63-5e9e-a0c0-143ab4e37485', 'cebb35b6-fcce-5341-a96b-eeeb413974f3', '2cd70e56-68a5-5aa4-90b4-bf4efd5cc292', '8d4ec1cf-d54a-5bd7-90b6-390a96bf8401', '71a334ca-c3e8-5b3f-a138-7111a3c614c8', 'ed06bcd2-dfd0-5ebc-890c-d40fd2994427', 'fdad9e55-54ed-5d02-9f25-e29373acbcb2', 'edd7c195-004f-5d77-ba83-a8dc1ff12fac', '34b43924-324f-57c9-bf59-6af0f1685a2e', 'd81d132c-354c-56d8-a10c-7516c8387920', '8fd14b2f-0024-5b5d-9cd4-95c8c1a6bd05', '7d4aa889-cd81-5b2b-ab35-946f3ab8dd95', 'cb79caf0-f512-53f3-a540-4a85799b0f34', 'a0cb1f4f-9e9b-5bb1-9048-9115c0f079ac', 'd92a357e-98ac-5b73-b55e-bb6ab722e3ac', '968768dd-e8fb-558e-b416-29da016ead87', '548bd724-6319-593e-8c39-325e05edcd21', '8072d34a-ca89-58d9-ac09-87e4c0df94ad', '89a625d9-f8b2-56dd-b067-a7dbce2b22b4', 'ed945d96-f61b-5d1b-bac4-0d845c94b625', '567232a9-721b-5606-a571-72768cbcf968', '9cc699a4-e271-5635-8d73-be3cc7b17008', '17d1873b-fa7f-51b5-a45c-343579a518d0', '762e8ece-7bd2-5b0c-aa44-51f8cbd3fbd2', '0b991937-8736-54ad-b90b-dff1fe1c87df', 'a2d183fa-d020-5b17-bbb4-7f092b2bf576', 'ae8804f4-050a-57b4-855d-4167fee654f4', 'e38a73b7-2895-5f56-9c00-6739c1ec50ee', '9ab92369-3983-5c90-8eaa-79773232446d', '1ef031cf-a624-515c-97fd-6faf713cf63b', '5f9b93fc-e7de-5039-94db-37987a8ee65f', 'f27b66fd-66d9-5feb-a9f0-6bf7647c4605', '09cfd16d-92f3-58e4-9779-1169b0adbdc7', 'ed1252eb-00cf-57a6-b2a5-3cbbd2c1a6d3', '3ae72427-f890-5f8d-a217-823b70da53de', 'c75487a5-dc01-570e-815d-6389c6b71bd0', 'db40e64a-710f-581f-8515-d18162ce01b6', '99c7b3d8-7f05-5f7f-8cb0-93c6f7d35bb4', '547db13d-50af-5734-aaf5-349de613a22d', '1d54d14a-4a5b-549a-bec8-067e2d7f9cbc', '8acbde40-bbb5-5b40-992c-454f404501be', '21c40461-030d-507e-a0b4-ee6dd1820ef3', 'f60e7b49-425d-551a-b381-cb522fbd793f', '0d75e0d7-73e5-59be-b42a-3fd6153d7b4f', '1d0f7697-dd68-5b68-8b90-8d1b89f6047d', '20184c24-64f6-554e-a29c-ce7ec556cb71', 'cf953c88-731d-5a4f-8175-a3e570c36d66', '2fb7fd22-4057-584e-b9bc-bfe6f4ec906d', '2639d63a-109e-5005-af98-8d9b5eb7be28', 'f8ce1c7a-5f95-58ba-9b57-fa7f973fa8e8', '5be21665-555a-500f-9ae7-2512ba7a92f1', 'af225d14-1478-5b16-9a33-c9d7d00b2661', '2f9498d1-119d-5e63-8ff0-32f5576a53cc', '19b13094-56d7-53b7-8074-daa9db94cab2', '9cc2584e-bc63-5890-9a8e-7d1c2ac8cddd', '8e025ac6-f04f-594c-ba11-f47ec60c8fce', '9a3c4441-5b33-5bfd-a3af-6220d543f5ec', '8ec1fd4b-2512-50b7-9a5d-9e93f1bc05a3', '1208d46d-a934-5c11-a5a8-412136cea884', 'd237a4c6-47de-582c-b1f9-4745599d2abf', '6b1ee418-b3ea-5205-abab-ce3ad10aac5d', '47d4290d-3c94-5789-8e54-834fac1bb602', 'fb9689c7-3c48-516c-b1e0-24e553e6946d', 'cd0034c5-2434-5691-8558-243e262cce66', 'ad59602b-5b92-522c-8ea9-79d7caa7e960', '338585b9-3b3c-5969-ba05-ad8100439c3c', '7b2f6f28-a623-5d3f-9335-a118ab338929', 'e6b28b9c-3559-5874-b14f-ad39ed75cdc1', 'cd0d00b9-ec7f-5ac5-a47a-38d3e1c57bca', 'aaf65f49-3987-5c29-8f74-f5abc87a22fa', 'f39f7f88-8875-50c3-80d2-144bd7acac16', '7e4f539c-71ec-5ca9-8e51-65fe81b7703e', 'e3c3dadc-46e4-5ddc-babd-7a3f4eb3a460', '15cf21db-4cf5-566c-8b79-0e7bc09f279f', 'bd16aced-e02a-52d6-b1fc-709c11c3e671', 'dfa94b20-e353-5b44-80e2-fec761f38450', '7acad45b-a001-5c07-b069-e1313667b330', '127af05d-9c32-5dfa-a67d-7dc7a719c334', 'dde54e81-78b7-55ac-bbf1-7c7c50cc9e9b', 'a8fb946b-65a2-5a3c-a6dc-01b133a52d59', '9f316d06-2c88-5597-93b8-4806e21f0cee', '765a60fa-53b3-5152-9245-d31e86958d7d', '0497cc1f-61e8-597a-973e-e2e687aa0eee', '0a87d0ce-ebec-5e97-b35c-cdb66d324e1f', '06ba240c-9012-50c3-b06e-5b3324226af5', '47ac7cf2-f9d6-577e-a0b7-33b1e1fbfb44', 'ce741c7c-de61-5faf-a393-1d4f3a88f9df', '59617934-1848-5ede-9413-84e0a2ab1b26', 'c3d0d6d1-c781-5536-82b1-14df5a01a2ad', '6bf4363e-8a57-5f72-9879-145619dc1cee', '5be4594b-bf63-5e8d-afaa-78a8bf6a7a7e', '68a06906-1d15-51d4-9b94-e63c86a81067', '3d71ca19-4a90-5837-b851-3ca78683cc27', '480c3e45-a8e1-539a-a1d2-f17445443d8b', '05325f36-822d-5132-8a78-9fe343a09531', '8c820494-fa90-5e60-be1c-458a17f1fb4c', '2ad95c64-12ee-507b-bcab-bf79410af5b8', 'bfe93bd9-31cf-52e2-8304-f35226dcafc5', '0050247f-6af4-5966-9d7f-3d50b79ba9f9', '61652647-f552-52b4-9fc5-da8a12654ccd', '1705c2ae-70fd-51f2-acae-129e52b57904', '15af682b-4bd9-57e6-bcfb-0a1e02326740', 'b8519a67-65fa-5a8f-bf49-4e8e6771153e', 'baa2e2f0-d62d-596d-b31f-01ebc303a42a', '6cecdb6b-b5cb-5ec9-86b0-319a9514e4e3', 'b0736243-caca-50d3-ac20-e961f3c411ff', '03f7b413-40f4-5f6f-8561-60f7d80f04e9', 'e2bae698-04ea-52fd-b6fd-c06763a209f9', '3604af69-b459-56b8-ba3a-ae37221d3dc3', '0ef07935-2d7c-5cba-a302-0646a6101561', 'cd0a86b7-76bf-5805-b6d4-b8f6922f0d68', '6f5c8a31-a63f-57ab-86ab-759dbeca9cae', '9cee13e0-b5d5-52a6-bb65-67e8fc180984', '547b805d-de8e-5787-90da-ff60c40d9fed', 'cfbefcd6-31e5-52cf-8333-86b338bfb217', '46e9e98a-d56e-5db5-9d03-a17096abfdd5', 'ac15e3cd-61d6-5d38-a4b3-7a5f995d619a', '47c9e261-b611-59c2-953e-a1dc1a96fd94', 'e66244d5-12d1-5e47-a244-c34f387a7cb5', '9c00a295-0157-536a-99d0-398e9961bf52', '6baf699c-732b-51cb-b2a6-f41cf1ea586f', '9a333d23-c9ec-5e5f-b0f9-98dcef1b3fdb', '65aa6850-a52b-5b87-9608-1c3e69e29cae', '20f0a8e5-ca12-525f-8502-9d39ede1d715', '1c158e10-7afb-5ecf-ab9a-5c11ace7c7bb', '246c3649-d0d3-582d-8a4e-1a7525c1cfbe', '32862eb5-2658-557a-b8db-43d6594f1bc9', 'dd77bb25-1e47-5c1b-83d3-574fedcd63ea', '669409f4-110f-5d64-be4b-ea9eb8f40815', '27c773d6-a12d-5ade-b613-b47c37ef6201', '32aece92-e3a0-58b8-a81c-413697fc6d76', '20bcb966-f08b-5160-8d72-d26003bd28a7', 'ae814d51-372d-589c-904b-56c51ecf20c0', '8cfa1635-b873-5f21-9c97-4ae1298d6472', 'da7ba07b-84c4-5c7a-b2dc-0ad09a4f7ed5', '5ec74a83-a974-53ae-ab9a-92f4937e3356', '6c6ba3a7-e8a9-5001-b9b6-bb801a32018b', '480793ba-fdc7-593f-9703-68747ed72bf0', '402b98ea-4021-58c1-a2a3-1eef6626b215', 'c1fc3708-fe2e-5f9a-b345-b7dcf5b4be69', '584f4303-70c3-5f83-ac04-31ce276e1a37', 'fb1a5cc3-fcb6-5277-9982-9de03249bb29', 'acd7b679-bea9-5b4b-a296-b9d24413f79c', '133faad6-cea8-5e98-93d2-8c987b6ca49f', '894b64f6-d07d-51eb-a778-281ac303d228', '467234d8-30f0-52d2-bd82-36d3fdb3b929', 'b99703d1-844e-555f-bbbb-95d83f898e25', '599af47b-55b0-5055-ad86-9c7dd7d62f2e', '1e681380-3a75-54ea-9b19-6915b0f2054b', '8f414ce1-fc40-571c-b772-c23a24d7d8ad', 'aec50efa-ab52-5bf8-a85d-1fe9467da81f', '45b21e90-412e-5aae-98d9-9be830cccbd0', 'dda27967-ae97-5104-b934-2b68c7e23e65', '99d53e17-b9a5-57ac-b3b5-878c30624fb8', 'c12a7633-aa1c-5751-b7c8-e74ee2ba64fb', 'fe664f2b-a1b1-566d-b327-6f89b3c0614b', '25f2f416-353e-579c-b8f5-f8f1f66eeb44', '13f5e6dc-08d3-5d6e-b7aa-0fdc4db12234', '77f27d4a-b176-51ea-8f13-fdd1aaa2fed0', '8e6a7493-f4c5-59c6-9710-4e6016cb9ddd', 'bba882f2-8dc3-5547-99b4-d31f1418cfc0', '0995a445-ae92-5304-94ff-6336806d7863', '382b2aca-186b-5c79-a288-5366973f5930', '3450a81e-b337-5214-9b7a-bdad30cf7d88', '6bcb9123-00f6-50cb-9f31-426a403b9a12', '03102d56-8853-573f-99f5-32216ebbd37d', 'a784ee78-7509-5c45-9d18-5b7728bc6c7a', '7b3e2497-af15-5e4a-bd9e-8ac3d9e6432c', '5aa00963-eb52-5dc7-abd2-03d835580c80', 'f12e7575-4949-5e03-b596-9762edeee48f', '908bb92c-b002-560b-9e5d-e7d7fd59ffea', '740a1a4c-9480-51f1-b6ae-9d52d7030f28', '0c0f2040-8b2f-583c-b8b5-12005f0d4244', 'c0df64a7-aa94-587a-ad12-fcb52b201beb', 'ac97e38d-fb76-5e89-b37f-8eebf3ffaa96', 'b12ea9ad-554a-5fbf-ad24-1e518a18a9ea', '598fd29e-4ac7-5834-acbe-5826f71e0d11', '670ef2a5-2a6f-51f7-b729-4cc2a335747f', 'f9fe9f08-3e62-54e0-aa77-1e13f8f655e9', '70e99023-7c36-5711-bf14-5414d22dc1ab', 'f2f05a0c-a130-5fda-8478-deb3c37b9e3a', '536e32e7-442a-5c83-9440-80b21680f529', 'f58bf9eb-9037-5cdc-b9c7-41ae0d20567a', 'b0f5fd50-80ef-5ef6-a551-f11a4fe54d59', '9277006f-60a5-59b5-b454-79c32b02c549', 'ba12e55a-74d6-51f0-a97b-95c6bcdd6706', '82205923-b4c5-5b6a-8ee4-f0cb242adc1e', '9bb8eeea-7080-57d0-8f38-4d7e387e724b', 'c91c4e1a-6f4d-5791-b773-9b27e4e2bed7', 'afca41c2-10bb-53c8-9377-fdd4cbb9969e', '7227339e-a931-5a50-91e3-665168cb2995', '56953f22-d112-56e4-ae91-ea88a13a3d5b', '83854956-2bc4-5bb3-8fd2-d71b8e0033c3', 'd2f69a7e-64f8-595f-b54b-97225a61860a', '694c0085-c8a4-5266-9b55-52daa7267ee8', '079f825f-ce2d-5b37-a6cc-296e94c44e3f', '9f5bafe1-cf4b-5246-934c-02f6b8ec03ca', 'ba1b733b-cb31-580e-b58c-08ad410c0c73', 'af786eab-e136-53f4-bc88-93185f13c2b5', '89d6985c-4e41-5722-a01f-44273c7668f8', 'd5230d15-220b-51f5-aee8-3473168c2008', '980862ec-7785-536d-a1e2-708f4a607f25', 'cd9db75c-08c1-5985-b2d1-5aa3074063ab', '8f46f1a4-7887-5a58-8e5a-46b903263d3f', '33dd83a9-7dcd-5023-991b-6979fb04b290', '720d54d4-ef52-5f2b-bb7a-8f3ab330e24a', '31ef0a87-1976-55cb-83fc-562d6dfcda3a', 'c421fd3b-0805-57fb-8d79-ead50f372a25', '619233d2-e695-5e77-964d-2982ac58f2b2', '69305df2-f936-5913-83aa-4832abb35885', 'ea8cf050-1fa5-590d-bb6f-ac557aba5075', '797d3677-24d2-5a22-a349-a527311b7a7e', '1ceb366b-7824-5ae1-b69d-569990e1cba1', '244a7997-5637-542a-ac41-f2e4864ea489', '92278053-3f8a-5ad0-9aa7-93874f7a3173', 'f87aa9fe-5034-5b36-9607-ebd5349eea9d', 'd36304e6-e782-5640-933a-6e84ede88533', 'cdb1299d-4797-544d-9e7b-a8839cb1c19f', 'cebf2d16-f13c-54f4-9b91-210fdb7e0384', 'f23f4db5-f6f3-5461-8b9c-0db420c34de1', '3b66d556-12a3-5043-a4fb-784b2abf6558', '29dcf472-398e-54ba-a0ca-806b3b270af3', '46474ae1-6cc0-5baf-9050-55a6c5859769', '92082649-95a6-581f-bb1e-3d170282103b', '4650f1ce-b41f-5080-9f44-9f620880eab5', '9e82ff49-40f4-57b7-9b33-e5e7a016f9ad', '7cf4a250-0bcd-5e7f-8380-5d8193cb1b75', 'bb40751b-7f91-5029-a51f-0e9aa865cb58', '8e796157-b7f8-5822-b466-086e2a50afdf', 'ec04c6d8-584e-5a45-a65f-128997223500', 'e82a3ccc-6805-5517-85c6-12f404f6b9e5', '376f7a97-7863-56bf-849a-48f9311991af', '94944f6e-623f-5759-ade9-869bb23926aa', '44132f8c-4030-527d-ad30-3815df50a20a', '3eba17e3-cca2-51cb-8ba4-203d66109a81', '8e0426af-2ec2-53be-baeb-2ab34bd35c87', '5c2de966-f89b-53f2-8ca1-49b0a9a4192c', '85b7efff-2eeb-55b6-b721-5b65b380092d', '47557eff-85a9-5c21-83ec-d2e52d3069cd', 'cb839d84-06b4-5682-a675-f250d053055a', '00063780-71fc-56d5-8785-f2c0791fdaef', 'af778635-cbb6-5c02-8b92-493b46838719', '539b962f-9200-5937-b404-ca50c1b4134b', '873a4b86-32ad-5b55-9c68-e1dfbbba6bff', '76738366-f347-5ab8-913e-b4612e55a164', '0d8c10d8-72c3-5e7b-b561-43e57145bc0a', '99a4e938-c722-5b37-8f5c-3d90b4174669', 'cdf2eff1-b0c2-5bd7-aa08-363af6c216ad', '544452fc-d3f0-5e93-97ad-dcf470f8b676', '2a566812-0d5f-5538-bd22-8a789de3c2ad', '6d5e3172-6aff-5b41-a365-fcc131bbcad2', 'f84df874-0cce-57da-9464-837d43d7bf6a', 'd9c08adf-135f-59c5-9e14-d05c01ace01c', '4251c806-eb9f-5eac-9712-0b95418108da', 'edd7dc55-bc3b-5ff7-aaf2-7727d1737f0a', 'f862d945-e506-5c3f-b06a-a4a4bf37d20d', '8f1d27b3-2c8e-5e10-90b0-857946a35645', '823b55ff-fc42-5650-b2b9-4a741d46f8eb', '748d2ff7-0748-5788-bbf7-dbd8a6863634', '0b0bc81b-278f-571f-8050-03436336bce7', '065d1bc6-39e7-5dfc-a28d-12ac418cb31c', '4db58d30-bc41-5d9f-9361-047bb2f3c913', 'b2432cfd-6c18-5546-95ad-a8e33d4bb988', 'd2b18d04-4286-5b85-b26c-63490f715837', '3a3ab840-09e1-5cb4-9fa4-0032de40bdd7', 'b7aa06ed-aded-5bfa-b6c6-608325a7f2f3', '82313c76-a678-5da6-993d-30cea0c3a209', 'fdab0d13-8000-5cb8-9fb5-ad7fb8d1ca5b', 'dba93b5e-c230-5fb0-b39a-4d998e4c78b1', '5de96052-ceb2-5fad-b8fa-ed714c5b8cc9', '42add603-7c40-5ee4-95da-3a40fe6c5277', '1481373e-d936-5ea9-9aec-dda0900fcb92', '4f02747c-2324-5529-85e8-cc25a2bb63d2', '8ee7e385-bf74-52b7-acf9-3a573bba5b87', '8f291ce2-059e-544b-a772-4dfb985721a2', '35994069-1bfc-5513-a276-3c26fecab177', '5a014eac-a463-563c-987d-b5cecddbe103', 'dc3dd5ae-b896-507c-ad9e-6a819c31b0eb', '257edf76-ed85-56c3-bbeb-1863515a2189', '36997480-95ac-5e22-bb52-108b8ce5e462', '3c16547d-a5ea-5dc1-b274-da7eaf7a47c4', '2a50906c-011a-56be-a32d-30f37dba144a', '0ac336c4-d858-5437-9bac-79ee96307e65', '6aa48013-6828-5cf3-9221-e59ac2a0c1ba', 'a48e4fee-2805-5adc-959c-eebc829239ab', '67c47c3a-066e-571b-8fe0-56407279a9e8', '5db9d27a-faca-5e12-9047-8de6bdb42b42', '7350f25c-8073-555e-a82a-582fe8683f34', 'dfa1eeb2-3ab6-5e81-83c2-f9e175b9fd9f', '4d559d4c-341d-5c94-b71a-10b428e5e634', '60d19ffd-0720-5351-93c3-51c990dde334', '9fb75cd8-d923-54a8-920c-d1689ff721d5', '12aa80c6-6405-5437-b768-8dbc267ecc26', 'b6422d36-244a-52ae-9d9a-3973b68cb68c', '8941f387-766d-5d51-999a-8b85d9511650', 'd392b77f-a9f2-5ef3-8f31-8fb5f58d0710', '35a2ff4b-8310-54a5-b4ed-5992880661e4', 'cc6f882f-9507-57a7-bbab-75d46512bb62', '7a8f5d2a-2ec7-59eb-94c1-3d70e838e2ed', '99483ba7-8644-5a4b-b174-a63c6e958005', 'ac12e6e2-36d5-570d-bbff-898bcc3de310', 'a8d230b5-dc93-5aac-af7e-2b11a9ebbdd0', 'cf182abd-0845-591c-87ba-139b6b7e020c', '8c471a4e-7dbb-516b-9de5-7d6d19390937', '928ae4c9-2088-5470-bab2-917028dd1c37', '00689d2a-1b78-52a1-952d-a563b7fe8f7f', 'c6bf5a53-c2e8-51d5-b8b6-b194f174a9e1', '833d24fd-d7bf-5852-b390-82696322fcd7', '4eb40591-7251-5ba4-851c-3f87eef2a0e9', '0e4be6ca-b0f4-53e5-8177-88294e05bc5b', '69c12e94-53f3-5a52-8d66-28fe99fad239', 'cb3bd9bf-5cd3-5edb-8ecf-0d83ee093c98', 'a41a552e-1cb0-5c50-9902-c5f6ed0aba9a', '8e1d0380-d97f-585d-b0d3-bcc873df3829', '504abdcb-96d0-5234-8fd7-4e49ab6afcc8', '6f16d089-4385-5ca7-bf54-7a2bca0025b9', '2c16b686-bd92-5118-b4cc-7cdb42eae9d5', '722e147b-c771-5a06-99b3-c88880f7d155', '4d0b7b71-cd20-5ec2-be10-95490fa515d2', 'cd3ce125-9c9a-55b6-a075-a14e8ef64934', 'b9425003-43a1-531b-a6a6-fcb8170d9abd', '05c58752-e608-5381-9b42-2dd8986a0581', '97566ee3-03c8-579b-aad7-7540c432ceec', 'f218c7ae-4037-5653-8377-78a38ad411b8', '0538b53f-0c0f-5e0f-a32e-e291483e4aa6', '4d246437-7542-5551-9552-93c72a154fe1', 'cb149b6c-c104-556e-8cef-65c4092ba06d', '7d97c585-5732-56c0-a7bc-4a72a3295cd5', '34f96918-282a-5ec1-88e3-8b8434417c1d', '8587ac35-9a67-58ad-8059-cc2bbb8c1466', '179d8362-3503-5427-bae8-3efe9c39b070', '2d27cd0a-b8f9-58fa-9a05-a8ed732b1585', '5ecb458f-4e9b-5997-8c30-5b7f14a7df85', 'f9f417d0-e31c-5ffd-92c0-5e21b428c2cb', 'b89323ec-ce2c-5edd-a730-cd8d4b9a584d', '0600d321-493f-54e3-9b30-3bb202e94437', 'a919c840-c83f-51eb-b127-5e656c2a0361', '7afe371a-79da-5bb0-9cb0-49f6a2a3f935', 'a80cbfe7-e762-5c9e-9dd1-afacfa1ad393', 'f5b9dfcb-46a1-51af-a5d2-174b733c4400', '2dd5c938-99e8-5b60-8022-69f0e637a30f', 'd895fb1b-3ef2-5978-a606-0bf1ae1ca50e', 'd99d5a38-3a4b-5316-9241-0594317f8895', 'db54b40c-05cf-5bec-a43d-94bb6fa9c33f', 'bad52343-3bd4-5b19-bd7e-f14041bd9a47', '56c186f8-18b3-5756-ba42-52896118282c', '35d7ed39-4b60-5e96-99de-ee8a31ec0efb', '8061b0fe-4f0c-52f6-847f-1e3e7d263245', 'b65ffdab-9f74-53f7-ba6a-cc0e1a3cc0cb', 'a4eb73ea-1497-50bc-98d0-a7a5ec80df17', '34edfb36-e6ee-5bdd-a6b2-8ee61be6fd70', '50fec117-d35b-512c-ac2c-6a035c33192f', 'ef0d819b-3cd1-5ca8-baaf-1eb2eebdfd7f', '960d4ba6-9ef8-5174-8d4a-e3ec45d76dc3', '4a9446b1-e7a4-5c2f-9a49-3b3a7bb6c4d4', '6d0871fd-1394-522b-ba1f-264c8edc4d3e', 'e564b474-b117-5e9a-b2a2-6e22a0fbd878', '46c6963c-0a81-555b-9526-0f3c81775b0c', 'fa50a83e-26c0-5d96-9208-8160496730a4', 'd188a496-f814-5796-a89a-7ac8f8adc523', 'd61ac020-8f13-55f9-8f7c-619f082a0734', '7f5942f9-6208-5f74-a1fb-42727cfb9080', 'bc20d2c0-ad6f-5d20-8f60-a98f36954c97', 'c3ffae65-bb20-549d-8b12-70b82160c77f');
DELETE FROM public.chapters c WHERE c.subject_id = 'math-8eme' AND c.id NOT IN ('9d3bf956-8c48-58da-be03-a90180c87d33', 'd270ebef-a2db-5fb5-a15f-13265020bb60', '851ce498-e499-5f5a-97b2-91ddceda5ca0', '955a7b77-6e29-550e-8490-8c96dfd92bd6', '1d21b8df-e861-538d-a71a-2137f9397422', 'e39038b4-4633-5971-a4f9-51c9b38a7d92', '111edeb4-a8c8-52ca-8715-53f7e02b054d', '2ebee8d0-e505-5df8-b6ec-451f668d7838', 'dc069921-eb84-505a-94b2-025b1413186e', 'c8c10e2d-2106-59cb-b4a1-05920b7c30c6', 'b98c1b4f-93c6-5efb-a388-9841b4c25226', 'f74e1397-5bd0-5925-ba92-b6c5fad9d582') AND NOT EXISTS (SELECT 1 FROM public.exercises e WHERE e.chapter_id = c.id);

INSERT INTO public.chapters (id, subject_id, title, description, lesson_content, summary, display_order, manuel_ref) VALUES
  ('9d3bf956-8c48-58da-be03-a90180c87d33', 'math-8eme', 'الأعداد الجذرية النسبية والعمليات عليها', 'الأعداد الجذرية النسبية (الموجبة والسالبة) وكتاباتها الكسرية والعشرية، والقيمة المطلقة، وترتيبُها ومقارنةُ عددين كسريين بجداء الطرفين والوسطين، ثمّ الجمعُ والطرحُ والضربُ والقسمةُ على هذه الأعداد وفق قاعدة الإشارات', '# ➖ الأعداد الجذرية النسبية — حين تعبُر الأعدادُ إلى ما تحت الصفر

> 💡 «الصفرُ ليس نهايةَ العالم، بل بابُه: من ورائه تمتدّ مملكةٌ كاملةٌ من الأعداد.»

في السابعة تعلّمتَ الكسورَ والأعدادَ العشريّةَ **الموجبة**. اليوم نفتح لها بابَ السالب: درجاتُ الحرارة تحت الصفر، الديون، الأعماقُ تحت سطح البحر… كلُّها **أعدادٌ جذريّةٌ نسبيّة**. ستتعلّم كيف تقارنها وترتّبها، وكيف تجمعها وتطرحها وتضربها وتقسمها بثقةٍ باستعمال **قاعدة الإشارات**.

## 🔑 ما هو العددُ الجذريُّ النسبيّ؟

**العددُ الجذريُّ النسبيّ** هو كلُّ عددٍ يمكن كتابتُه على شكل كسرٍ a/b حيث a وb عددان صحيحان نسبيّان وb ≠ 0. يكون **موجبًا** أو **سالبًا** أو مساويًا للصفر.

- كتابةٌ **كسريّة**: −3/4 ، +5/2 ، −7/10.
- كتابةٌ **عشريّة**: −0,75 ، +2,5 ، −0,7.
- العددان −3/4 و−0,75 هما العددُ نفسُه بكتابتَين مختلفتَين.

_ملاحظة:_ نضع الإشارةَ عادةً على البسط ونُبقي المقامَ موجبًا؛ فنكتب −3/4 لا 3/(−4).

## 📏 القيمةُ المطلقة

**القيمةُ المطلقة** لعددٍ x هي بُعدُه عن الصفر على المستقيم العدديّ؛ نرمز لها بـ |x|، وهي **دائمًا موجبةٌ أو معدومة**.

$$ |−7| = 7 ، |+7| = 7 ، |0| = 0 $$

_مثال محسوب:_ العددان −7 و+7 يبعُدان عن الصفر بالمسافة نفسها (7 وحدات)، لكنّهما في جهتَين متقابلتَين؛ لذلك |−7| = |+7| = 7.

> ⚠️ الفخّ الشائع: كتابةُ |−7| = −7. القيمةُ المطلقة لا تُبقي إشارةَ السالب أبدًا؛ نتيجتُها لا تكون سالبةً قطّ.

## 📊 ترتيبُ الأعداد الجذريّة ومقارنتُها

على المستقيم العدديّ، العددُ الواقعُ إلى **اليسار** أصغر:

- كلُّ عددٍ **سالبٍ** أصغرُ من الصفر ومن كلّ عددٍ موجب. مثلًا −4 < 3.
- بين عددين **سالبين**، الأكبرُ قيمةً مطلقةً هو **الأصغر**. مثلًا −7 < −3 لأنّ |−7| = 7 أكبرُ من |−3| = 3.

**مقارنةُ كسرين لهما المقامُ نفسُه (موجب):** نقارن البسطَين. مثلًا 5/9 < 7/9.

**مقارنةُ كسرين بمقامين مختلفين موجبين — جداءُ الطرفين والوسطين:** لمقارنة a/b وc/d نحسب الجداءَين المتقاطعَين a×d وb×c:

$$ a/b < c/d ⟺ a×d < b×c $$

_مثال محسوب:_ قارِن 2/3 و3/4. نحسب 2×4 = 8 و3×3 = 9؛ بما أنّ 8 < 9 فإنّ 2/3 < 3/4. ✓

> 🗡️ في جداء الطرفين والوسطين، اضرب دائمًا بسطَ الأوّل في مقام الثاني، ومقامَ الأوّل في بسط الثاني، ثمّ قارن الناتجَين مباشرةً — بشرط أن يكون المقامان موجبَين.

## ➕ الجمعُ والطرحُ على الأعداد الجذريّة

**الجمع:**

- إشارتان **متماثلتان**: نجمع القيمتَين المطلقتَين ونحتفظ بالإشارة المشتركة. _مثال:_ (−3) + (−5) = −8.
- إشارتان **مختلفتان**: نطرح الأصغرَ قيمةً مطلقةً من الأكبر، ونأخذ إشارةَ العدد الأكبر قيمةً مطلقة. _مثال:_ (−8) + (+3) = −5 (لأنّ 8 > 3 والإشارةُ للأكبر).

**الطرح = جمعُ المعاكس:** لطرح عددٍ نجمع معاكسَه.

$$ a − b = a + (−b) $$

_مثال محسوب:_ (−4) − (−9) = (−4) + (+9) = +5. ✓

**للكسور:** نوحّد المقامات ثمّ نجمع أو نطرح البسطَين. _مثال:_ (−1/4) + (3/4) = 2/4 = 1/2.

## ✖️ الضربُ والقسمةُ على الأعداد الجذريّة

كلُّ شيءٍ يبدأ من **قاعدة الإشارات**:

| العمليّة  | النتيجة |
| --------- | ------- |
| (+) × (+) | موجبة   |
| (−) × (−) | موجبة   |
| (+) × (−) | سالبة   |
| (−) × (+) | سالبة   |

**الضرب:** نضرب القيمتَين المطلقتَين ثمّ نطبّق قاعدةَ الإشارات؛ وفي الكسور بسطٌ × بسط ومقامٌ × مقام. _مثال:_ (−3) × (+5) = −15؛ و(−2/3) × (−9/4) = +18/12 = 3/2.

**القسمة:** لها قاعدةُ الإشارات نفسُها، والقسمةُ على كسرٍ هي **الضربُ في مقلوبه**. _مثال محسوب:_ (−6/5) ÷ (−3/10) = (−6/5) × (−10/3) = +60/15 = 4. ✓

> ⚠️ الفخّ الشائع: الخلطُ بين قاعدة الإشارات في الجمع وفي الضرب. (−3) + (−5) = −8 (جمع)، لكنّ (−3) × (−5) = +15 (ضرب): حاصلُ ضرب سالبَين **موجب**، أمّا مجموعُهما فسالب.

> 🏆 صرتَ الآن تعبُر الصفرَ في الاتجاهَين: تقارن، وترتّب، وتحسب على الأعداد الجذريّة الموجبة والسالبة. في الفصل القادم ستحمل هذه القوّةَ إلى **القوى ذات الأُسّ النسبيّ**.', '# 📜 ملخّص: الأعداد الجذرية النسبية والعمليات عليها

- **العددُ الجذريُّ النسبيّ:** كلُّ عددٍ يُكتب كسرًا a/b (b ≠ 0)، موجبًا أو سالبًا، بكتابةٍ كسريّة (−3/4) أو عشريّة (−0,75).
- **القيمةُ المطلقة |x|:** بُعدُ العدد عن الصفر، موجبةٌ دائمًا؛ |−7| = |+7| = 7 و|0| = 0.
- **الترتيب:** كلُّ سالبٍ أصغرُ من الصفر ومن كلّ موجب؛ وبين سالبين الأكبرُ قيمةً مطلقةً هو الأصغر (−7 < −3).
- **مقارنةُ كسرين:** بنفس المقام الموجب نقارن البسطَين؛ بمقامين مختلفين نستعمل جداءَ الطرفين والوسطين: a/b < c/d ⟺ a×d < b×c.
- **الجمع:** إشارتان متماثلتان → نجمع القيم المطلقة ونحتفظ بالإشارة؛ مختلفتان → نطرح ونأخذ إشارةَ الأكبر قيمةً مطلقة.
- **الطرح:** جمعُ المعاكس: a − b = a + (−b).
- **الضربُ والقسمة:** قاعدةُ الإشارات ((−)(−) = +، (−)(+) = −)؛ والقسمةُ على كسرٍ ضربٌ في مقلوبه.
- **الفخّ الأكبر:** لا تخلط قاعدةَ الإشارات: (−3) + (−5) = −8 لكنّ (−3) × (−5) = +15.', 1, NULL)
ON CONFLICT (id) DO UPDATE SET
  subject_id = EXCLUDED.subject_id,
  title = EXCLUDED.title,
  description = EXCLUDED.description,
  lesson_content = EXCLUDED.lesson_content,
  summary = EXCLUDED.summary,
  display_order = EXCLUDED.display_order,
  manuel_ref = EXCLUDED.manuel_ref;

INSERT INTO public.chapters (id, subject_id, title, description, lesson_content, summary, display_order, manuel_ref) VALUES
  ('d270ebef-a2db-5fb5-a15f-13265020bb60', 'math-8eme', 'القوى', 'القوى ذات الأُسّ الصحيح النسبي (بما فيه السالب)، الأُسّ الصفري، خاصيات القوى (الجُداء والخارج وقوّة القوّة)، قوى العدد 10 موجبةً وسالبةً، والكتابة العلمية لعددٍ كبيرٍ أو صغير', '# ⚔️ القوى — سلاحُ الأعداد الكبيرة والصغيرة

> 💡 «كتلةُ الأرض تُقارب 6 × 10²⁴ كغ، وكتلةُ ذرّةٍ تُقارب 10⁻²⁷ كغ: القوى وحدها تروّض هذه الأعدادَ العملاقةَ والمتناهيةَ في الصغر.»

في السنة السابعة تعلّمتَ القوّة ذات الأُسّ الطبيعي: aⁿ هو ضربُ a في نفسه n مرّةً. في هذا الفصل نوسّع الفكرةَ إلى **الأُسّ الصحيح النسبي** (بما فيه الصفر والأعداد السالبة)، ثمّ نكتشف **الكتابة العلمية** التي يستعملها العلماءُ يوميًّا.

## 🏰 الأُسّ الصفري والأُسّ السالب

نمدّد قواعدَ القوى لتشمل الأُسَّ الصفري والأُسَّ السالب (مع أساسٍ a غيرِ معدوم):

- **الأُسّ الصفري:** كلُّ عددٍ غيرِ معدومٍ مرفوعٍ إلى الأُسّ 0 يساوي 1.

$$ a⁰ = 1 (a ≠ 0) $$

- **الأُسّ السالب:** a⁻ⁿ هو **مقلوبُ** aⁿ.

$$ a⁻ⁿ = 1/aⁿ (a ≠ 0) $$

_مثال محسوب:_ 2⁻³ = 1/2³ = 1/8 = 0,125. وأيضًا 5⁰ = 1 و10⁻¹ = 1/10 = 0,1.

> ⚠️ الفخّ الشائع: ظنُّ أنّ الأُسَّ السالب يُعطي عددًا سالبًا. هذا خطأٌ: 2⁻³ ليس −8، بل 1/8 = 0,125 (عددٌ موجبٌ أصغر من 1). الإشارةُ السالبةُ في الأُسّ تعني «المقلوب»، لا «العدد السالب».

## ⚡ خاصيات القوى

نفس قواعد السنة السابعة تبقى صالحةً، لكنّها الآن تشمل الأُسُسَ النسبيّةَ (الموجبةَ والسالبة):

| العملية      | القاعدة        | مثال محسوب                   |
| ------------ | -------------- | ---------------------------- |
| جُداء قوّتين | aⁿ × aᵐ = aⁿ⁺ᵐ | 3⁵ × 3⁻² = 3⁵⁺⁽⁻²⁾ = 3³ = 27 |
| خارج قوّتين  | aⁿ ÷ aᵐ = aⁿ⁻ᵐ | 10⁶ ÷ 10⁻² = 10⁶⁻⁽⁻²⁾ = 10⁸  |
| قوّة قوّة    | (aⁿ)ᵐ = aⁿ×ᵐ   | (2⁻²)³ = 2⁻²×³ = 2⁻⁶ = 1/64  |

القاعدةُ ثابتةٌ: في الجُداء **نجمع** الأُسّين، في الخارج **نطرح** الأُسّين، وفي قوّة قوّة **نضرب** الأُسّين — مع احترام إشارات الأعداد النسبيّة.

> 🗡️ حالةٌ مفيدةٌ: aⁿ × a⁻ⁿ = aⁿ⁺⁽⁻ⁿ⁾ = a⁰ = 1. فالقوّةُ ومقلوبُها حاصلُ ضربهما دائمًا 1: 7³ × 7⁻³ = 1.

> ⚠️ الفخّ الشائع: خلطُ قاعدة الجُداء بقاعدة قوّة القوّة. 3⁵ × 3⁻² نجمع فيه الأُسّين (3³)، بينما (2⁻²)³ نضرب فيه الأُسّين (2⁻⁶).

## 🔟 قوى العدد 10

قوى العدد 10 هي العمودُ الفقري للكتابة العلمية:

| القوّة | القيمة | القوّة | القيمة |
| ------ | ------ | ------ | ------ |
| 10³    | 1 000  | 10⁻¹   | 0,1    |
| 10²    | 100    | 10⁻²   | 0,01   |
| 10¹    | 10     | 10⁻³   | 0,001  |
| 10⁰    | 1      | 10⁻⁴   | 0,0001 |

القاعدةُ: **10ⁿ** (n موجب) يُكتب 1 يتبعه n صِفرًا؛ و**10⁻ⁿ** يُكتب 0 ثمّ فاصلةٌ ثمّ (n − 1) أصفارًا فرقمُ 1. مثلًا 10⁻³ = 0,001 (صِفران بعد الفاصلة قبل الـ1).

## 🔬 الكتابة العلمية

**الكتابة العلمية** لعددٍ هي كتابتُه على الشكل:

$$ a × 10ⁿ حيث 1 ≤ a < 10 و n عددٌ صحيحٌ نسبيّ $$

يجب أن يحتوي **a على رقمٍ واحدٍ فقط قبل الفاصلة** (من 1 إلى 9). نحرّك الفاصلةَ لنحصل على a، وعددُ مواضع التحريك يحدّد الأُسّ n.

_مثال محسوب (عددٌ كبير):_ 45 000 = 4,5 × 10⁴. (حرّكنا الفاصلةَ 4 مواضعَ نحو اليسار، فالأُسّ موجبٌ = 4. تحقّق: 4,5 × 10 000 = 45 000 ✓)

_مثال محسوب (عددٌ صغير):_ 0,0067 = 6,7 × 10⁻³. (حرّكنا الفاصلةَ 3 مواضعَ نحو اليمين، فالأُسّ سالبٌ = −3. تحقّق: 6,7 ÷ 1 000 = 0,0067 ✓)

> ⚠️ الفخّ الشائع: نسيانُ شرط 1 ≤ a < 10. فالكتابة 34 × 10³ ليست كتابةً علميّةً (a = 34 أكبر من 10)؛ الصحيحُ 3,4 × 10⁴. وكذلك خطأُ موضعٍ واحدٍ في الأُسّ: 0,0067 ليست 6,7 × 10⁻² بل 6,7 × 10⁻³.

> 🏆 أتقنتَ الآن الأُسَّ النسبيّ، وخاصياتِ القوى، وقوى العدد 10، والكتابةَ العلميّة — سلاحَ العلماء لكتابة أعدادِ الكون. في الفصل القادم ستوظّف هذه الأدواتِ في الحساب الحرفي: النشرِ والتحليل.', '# 📜 ملخّص: القوى

- **الأُسّ الصفري:** a⁰ = 1 لكلّ عددٍ a غيرِ معدوم.
- **الأُسّ السالب:** a⁻ⁿ = 1/aⁿ (المقلوب)؛ فهو عددٌ موجبٌ لا سالب (2⁻³ = 1/8 = 0,125).
- **جُداء قوّتين لهما نفس الأساس:** aⁿ × aᵐ = aⁿ⁺ᵐ (نجمع الأُسّين، بما فيها السالبة).
- **خارج قوّتين لهما نفس الأساس:** aⁿ ÷ aᵐ = aⁿ⁻ᵐ (نطرح الأُسّين).
- **قوّة قوّة:** (aⁿ)ᵐ = aⁿ×ᵐ (نضرب الأُسّين).
- **قوى العدد 10:** 10ⁿ = 1 يتبعه n صِفرًا؛ 10⁻ⁿ عددٌ عشريّ صغير (10⁻² = 0,01).
- **الكتابة العلمية:** كتابةُ العدد على الشكل a × 10ⁿ حيث 1 ≤ a < 10 وn عددٌ صحيحٌ نسبيّ (45 000 = 4,5 × 10⁴ و0,0067 = 6,7 × 10⁻³).', 2, NULL)
ON CONFLICT (id) DO UPDATE SET
  subject_id = EXCLUDED.subject_id,
  title = EXCLUDED.title,
  description = EXCLUDED.description,
  lesson_content = EXCLUDED.lesson_content,
  summary = EXCLUDED.summary,
  display_order = EXCLUDED.display_order,
  manuel_ref = EXCLUDED.manuel_ref;

INSERT INTO public.chapters (id, subject_id, title, description, lesson_content, summary, display_order, manuel_ref) VALUES
  ('851ce498-e499-5f5a-97b2-91ddceda5ca0', 'math-8eme', 'الحساب الحرفي: النشر والتحليل', 'نشرُ العبارات الحرفية بالتوزيعية البسيطة والمضاعفة، واختزالُ العبارات وتبسيطها، وتمهيدٌ للمتطابقات الهامة (a+b)² و(a−b)² و(a+b)(a−b)، والتعميلُ بإخراج العامل المشترك', '# ⚔️ الحساب الحرفي — النشرُ والتحليل

> 💡 «النشرُ يفتح الأقواس، والتحليلُ يعيد جمعها؛ ومَن يُتقن الاتجاهَين معًا يتحكّم في كلّ عبارةٍ حرفية.»

في السنة الماضية تعلّمتَ ما هي العبارةُ الحرفية وكيف تحسب قيمتَها العدديّة. اليوم ترتقي خطوةً: تتعلّم كيف **تنشر** (تفتح الأقواس) وكيف **تعمّل/تحلّل** (تعيد إخراج الأقواس). هاتان العمليّتان متعاكستان، وهما مفتاحُ حلّ المعادلات في الفصل القادم.

## 🔓 التوزيعية البسيطة: نشرُ k(a + b)

**النشرُ** هو تحويلُ جُداءٍ إلى مجموع. أبسطُ صورةٍ هي ضربُ عددٍ في قوسٍ، فنوزّع العاملَ على **كلّ** حدٍّ داخل القوسين مع احترام الإشارة:

$$ k×(a + b) = k×a + k×b $$

$$ k×(a − b) = k×a − k×b $$

_مثالان محسوبان:_

$$ 3×(2x + 5) = 3×2x + 3×5 = 6x + 15 $$

$$ 5×(x − 3) = 5×x − 5×3 = 5x − 15 $$

> ⚠️ الفخّ الشائع: توزيعُ k على الحدّ الأوّل فقط ونسيانُ الثاني (كتابةُ 5(x−3) = 5x−3 بدل 5x−15). اضرب في **كلّ** حدٍّ.

## ➖ الإشارةُ السالبة أمام القوس

عندما يسبق القوسَ عاملٌ سالبٌ أو إشارةُ طرح، تنقلب إشارةُ **كلّ** حدٍّ داخل القوسين:

$$ −(x − 3) = −x + 3 $$

$$ −2×(x + 4) = −2x − 8 $$

> ⚠️ الفخّ الأخطر: نسيانُ قلب إشارة الحدّ الثاني، فتكتب −(x−3) = −x−3 بدل −x+3. الطرحُ قبل القوس يقلب **جميع** الإشارات.

## ✖️ التوزيعية المضاعفة: نشرُ (a + b)(c + d)

لضرب قوسَين، نضرب **كلّ** حدٍّ من القوس الأوّل في **كلّ** حدٍّ من القوس الثاني، فنحصل على أربعة جُداءات ثمّ نختزل:

$$ (a + b)(c + d) = ac + ad + bc + bd $$

_مثال محسوب:_

$$ (x + 4)(x + 5) = x×x + x×5 + 4×x + 4×5 = x² + 5x + 4x + 20 = x² + 9x + 20 $$

انتبه للإشارات عند وجود طرح:

$$ (x − 3)(x + 2) = x² + 2x − 3x − 6 = x² − x − 6 $$

> 🗡️ حيلةُ التذكّر: أربعةُ جُداءات دائمًا (الأوّل×الأوّل، الأوّل×الثاني، الثاني×الأوّل، الثاني×الثاني). نسيانُ أحدها هو الخطأ رقم واحد في هذا الدرس.

## 🧩 الاختزالُ والتبسيط

بعد النشر نحصل غالبًا على حدودٍ متشابهة نجمعها. **حدّان متشابهان** لهما نفسُ الجزء الحرفيّ **بنفس القوّة**: نجمع 3x مع 2x، لكن **لا نجمع x² مع x** لأنّهما مختلفان.

$$ 2x² + 3x + x² − x = (2x² + x²) + (3x − x) = 3x² + 2x $$

_مثال محسوب (نشر ثمّ اختزال):_

$$ 2(x + 3) + 3(x − 1) = 2x + 6 + 3x − 3 = 5x + 3 $$

> ⚠️ الفخّ الشائع: ضمُّ x² إلى x (كتابةُ x²+2x = 3x)؛ الحدودُ المختلفةُ القوّةِ تبقى منفصلة.

## 🔮 تمهيدٌ للمتطابقات الهامة

بعضُ الجُداءات تتكرّر كثيرًا، فيُستحسن حفظُ نتيجتها. نستنتجها كلَّها بالتوزيعية المضاعفة:

| المتطابقة          | النشر         | مثال محسوب               |
| ------------------ | ------------- | ------------------------ |
| **(a + b)²**       | a² + 2ab + b² | (x + 3)² = x² + 6x + 9   |
| **(a − b)²**       | a² − 2ab + b² | (x − 4)² = x² − 8x + 16  |
| **(a + b)(a − b)** | a² − b²       | (x + 5)(x − 5) = x² − 25 |

الحدُّ الأوسط 2ab هو ما يميّز المربّع الكامل عن المجموع البسيط.

> ⚠️ الفخّ الأشهر في الرياضيات كلّها: كتابةُ (x + 3)² = x² + 9 بنسيان الحدّ الأوسط 6x. الصحيح: (x + 3)² = x² + 6x + 9.

## 🔧 التعميلُ بإخراج العامل المشترك

**التعميلُ** هو العمليّةُ العكسيّةُ للنشر: تحويلُ مجموعٍ إلى جُداء بإخراج العامل المشترك بين الحدود.

$$ k×a + k×b = k×(a + b) $$

قد يكون العاملُ المشتركُ عددًا، أو حرفًا، أو الاثنين معًا:

$$ 6x + 9 = 3×(2x + 3) $$

$$ x² + 7x = x×(x + 7) $$

$$ 6x² + 9x = 3x×(2x + 3) $$

> 🗡️ للتعميل الكامل، أخرج **العامل المشترك الأكبر**: في 6x² + 9x العددُ المشترك 3 والحرفُ المشترك x، فالعاملُ الأكبر 3x. تعميلٌ ناقصٌ مثل 3(2x² + 3x) صحيحُ القيمة لكنّه غيرُ مكتمل.

> 🏆 أتقنتَ الآن الاتجاهَين: النشرَ (البسيط والمضاعف) والتعميلَ بالعامل المشترك، مع تمهيدٍ للمتطابقات الهامة. هذه الأدواتُ ستُصبح سلاحَك في حلّ المعادلات وفي عمقِ الجبر في السنة القادمة.', '# 📜 ملخّص: الحساب الحرفي — النشر والتحليل

- **التوزيعية البسيطة:** k(a + b) = ka + kb وk(a − b) = ka − kb؛ نضرب العاملَ في **كلّ** حدٍّ داخل القوسين.
- **الإشارة السالبة أمام القوس:** −(a − b) = −a + b؛ الطرحُ قبل القوس يقلب إشارةَ كلّ الحدود.
- **التوزيعية المضاعفة:** (a + b)(c + d) = ac + ad + bc + bd؛ أربعةُ جُداءات ثمّ نختزل، مثل (x + 4)(x + 5) = x² + 9x + 20.
- **الاختزال:** نجمع الحدود المتشابهة فقط (نفسُ الحرف بنفس القوّة)؛ x² لا يُجمع مع x.
- **المتطابقات الهامة (تمهيد):** (a + b)² = a² + 2ab + b²؛ (a − b)² = a² − 2ab + b²؛ (a + b)(a − b) = a² − b²؛ لا تنسَ الحدّ الأوسط 2ab.
- **التعميل بالعامل المشترك:** العكسُ الدقيق للنشر: ka + kb = k(a + b)؛ أخرج العاملَ المشترك الأكبر عددًا وحرفًا، مثل 6x² + 9x = 3x(2x + 3).', 3, NULL)
ON CONFLICT (id) DO UPDATE SET
  subject_id = EXCLUDED.subject_id,
  title = EXCLUDED.title,
  description = EXCLUDED.description,
  lesson_content = EXCLUDED.lesson_content,
  summary = EXCLUDED.summary,
  display_order = EXCLUDED.display_order,
  manuel_ref = EXCLUDED.manuel_ref;

INSERT INTO public.chapters (id, subject_id, title, description, lesson_content, summary, display_order, manuel_ref) VALUES
  ('955a7b77-6e29-550e-8490-8c96dfd92bd6', 'math-8eme', 'المعادلات من الدرجة الأولى بمجهول واحد', 'حلُّ معادلةٍ من الشكل ax + b = c بمعاملاتٍ جذريّةٍ نسبيّة (أعدادٌ سالبة وكسريّة وعشريّة)، وجمعُ الحدود المتشابهة قبل الحلّ، ووضعُ مسألةٍ في معادلة، والتحقّقُ من صحّة الحلّ عدديًّا ومنطقيًّا', '# ⚔️ المعادلات من الدرجة الأولى — فكُّ شيفرة المجهول

> 💡 «كلُّ مسألةٍ في الحياة يمكن ترجمتُها إلى معادلة؛ ومن يتقن حلَّ المعادلة يملك مفتاحَ الجواب.»

في السنة السابعة تعلّمتَ حلَّ معادلاتٍ بسيطة بأعدادٍ موجبة. في هذا الفصل ترفع المستوى: تحلّ معادلاتٍ من الشكل ax + b = c بمعاملاتٍ **جذريّةٍ نسبيّة** (سالبة، كسريّة، عشريّة)، وتتعلّم جمعَ الحدود المتشابهة قبل الحلّ، ثمّ تترجم مسائلَ أعقدَ إلى معادلاتٍ تحلّها بثقة.

## 🏰 تذكيرٌ سريع: المعادلة والمجهول والحلّ

**المعادلة** مساواةٌ بين **طرفَين** (يمينَ الإشارة = ويسارَها) تحتوي على **مجهول**، حرفٌ (غالبًا x) يرمز إلى عددٍ غيرِ معروف. في الطرف ax + b نميّز:

- **الحدّ الحرفيّ** ax: يضمّ المجهول، والعددُ a هو **معامل** المجهول.
- **الحدّ العدديّ** b: عددٌ ثابتٌ بلا مجهول.

**حلُّ المعادلة** هو العددُ الذي، إذا عوّضنا به x، يجعل الطرفَين متساويَين.

> 🗡️ في 8ème صار المعامل a والحدّ b قد يكونان **سالبَين أو كسريَّين أو عشريَّين**. القاعدةُ لا تتغيّر، لكن انتبِه جيّدًا للإشارات.

## ✅ التحقّقُ من أنّ عددًا ما حلٌّ لمعادلة

نعوّض العددَ المقترَح مكانَ x في **كلا الطرفَين**، نحسب كلَّ طرفٍ كاملًا، ثمّ نقارن.

**مثال محسوب**: هل x = −2 حلٌّ للمعادلة 3x + 10 = 4؟

- الطرفُ الأوّل: 3 × (−2) + 10 = −6 + 10 = 4
- الطرفُ الثاني: 4
- الطرفان متساويان (4 = 4) ✓ إذن x = −2 حلٌّ للمعادلة.

> ⚠️ الفخّ الشائع مع الأعداد السالبة: نسيانُ أنّ 3 × (−2) = −6 (سالب)، أو حسابُ طرفٍ واحدٍ فقط. احسب الطرفَين كاملَين قبل الحكم.

## ⚖️ مبدأُ توازن المعادلة

المعادلةُ ميزانٌ متوازن. **القاعدةُ الذهبيّة**: إذا أجرينا **العمليّةَ نفسَها على الطرفَين معًا** (جمعٌ، طرحٌ، ضربٌ، أو قسمةٌ على عددٍ غيرِ الصفر)، يبقى الميزانُ متوازنًا ولا يتغيّر الحلّ.

$$ إذا كان a = b فإنّ a + k = b + k وa − k = b − k $$

هذا المبدأ هو أساسُ كلِّ طرق الحلّ التالية.

## 🧮 حلّ ax + b = c بمعاملاتٍ صحيحةٍ نسبية

نتّبع خطوتَين ثابتتَين:

**1 — نعزل الحدّ الحرفيّ**: ننقل الحدّ العدديّ b إلى الطرف الآخر **مع تغيير إشارته** (لأنّنا نطرحه من الطرفَين).

**2 — نعزل x**: نقسم الطرفَين على المعامل a (حتّى إن كان a سالبًا).

**مثال محسوب**: حلّ المعادلة −3x + 2 = 11

- نعزل الحدّ الحرفيّ: −3x = 11 − 2 = 9
- نقسم على −3: x = 9 ÷ (−3) = −3

**التحقّق**: −3 × (−3) + 2 = 9 + 2 = 11 ✓

> ⚠️ الفخّان الأشهر هنا: (1) نسيانُ تغيير إشارة الحدّ عند نقله (+2 يصبح −2)؛ (2) نسيانُ إشارة القسمة على معاملٍ سالب (9 ÷ (−3) = −3، لا +3).

## 🔢 معاملٌ كسريّ أو عشريّ: نضرب في المقلوب

إذا كان المعامل **كسرًا** من الشكل (a/b)، نعزل الحدّ الحرفيّ أوّلًا، ثمّ نضرب الطرفَين في **مقلوب المعامل** (b/a). وإذا كان المجهولُ مقسومًا (x/b)، نضرب الطرفَين في المقام b.

**مثال محسوب (معاملٌ كسريّ)**: حلّ المعادلة (3/4)x + 2 = 8

- نعزل الحدّ الحرفيّ: (3/4)x = 8 − 2 = 6
- نضرب في المقلوب (4/3): x = 6 × 4/3 = 8

**التحقّق**: (3/4) × 8 + 2 = 6 + 2 = 8 ✓

**مثال محسوب (المجهولُ مقسوم)**: حلّ المعادلة x/2 − 3 = 4 → x/2 = 7 → x = 7 × 2 = 14

**مثال محسوب (معاملٌ عشريّ)**: حلّ المعادلة 1,2x − 5 = 7 → 1,2x = 12 → x = 12 ÷ 1,2 = 10

> 🗡️ الفخّ الكسريّ: الضربُ في المعامل نفسِه بدل مقلوبه. حلُّ (3/4)x = 6 يكون بالضرب في **4/3** (فنحصل على 8)، لا في 3/4 (الذي يعطي 4,5 خطأً).

## ➕ جمعُ الحدود المتشابهة قبل الحلّ

أحيانًا يظهر المجهولُ أكثرَ من مرّة (خاصّةً عند وضع مسألة). نجمع أوّلًا الحدودَ المتشابهة لنعود إلى الشكل القياسيّ ax + b = c، ثمّ نحلّ.

**مثال محسوب**: مجموعُ ثلثِ عددٍ ورُبعِه يساوي 14: (1/3)x + (1/4)x = 14

- نوحّد المقامات: (4/12)x + (3/12)x = (7/12)x = 14
- نضرب في المقلوب (12/7): x = 14 × 12/7 = 24

**التحقّق**: (1/3) × 24 + (1/4) × 24 = 8 + 6 = 14 ✓

> ⚠️ لا تجمع المقامات! (1/3) + (1/4) = 7/12، لا 2/7 ولا 1/7. وحِّد المقامَ دائمًا قبل الجمع.

## 📐 وضعُ مسألةٍ في معادلة والتحقّق

**المنهجيّة**: (1) نسمّي المجهولَ x ونوضّح ماذا يمثّل؛ (2) نترجم المعطيات إلى معادلة؛ (3) نحلّ؛ (4) نتحقّق من الحلّ في المعادلة **وفي سياق المسألة** (طولٌ موجب، عمرٌ منطقيّ…)، ثمّ نصوغ الجواب بجملة.

**مثال محسوب**: مستطيلٌ طولُه يساوي 3 أمثال عرضِه ناقصَ 2 متر، ومحيطُه 44 مترًا. ما عرضُه؟

- نسمّي x العرضَ (بالمتر)، فالطولُ 3x − 2.
- المحيطُ = 2 × (الطول + العرض): 2 × ((3x − 2) + x) = 2 × (4x − 2) = 8x − 4
- المعادلة: 8x − 4 = 44 → 8x = 48 → x = 6
- **التحقّق**: العرض 6 م، الطول 3 × 6 − 2 = 16 م، المحيط 2 × (16 + 6) = 44 ✓
- الجواب: عرضُ المستطيل 6 أمتار.

> ⚠️ الفخّ عند الترجمة: الخلطُ بين "زيادة" (+) و"نقصان" (−)، ونسيانُ صيغة المحيط، والإجابةُ بالكمّيّة الخاطئة (الطول بدل العرض). اقرأ السؤالَ جيّدًا وتحقّق دائمًا.

> 🏆 أتقنتَ الآن حلَّ المعادلات بمعاملاتٍ نسبيّة وكسريّة وعشريّة، وجمعَ الحدود المتشابهة، ووضعَ المسائل في معادلات. هذه الأدواتُ ستفتح لك في السنة التاسعة أبوابَ المتراجحات والجُمل بمجهولَين.', '# 📜 ملخّص: المعادلات من الدرجة الأولى بمجهول واحد

- **المعادلة والمجهول والحلّ:** مساواةٌ بين طرفَين تحتوي مجهولًا x؛ في ax + b نميّز الحدّ الحرفيّ ax (وa معامله) والحدّ العدديّ b؛ الحلُّ هو العددُ الذي يجعل الطرفَين متساويَين عند التعويض.
- **التحقّقُ من حلّ:** نعوّض العددَ في كلا الطرفَين، نحسبُهما كاملَين — مع الانتباه لإشارات الأعداد السالبة — ثمّ نقارن.
- **مبدأُ التوازن:** إجراءُ العمليّة نفسِها (جمع/طرح/ضرب/قسمة على غير الصفر) على الطرفَين معًا لا يغيّر الحلّ.
- **حلّ ax + b = c (معاملٌ صحيحٌ نسبيّ):** ننقل b إلى الطرف الآخر مع **تغيير إشارته** (ax = c − b)، ثمّ نقسم على a — حتّى إن كان a سالبًا (فقد يكون الحلُّ سالبًا).
- **معاملٌ كسريّ أو عشريّ:** نعزل الحدّ الحرفيّ، ثمّ نضرب الطرفَين في **مقلوب المعامل** (b/a)؛ وإن كان المجهولُ مقسومًا x/b نضرب في المقام b.
- **جمعُ الحدود المتشابهة:** إذا تكرّر المجهول، نوحّد المقامات ونجمع الحدودَ للعودة إلى الشكل ax + b = c قبل الحلّ (لا تُجمع المقامات).
- **وضعُ مسألةٍ في معادلة:** نسمّي المجهولَ x، نترجم المعطيات إلى معادلة، نحلّها، ثمّ نتحقّق من الحلّ عدديًّا وفي سياق المسألة، ونصوغ الجواب بجملة.', 4, NULL)
ON CONFLICT (id) DO UPDATE SET
  subject_id = EXCLUDED.subject_id,
  title = EXCLUDED.title,
  description = EXCLUDED.description,
  lesson_content = EXCLUDED.lesson_content,
  summary = EXCLUDED.summary,
  display_order = EXCLUDED.display_order,
  manuel_ref = EXCLUDED.manuel_ref;

INSERT INTO public.chapters (id, subject_id, title, description, lesson_content, summary, display_order, manuel_ref) VALUES
  ('1d21b8df-e861-538d-a71a-2137f9397422', 'math-8eme', 'التناسبية والنسبة المئوية', 'التعرّفُ على السلاسل المتناسبة وحسابُ معامل التناسب، وإيجادُ الرابع المتناسب بالجداء التبادليّ، والنسبةُ المئوية (حسابُ نسبةٍ من كمّية، والزيادةُ والتخفيضُ بنسبةٍ مئوية بمعامل الضرب، وحسابُ نسبة التغيّر انطلاقًا من قيمتَين)، وقراءةُ السلّم على مخطّط، وحسابُ السرعة المتوسّطة مع التحويلات بين الساعة والدقيقة', '# ⚔️ التناسبية والنسبة المئوية — لغةُ التخفيضات والأسفار والخرائط

> 💡 «كلّ تخفيضٍ في السوق، كلّ ترقيةٍ في راتب، كلّ مسافةٍ على خريطة… هي في الحقيقة نسبةٌ مئويّةٌ أو تناسبٌ ينتظر من يقرؤه.»

أنت تعرف من السنة الماضية جدولَ التناسب ومعاملَه، وحسابَ نسبةٍ مئويّةٍ من كمّية. في هذا الفصل نرفع المستوى: نتعرّف على **السلاسل المتناسبة**، ونُتقن **الزيادةَ والتخفيضَ بنسبةٍ مئوية بمعامل ضربٍ واحد**، ونتعلّم **كيف نحسب نسبةَ التغيّر انطلاقًا من قيمتَين**، ثمّ نطبّق كلّ ذلك على السلّم والسرعة المتوسّطة. هذه الأدواتُ هي لغةُ الاقتصاد والجغرافيا والفيزياء.

## 🏰 السلاسل المتناسبة ومعاملُ التناسب

نقول إنّ سلسلتَي أعدادٍ **متناسبتان** إذا حصلنا على كلّ حدٍّ من السلسلة الثانية بضرب الحدّ المقابل له في السلسلة الأولى في **عددٍ ثابتٍ واحد** يُسمّى **معاملَ التناسب k**. نتحقّق من ذلك بحساب نسبة **كلّ عمود** (الحدّ الثاني ÷ الحدّ الأوّل): إن كانت النسبةُ **ثابتةً في كلّ الأعمدة**، فالسلسلتان متناسبتان.

| الكمّية 1 | 3   | 5   | 8   |
| --------- | --- | --- | --- |
| الكمّية 2 | 12  | 20  | 32  |

نحسب النسب: 12 ÷ 3 = 4، و20 ÷ 5 = 4، و32 ÷ 8 = 4. النسبةُ ثابتةٌ (4)، إذن السلسلتان متناسبتان ومعاملُ التناسب k = 4.

$$ الكمّيّةُ الثانية = k × الكمّيّةُ الأولى $$

> ⚠️ الفخّ الشائع: مقارنةُ عمودَين فقط. سلسلتان قد تتّفقان في عمودَين وتختلفان في الثالث؛ افحص **كلّ** الأعمدة قبل الحكم بالتناسب.

## 🧮 الرابعُ المتناسب: الجداءُ التبادليّ

إذا نقص حدٌّ واحد في سلسلةٍ متناسبةٍ من عمودَين، نسمّيه **الرابعَ المتناسب** ونحسبه بـ **الجداء التبادليّ (الضرب التقاطعيّ)**: نضرب الحدَّين المتقاطعَين المعلومَين ونقسم على الحدّ الثالث المعلوم.

| الكمّية 1 | 6   | 15  |
| --------- | --- | --- |
| الكمّية 2 | 8   | x   |

$$ x = (15 × 8) ÷ 6 = 120 ÷ 6 = 20 $$

> ⚠️ الفخّ الأشهر: ضربُ حدَّين من **العمود نفسه** بدل الحدَّين المتقاطعَين، أو القسمةُ على الحدّ الخطأ. اكتب السلسلةَ دائمًا قبل الحساب.

## 💰 حسابُ نسبةٍ مئوية من كمّية

**النسبةُ المئوية** t % هي معاملُ تناسبٍ قيمتُه t ÷ 100. لحساب t % من كمّيّةٍ Q:

$$ t % من Q = (t × Q) ÷ 100 $$

**مثال محسوب**: 15 % من 240 دينارًا = (15 × 240) ÷ 100 = 3600 ÷ 100 = 36 دينارًا.

كلّ نسبةٍ مئوية تُكتب أيضًا كسرًا مقامُه 100، أو عددًا عشريًّا (قسمة t على 100): 15 % = 15/100 = 0,15.

## 📈 الزيادةُ والتخفيضُ بنسبةٍ مئوية: معاملُ الضرب

الجديدُ هذا العام هو حسابُ القيمة **بعد** زيادةٍ أو تخفيض بمعامل ضربٍ واحد، بدل خطوتَين:

- **الزيادةُ بـ t %**: القيمةُ الجديدة = القيمةُ الأصليّة × (1 + t/100).
- **التخفيضُ بـ t %**: القيمةُ الجديدة = القيمةُ الأصليّة × (1 − t/100).

$$ زيادة t %: × (1 + t/100) — تخفيض t %: × (1 − t/100) $$

**مثال محسوب (تخفيض)**: قميصٌ ثمنُه 90 دينارًا، عليه تخفيضٌ 20 %. الثمنُ بعد التخفيض = 90 × (1 − 20/100) = 90 × 0,8 = 72 دينارًا.

**مثال محسوب (زيادة)**: راتبٌ 500 دينار، زِيد بنسبة 10 %. الراتبُ الجديد = 500 × (1 + 10/100) = 500 × 1,1 = 550 دينارًا.

**الاتّجاهُ العكسيّ** (نعرف القيمة الجديدة ونطلب الأصليّة): نقسم على معامل الضرب. إذا أصبح ثمنٌ بعد تخفيض 20 % يساوي 72 دينارًا، فالأصليّ = 72 ÷ 0,8 = 90 دينارًا.

> ⚠️ الفخّ القاتل: بعد تخفيض 20 %، **لا** يعود الثمنُ إلى أصله بزيادة 20 % عليه — لأنّ 20 % تُحسب على قيمةٍ أصغر. استعمل القسمةَ على معامل الضرب، لا الزيادةَ العكسيّة.

## 🎯 حسابُ نسبة التغيّر انطلاقًا من قيمتَين

إذا عرفنا القيمةَ الأصليّة والقيمةَ الجديدة وأردنا **نسبةَ الزيادة أو التخفيض**:

$$ نسبةُ التغيّر % = (القيمةُ الجديدة − القيمةُ الأصليّة) ÷ القيمةُ الأصليّة × 100 $$

**مثال محسوب**: ارتفع ثمنُ سلعةٍ من 80 دينارًا إلى 100 دينار. نسبةُ الزيادة = (100 − 80) ÷ 80 × 100 = 20 ÷ 80 × 100 = 25 %.

> ⚠️ الفخّ الأخطر: القسمةُ على القيمة **الجديدة** بدل الأصليّة (20 ÷ 100 = 20 %). نسبةُ التغيّر تُحسب دائمًا بالنسبة إلى **القيمة الأصليّة** (المرجع).

## 🗺️ السلّم: من المخطّط إلى الواقع

**السلّمُ** معاملُ تناسبٍ يُكتب على الصورة 1/n، يربط مسافةً على مخطّطٍ بالمسافة الحقيقيّة بالوحدة نفسها: 1 سم على المخطّط يمثّل n سم في الواقع.

**مثال محسوب**: على خريطةٍ سلّمُها 1/50000، المسافةُ بين قريتَين 7 سم. الحقيقيّة = 7 × 50000 = 350000 سم = 3500 م = 3,5 كم.

> 🗡️ حوّل الوحدتَين إلى الوحدة نفسها (السنتيمتر غالبًا) قبل استعمال السلّم، ثمّ عامله كمعامل تناسب عاديّ: الحقيقيّة = المخطّط × n، والمخطّط = الحقيقيّة ÷ n.

## 🚗 السرعةُ المتوسّطة والتحويلات

**السرعةُ المتوسّطةُ** تربط المسافةَ المقطوعة بالزمن المستغرق:

$$ السرعة = المسافة ÷ الزمن $$

بمسافةٍ بالكيلومتر وزمنٍ بالساعة تكون السرعةُ بـ كم/سا. ومن هذه العلاقة نستنتج: المسافة = السرعة × الزمن، والزمن = المسافة ÷ السرعة.

**تحويلُ الدقائق إلى ساعات**: بما أنّ الساعة = 60 دقيقة، فإنّ m دقيقة = m ÷ 60 ساعة. مثلًا 30 د = 0,5 سا، و1 سا 15 د = 1,25 سا، و45 د = 0,75 سا.

**مثال محسوب**: قطع قطارٌ 120 كم في 1 سا 30 د. نحوّل الزمن: 1 سا 30 د = 1,5 سا. السرعة = 120 ÷ 1,5 = 80 كم/سا.

> ⚠️ الفخّ الأشهر: القسمةُ على عدد الدقائق مباشرةً (120 ÷ 90) بدل تحويلها إلى ساعات أوّلًا (120 ÷ 1,5). حوّل الزمنَ إلى ساعاتٍ قبل القسمة كلّما كانت الوحدةُ المطلوبة كم/سا.

> 🏆 أتقنتَ الآن التناسبيةَ والنسبةَ المئوية بكلّ وجوهها: السلاسلَ المتناسبة، الرابعَ المتناسب، الزيادةَ والتخفيضَ بمعامل ضرب، نسبةَ التغيّر، السلّم، والسرعةَ المتوسّطة. هذه الأدواتُ ستقودك في الإحصاء والهندسة، وستمهّد لك الدوالَّ الخطّية والتآلفية في السنة القادمة.', '# 📜 ملخّص: التناسبية والنسبة المئوية

- **السلاسلُ المتناسبة ومعاملُها:** سلسلتان متناسبتان إذا كانت نسبةُ كلّ عمود (الثانية ÷ الأولى) **ثابتة** عبر كلّ الأعمدة؛ هذه النسبةُ الثابتة هي معاملُ التناسب k، و«الثانية = k × الأولى».
- **الرابعُ المتناسب:** حدٌّ ناقصٌ في سلسلةٍ من عمودَين يُحسب بالجداء التبادليّ: نضرب الحدَّين المتقاطعَين المعلومَين ونقسم على الحدّ الثالث.
- **نسبةٌ مئوية من كمّية:** t % من Q تساوي (t × Q) ÷ 100؛ وتُكتب كسرًا مقامُه 100 أو عددًا عشريًّا (t ÷ 100).
- **الزيادةُ والتخفيضُ بمعامل ضرب:** زيادةٌ بـ t %: × (1 + t/100)؛ تخفيضٌ بـ t %: × (1 − t/100)؛ لإيجاد القيمة الأصليّة نقسم القيمةَ الجديدة على معامل الضرب (لا نعكس النسبة).
- **نسبةُ التغيّر من قيمتَين:** النسبة % = (الجديدة − الأصليّة) ÷ الأصليّة × 100؛ القسمةُ دائمًا على القيمة **الأصليّة** لا الجديدة.
- **السلّم:** معاملُ تناسبٍ 1/n بين مسافةٍ على مخطّطٍ ومسافةٍ حقيقيّة بالوحدة نفسها؛ الحقيقيّة = المخطّط × n، والمخطّط = الحقيقيّة ÷ n.
- **السرعةُ المتوسّطة:** السرعة = المسافة ÷ الزمن (كم/سا)؛ المسافة = السرعة × الزمن، والزمن = المسافة ÷ السرعة؛ تُحوَّل الدقائقُ إلى ساعات بقسمتها على 60 قبل الحساب.', 5, NULL)
ON CONFLICT (id) DO UPDATE SET
  subject_id = EXCLUDED.subject_id,
  title = EXCLUDED.title,
  description = EXCLUDED.description,
  lesson_content = EXCLUDED.lesson_content,
  summary = EXCLUDED.summary,
  display_order = EXCLUDED.display_order,
  manuel_ref = EXCLUDED.manuel_ref;

INSERT INTO public.chapters (id, subject_id, title, description, lesson_content, summary, display_order, manuel_ref) VALUES
  ('e39038b4-4633-5971-a4f9-51c9b38a7d92', 'math-8eme', 'الإحصاء: التواترات والمعدّل', 'السلاسل الإحصائية والتعدادات، التواتر النسبي بالنسبة المئوية، الجداول الإحصائية، التمثيل بالمدرّج التكراري وبالقطاعات الدائرية (حساب زوايا القطاعات)، وحساب المعدّل الحسابي البسيط والمرجّح — وفق برنامج السنة الثامنة أساسي', '# 📊 الإحصاء — من الأرقام الخام إلى القرار

> 💡 «العدّ يقول لك كم؛ والتواتر يقول لك ما الحصّة؛ والمعدّل يختصر السلسلةَ كلَّها في رقمٍ واحد. مَن يُتقن الثلاثة يقرأ العالمَ بلغة الأرقام.»

في السنة الماضية تعلّمتَ كيف تجمع بياناتٍ وتعدّها في جدول. اليوم ترتقي خطوةً: لا تكتفي بعدّ **التعداد** (كم مرّة ظهرت كلّ قيمة)، بل تحسب **التواتر النسبيّ** (ما حصّتُها من المجموع، بالنسبة المئوية)، وترسمها **مدرّجًا** أو **قطاعاتٍ دائريّة** بزوايا محسوبة، ثمّ تختصر السلسلةَ كلَّها في **المعدّل الحسابيّ**. هذه الأدواتُ هي لغةُ الصحافة والاقتصاد والرياضة.

## 🔁 تذكيرٌ سريع: السلسلةُ الإحصائيّة والتعداد

في أيّ دراسةٍ إحصائيّة نتعامل مع:

- **الجمعُ الإحصائيّ**: مجموعةُ العناصر المدروسة (مثلًا 40 تلميذًا في معهد).
- **الصفةُ المدروسة**: الخاصّيةُ الملاحَظة (مثلًا نوعُ الكتاب المفضّل).
- **القيمُ**: الإجاباتُ الممكنة (روايات، قصص علميّة، تاريخ، شعر).
- **التعدادُ (l''effectif)**: عددُ العناصر التي تأخذ قيمةً معيّنة (كم تلميذًا اختار الروايات).
- **التعدادُ الكليّ (l''effectif total)**: مجموعُ كلّ التعدادات، وهو عددُ عناصر الجمع الإحصائيّ كلِّها.

**خاصّيةٌ أساسيّة**: مجموعُ التعدادات يساوي دائمًا التعدادَ الكليّ.

> 🗡️ سنستعمل في كلّ الدرس مثالًا واحدًا: سُئل 40 تلميذًا في معهد النصر عن نوع الكتاب المفضّل، فكانت التعدادات: روايات 16، قصص علميّة 10، تاريخ 8، شعر 6. تحقّق: 16 + 10 + 8 + 6 = 40 ✓ (وهو التعداد الكليّ).

## 📊 التواترُ النسبيّ (la fréquence)

**التواترُ النسبيّ** لقيمةٍ هو حصّتُها من التعداد الكليّ. نحسبه بقسمة تعداد القيمة على التعداد الكليّ:

$$ \text{التواتر النسبي} = \dfrac{\text{تعداد القيمة}}{\text{التعداد الكلي}} $$

ونعبّر عنه غالبًا بـ**نسبةٍ مئويّة** بضربه في 100. من مثالنا (التعداد الكليّ 40):

$$ \text{تواتر الروايات} = \dfrac{16}{40} = 0.4 = 40\% $$

$$ \text{تواتر القصص العلمية} = \dfrac{10}{40} = 0.25 = 25\% $$

**خاصّيةٌ أساسيّة للتحقّق**: مجموعُ التواترات النسبيّة لكلّ القيم يساوي دائمًا **1** (أي **100%**). في مثالنا: 40% + 25% + 20% + 15% = 100% ✓.

> ⚠️ الفخّ الأخطر: الخلطُ بين **التعداد** (عددٌ صحيح: كم عنصرًا، هنا 16 تلميذًا) و**التواتر النسبيّ** (حصّةٌ: 40%). التعدادُ يُعدّ، والتواترُ يُقسَم. إذا سُئلت «كم تلميذًا؟» فالجوابُ تعدادٌ، وإذا سُئلت «ما النسبة؟» فالجوابُ تواترٌ نسبيّ.

> 🗡️ العكسُ مفيدٌ جدًّا: إذا عرفتَ التواترَ النسبيّ والتعدادَ الكليّ، تجد التعداد بالضرب: تعدادُ القيمة = التواتر النسبيّ × التعداد الكليّ. مثال: 25% من 40 = 0.25 × 40 = 10 تلاميذ.

## 📋 الجدولُ الإحصائيّ الكامل

نجمع التعداداتِ والتواتراتِ النسبيّة في جدولٍ واحد. لكلّ سطرٍ: القيمة، تعدادُها، وتواترُها النسبيّ (مئويّ):

| القيمة      | التعداد | التواتر النسبي |
| ----------- | ------- | -------------- |
| روايات      | 16      | 40%            |
| قصص علميّة  | 10      | 25%            |
| تاريخ       | 8       | 20%            |
| شعر         | 6       | 15%            |
| **المجموع** | **40**  | **100%**       |

سطرُ المجموع هو أداةُ المراقبة: عمودُ التعداد يجب أن يساوي التعدادَ الكليّ (40)، وعمودُ التواتر يجب أن يساوي 100%. إن لم يتحقّق ذلك، ففي الحساب خطأ.

> ⚠️ الفخّ الشائع: تواتراتٌ نسبيّةٌ لا يبلغ مجموعُها 100% (مثل 40% + 25% + 20% + 10% = 95%). كلُّ خللٍ في المجموع يكشف خطأً في قسمةٍ أو في تعدادٍ منسيّ.

## 📶 التمثيلُ بالمدرّج التكراريّ (l''histogramme)

عندما تكون القيمُ **مجمّعةً في فئات** (مجالات متتالية)، نمثّلها بـ**مدرّج تكراريّ**: مستطيلاتٌ **متلاصقةٌ بلا فراغات**، لكلّ فئةٍ مستطيلٌ ارتفاعُه يتناسب مع تعدادها.

مثال: وُزّع 30 مشاركًا في نادٍ ثقافيّ حسب فئات العمر: المجال [10, 12[ فيه 6، والمجال [12, 14[ فيه 12، والمجال [14, 16[ فيه 8، والمجال [16, 18[ فيه 4.

<svg viewBox="0 0 240 150" xmlns="http://www.w3.org/2000/svg">
  <line x1="20" y1="10" x2="20" y2="130" stroke="#1f2937" stroke-width="1.5"/>
  <line x1="20" y1="130" x2="230" y2="130" stroke="#1f2937" stroke-width="1.5"/>
  <rect x="20" y="82" width="40" height="48" fill="#f97316" stroke="#1f2937" stroke-width="1.5"/>
  <rect x="60" y="34" width="40" height="96" fill="#3b82f6" stroke="#1f2937" stroke-width="1.5"/>
  <rect x="100" y="66" width="40" height="64" fill="#10b981" stroke="#1f2937" stroke-width="1.5"/>
  <rect x="140" y="98" width="40" height="32" fill="#eab308" stroke="#1f2937" stroke-width="1.5"/>
  <text x="40" y="77" font-size="12" text-anchor="middle" fill="#1f2937">6</text>
  <text x="80" y="29" font-size="12" text-anchor="middle" fill="#1f2937">12</text>
  <text x="120" y="61" font-size="12" text-anchor="middle" fill="#1f2937">8</text>
  <text x="160" y="93" font-size="12" text-anchor="middle" fill="#1f2937">4</text>
  <text x="20" y="143" font-size="11" text-anchor="middle" fill="#1f2937">10</text>
  <text x="60" y="143" font-size="11" text-anchor="middle" fill="#1f2937">12</text>
  <text x="100" y="143" font-size="11" text-anchor="middle" fill="#1f2937">14</text>
  <text x="140" y="143" font-size="11" text-anchor="middle" fill="#1f2937">16</text>
  <text x="180" y="143" font-size="11" text-anchor="middle" fill="#1f2937">18</text>
</svg>

**قراءةُ المدرّج**: أعلى مستطيلٍ هو الفئةُ [12, 14[ بتعداد 12 (الفئةُ الأكثر تمثيلًا)، وأقصرُ مستطيلٍ هو [16, 18[ بتعداد 4. التعدادُ الكليّ = 6 + 12 + 8 + 4 = 30.

> ⚠️ الفخّ الشائع: الخلطُ بين **المدرّج التكراريّ** (مستطيلاتٌ **متلاصقة** لفئاتٍ متّصلة) و**التمثيل بالأعمدة** (أعمدةٌ **منفصلة** لقيمٍ مستقلّة مثل الألوان). التلاصقُ يعني «مجالاتٌ متتالية».

## 🥧 التمثيلُ بالقطاعات الدائريّة وحسابُ الزوايا

في السنة الماضية تعلّمتَ أنّ القطاعَ يتناسب مع التواتر. اليوم **تحسب زاويةَ كلّ قطاعٍ بالدرجات**. الدائرةُ الكاملةُ 360° تمثّل التعدادَ الكليّ (100%)، فزاويةُ قطاعٍ تُحسب هكذا:

$$ \text{زاوية القطاع} = \text{التواتر النسبي} × 360° = \dfrac{\text{تعداد القيمة}}{\text{التعداد الكلي}} × 360° $$

من مثال الكتب:

$$ \text{زاوية الروايات} = \dfrac{16}{40} × 360° = 0.4 × 360° = 144° $$

<svg viewBox="0 0 120 120" xmlns="http://www.w3.org/2000/svg">
  <path d="M60,60 L60,10 A50,50 0 0,1 89.39,100.45 Z" fill="#f97316" stroke="#1f2937" stroke-width="1"/>
  <path d="M60,60 L89.39,100.45 A50,50 0 0,1 19.55,89.39 Z" fill="#3b82f6" stroke="#1f2937" stroke-width="1"/>
  <path d="M60,60 L19.55,89.39 A50,50 0 0,1 19.55,30.61 Z" fill="#10b981" stroke="#1f2937" stroke-width="1"/>
  <path d="M60,60 L19.55,30.61 A50,50 0 0,1 60,10 Z" fill="#eab308" stroke="#1f2937" stroke-width="1"/>
  <text x="88.5" y="50.7" font-size="11" text-anchor="middle" fill="#1f2937">أ</text>
  <text x="55.3" y="89.6" font-size="11" text-anchor="middle" fill="#1f2937">ب</text>
  <text x="30" y="60" font-size="11" text-anchor="middle" fill="#1f2937">ج</text>
  <text x="46.4" y="33.3" font-size="11" text-anchor="middle" fill="#1f2937">د</text>
</svg>

القطاعاتُ (أ: روايات 144°، ب: قصص علميّة 90°، ج: تاريخ 72°، د: شعر 54°). **تحقّق دائمًا**: مجموعُ الزوايا يساوي 360°: 144 + 90 + 72 + 54 = 360° ✓.

> ⚠️ الفخّ الشائع: كتابةُ الزاوية مساويةً للتعداد أو للنسبة مباشرةً (زاوية الروايات 16° أو 40°) بنسيان الضرب في 360. النسبةُ حصّةٌ، والزاويةُ حصّةٌ **من 360**.

## ➗ المعدّلُ الحسابيّ (la moyenne)

**المعدّلُ الحسابيّ** يختصر سلسلةً من الأعداد في قيمةٍ واحدةٍ «تمثّلها». نميّز حالتين.

**الحالة 1 — معدّلُ قيمٍ مفردة**: نجمعها ونقسم على عددها.

$$ \text{المعدل} = \dfrac{\text{مجموع القيم}}{\text{عددها}} $$

مثال: علاماتُ تلميذٍ 12، 8، 10، 14، 16. المعدّل = (12 + 8 + 10 + 14 + 16) ÷ 5 = 60 ÷ 5 = **12**.

**الحالة 2 — المعدّلُ المرجّح (بالتعدادات)**: عندما تتكرّر القيمُ بتعداداتٍ مختلفة، نضرب كلَّ قيمةٍ في تعدادها، نجمع الجُداءات، ثمّ نقسم على **التعداد الكليّ** (لا على عدد القيم المختلفة).

$$ \text{المعدل} = \dfrac{\sum (\text{القيمة} × \text{تعدادها})}{\text{التعداد الكلي}} $$

مثال: عددُ الإخوة عند 20 تلميذًا: 0 (عند 4 تلاميذ)، 1 (عند 7)، 2 (عند 6)، 3 (عند 3). التعدادُ الكليّ = 4 + 7 + 6 + 3 = 20.

$$ \text{المعدل} = \dfrac{0×4 + 1×7 + 2×6 + 3×3}{20} = \dfrac{0 + 7 + 12 + 9}{20} = \dfrac{28}{20} = 1.4 $$

في المتوسّط، لكلّ تلميذٍ 1.4 من الإخوة (ومن الطبيعيّ ألّا يكون المعدّلُ عددًا صحيحًا).

> ⚠️ الفخّ الأخطر في المعدّل المرجّح: القسمةُ على **عدد القيم المختلفة** (هنا 4) بدل **التعداد الكليّ** (20). القاسمُ دائمًا هو مجموعُ التعدادات.

> 🗡️ فخٌّ ثانٍ: نسيانُ ترجيح كلّ قيمةٍ بتعدادها وجمعُ القيم فقط (0 + 1 + 2 + 3 = 6، ثمّ ÷ 4). لا بدّ من الضرب في التعداد **قبل** الجمع.

> 🏆 أتقنتَ الآن الإحصاءَ في مستوى الثامنة: التعدادَ والتعدادَ الكليّ، التواترَ النسبيّ بالنسبة المئوية ومجموعَه 100%، الجدولَ الإحصائيّ الكامل، المدرّجَ التكراريّ، القطاعاتِ الدائريّة بزواياها المحسوبة (النسبة × 360)، والمعدّلَ الحسابيّ البسيطَ والمرجّح. هذه الأدواتُ سلاحُك لقراءة أيّ سلسلةٍ من الأرقام واتّخاذ القرار على أساسها.', '# 📜 ملخّص: الإحصاء — التواترات والمعدّل

- **التعداد والتعداد الكليّ:** التعدادُ (l''effectif) هو عددُ العناصر التي تأخذ قيمةً؛ ومجموعُ التعدادات يساوي دائمًا التعدادَ الكليّ.
- **التواتر النسبيّ:** التواتر النسبي = تعداد القيمة ÷ التعداد الكليّ، ويُعبَّر عنه بنسبةٍ مئويّة (×100)؛ ومجموعُ التواترات لكلّ القيم يساوي دائمًا 1 (= 100%).
- **الربطُ العكسيّ:** تعدادُ القيمة = التواتر النسبيّ × التعداد الكليّ (مثل 25% × 40 = 10).
- **المدرّج التكراريّ:** مستطيلاتٌ **متلاصقة** لفئاتٍ متتالية، ارتفاعُها يتناسب مع التعداد — بخلاف الأعمدة **المنفصلة** لقيمٍ مستقلّة.
- **القطاعات الدائريّة:** زاويةُ القطاع = التواتر النسبيّ × 360° = (تعداد القيمة ÷ التعداد الكليّ) × 360°؛ ومجموعُ الزوايا 360°.
- **المعدّل الحسابيّ البسيط:** مجموعُ القيم ÷ عددها (مثل 60 ÷ 5 = 12).
- **المعدّل المرجّح:** المعدّل = مجموع (القيمة × تعدادها) ÷ التعداد الكليّ؛ نقسم على مجموع التعدادات لا على عدد القيم المختلفة، ونرجّح كلَّ قيمةٍ بتعدادها قبل الجمع.', 6, NULL)
ON CONFLICT (id) DO UPDATE SET
  subject_id = EXCLUDED.subject_id,
  title = EXCLUDED.title,
  description = EXCLUDED.description,
  lesson_content = EXCLUDED.lesson_content,
  summary = EXCLUDED.summary,
  display_order = EXCLUDED.display_order,
  manuel_ref = EXCLUDED.manuel_ref;

INSERT INTO public.chapters (id, subject_id, title, description, lesson_content, summary, display_order, manuel_ref) VALUES
  ('111edeb4-a8c8-52ca-8715-53f7e02b054d', 'math-8eme', 'التناظر المركزي', 'مناظرُ نقطةٍ وقطعةٍ ومستقيمٍ وشكلٍ بالنسبة إلى مركز، والفرقُ بين التناظر المركزي والتناظر المحوري (نصف دورة حول نقطة)، وخاصياتُ التناظر المركزي (حفظ الأطوال والزوايا والاستقامية والتوازي، وتحويلُ مستقيم إلى مستقيم يوازيه)، ومركزُ تناظر شكل (القطعة، الدائرة، متوازي الأضلاع والحالات الخاصة)', '# ⚔️ التناظر المركزي

> 💡 «التناظرُ المحوريُّ مرآةٌ حول خطّ، والتناظرُ المركزيُّ نصفُ دورةٍ حول نقطة؛ مَن يميّز المرآةَ من الدوران يتحكّم في كلّ شكل.»

في السنة الماضية تعلّمتَ **التناظر المحوري**: مناظرُ نقطةٍ بالنسبة إلى **مستقيمٍ** (محورٍ)، كصورةٍ في مرآة. اليوم ننتقل إلى نوعٍ جديد: **التناظر المركزي**، حيث يكون المرجعُ **نقطةً** (مركزًا) لا مستقيمًا. تخيّل الشكلَ يدور نصفَ دورةٍ كاملة (زاويةً مستقيمة قدرها 180 درجة) حول تلك النقطة: هذا هو التناظرُ المركزي.

## 🎯 مناظرُ نقطةٍ بالنسبة إلى مركز

لتكن O نقطةً ثابتةً نسمّيها **المركز**، ولتكن M نقطةً كيفما كانت.

**مناظرُ النقطة M بالنسبة إلى المركز O** هو النقطة M′ التي تكون فيها **O منتصفَ القطعة [MM′]**.

أي إنّ:

$$ OM = OM′ \quad \text{والنقاطُ } M, O, M′ \text{ على استقامةٍ واحدة.} $$

فالنقطة O تقع في **منتصف المسافة** بين M ومناظرِها M′، والنقاطُ الثلاث في صفٍّ واحد.

_ملاحظتان أساسيّتان:_

- مناظرُ المركز O بالنسبة إلى O **هو O نفسُه** (النقطةُ الوحيدةُ التي تنطبق على مناظرها).
- إذا كانت M′ مناظرةَ M، فإنّ M هي مناظرةُ M′ بالنسبة إلى **نفس** المركز: التناظرُ يعمل في الاتجاهَين.

> ⚠️ الفخّ الأوّل: الخلطُ بين **المركز** (نقطة) و**المحور** (مستقيم). التناظرُ المحوريُّ في السنة الماضية كان بالنسبة إلى مستقيم؛ أمّا هنا فالمرجعُ **نقطةٌ واحدة** O.

## 🔄 نصفُ الدورة: كيف يختلف عن التناظر المحوري

التناظرُ المركزي بالنسبة إلى O هو في الحقيقة **نصفُ دورةٍ** حول O (دورانٌ قدرُه 180 درجة). لهذا يختلف جوهريًّا عن المرآة:

|                    | التناظر المحوري (7)    | التناظر المركزي (8)  |
| ------------------ | ---------------------- | -------------------- |
| **المرجع**         | مستقيمٌ (محور)         | نقطةٌ (مركز)         |
| **الصورة**         | كصورةِ المرآة (انعكاس) | كنصف دورة (انقلاب)   |
| **النقطة الثابتة** | كلُّ نقاط المحور ثابتة | المركزُ O وحدَه ثابت |

> 🗡️ حيلةُ التمييز: في المرآة (محوري) يبقى الشكلُ «واقفًا» لكن مقلوبًا يمينًا-يسارًا؛ في نصف الدورة (مركزي) ينقلب الشكلُ رأسًا على عقب. سؤال نفسَك دائمًا: هل المرجعُ خطٌّ أم نقطة؟

## 📏 مناظرُ قطعةٍ ومناظرُ مستقيم

- **مناظرُ قطعةٍ** [AB] بالنسبة إلى O هو القطعةُ [A′B′] حيث A′ مناظرُ A وB′ مناظرُ B. وتكون **A′B′ = AB** (نفسُ الطول تمامًا).
- **مناظرُ مستقيمٍ** (d) بالنسبة إلى مركزٍ O **لا ينتمي** إليه هو مستقيمٌ (d′) **يوازيه**: (d′) ∥ (d).
- أمّا إذا كان المركزُ O **ينتمي** إلى المستقيم (d)، فإنّ مناظرَه هو **المستقيمُ نفسُه** (d).

> ⚠️ الفخّ الثاني (الأخطر في هذا الدرس): الظنُّ أنّ مناظرَ مستقيمٍ هو نفسُ المستقيم دائمًا. الصحيح: مناظرُ مستقيمٍ لا يمرّ بالمركز هو مستقيمٌ **موازٍ** له، وليس هو نفسُه.

## 🛡️ خاصياتُ التناظر المركزي

التناظرُ المركزيُّ تحويلٌ «محافظٌ»: يغيّر موضعَ الشكل لكنّه يحافظ على قياساته وبنيته. أهمُّ خاصياته:

- **يحفظ الأطوال (المسافات):** إذا كان A′ وB′ مناظرَي A وB فإنّ A′B′ = AB. فالقطعةُ ومناظرُها متساويتان طولًا.
- **يحفظ الزوايا:** قيسُ أيّ زاوية يبقى كما هو بعد التناظر.
- **يحفظ الاستقامية:** إذا كانت ثلاثُ نقاطٍ على استقامةٍ واحدة، فمناظراتُها تبقى على استقامةٍ واحدة.
- **يحفظ التوازي:** مستقيمان متوازيان مناظراهما متوازيان.
- **يحوّل الأشكالَ إلى أشكالٍ مطابقة:** الدائرةُ إلى دائرةٍ لها **نفسُ الشعاع**، والمثلثُ إلى مثلثٍ **يقايسه** (نفسُ الأضلاع والزوايا).

> 🗡️ خلاصةُ الخاصيات: التناظرُ المركزي **يحفظ كلَّ القياسات** (الأطوال والزوايا)، لكنّه **يغيّر الاتجاه** (نصف دورة). فلا تظنّ أنّ قطعةً تكبر أو تصغر بالتناظر: طولُها ثابتٌ لا يتغيّر.

## 📐 بناءُ مناظرِ شكل

لإنشاء مناظرِ شكلٍ بالنسبة إلى مركز O، نبني مناظرَ **كلّ رأسٍ** من رؤوسه على حدة (كلٌّ منها بجعل O منتصفَ القطعة الواصلة بين الرأس ومناظره)، ثمّ نصل المناظرات بنفس ترتيب الشكل الأصلي. فمناظرُ مثلّثٍ ABC هو مثلّثٌ A′B′C′ يقايسه تمامًا لكنّه مقلوبٌ نصفَ دورةٍ حول O.

> ⚠️ الفخّ الثالث: بناءُ مناظرِ رأسٍ واحدٍ فقط ثمّ «تخمينُ» البقية. كلُّ رأسٍ له مناظرٌ مستقلٌّ يُبنى بنفس القاعدة: O منتصفُ [رأس، مناظره].

## 🎡 مركزُ تناظرِ شكل

نقول إنّ لشكلٍ **مركزَ تناظرٍ** O إذا كان **مناظرُ الشكل بالنسبة إلى O هو الشكلُ نفسُه** (ينطبق عليه تمامًا بعد نصف الدورة).

أشهرُ الأشكال ومراكزُ تناظرها:

| الشكل                            | مركزُ تناظره       |
| -------------------------------- | ------------------ |
| **القطعة** [AB]                  | منتصفُها           |
| **الدائرة**                      | مركزُها            |
| **متوازي الأضلاع**               | نقطةُ تقاطع قطرَيه |
| **المستطيل / المعيّن / المربّع** | نقطةُ تقاطع قطرَيه |

أمّا **المثلّثُ** (بوجهٍ عام) فليس له مركزُ تناظر، وكذلك شبهُ المنحرف العام.

> 🗡️ لا تخلط بين **مركز التناظر** و**محور التناظر**: للمستطيل محورانِ للتناظر (المحوري) **و**مركزٌ واحدٌ للتناظر (المركزي) هو تقاطعُ قطرَيه. سؤالُ «مركز التناظر» يطلب **نقطةً**، لا مستقيمًا.

## 🧭 إحداثياتُ المناظِر (في معلَم)

في معلَمٍ متعامد، لإيجاد مناظرِ نقطةٍ نستعمل خاصيّةَ المنتصف. أبسطُ حالة: المركزُ هو المبدأ O(0, 0).

**مناظرُ النقطة A(x, y) بالنسبة إلى المبدأ O(0, 0) هو A′(−x, −y):** نقلب إشارةَ كلٍّ من الإحداثيّتَين.

_مثال محسوب:_ مناظرُ A(3, −2) بالنسبة إلى المبدأ هو A′(−3, 2).

وإذا كان المركزُ نقطةً C(a, b) كيفما كانت، فبما أنّ C منتصفُ [AA′]، نحصل على مناظرِ A(x, y):

$$ A′(2a − x, \; 2b − y) $$

_مثال محسوب:_ مناظرُ A(1, 4) بالنسبة إلى المركز C(3, 3) هو A′(2×3 − 1, 2×3 − 4) = A′(5, 2).

> ⚠️ الفخّ الرابع: نسيانُ قلب إشارة **إحداثيّةٍ واحدة** فقط (مثلًا كتابةُ مناظرِ A(3, −2) بالنسبة للمبدأ (−3, −2) بدل (−3, 2)). المناظرُ بالنسبة للمبدأ يقلب إشارةَ **كلتا** الإحداثيّتَين معًا.

> 🏆 أتقنتَ الآن التناظرَ المركزي: مناظرُ النقطة (O منتصفُ [MM′])، والفرقُ الجوهريُّ عن التناظر المحوري (نقطةٌ لا مستقيم، نصفُ دورةٍ لا مرآة)، والخاصياتُ (حفظ الأطوال والزوايا والاستقامية والتوازي، وتحويلُ مستقيم إلى مستقيمٍ يوازيه)، ومركزُ تناظر الأشكال. هذه الأدواتُ الهندسيّةُ ستفتح لك بابَ متوازي الأضلاع في الفصل القادم.', '# 📜 ملخّص: التناظر المركزي

- **مناظرُ نقطة:** مناظرُ M بالنسبة إلى مركز O هو M′ حيث **O منتصفُ [MM′]** (OM = OM′ والنقاطُ M, O, M′ على استقامة واحدة). مناظرُ O بالنسبة إلى O هو **O نفسُه**.
- **نصفُ دورة:** التناظرُ المركزيُّ = نصفُ دورةٍ (180 درجة) حول نقطة؛ يختلف عن التناظر المحوري (7) الذي يكون بالنسبة إلى **مستقيم** (مرآة). المرجعُ هنا **نقطةٌ**، لا مستقيم.
- **القطعةُ والمستقيم:** مناظرُ قطعةٍ قطعةٌ **تساويها طولًا**؛ مناظرُ مستقيمٍ لا يمرّ بالمركز مستقيمٌ **يوازيه** (وليس هو نفسُه).
- **الخاصيات:** التناظرُ المركزيُّ **يحفظ** الأطوالَ والزوايا والاستقاميةَ والتوازي، ويحوّل الدائرةَ إلى دائرةٍ لها نفسُ الشعاع؛ يغيّر الاتجاهَ لا القياسات.
- **مركزُ تناظر شكل:** نقطةٌ O مناظرُ الشكل بالنسبة إليها هو الشكلُ نفسُه. القطعة → منتصفُها؛ الدائرة → مركزُها؛ متوازي الأضلاع والمستطيل والمعيّن والمربّع → **تقاطعُ القطرَين**؛ المثلّثُ العامُّ **لا مركزَ تناظرَ له**.
- **الإحداثيات:** مناظرُ A(x, y) بالنسبة إلى المبدأ O(0, 0) هو **A′(−x, −y)** (نقلب إشارةَ الإحداثيّتَين معًا)؛ وبالنسبة إلى مركز C(a, b) هو A′(2a − x, 2b − y).', 7, NULL)
ON CONFLICT (id) DO UPDATE SET
  subject_id = EXCLUDED.subject_id,
  title = EXCLUDED.title,
  description = EXCLUDED.description,
  lesson_content = EXCLUDED.lesson_content,
  summary = EXCLUDED.summary,
  display_order = EXCLUDED.display_order,
  manuel_ref = EXCLUDED.manuel_ref;

INSERT INTO public.chapters (id, subject_id, title, description, lesson_content, summary, display_order, manuel_ref) VALUES
  ('2ebee8d0-e505-5df8-b6ec-451f668d7838', 'math-8eme', 'متوازي الأضلاع', 'تعريفُ متوازي الأضلاع ورسمُه، وخاصياتُه (الأضلاعُ المتقابلةُ متقايسة، الأقطارُ متناصفة، الزوايا المتقابلةُ متقايسةٌ والمتتاليةُ متكاملة)، وشروطُ كون رباعيّ متوازيَ أضلاع، والحالاتُ الخاصة: المستطيلُ والمعيّنُ والمربّع', '# ⚔️ متوازي الأضلاع

> 💡 «رباعيٌّ ضلعاه المتقابلان يسيران متوازيَين لا يلتقيان أبدًا؛ ومَن يعرف خاصياتِه يقرأ الشكلَ دون أن يقيس.»

في السنوات الماضية تعرّفتَ على الرباعيات ورسمتَ المستطيلَ والمربّع. اليوم تتعلّم عائلةً كاملةً تجمعها كلَّها: **متوازي الأضلاع**. ستكتشف خاصياتِه الثلاث الكبرى (الأضلاع، الأقطار، الزوايا)، ثمّ الشروطَ التي تجعل رباعيًّا عاديًّا متوازيَ أضلاع، وأخيرًا حالاتِه الخاصةَ الثلاث: المستطيلَ والمعيّنَ والمربّع.

## 📐 التعريف

**متوازي الأضلاع** رباعيٌّ أضلاعُه المتقابلةُ متوازيةٌ مثنى مثنى.

في الرباعيّ ABCD الذي هو متوازي أضلاع:

$$ (AB) \parallel (DC) \quad \text{و} \quad (AD) \parallel (BC) $$

نرمز لأقطاره بـ [AC] و[BD]، وهما يتقاطعان في نقطةٍ نسمّيها **المركز O**.

> ⚠️ الفخّ الأوّل: يكفي أن يكون **زوجٌ واحدٌ** من الأضلاع متوازيًا ليكون الشكلُ شبهَ منحرف، لكنّ متوازيَ الأضلاع يحتاج **الزوجَين معًا** متوازيَين. زوجٌ واحدٌ فقط لا يكفي.

## 📏 الخاصية الأولى: الأضلاع المتقابلة متقايسة

إذا كان ABCD متوازيَ أضلاع فإنّ ضلعَيه المتقابلَين **متقايسان** (لهما نفسُ الطول):

$$ AB = DC \quad \text{و} \quad AD = BC $$

_مثال محسوب:_ إذا كان AB = 7 و BC = 5، فإنّ محيطَ متوازي الأضلاع هو:

$$ P = 2×(AB + BC) = 2×(7 + 5) = 24 $$

> 🗡️ حيلةٌ عمليّة: يكفي طولا ضلعَين **متتاليَين** لحساب المحيط، لأنّ الضلعَين المقابلَين لهما نفسُ الطول. لا حاجة لقياس الأربعة.

## ✂️ الخاصية الثانية: الأقطار متناصفة

إذا كان ABCD متوازيَ أضلاع فإنّ قطرَيه [AC] و[BD] **متناصفان**: يتقاطعان في منتصفهما المشترك O. أي أنّ O منتصفُ [AC] ومنتصفُ [BD] في آنٍ واحد:

$$ OA = OC \quad \text{و} \quad OB = OD $$

_مثال محسوب:_ إذا كان AC = 10، فإنّ O منتصفُ [AC]، ومنه:

$$ OA = OC = \frac{AC}{2} = \frac{10}{2} = 5 $$

> ⚠️ الفخّ الشائع: «متناصفان» تعني أنّ كلَّ قطرٍ يقطع الآخرَ في **منتصفه**، وليس أنّ القطرَين **متقايسان**. الأقطارُ المتقايسة خاصيةُ المستطيل وحده، لا كلّ متوازي أضلاع.

## 🔺 الخاصية الثالثة: الزوايا

إذا كان ABCD متوازيَ أضلاع فإنّ:

- **الزاويتان المتقابلتان متقايستان:** $\widehat{A} = \widehat{C}$ و $\widehat{B} = \widehat{D}$.
- **الزاويتان المتتاليتان متكاملتان** (مجموعهما 180°): $\widehat{A} + \widehat{B} = 180°$.

_مثال محسوب:_ إذا كان $\widehat{A} = 65°$، فإنّ:

$$ \widehat{C} = \widehat{A} = 65° \quad \text{و} \quad \widehat{B} = \widehat{D} = 180° − 65° = 115° $$

> ⚠️ لا تخلط: **المتقابلتان** متساويتان، أمّا **المتتاليتان** (الجارتان) فمجموعهما 180°. اختبر بمثالك دائمًا: 65° و115° مجموعهما 180° ✓.

كما أنّ للمركز O خاصيةً مميّزة: **O مركزُ تناظرٍ** لمتوازي الأضلاع؛ فمناظرُ كلّ رأسٍ بالنسبة إلى O هو الرأسُ المقابل.

## 🧩 شروطُ كون رباعيّ متوازيَ أضلاع

للتعرّف على متوازي الأضلاع أو رسمِه، يكفي **أحد** الشروط التالية (كلٌّ منها كافٍ وحده):

1. الأضلاعُ المتقابلةُ متوازيةٌ مثنى مثنى (التعريف).
2. الأضلاعُ المتقابلةُ متقايسةٌ مثنى مثنى.
3. القطران **متناصفان**.
4. ضلعان متقابلان **متوازيان ومتقايسان معًا** (نفسُ الزوج).
5. الزاويتان المتقابلتان متقايستان مثنى مثنى.

> ⚠️ الفخّ الأخطر (شرطٌ كافٍ مقابلَ شرطٍ لازم): ضلعان متقابلان **متقايسان فقط** (دون توازٍ) **لا يكفيان** — قد يكون الشكلُ شبهَ منحرفٍ متساويَ الساقَين. وكذلك قطران **متقايسان فقط** لا يعنيان متوازيَ أضلاع. لا بدّ من الشرط الكامل.

## 🏛️ الحالات الخاصة

متوازي الأضلاع عائلةٌ تندرج تحتها ثلاثةُ أشكالٍ مميّزة، كلٌّ منها متوازي أضلاعٍ **زائد** شرطٍ إضافيّ:

| الشكل        | هو متوازي أضلاعٍ زائد…                             | خاصيةُ الأقطار المميّزة                 |
| ------------ | -------------------------------------------------- | --------------------------------------- |
| **المستطيل** | زاويةٌ قائمة (⇐ الزوايا الأربع قائمة)              | القطران **متقايسان**                    |
| **المعيّن**  | ضلعان متتاليان متقايسان (⇐ الأضلاع الأربع متقايسة) | القطران **متعامدان** (وينصّفان الزوايا) |
| **المربّع**  | مستطيلٌ ومعيّنٌ معًا                               | القطران **متقايسان ومتعامدان**          |

يبقى في كلّ الحالات صحيحًا أنّ القطرَين **متناصفان**، لأنّها كلَّها أنواعٌ من متوازي الأضلاع.

> ⚠️ لا تنسب خاصيةَ حالةٍ خاصةٍ إلى العائلة كلِّها: «الأقطارُ متقايسة» صفةُ المستطيل، و«الأقطارُ متعامدة» صفةُ المعيّن. متوازي الأضلاع العامُّ لا يملك أيًّا منهما.

> 🗡️ التمييزُ السريع: أقطارٌ **متقايسة** ⟺ مستطيل؛ أقطارٌ **متعامدة** ⟺ معيّن؛ أقطارٌ **متقايسة ومتعامدة معًا** ⟺ مربّع. الأقطارُ وحدها تكشف نوعَ الشكل.

> 🏆 صرتَ الآن تقرأ متوازيَ الأضلاع كخريطة: أضلاعٌ متقابلةٌ متقايسة، أقطارٌ متناصفة، زوايا متقابلةٌ متقايسةٌ ومتتاليةٌ متكاملة، وثلاثُ حالاتٍ خاصةٍ تكشفها الأقطار. هذه الأدواتُ ستُصبح سلاحَك في البراهين الهندسية وفي تقايس المثلثات ومبرهنة فيثاغور لاحقًا.', '# 📜 ملخّص: متوازي الأضلاع

- **التعريف:** رباعيٌّ أضلاعُه المتقابلةُ متوازيةٌ مثنى مثنى: (AB) ∥ (DC) و(AD) ∥ (BC)؛ يتقاطع قطراه [AC] و[BD] في المركز O.
- **الأضلاع:** الضلعان المتقابلان **متقايسان**: AB = DC وAD = BC؛ المحيطُ P = 2×(AB + BC).
- **الأقطار:** القطران **متناصفان** (يتقاطعان في منتصفهما المشترك O): OA = OC وOB = OD. متناصفان ≠ متقايسان.
- **الزوايا:** المتقابلتان **متقايستان** (Â = Ĉ، B̂ = D̂)؛ المتتاليتان **متكاملتان** (Â + B̂ = 180°).
- **شروطُ التعرّف (كلٌّ منها كافٍ وحده):** أضلاعٌ متقابلةٌ متوازية، أو متقايسة، أو قطران متناصفان، أو ضلعان متقابلان متوازيان **ومتقايسان معًا**، أو زاويتان متقابلتان متقايستان. ⚠️ ضلعان متقايسان فقط أو قطران متقايسان فقط **لا يكفيان**.
- **الحالات الخاصة (متوازي أضلاعٍ + شرط):** المستطيلُ = زاويةٌ قائمة ⟺ قطران **متقايسان**؛ المعيّنُ = ضلعان متتاليان متقايسان ⟺ قطران **متعامدان**؛ المربّعُ = مستطيلٌ ومعيّن ⟺ قطران **متقايسان ومتعامدان**.', 8, NULL)
ON CONFLICT (id) DO UPDATE SET
  subject_id = EXCLUDED.subject_id,
  title = EXCLUDED.title,
  description = EXCLUDED.description,
  lesson_content = EXCLUDED.lesson_content,
  summary = EXCLUDED.summary,
  display_order = EXCLUDED.display_order,
  manuel_ref = EXCLUDED.manuel_ref;

INSERT INTO public.chapters (id, subject_id, title, description, lesson_content, summary, display_order, manuel_ref) VALUES
  ('dc069921-eb84-505a-94b2-025b1413186e', 'math-8eme', 'الزوايا والمستقيمات المتوازية', 'الزوايا المتكوّنة من مستقيمَين وقاطعٍ (المتقابلتان بالرأس، المتناظرتان، المتبادلتان داخليًّا والمتحالفتان داخليًّا)، والعلاقة بين هذه الزوايا والتوازي مع شروط التوازي، ومجموعُ زوايا المثلّث (180°) والمضلّع ((n − 2)×180°)', '# ⚔️ الزوايا والمستقيمات المتوازية

> 💡 «مستقيمٌ واحدٌ يعبر مستقيمَين فيولّد ثمانيَ زوايا؛ ومَن يعرف أيّها متساوٍ وأيّها متكاملٌ يقرأ الشكلَ كلَّه من زاويةٍ واحدة.»

في السنوات الماضية تعلّمتَ قيسَ الزاوية وأنواعَها (حادّة، قائمة، منفرجة). اليوم تربط الزوايا بالتوازي: تتعرّف على الزوايا التي يكوّنها مستقيمان وقاطعٌ، وتكتشف متى يكون المستقيمان متوازيَين، ثمّ تحسب مجموعَ زوايا المثلّث وأيّ مضلّع. هذه الأدواتُ هي لغةُ الهندسة كلِّها.

## 🔁 زاويتان متقابلتان بالرأس

عندما يتقاطع مستقيمان في نقطة، يتكوّن أربعُ زوايا. الزاويتان **المتقابلتان بالرأس** هما اللتان تشتركان في الرأس ويقع كلٌّ منهما مقابلَ الأخرى (ضلعاهما امتدادان لضلعَي الأخرى). القاعدة:

$$ \text{الزاويتان المتقابلتان بالرأس متساويتان} $$

_مثال:_ إذا تقاطع مستقيمان وكانت إحدى الزوايا 50°، فالزاوية المقابلة لها بالرأس تساوي 50° أيضًا.

## ➕ زاويتان متكاملتان وزاويتان متتامّتان

- **زاويتان متكاملتان** (متجاورتان على استقامة واحدة): مجموعهما 180°.
- **زاويتان متتامّتان**: مجموعهما 90°.

$$ \text{متكاملتان: } a + b = 180° \qquad \text{متتامّتان: } a + b = 90° $$

_مثال:_ إذا كانت إحدى زاويتَين متكاملتَين 110°، فالأخرى 180° − 110° = 70°.

> ⚠️ الفخّ الشائع: خلطُ **المتكاملتين** (180°) بـ **المتتامّتين** (90°). زاويةٌ متمّمها إلى 90 غيرُ مكمّلها إلى 180.

## ✂️ مستقيمان وقاطع: الأزواج الثلاثة

عندما يقطع مستقيمٌ ثالثٌ (نسمّيه **القاطع**) مستقيمَين (d) و(d'')، تتكوّن ثمانيُ زوايا نصنّفها في أزواج حسب موقعها:

- **الزاويتان المتناظرتان**: تحتلّان **الموقع نفسه** عند كلّ تقاطع (مثلًا: أعلى-يمين عند الأولى وأعلى-يمين عند الثانية).
- **الزاويتان المتبادلتان داخليًّا**: تقعان **بين** المستقيمَين (d) و(d'')، على **جهتَين متقابلتَين** من القاطع.
- **الزاويتان المتحالفتان داخليًّا** (الداخليّتان على نفس الجهة): تقعان **بين** المستقيمَين، على **الجهة نفسها** من القاطع.

هذا التصنيفُ لا يعتمد على التوازي بعدُ؛ إنّه مجرّدُ تسميةٍ حسب الموقع.

## 📐 الزوايا والتوازي (الخاصيات)

إذا كان **(d) و(d'') متوازيَين**، فإنّ القاطع يولّد هذه العلاقات:

| نوع الزاويتَين           | العلاقة عند التوازي       |
| ------------------------ | ------------------------- |
| **المتناظرتان**          | متساويتان                 |
| **المتبادلتان داخليًّا** | متساويتان                 |
| **المتحالفتان داخليًّا** | متكاملتان (مجموعهما 180°) |

_مثال محسوب:_ إذا كان (d)//(d'') وكانت إحدى زاويتَين متبادلتَين داخليًّا 65°، فالأخرى 65°. لكن إذا كانت إحدى زاويتَين **متحالفتَين** داخليًّا 65°، فالأخرى 180° − 65° = 115°.

> ⚠️ أخطرُ فخٍّ في الدرس: اعتبارُ **المتحالفتَين داخليًّا متساويتَين**. المتبادلتان داخليًّا متساويتان، أمّا المتحالفتان (على نفس الجهة) فـ **متكاملتان** — مجموعهما 180°، لا متساويتان.

> 🗡️ حيلةُ التمييز: المتبادلتان تُرسمان على شكل حرفَي **Z** (متساويتان)، والمتحالفتان على شكل حرف **U/C** (متكاملتان، مجموعهما 180°).

## 🔓 شروط التوازي (القاعدة العكسية)

الخاصياتُ السابقة تعمل في الاتجاه العكسيّ أيضًا، وهذا ما يُثبت التوازي:

> إذا قطع قاطعٌ مستقيمَين وكوّن **زاويتَين متبادلتَين داخليًّا متساويتَين** (أو **متناظرتَين متساويتَين**، أو **متحالفتَين داخليًّا متكاملتَين**)، فإنّ المستقيمَين **متوازيان**.

_مثال:_ إذا كوّن قاطعٌ زاويتَين متناظرتَين قيسهما 70° و70°، فالمستقيمان متوازيان. أمّا لو كانتا 70° و80° فليسا متوازيَين.

## 🔺 مجموع زوايا المثلّث

في **أيّ** مثلّث، مجموعُ الزوايا الثلاث ثابتٌ:

$$ \hat{A} + \hat{B} + \hat{C} = 180° $$

نستنتج منه:

- **المثلّث المتساوي الأضلاع**: كلّ زاوية 180° ÷ 3 = 60°.
- **المثلّث القائم**: الزاويتان الحادّتان متتامّتان (مجموعهما 90°).
- **المثلّث المتساوي الساقَين**: زاويتا القاعدة متساويتان.
- **الزاوية الخارجية** لمثلّث تساوي مجموعَ الزاويتَين الداخليّتَين غير المجاورتَين لها.

_مثال محسوب:_ مثلّثٌ زاويتاه 40° و75°؛ الثالثة = 180° − (40° + 75°) = 180° − 115° = 65°.

> ⚠️ الفخّ الشائع: نسيانُ أنّ المجموع 180° وجمعُ زاويتَين فقط، أو طرحُ خطأ (180 − 40 = 140 دون طرح الثانية).

## ⬡ مجموع زوايا مضلّع

المضلّعُ ذو n ضلعًا يُقسَّم إلى (n − 2) مثلّثًا انطلاقًا من رأسٍ واحد، فيكون مجموعُ زواياه الداخلية:

$$ \text{المجموع} = (n − 2)×180° $$

| المضلّع | n   | المجموع             |
| ------- | --- | ------------------- |
| مثلّث   | 3   | (3 − 2)×180° = 180° |
| رباعي   | 4   | (4 − 2)×180° = 360° |
| خماسي   | 5   | (5 − 2)×180° = 540° |
| سداسي   | 6   | (6 − 2)×180° = 720° |

في **المضلّع المنتظم** (كلّ أضلاعه وزواياه متساوية)، قيسُ كلّ زاوية داخلية:

$$ \text{الزاوية الواحدة} = \frac{(n − 2)×180°}{n} $$

_مثال:_ السداسي المنتظم: كلّ زاوية = 720° ÷ 6 = 120°.

> ⚠️ الفخّ الأشهر: استعمالُ n×180° بدل (n − 2)×180° (فيُكتب مجموعُ الخماسي 900° بدل 540°). لا تنسَ طرحَ 2. وفخٌّ ثانٍ: الخلطُ بين **مجموع** زوايا المنتظم والزاوية **الواحدة** (720° مجموعُ السداسي، لكنّ الزاوية الواحدة 120°).

> 🏆 أصبحتَ الآن تقرأ أيّ شكلٍ من زاويةٍ واحدة: تعرف المتساويَ من المتكامل، وتُثبت التوازيَ من الزوايا، وتحسب مجموعَ زوايا أيّ مثلّثٍ أو مضلّع. هذه الأدواتُ سلاحُك في البراهين الهندسية القادمة.', '# 📜 ملخّص: الزوايا والمستقيمات المتوازية

- **المتقابلتان بالرأس:** متساويتان دائمًا عند تقاطع مستقيمَين.
- **المتكاملتان:** مجموعهما 180° (على استقامة واحدة)؛ **المتتامّتان:** مجموعهما 90°.
- **مستقيمان وقاطع:** ثلاثةُ أزواج حسب الموقع — المتناظرتان، المتبادلتان داخليًّا، المتحالفتان داخليًّا.
- **عند التوازي (d)//(d''):** المتناظرتان **متساويتان**، المتبادلتان داخليًّا **متساويتان**، المتحالفتان داخليًّا **متكاملتان** (180°). ⚠️ المتحالفتان ليستا متساويتَين.
- **شروط التوازي:** إذا كانت المتبادلتان داخليًّا متساويتَين (أو المتناظرتان متساويتَين، أو المتحالفتان متكاملتَين) فالمستقيمان متوازيان.
- **مجموع زوايا مثلّث:** Â + B̂ + Ĉ = 180°؛ متساوي الأضلاع كلّ زاوية 60°، القائم زاويتاه الحادّتان مجموعهما 90°.
- **مجموع زوايا مضلّع:** (n − 2)×180° (رباعي 360°، خماسي 540°، سداسي 720°)؛ الزاوية الواحدة في المنتظم = (n − 2)×180° ÷ n. ⚠️ لا تنسَ طرحَ 2.', 9, NULL)
ON CONFLICT (id) DO UPDATE SET
  subject_id = EXCLUDED.subject_id,
  title = EXCLUDED.title,
  description = EXCLUDED.description,
  lesson_content = EXCLUDED.lesson_content,
  summary = EXCLUDED.summary,
  display_order = EXCLUDED.display_order,
  manuel_ref = EXCLUDED.manuel_ref;

INSERT INTO public.chapters (id, subject_id, title, description, lesson_content, summary, display_order, manuel_ref) VALUES
  ('c8c10e2d-2106-59cb-b4a1-05920b7c30c6', 'math-8eme', 'تقايس المثلثات', 'معنى تقايس مثلثين (الانطباق التامّ وتناظر الأضلاع والزوايا)، وحالات التقايس الثلاث: الحالة الأولى (ضلعان والزاوية المحصورة بينهما)، الحالة الثانية (ضلعٌ والزاويتان المجاورتان له)، الحالة الثالثة (الأضلاع الثلاثة)، مع تطبيقاتٍ وبراهينَ بسيطة', '# ⚔️ تقايس المثلثات

> 💡 «مثلثان متقايسان توأمان في الشكل والحجم؛ ولا يلزمك قياسُ كلّ شيء لتتأكّد من ذلك، بل يكفيك ثلاثةُ معطياتٍ مختارةٍ بذكاء.»

في الدرس الماضي رأيتَ أنّ التناظرَ المركزيّ والانسحابَ يحفظان الأطوالَ والزوايا. اليوم نستعمل هذه الفكرة: مثلثان **متقايسان** (isométriques) إذا أمكن أن ينطبق أحدهما على الآخر تمامًا. لكنْ ليس علينا قياسُ الأضلاع الثلاثة والزوايا الثلاث في كلّ مرّة؛ سنتعلّم **ثلاثَ حالات** تُثبت التقايسَ من ثلاثة معطياتٍ فقط. هذه الحالاتُ هي سلاحُ البراهين في الهندسة.

## 🎯 ما معنى «مثلثان متقايسان»؟

مثلثان **متقايسان** لهما نفسُ الشكل ونفسُ الحجم: ينطبق أحدهما على الآخر بالتمام. نكتب مثلًا: المثلث ABC يقايس المثلث A''B''C''، ونحترم **ترتيبَ الرؤوس** لأنّه يحدّد التناظر:

$$ A ↔ A'' \quad ; \quad B ↔ B'' \quad ; \quad C ↔ C'' $$

ويترتّب على هذا التناظر أنّ **الأضلاع المتناظرة متقايسة** و**الزوايا المتناظرة متقايسة**:

$$ AB = A''B'' \quad ; \quad BC = B''C'' \quad ; \quad CA = C''A'' $$

$$ \widehat{A} = \widehat{A''} \quad ; \quad \widehat{B} = \widehat{B''} \quad ; \quad \widehat{C} = \widehat{C''} $$

> ⚠️ لا تخلط بين **متقايسَين** و**متشابهَين**: المتشابهان لهما نفسُ الشكل لكنْ قد يختلف الحجم (مثلثٌ صغيرٌ وآخرُ كبيرٌ بنفس الزوايا). المتقايسان متشابهان **وبنفس الحجم** أيضًا. التقايسُ أقوى من التشابه.

## 📐 الزاوية المحصورة بين ضلعين

قبل الحالات، نحتاج مصطلحًا واحدًا: **الزاوية المحصورة** بين ضلعين هي الزاويةُ التي **رأسُها هو الرأسُ المشترك** بين الضلعين.

- الزاويةُ المحصورةُ بين [AB] و[AC] هي الزاوية A (الرأسُ المشترك A).
- الزاويةُ المحصورةُ بين [BA] و[BC] هي الزاوية B (الرأسُ المشترك B).

> 🗡️ حيلةٌ سريعة: انظر إلى الحرف الذي يتكرّر في اسمَي الضلعين — هو رأسُ الزاوية المحصورة. في [AB] و[BC] الحرفُ المتكرّر هو B.

## 🔺 الحالة الأولى: ضلعان والزاوية المحصورة بينهما (ض ـ ز ـ ض)

> إذا كان لمثلثين **ضلعان متقايسان** و**الزاويةُ المحصورةُ بينهما** متقايسةً، فالمثلثان متقايسان.

_مثال محسوب:_ في المثلثين ABC و A''B''C'':

$$ AB = A''B'' = 5 \text{ cm} \quad ; \quad AC = A''C'' = 4 \text{ cm} \quad ; \quad \widehat{A} = \widehat{A''} = 50° $$

الزاوية A محصورةٌ بين الضلعين [AB] و[AC]، فتنطبق الحالةُ الأولى ⇐ المثلثان متقايسان، ونستنتج مثلًا أنّ BC = B''C''.

> ⚠️ الفخّ الأخطر في هذه الحالة: أن تكون الزاويةُ المتقايسةُ **غيرَ محصورةٍ** بين الضلعين. لو عرفنا AB = A''B'' و AC = A''C'' لكنّ الزاويةَ المتقايسةَ هي B (لا A)، فهذه حالةُ «ضلعان وزاويةٌ غيرُ محصورة» و**لا تضمن التقايس**. لا بدّ أن تكون الزاويةُ **بين** الضلعين المتقايسين.

## 🔺 الحالة الثانية: ضلعٌ والزاويتان المجاورتان له (ز ـ ض ـ ز)

> إذا كان لمثلثين **ضلعٌ متقايس** و**الزاويتان الواقعتان على طرفيه** متقايستين، فالمثلثان متقايسان.

_مثال محسوب:_ في المثلثين ABC و A''B''C'':

$$ \widehat{B} = \widehat{B''} = 60° \quad ; \quad BC = B''C'' = 6 \text{ cm} \quad ; \quad \widehat{C} = \widehat{C''} = 55° $$

الضلع [BC] محصورٌ بين الزاويتين B و C، فتنطبق الحالةُ الثانية ⇐ المثلثان متقايسان.

> 🗡️ لماذا يكفي ضلعٌ وزاويتان؟ لأنّ مجموعَ زوايا المثلث 180°؛ فمتى عرفتَ زاويتين عرفتَ الثالثة. المهمّ أن يكون الضلعُ المتقايسُ **محصورًا بين** الزاويتين المتقايستين.

## 🔺 الحالة الثالثة: الأضلاع الثلاثة (ض ـ ض ـ ض)

> إذا كانت **الأضلاعُ الثلاثة** لمثلثٍ متقايسةً مع الأضلاع الثلاثة لمثلثٍ آخرَ **مثنى مثنى**، فالمثلثان متقايسان.

_مثال محسوب:_ في المثلثين ABC و A''B''C'':

$$ AB = A''B'' = 7 \text{ cm} \quad ; \quad BC = B''C'' = 6 \text{ cm} \quad ; \quad CA = C''A'' = 5 \text{ cm} $$

الأضلاعُ متقايسةٌ مثنى مثنى ⇐ المثلثان متقايسان، وتتساوى تِبعًا لذلك زواياهما المتناظرة.

## 📋 جدولُ الحالات الثلاث

| الحالة      | الرمز     | المعطيات الثلاثة                              |
| ----------- | --------- | --------------------------------------------- |
| **الأولى**  | ض ـ ز ـ ض | ضلعان متقايسان + الزاوية **المحصورة** بينهما  |
| **الثانية** | ز ـ ض ـ ز | ضلعٌ متقايس + الزاويتان **المجاورتان** لطرفيه |
| **الثالثة** | ض ـ ض ـ ض | الأضلاع الثلاثة متقايسة مثنى مثنى             |

## 🚫 ما لا يكفي للتقايس

انتبه إلى «حالتين مزيّفتين» يقع فيهما كثيرٌ من التلاميذ:

- **الزوايا الثلاث فقط (ز ـ ز ـ ز):** تساوي الزوايا مثنى مثنى يعطي **التشابهَ** لا التقايس؛ فقد يكون أحدُ المثلثين أكبرَ من الآخر بنفس الزوايا. لا بدّ من معطًى واحدٍ على الأقلّ عن **طول** ضلع.
- **ضلعان وزاويةٌ غيرُ محصورة:** كما رأينا في الحالة الأولى، إن لم تكن الزاويةُ محصورةً بين الضلعين المتقايسين فالمعطياتُ **لا تضمن** التقايس.

> ⚠️ تذكّر: كلُّ حالةٍ تحتاج بالضبط إلى **ثلاثة** معطياتٍ من النوع الصحيح وفي الموضع الصحيح. لا يكفي «ضلعان وزاوية» أو «ثلاث زوايا» بأيّ ترتيب.

## ✍️ كيف نكتب التناظر بترتيبٍ صحيح

عندما نكتب «ABC يقايس A''B''C''»، فإنّ الترتيبَ يقرأ التناظرَ: أوّلٌ مع أوّل، ثانٍ مع ثانٍ، ثالثٌ مع ثالث. لذلك:

$$ AB = A''B'' \quad \text{لكنْ} \quad AB \neq B''C'' $$

> 🗡️ عند استنتاج طولٍ أو زاويةٍ من التقايس، اكتب أوّلًا التناظرَ (A↔A''...) ثمّ اقرأ منه المتناظرَين. هذا يحميك من مطابقةٍ خاطئة.

## 🧩 تطبيقٌ: برهانٌ بسيط في المثلث المتساوي الساقين

المثلثُ المتساوي الساقين ABC حيث AB = AC، ولتكن M منتصفَ [BC]. **نُثبت أنّ الزاوية B = الزاوية C.**

نقارن المثلثين ABM و ACM:

- AB = AC (معطى، الساقان)،
- BM = CM (لأنّ M منتصفُ [BC])،
- [AM] ضلعٌ مشتركٌ بينهما.

الأضلاعُ الثلاثة متقايسةٌ مثنى مثنى ⇐ بالحالة الثالثة (ض ـ ض ـ ض) المثلثان متقايسان. ومن تناظر الزوايا نستنتج:

$$ \widehat{B} = \widehat{C} $$

وأكثرُ من ذلك: الزاويتان AMB و AMC متناظرتان ومتقايستان، ومجموعُهما 180° (زاويةٌ مستقيمة)، فكلٌّ منهما 90°؛ إذنْ [AM] عموديٌّ على [BC]. هكذا يكون المتوسّطُ من الرأس في المثلث المتساوي الساقين ارتفاعًا أيضًا. 🎯

> 🏆 أتقنتَ الآن معنى التقايس والحالاتِ الثلاث (ض ـ ز ـ ض ، ز ـ ض ـ ز ، ض ـ ض ـ ض)، وميّزتَ ما لا يكفي (الزوايا وحدها، أو زاويةٌ غيرُ محصورة)، وبدأتَ توظيفَها في البراهين. هذه الأدواتُ ستُرافقك في فيثاغور والدائرة وفي كلّ هندسة السنوات القادمة.', '# 📜 ملخّص: تقايس المثلثات

- **معنى التقايس:** مثلثان متقايسان ينطبق أحدهما على الآخر تمامًا (نفسُ الشكل ونفسُ الحجم)؛ الأضلاعُ المتناظرة متقايسة والزوايا المتناظرة متقايسة. نحترم ترتيبَ الرؤوس: ABC يقايس A''B''C'' يعني A↔A''، B↔B''، C↔C''.
- **متقايس ≠ متشابه:** المتشابهان لهما نفسُ الشكل مع إمكان اختلاف الحجم؛ المتقايسان متشابهان **وبنفس الحجم**.
- **الزاوية المحصورة:** بين ضلعين هي الزاويةُ التي رأسُها الرأسُ المشترك بينهما (بين [AB] و[BC] ⇐ الزاوية B).
- **الحالة الأولى (ض ـ ز ـ ض):** ضلعان متقايسان + الزاوية **المحصورة** بينهما ⇐ تقايس.
- **الحالة الثانية (ز ـ ض ـ ز):** ضلعٌ متقايس + الزاويتان **المجاورتان** لطرفيه ⇐ تقايس.
- **الحالة الثالثة (ض ـ ض ـ ض):** الأضلاع الثلاثة متقايسة مثنى مثنى ⇐ تقايس.
- **ما لا يكفي:** الزوايا الثلاث وحدها (ز ـ ز ـ ز) تعطي التشابهَ لا التقايس؛ وضلعان وزاويةٌ **غيرُ محصورة** لا يضمنان التقايس.
- **التطبيق في البراهين:** لإثبات تساوي ضلعين أو زاويتين، ابحث عن مثلثين متقايسين يحتويانهما كعنصرين متناظرين (مثل المثلث المتساوي الساقين: AB=AC وM منتصفُ [BC] ⇐ ABM و ACM متقايسان بالحالة الثالثة ⇐ الزاوية B = الزاوية C و[AM] عموديّ على [BC]).', 10, NULL)
ON CONFLICT (id) DO UPDATE SET
  subject_id = EXCLUDED.subject_id,
  title = EXCLUDED.title,
  description = EXCLUDED.description,
  lesson_content = EXCLUDED.lesson_content,
  summary = EXCLUDED.summary,
  display_order = EXCLUDED.display_order,
  manuel_ref = EXCLUDED.manuel_ref;

INSERT INTO public.chapters (id, subject_id, title, description, lesson_content, summary, display_order, manuel_ref) VALUES
  ('b98c1b4f-93c6-5efb-a388-9841b4c25226', 'math-8eme', 'مبرهنة فيثاغور', 'النصُّ المباشر لمبرهنة فيثاغور (في مثلثٍ قائم الزاوية مربّعُ الوتر يساوي مجموعَ مربّعَي الضلعين القائمين)، والنصُّ العكسي لإثبات أنّ مثلثًا قائمُ الزاوية، وحسابُ طول ضلعٍ (الوتر أو ضلع قائم) في مثلثٍ قائم الزاوية', '# ⚔️ مبرهنة فيثاغور — سلاحُ المثلث القائم

> 💡 «في كلّ مثلثٍ قائمٍ سرٌّ محفوظ: مربّعُ وترِه يخبّئ مجموعَ مربّعَي ضِلعيه؛ مَن يعرف اثنين من الأطوال يستخرج الثالث.»

المثلثُ القائمُ الزاوية ضيفٌ دائمٌ في الهندسة: السُّلّمُ المُسنَدُ إلى الجدار، قُطرُ الشاشة، ظِلُّ الشجرة… كلُّها مثلثاتٌ قائمة. مبرهنةُ فيثاغور تربط أطوالَ أضلاعِه الثلاثة بعلاقةٍ واحدةٍ دقيقة، فتُمكّنك من **حساب طولٍ مجهول** ومن **التحقّق هل مثلثٌ قائمُ الزاوية**. هذا سلاحُك في هذا الفصل.

## 📐 المثلثُ القائم ومفرداتُه

في مثلثٍ قائم الزاوية، للأضلاع اسمان:

- **الوتر**: هو الضلعُ الذي **يقابل الزاوية القائمة**، وهو **أطولُ الأضلاع** دائمًا.
- **الضلعان القائمان**: هما الضلعان اللذان يكوّنان الزاوية القائمة.

خذ مثلثًا ABC **قائمَ الزاوية في A**: الزاويةُ القائمة عند الرأس A، فالوترُ هو الضلعُ المقابل [BC]، والضلعان القائمان هما [AB] و[AC].

> ⚠️ الفخّ الأوّل: تحديدُ الوتر خطأً. الوترُ يقابل الزاويةَ القائمة دائمًا، لا الضلعُ «الأفقيّ» ولا الأطولُ في الرسم بالصدفة. اقرأ أين الزاويةُ القائمة أوّلًا.

## 🔓 النصُّ المباشر: العلاقةُ بين الأضلاع

**مبرهنةُ فيثاغور (النصّ المباشر):** إذا كان المثلثُ ABC قائمَ الزاوية في A، فإنّ:

$$ BC² = AB² + AC² $$

بالكلمات: **مربّعُ الوتر يساوي مجموعَ مربّعَي الضلعين القائمين**.

_مثالٌ محسوب:_ مثلثٌ ABC قائمٌ في A، حيث AB = 3 وAC = 4.

$$ BC² = 3² + 4² = 9 + 16 = 25 $$

$$ BC = √25 = 5 $$

فطولُ الوتر 5.

> ⚠️ الفخّ: BC² = 25 **لا يعني** BC = 25. لا تنسَ الخطوةَ الأخيرة: أخذُ الجذر التربيعي، فـ BC = √25 = 5.

## 🧮 حسابُ طول الوتر

عندما نعرف الضلعين القائمين، نحسب الوتر مباشرةً: نُربّع كلَّ ضلعٍ، **نجمع**، ثمّ نأخذ الجذر.

_مثالٌ محسوب:_ AB = 6 وAC = 8، والزاويةُ القائمة في A.

$$ BC² = 6² + 8² = 36 + 64 = 100 \qquad→\qquad BC = √100 = 10 $$

> 🗡️ حيلةُ الحفظ للثلاثيات الشهيرة: (3, 4, 5) و(6, 8, 10) و(5, 12, 13) و(8, 15, 17). إذا رأيتَ ضلعين منها في مثلثٍ قائم، عرفتَ الثالثَ فورًا.

## ➖ حسابُ طول ضلعٍ قائم: هنا نَطرح

إذا كان المجهولُ **ضلعًا قائمًا** (لا الوتر)، نبدأ من العلاقة نفسِها ونعزل المجهول، فيتحوّل الجمعُ إلى **طرح**:

$$ BC² = AB² + AC² \quad⇒\quad AC² = BC² − AB² $$

_مثالٌ محسوب:_ الوتر BC = 13 وأحدُ الضلعين القائمين AB = 5. نبحث عن AC.

$$ AC² = 13² − 5² = 169 − 25 = 144 \qquad→\qquad AC = √144 = 12 $$

> ⚠️ الفخّ الأخطر: **الجمعُ بدل الطرح**. لحساب ضلعٍ قائم نطرح مربّعَ الضلع المعلوم من مربّع الوتر. جمعُ 169 + 25 خطأ. تذكّر: **الوتر هو الأكبر**، فمربّعُه يُطرَح منه لا يُضاف إليه.

> ⚠️ فخٌّ آخر: طرحُ الأطوال مباشرةً (13 − 5 = 8). لا؛ نطرح **المربّعات**: 169 − 25 = 144، ثمّ الجذر.

## 🔁 النصُّ العكسي: كيف نُثبت أنّ مثلثًا قائم؟

المبرهنةُ تعمل في الاتجاهين. **النصُّ العكسي** يسمح بالانتقال من الأطوال إلى الزاوية القائمة:

**النصّ العكسي:** إذا كان في مثلثٍ **مربّعُ أطولِ ضلعٍ يساوي مجموعَ مربّعَي الضلعين الآخرين**، فإنّ هذا المثلثَ **قائمُ الزاوية**، وزاويتُه القائمة **تقابل أطولَ ضلع** (الوتر).

طريقةُ العمل في ثلاث خطوات:

1. حدِّدْ **أطولَ ضلع** (سيكون الوتر إن كان المثلثُ قائمًا).
2. احسب مربّعَه من جهة، ومجموعَ مربّعَي الضلعين الآخرين من جهة.
3. **قارن**: إن تساوى الطرفان فالمثلثُ قائم؛ وإلّا فليس قائمًا.

_مثالٌ محسوب (قائم):_ مثلثٌ أطوالُه 6 و8 و10. أطولُ ضلعٍ 10.

$$ 10² = 100 \qquad ; \qquad 6² + 8² = 36 + 64 = 100 $$

الطرفان متساويان ⇒ المثلثُ **قائمُ الزاوية**، وزاويتُه القائمة تقابل الضلعَ 10.

_مثالٌ محسوب (ليس قائمًا):_ مثلثٌ أطوالُه 4 و5 و6. أطولُ ضلعٍ 6.

$$ 6² = 36 \qquad ; \qquad 4² + 5² = 16 + 25 = 41 $$

بما أنّ 36 ≠ 41، فالمثلثُ **ليس قائمَ الزاوية**.

> 🗡️ القاعدةُ الذهبية للعكسية: قارن دائمًا مربّعَ **أطولِ** ضلعٍ بمجموع مربّعَي **الآخرين**. مقارنةُ الضلعين الأصغرين ببعضهما خطأٌ شائع يعطي نتيجةً كاذبة.

## 🧭 خلاصةُ الاستعمال

- عندي الضلعان القائمان وأريد الوتر ⇐ **أجمع** المربّعين ثمّ الجذر.
- عندي الوتر وضلعٌ قائم وأريد الضلعَ الآخر ⇐ **أطرح** المربّعين ثمّ الجذر.
- عندي الأطوالُ الثلاثة وأريد معرفةَ هل المثلثُ قائم ⇐ استعمل **النصّ العكسي** (قارن مربّعَ الأطول بمجموع مربّعَي الآخرين).

> 🏆 صرتَ الآن تتحكّم في المثلث القائم في الاتجاهين: من الأضلاع إلى الطول المجهول (النصّ المباشر)، ومن الأطوال إلى الزاوية القائمة (النصّ العكسي). هذا الأساسُ سيحملك في السنة القادمة إلى مبرهنة طالس والنسب المثلثية.', '# 📜 ملخّص: مبرهنة فيثاغور

- **المفردات:** في مثلثٍ قائم الزاوية، **الوتر** هو الضلعُ المقابلُ للزاوية القائمة وهو **أطولُ الأضلاع**؛ الضلعان الآخران هما **الضلعان القائمان**.
- **النصّ المباشر:** إذا كان ABC قائمًا في A فإنّ **BC² = AB² + AC²** (مربّعُ الوتر = مجموعُ مربّعَي الضلعين القائمين).
- **حساب الوتر:** أجمعِ المربّعين ثمّ خذِ الجذر، مثل BC² = 6² + 8² = 100 فـ BC = √100 = 10.
- **حساب ضلعٍ قائم:** هنا **نطرح**: AC² = BC² − AB²، مثل AC² = 13² − 5² = 144 فـ AC = 12. الوترُ هو الأكبر فمربّعُه يُطرَح منه.
- **لا تنسَ الجذر:** BC² = 25 يعني BC = √25 = 5، لا BC = 25.
- **النصّ العكسي (لإثبات القائم):** إن كان مربّعُ **أطولِ ضلعٍ** = مجموعَ مربّعَي الضلعين الآخرين، فالمثلثُ **قائمُ الزاوية** وزاويتُه القائمة تقابل أطولَ ضلع؛ مثل (6, 8, 10): 10² = 100 = 6² + 8² ⇒ قائم. وإلّا فليس قائمًا.
- **الثلاثيات الشهيرة:** (3, 4, 5) · (6, 8, 10) · (5, 12, 13) · (8, 15, 17) · (7, 24, 25).', 11, NULL)
ON CONFLICT (id) DO UPDATE SET
  subject_id = EXCLUDED.subject_id,
  title = EXCLUDED.title,
  description = EXCLUDED.description,
  lesson_content = EXCLUDED.lesson_content,
  summary = EXCLUDED.summary,
  display_order = EXCLUDED.display_order,
  manuel_ref = EXCLUDED.manuel_ref;

INSERT INTO public.chapters (id, subject_id, title, description, lesson_content, summary, display_order, manuel_ref) VALUES
  ('f74e1397-5bd0-5925-ba92-b6c5fad9d582', 'math-8eme', 'المثلث القائم والدائرة', 'الدائرةُ المحيطة بمثلثٍ قائم الزاوية، ومنتصفُ الوتر هو مركزُها ونصفُ قطرها يساوي نصفَ الوتر (متوسّطُ الزاوية القائمة = نصف الوتر، والرؤوسُ الثلاثة على مسافةٍ واحدة)، والمبرهنةُ العكسية: كلُّ مثلثٍ مرسومٍ في نصف دائرةٍ وترُه قطرُها يكون قائم الزاوية، مع الربط بمبرهنة فيثاغور لحساب الأطوال', '# ⚔️ المثلث القائم والدائرة

> 💡 «في كلّ مثلثٍ قائمٍ دائرةٌ خفيّة: مركزُها منتصفُ الوتر، ونصفُ قطرها نصفُ الوتر؛ مَن رآها حلَّ نصفَ المسألة قبل أن يبدأ.»

في الفصل السابق تعلّمتَ مبرهنة فيثاغور التي تربط أضلاع المثلث القائم. اليوم نكتشف علاقةً أنيقةً أخرى تخصّ المثلث القائم: علاقتَه بالدائرة. سنرى أنّ لكلّ مثلثٍ قائمٍ **دائرةً محيطة** مركزُها معلومٌ بدقّة، وأنّ هذه الفكرة تعمل في الاتجاهَين: من المثلث القائم إلى الدائرة، ومن الدائرة إلى المثلث القائم.

## ⭕ الدائرة المحيطة بمثلث

**الدائرة المحيطة** بمثلثٍ هي الدائرةُ التي تمرّ برؤوسه الثلاثة. مركزُها نقطةٌ تبعد بنفس المسافة عن الرؤوس الثلاثة، وهذه المسافةُ هي نصفُ القطر. في المثلث القائم يصبح تحديدُ هذا المركز سهلًا جدًّا كما سنرى.

_اصطلاح:_ نقول «المثلث ABC قائم الزاوية في A» ونعني أنّ الزاوية القائمة عند الرأس A؛ فيكون الضلعُ المقابلُ لها، أي [BC]، هو **الوتر** (أطولُ الأضلاع).

> ⚠️ الفخّ الأوّل: الوترُ ليس ضلعًا مختارًا عشوائيًّا — إنّه دائمًا الضلعُ **المقابل للزاوية القائمة**. إذا كان المثلث قائمًا في B فوترُه [AC]، لا [BC].

## 🎯 المبرهنة المباشرة: المركزُ هو منتصفُ الوتر

> **إذا كان المثلث ABC قائم الزاوية في A، فإنّ مركز دائرته المحيطة هو منتصفُ الوتر [BC].**

نسمّي I منتصفَ [BC]. عندئذٍ تبعد I بنفس المسافة عن الرؤوس الثلاثة:

$$ IA = IB = IC $$

فالدائرة التي مركزها I وتمرّ بـ B وC تمرّ أيضًا بـ A. هذا يعني أنّ الوتر [BC] قطرٌ لهذه الدائرة.

> ⚠️ الفخّ الأخطر: يظنّ كثيرٌ من التلاميذ أنّ المركز هو رأسُ **الزاوية القائمة** A. خطأ! المركزُ هو منتصفُ **الوتر** I، وهو أبعدُ نقطةٍ في الفكرة عن A.

## 📏 نصفُ القطر ومتوسّطُ الوتر

بما أنّ الوتر [BC] قطرٌ للدائرة المحيطة، فنصفُ القطر يساوي نصفَ الوتر:

$$ R = \dfrac{BC}{2} $$

والقطعةُ [AI] الواصلةُ من الزاوية القائمة A إلى منتصف الوتر I تُسمّى **متوسّطَ الوتر**، وطولُها أيضًا نصفُ الوتر:

$$ AI = IB = IC = \dfrac{BC}{2} $$

_مثال محسوب:_ مثلث ABC قائم في A وطولُ وتره BC = 10 cm.

$$ R = \dfrac{10}{2} = 5 \text{ cm} \qquad \text{و} \qquad AI = \dfrac{10}{2} = 5 \text{ cm} $$

> ⚠️ الفخّ الشائع: أخذُ نصف القطر مساويًا للوتر كاملًا (R = 10) بدل نصفه (R = 5). الوترُ **قطرٌ**، لا نصفَ قطر؛ فاقسمه دائمًا على 2.

## 🔮 المبرهنة العكسية: المثلثُ في نصف الدائرة

تعمل الفكرة في الاتجاه المعاكس أيضًا، وهذه هي المبرهنة العكسية:

> **إذا كانت M نقطةً من دائرةٍ قطرُها [BC] (وM تخالف B وC)، فإنّ المثلث MBC قائم الزاوية في M.**

بعبارةٍ أخرى: **كلُّ مثلثٍ مرسومٍ داخل نصف دائرةٍ ووترُه قطرُ الدائرة يكون قائم الزاوية**، وزاويتُه القائمة عند الرأس الموجود على القوس.

> 🗡️ حيلةُ التذكّر: «قطرٌ ⇐ زاويةٌ قائمة». متى رأيتَ ضلعًا يمرّ بمركز الدائرة (قطرًا) ونقطةً ثالثةً على الدائرة، فالزاويةُ عند تلك النقطة قائمةٌ حتمًا — بلا قياس.

وهناك صيغةٌ عمليّةٌ للعكس تُستعمل كثيرًا في البراهين: إذا كان I منتصفَ [BC] وتحقّق أنّ

$$ IA = \dfrac{BC}{2} \quad \Longrightarrow \quad \text{المثلث ABC قائم الزاوية في A} $$

لأنّ I منتصفُ [BC] يجعل IB = IC = BC⁄2 دائمًا؛ فإذا أضفنا IA = BC⁄2 صار IA = IB = IC، أي أنّ A على الدائرة التي قطرُها [BC].

> ⚠️ فخُّ العكس: لا يكفي أن يكون المثلث متساوي الساقين لنقول إنّه قائم. الشرطُ الدقيق هو أن يساوي المتوسّطُ AI **نصفَ الوتر** بالضبط، عندئذٍ فقط تكون الزاوية في A قائمة.

## 🧮 الربطُ بمبرهنة فيثاغور

كثيرًا ما نجمع بين هذا الدرس وفيثاغور: نحسب الوتر بفيثاغور ثمّ نأخذ نصفَه لنجد نصفَ القطر، أو نعرف نصفَ القطر فنستنتج الوتر ثمّ نحسب ضلعًا مجهولًا.

_مثال محسوب:_ مثلث ABC قائم في A، ضلعاه القائمان AB = 6 cm وAC = 8 cm.

$$ BC = \sqrt{6² + 8²} = \sqrt{36 + 64} = \sqrt{100} = 10 \text{ cm} $$

$$ R = \dfrac{BC}{2} = \dfrac{10}{2} = 5 \text{ cm} $$

_وفي الاتجاه المعاكس:_ إذا كان [BC] قطرَ دائرةٍ نصفُ قطرها 5 cm (إذن BC = 10)، وكانت A على الدائرة مع AB = 6 cm، فالمثلث قائم في A، ونحسب:

$$ AC = \sqrt{BC² − AB²} = \sqrt{10² − 6²} = \sqrt{100 − 36} = \sqrt{64} = 8 \text{ cm} $$

## 🏗️ تطبيقٌ أنيق: قطرا المستطيل

في المستطيل ABCD يتقاطع القطران [AC] و[BD] في نقطةٍ O. القطران متقايسان ويتناصفان، فتكون O منتصفَ كلٍّ منهما. وبما أنّ الزاوية في B قائمة والوترَ هو القطر [AC]، فإنّ O (منتصفُ الوتر) تبعد بنفس المسافة عن الرؤوس الأربعة:

$$ OA = OB = OC = OD = \dfrac{AC}{2} $$

فالنقطة O مركزُ الدائرة المحيطة بالمستطيل. هكذا يفسّر درسُنا لماذا يقع مركزُ أيّ مستطيلٍ على مسافةٍ واحدة من زواياه الأربع.

> 🏆 أتقنتَ الآن الاتجاهَين: من مثلثٍ قائمٍ إلى دائرته المحيطة (المركزُ منتصفُ الوتر، ونصفُ القطر نصفُ الوتر)، ومن دائرةٍ قطرُها ضلعٌ إلى مثلثٍ قائم (المبرهنة العكسية). مع فيثاغور صار بين يديك سلاحان يكمّلان بعضهما لحلّ مسائل المثلث القائم كلِّها.', '# 📜 ملخّص: المثلث القائم والدائرة

- **الوتر:** في مثلثٍ قائمٍ في A، الوترُ هو الضلع المقابل للزاوية القائمة، أي [BC] (أطولُ الأضلاع).
- **الدائرة المحيطة:** هي الدائرةُ المارّة بالرؤوس الثلاثة؛ مركزُها يبعد بنفس المسافة (نصفِ القطر) عن الرؤوس.
- **المبرهنة المباشرة:** إذا كان ABC قائمًا في A، فمركزُ دائرته المحيطة هو منتصفُ الوتر I، ويكون IA = IB = IC؛ الوترُ [BC] قطرٌ للدائرة (المركزُ ليس الرأس A).
- **نصفُ القطر والمتوسّط:** R = BC⁄2، ومتوسّطُ الوتر AI = BC⁄2 أيضًا؛ نصفُ القطر يساوي **نصفَ** الوتر لا الوترَ كاملًا.
- **المبرهنة العكسية:** كلُّ مثلثٍ مرسومٍ في نصف دائرةٍ ووترُه قطرُها يكون قائم الزاوية عند الرأس الموجود على القوس؛ وعمليًّا: إذا كان I منتصفَ [BC] وIA = BC⁄2 فالمثلث قائم في A.
- **الربطُ بفيثاغور:** احسب الوتر بفيثاغور ثمّ خذ نصفَه لنصف القطر، أو استنتج ضلعًا مجهولًا من الوتر (القطر) بفيثاغور.', 12, NULL)
ON CONFLICT (id) DO UPDATE SET
  subject_id = EXCLUDED.subject_id,
  title = EXCLUDED.title,
  description = EXCLUDED.description,
  lesson_content = EXCLUDED.lesson_content,
  summary = EXCLUDED.summary,
  display_order = EXCLUDED.display_order,
  manuel_ref = EXCLUDED.manuel_ref;

INSERT INTO public.exercises (id, chapter_id, subject_id, title, difficulty, xp_reward, reward_coins, mode, source, display_order) VALUES
  ('5b6e0974-036a-5e19-a95b-9ebe8f18f088', '9d3bf956-8c48-58da-be03-a90180c87d33', 'math-8eme', 'اختبار فهم الدرس ⭐', 1, 20, 5, 'quiz', 'admin', 0)
ON CONFLICT (id) DO UPDATE SET
  chapter_id = EXCLUDED.chapter_id,
  subject_id = EXCLUDED.subject_id,
  title = EXCLUDED.title,
  difficulty = EXCLUDED.difficulty,
  xp_reward = EXCLUDED.xp_reward,
  reward_coins = EXCLUDED.reward_coins,
  mode = EXCLUDED.mode,
  display_order = EXCLUDED.display_order;

INSERT INTO public.questions (id, exercise_id, prompt, options, correct_option, explanation, display_order) VALUES
  ('bdf5deb7-b69b-5452-9a64-c57ab37c00d2', '5b6e0974-036a-5e19-a95b-9ebe8f18f088', 'ما قيمةُ |−8|؟', '[{"id":"a","text":"−8"},{"id":"b","text":"0"},{"id":"c","text":"8"},{"id":"d","text":"16"}]'::jsonb, 'c', 'القيمةُ المطلقة هي بُعدُ العدد عن الصفر، وهي موجبةٌ دائمًا؛ العددُ −8 يبعُد عن الصفر بـ 8 وحدات، فإنّ |−8| = 8. الجوابُ −8 خطأٌ لأنّ القيمةَ المطلقة لا تكون سالبةً أبدًا.', 1)
ON CONFLICT (id) DO UPDATE SET
  exercise_id = EXCLUDED.exercise_id,
  prompt = EXCLUDED.prompt,
  options = EXCLUDED.options,
  correct_option = EXCLUDED.correct_option,
  explanation = EXCLUDED.explanation,
  display_order = EXCLUDED.display_order;

INSERT INTO public.questions (id, exercise_id, prompt, options, correct_option, explanation, display_order) VALUES
  ('9b644abc-86d9-50d2-9ee1-d3cbbe885907', '5b6e0974-036a-5e19-a95b-9ebe8f18f088', 'ما أصغرُ عددٍ من بين الأعداد: −5 ، −2 ، 0 ، 3؟', '[{"id":"a","text":"−5"},{"id":"b","text":"−2"},{"id":"c","text":"0"},{"id":"d","text":"3"}]'::jsonb, 'a', 'على المستقيم العدديّ الأصغرُ هو الأبعدُ إلى اليسار؛ العددان السالبان أصغرُ من 0 ومن 3، وبين −5 و−2 الأصغرُ هو −5 لأنّ قيمتَه المطلقة (5) أكبر. إذن الأصغرُ هو −5.', 2)
ON CONFLICT (id) DO UPDATE SET
  exercise_id = EXCLUDED.exercise_id,
  prompt = EXCLUDED.prompt,
  options = EXCLUDED.options,
  correct_option = EXCLUDED.correct_option,
  explanation = EXCLUDED.explanation,
  display_order = EXCLUDED.display_order;

INSERT INTO public.questions (id, exercise_id, prompt, options, correct_option, explanation, display_order) VALUES
  ('6b225540-51f9-5234-b529-4207319eea6e', '5b6e0974-036a-5e19-a95b-9ebe8f18f088', 'ما ناتجُ (−4) + (−6)؟', '[{"id":"a","text":"−10"},{"id":"b","text":"−2"},{"id":"c","text":"2"},{"id":"d","text":"10"}]'::jsonb, 'a', 'الإشارتان متماثلتان (سالبتان)، فنجمع القيمتَين المطلقتَين 4 + 6 = 10 ونحتفظ بالإشارة السالبة؛ إذن الناتجُ −10. الجوابُ −2 خطأُ من طرح القيمتَين بدل جمعهما.', 3)
ON CONFLICT (id) DO UPDATE SET
  exercise_id = EXCLUDED.exercise_id,
  prompt = EXCLUDED.prompt,
  options = EXCLUDED.options,
  correct_option = EXCLUDED.correct_option,
  explanation = EXCLUDED.explanation,
  display_order = EXCLUDED.display_order;

INSERT INTO public.questions (id, exercise_id, prompt, options, correct_option, explanation, display_order) VALUES
  ('7a2f0a83-6b7f-5ad5-b3e1-2dc08905f448', '5b6e0974-036a-5e19-a95b-9ebe8f18f088', 'أيُّ الكسور التالية هو الأكبر: 1/2 ، 4/7 ، 3/5 ، 2/3؟', '[{"id":"a","text":"1/2"},{"id":"b","text":"4/7"},{"id":"c","text":"3/5"},{"id":"d","text":"2/3"}]'::jsonb, 'd', 'بالكتابة العشريّة: 1/2 = 0,5 و4/7 ≈ 0,571 و3/5 = 0,6 و2/3 ≈ 0,667؛ فالأكبرُ هو 2/3. يمكن أيضًا مقارنةُ 3/5 و2/3 بجداء الطرفين والوسطين: 3×3 = 9 و5×2 = 10، وبما أنّ 9 < 10 فإنّ 3/5 < 2/3.', 4)
ON CONFLICT (id) DO UPDATE SET
  exercise_id = EXCLUDED.exercise_id,
  prompt = EXCLUDED.prompt,
  options = EXCLUDED.options,
  correct_option = EXCLUDED.correct_option,
  explanation = EXCLUDED.explanation,
  display_order = EXCLUDED.display_order;

INSERT INTO public.questions (id, exercise_id, prompt, options, correct_option, explanation, display_order) VALUES
  ('11ac2ecf-f8ff-52bc-a8b9-e91c290ea84b', '5b6e0974-036a-5e19-a95b-9ebe8f18f088', 'ما الكتابةُ الكسريّةُ المختزلة للعدد العشريّ −0,75؟', '[{"id":"a","text":"−7/5"},{"id":"b","text":"−3/4"},{"id":"c","text":"−3/5"},{"id":"d","text":"−75/10"}]'::jsonb, 'b', '−0,75 = −75/100، وبقسمة البسط والمقام على 25 نحصل على −3/4. الجوابُ −75/10 خطأٌ في المنزلة (يساوي −7,5)، و−3/5 = −0,6 و−7/5 = −1,4.', 5)
ON CONFLICT (id) DO UPDATE SET
  exercise_id = EXCLUDED.exercise_id,
  prompt = EXCLUDED.prompt,
  options = EXCLUDED.options,
  correct_option = EXCLUDED.correct_option,
  explanation = EXCLUDED.explanation,
  display_order = EXCLUDED.display_order;

INSERT INTO public.exercises (id, chapter_id, subject_id, title, difficulty, xp_reward, reward_coins, mode, source, display_order) VALUES
  ('395cebdf-ac29-5959-baac-2cdeb6d0126b', '9d3bf956-8c48-58da-be03-a90180c87d33', 'math-8eme', '⭐ تمرين: القيمةُ المطلقة والعمليّاتُ البسيطة', 1, 50, 10, 'practice', 'admin', 1)
ON CONFLICT (id) DO UPDATE SET
  chapter_id = EXCLUDED.chapter_id,
  subject_id = EXCLUDED.subject_id,
  title = EXCLUDED.title,
  difficulty = EXCLUDED.difficulty,
  xp_reward = EXCLUDED.xp_reward,
  reward_coins = EXCLUDED.reward_coins,
  mode = EXCLUDED.mode,
  display_order = EXCLUDED.display_order;

INSERT INTO public.questions (id, exercise_id, prompt, options, correct_option, explanation, display_order) VALUES
  ('8d93fd54-6bed-5ec7-9a31-910381fb41d8', '395cebdf-ac29-5959-baac-2cdeb6d0126b', 'ما قيمةُ |−12|؟', '[{"id":"a","text":"−12"},{"id":"b","text":"0"},{"id":"c","text":"12"},{"id":"d","text":"24"}]'::jsonb, 'c', 'القيمةُ المطلقة هي بُعدُ العدد عن الصفر وهي موجبةٌ دائمًا؛ إذن |−12| = 12. القيمةُ المطلقة لا تُبقي إشارةَ السالب.', 1)
ON CONFLICT (id) DO UPDATE SET
  exercise_id = EXCLUDED.exercise_id,
  prompt = EXCLUDED.prompt,
  options = EXCLUDED.options,
  correct_option = EXCLUDED.correct_option,
  explanation = EXCLUDED.explanation,
  display_order = EXCLUDED.display_order;

INSERT INTO public.questions (id, exercise_id, prompt, options, correct_option, explanation, display_order) VALUES
  ('a565d2c8-fd3c-532e-96af-cc9a38161a6b', '395cebdf-ac29-5959-baac-2cdeb6d0126b', 'ما أكبرُ عددٍ من بين الأعداد: −20 ، −15 ، −9 ، −1؟', '[{"id":"a","text":"−20"},{"id":"b","text":"−15"},{"id":"c","text":"−9"},{"id":"d","text":"−1"}]'::jsonb, 'd', 'بين عددين سالبين، الأكبرُ هو الأقربُ إلى الصفر (الأصغرُ قيمةً مطلقة)؛ إذن الأكبرُ هو −1. الخطأُ الشائع اختيارُ −20 ظنًّا أنّ العددَ الأكبرَ رقمًا هو الأكبرُ قيمةً، لكنّ العكسَ صحيحٌ مع السوالب.', 2)
ON CONFLICT (id) DO UPDATE SET
  exercise_id = EXCLUDED.exercise_id,
  prompt = EXCLUDED.prompt,
  options = EXCLUDED.options,
  correct_option = EXCLUDED.correct_option,
  explanation = EXCLUDED.explanation,
  display_order = EXCLUDED.display_order;

INSERT INTO public.questions (id, exercise_id, prompt, options, correct_option, explanation, display_order) VALUES
  ('693c41b1-bd59-5fd3-beca-196f543f6714', '395cebdf-ac29-5959-baac-2cdeb6d0126b', 'ما ناتجُ (−7) + (+7)؟', '[{"id":"a","text":"−14"},{"id":"b","text":"0"},{"id":"c","text":"7"},{"id":"d","text":"14"}]'::jsonb, 'b', 'العددان −7 و+7 متعاكسان (لهما القيمةُ المطلقة نفسها وإشارتان مختلفتان)، فمجموعُهما 0. مجموعُ عددٍ ومعاكسه يساوي الصفرَ دائمًا.', 3)
ON CONFLICT (id) DO UPDATE SET
  exercise_id = EXCLUDED.exercise_id,
  prompt = EXCLUDED.prompt,
  options = EXCLUDED.options,
  correct_option = EXCLUDED.correct_option,
  explanation = EXCLUDED.explanation,
  display_order = EXCLUDED.display_order;

INSERT INTO public.questions (id, exercise_id, prompt, options, correct_option, explanation, display_order) VALUES
  ('38c9c2b6-8517-5c75-b542-faf9c755a776', '395cebdf-ac29-5959-baac-2cdeb6d0126b', 'ما ناتجُ (−5) + (−4)؟', '[{"id":"a","text":"−9"},{"id":"b","text":"−1"},{"id":"c","text":"1"},{"id":"d","text":"9"}]'::jsonb, 'a', 'الإشارتان متماثلتان (سالبتان)، فنجمع القيمتَين المطلقتَين 5 + 4 = 9 ونحتفظ بالإشارة السالبة؛ إذن الناتجُ −9. الجوابُ −1 خطأُ طرحٍ بدل الجمع.', 4)
ON CONFLICT (id) DO UPDATE SET
  exercise_id = EXCLUDED.exercise_id,
  prompt = EXCLUDED.prompt,
  options = EXCLUDED.options,
  correct_option = EXCLUDED.correct_option,
  explanation = EXCLUDED.explanation,
  display_order = EXCLUDED.display_order;

INSERT INTO public.questions (id, exercise_id, prompt, options, correct_option, explanation, display_order) VALUES
  ('e8d6d60a-cee2-5b41-9fc2-0d62fec8badc', '395cebdf-ac29-5959-baac-2cdeb6d0126b', 'ما ناتجُ (−3) × (−8)؟', '[{"id":"a","text":"−24"},{"id":"b","text":"−11"},{"id":"c","text":"11"},{"id":"d","text":"24"}]'::jsonb, 'd', 'بقاعدة الإشارات، جداءُ عددين سالبين موجب؛ نضرب القيمتَين المطلقتَين 3 × 8 = 24، فالناتجُ +24. الجوابُ −24 خطأٌ في قاعدة الإشارات، و−11 خطأُ جمعٍ بدل الضرب.', 5)
ON CONFLICT (id) DO UPDATE SET
  exercise_id = EXCLUDED.exercise_id,
  prompt = EXCLUDED.prompt,
  options = EXCLUDED.options,
  correct_option = EXCLUDED.correct_option,
  explanation = EXCLUDED.explanation,
  display_order = EXCLUDED.display_order;

INSERT INTO public.questions (id, exercise_id, prompt, options, correct_option, explanation, display_order) VALUES
  ('e0376be3-b65a-58c9-8c62-d1b7ec98b012', '395cebdf-ac29-5959-baac-2cdeb6d0126b', 'ما الكتابةُ الكسريّةُ المختزلة للعدد العشريّ −0,5؟', '[{"id":"a","text":"−1/2"},{"id":"b","text":"−1/5"},{"id":"c","text":"−5/1"},{"id":"d","text":"−1/20"}]'::jsonb, 'a', '−0,5 = −5/10، وبقسمة البسط والمقام على 5 نحصل على −1/2. الجوابُ −1/5 = −0,2 و−5/1 = −5 و−1/20 = −0,05، وكلُّها مختلفةٌ عن −0,5.', 6)
ON CONFLICT (id) DO UPDATE SET
  exercise_id = EXCLUDED.exercise_id,
  prompt = EXCLUDED.prompt,
  options = EXCLUDED.options,
  correct_option = EXCLUDED.correct_option,
  explanation = EXCLUDED.explanation,
  display_order = EXCLUDED.display_order;

INSERT INTO public.exercises (id, chapter_id, subject_id, title, difficulty, xp_reward, reward_coins, mode, source, display_order) VALUES
  ('7945f775-aa19-5d28-91ed-554e190bd5b2', '9d3bf956-8c48-58da-be03-a90180c87d33', 'math-8eme', '⚔️ زعيم الفصل ⭐⭐⭐: العمليّاتُ والمقارنةُ على الأعداد الجذرية', 3, 120, 30, 'boss', 'admin', 2)
ON CONFLICT (id) DO UPDATE SET
  chapter_id = EXCLUDED.chapter_id,
  subject_id = EXCLUDED.subject_id,
  title = EXCLUDED.title,
  difficulty = EXCLUDED.difficulty,
  xp_reward = EXCLUDED.xp_reward,
  reward_coins = EXCLUDED.reward_coins,
  mode = EXCLUDED.mode,
  display_order = EXCLUDED.display_order;

INSERT INTO public.questions (id, exercise_id, prompt, options, correct_option, explanation, display_order) VALUES
  ('dbf04301-8bcf-5e35-b229-e8ea3c2ae70c', '7945f775-aa19-5d28-91ed-554e190bd5b2', 'ما ناتجُ (−6) + (+10)؟', '[{"id":"a","text":"−16"},{"id":"b","text":"−4"},{"id":"c","text":"4"},{"id":"d","text":"16"}]'::jsonb, 'c', 'الإشارتان مختلفتان، فنطرح الأصغرَ قيمةً مطلقةً من الأكبر: 10 − 6 = 4، ونأخذ إشارةَ الأكبر قيمةً مطلقة (+10)؛ إذن الناتجُ +4.', 1)
ON CONFLICT (id) DO UPDATE SET
  exercise_id = EXCLUDED.exercise_id,
  prompt = EXCLUDED.prompt,
  options = EXCLUDED.options,
  correct_option = EXCLUDED.correct_option,
  explanation = EXCLUDED.explanation,
  display_order = EXCLUDED.display_order;

INSERT INTO public.questions (id, exercise_id, prompt, options, correct_option, explanation, display_order) VALUES
  ('fdfcb91c-f4f3-51cc-bc6b-18049ef3df26', '7945f775-aa19-5d28-91ed-554e190bd5b2', 'ما ناتجُ (−7) − (−3)؟', '[{"id":"a","text":"−10"},{"id":"b","text":"−4"},{"id":"c","text":"4"},{"id":"d","text":"10"}]'::jsonb, 'b', 'الطرحُ هو جمعُ المعاكس: (−7) − (−3) = (−7) + (+3) = −4 (لأنّ 7 > 3 والإشارةُ للأكبر قيمةً مطلقة). الخطأُ الشائع: (−7) − (−3) = −10 بجمع القيمتَين دون تحويل الطرح إلى جمع المعاكس.', 2)
ON CONFLICT (id) DO UPDATE SET
  exercise_id = EXCLUDED.exercise_id,
  prompt = EXCLUDED.prompt,
  options = EXCLUDED.options,
  correct_option = EXCLUDED.correct_option,
  explanation = EXCLUDED.explanation,
  display_order = EXCLUDED.display_order;

INSERT INTO public.questions (id, exercise_id, prompt, options, correct_option, explanation, display_order) VALUES
  ('0a709bbe-0e6d-5773-87d5-5f5f79cfcc52', '7945f775-aa19-5d28-91ed-554e190bd5b2', 'رتّب تصاعديًا (من الأصغر إلى الأكبر) الكسور: 5/6 ، 7/8 ، 2/3.', '[{"id":"a","text":"2/3 < 5/6 < 7/8"},{"id":"b","text":"2/3 < 7/8 < 5/6"},{"id":"c","text":"5/6 < 2/3 < 7/8"},{"id":"d","text":"7/8 < 5/6 < 2/3"}]'::jsonb, 'a', 'بالكتابة العشريّة: 2/3 ≈ 0,667 و5/6 ≈ 0,833 و7/8 = 0,875. أو بجداء الطرفين والوسطين بين 5/6 و7/8: 5×8 = 40 و6×7 = 42، وبما أنّ 40 < 42 فإنّ 5/6 < 7/8. الترتيبُ الصحيح: 2/3 < 5/6 < 7/8.', 3)
ON CONFLICT (id) DO UPDATE SET
  exercise_id = EXCLUDED.exercise_id,
  prompt = EXCLUDED.prompt,
  options = EXCLUDED.options,
  correct_option = EXCLUDED.correct_option,
  explanation = EXCLUDED.explanation,
  display_order = EXCLUDED.display_order;

INSERT INTO public.questions (id, exercise_id, prompt, options, correct_option, explanation, display_order) VALUES
  ('fcdb379b-32ac-59a0-9072-f9ee0bd75a62', '7945f775-aa19-5d28-91ed-554e190bd5b2', 'ما ناتجُ (−2/3) × (9/4)؟', '[{"id":"a","text":"3/2"},{"id":"b","text":"−3/4"},{"id":"c","text":"−6/7"},{"id":"d","text":"−3/2"}]'::jsonb, 'd', 'بقاعدة الإشارات جداءُ سالبٍ في موجبٍ سالب؛ نضرب بسطًا في بسط ومقامًا في مقام: −(2×9)/(3×4) = −18/12 = −3/2 ✓. الخطأُ الشائع: نسيانُ الإشارة والحصولُ على 3/2 موجبًا.', 4)
ON CONFLICT (id) DO UPDATE SET
  exercise_id = EXCLUDED.exercise_id,
  prompt = EXCLUDED.prompt,
  options = EXCLUDED.options,
  correct_option = EXCLUDED.correct_option,
  explanation = EXCLUDED.explanation,
  display_order = EXCLUDED.display_order;

INSERT INTO public.questions (id, exercise_id, prompt, options, correct_option, explanation, display_order) VALUES
  ('139a766e-a993-5028-8980-a02a0703c607', '7945f775-aa19-5d28-91ed-554e190bd5b2', 'ما ناتجُ (−8/9) ÷ (4/3)؟', '[{"id":"a","text":"−2/3"},{"id":"b","text":"2/3"},{"id":"c","text":"−3/2"},{"id":"d","text":"−32/27"}]'::jsonb, 'a', 'القسمةُ على كسرٍ هي الضربُ في مقلوبه: (−8/9) ÷ (4/3) = (−8/9) × (3/4) = −24/36 = −2/3 ✓. الخطأُ الشائع: الضربُ مباشرةً دون قلبٍ فنحصل على −32/27، أو نسيانُ الإشارة.', 5)
ON CONFLICT (id) DO UPDATE SET
  exercise_id = EXCLUDED.exercise_id,
  prompt = EXCLUDED.prompt,
  options = EXCLUDED.options,
  correct_option = EXCLUDED.correct_option,
  explanation = EXCLUDED.explanation,
  display_order = EXCLUDED.display_order;

INSERT INTO public.questions (id, exercise_id, prompt, options, correct_option, explanation, display_order) VALUES
  ('b9600b5c-a190-5102-983f-3d512bb73af2', '7945f775-aa19-5d28-91ed-554e190bd5b2', 'ما ناتجُ (−3) + (−4) × 2؟', '[{"id":"a","text":"−14"},{"id":"b","text":"−11"},{"id":"c","text":"−5"},{"id":"d","text":"2"}]'::jsonb, 'b', 'نبدأ بالضرب قبل الجمع: (−4) × 2 = −8، ثمّ (−3) + (−8) = −11 ✓. الخطأُ الشائع: حسابُ (−3) + (−4) = −7 أوّلًا ثمّ × 2 = −14، وهذا يخالف أولويّةَ الضرب على الجمع.', 6)
ON CONFLICT (id) DO UPDATE SET
  exercise_id = EXCLUDED.exercise_id,
  prompt = EXCLUDED.prompt,
  options = EXCLUDED.options,
  correct_option = EXCLUDED.correct_option,
  explanation = EXCLUDED.explanation,
  display_order = EXCLUDED.display_order;

INSERT INTO public.exercises (id, chapter_id, subject_id, title, difficulty, xp_reward, reward_coins, mode, source, display_order) VALUES
  ('c2b6def3-a4ae-5c50-98f3-9852973524af', '9d3bf956-8c48-58da-be03-a90180c87d33', 'math-8eme', '⭐⭐ تمرين مراجعة: الأعدادُ الجذرية (نمط امتحان)', 2, 70, 15, 'practice', 'admin', 3)
ON CONFLICT (id) DO UPDATE SET
  chapter_id = EXCLUDED.chapter_id,
  subject_id = EXCLUDED.subject_id,
  title = EXCLUDED.title,
  difficulty = EXCLUDED.difficulty,
  xp_reward = EXCLUDED.xp_reward,
  reward_coins = EXCLUDED.reward_coins,
  mode = EXCLUDED.mode,
  display_order = EXCLUDED.display_order;

INSERT INTO public.questions (id, exercise_id, prompt, options, correct_option, explanation, display_order) VALUES
  ('70d93a3d-c32a-5d97-8ae4-4f2757dfc253', 'c2b6def3-a4ae-5c50-98f3-9852973524af', 'ما قيمةُ |−0,4|؟', '[{"id":"a","text":"−0,4"},{"id":"b","text":"0"},{"id":"c","text":"0,4"},{"id":"d","text":"4"}]'::jsonb, 'c', 'القيمةُ المطلقة موجبةٌ دائمًا وتساوي بُعدَ العدد عن الصفر؛ إذن |−0,4| = 0,4. الجوابُ 4 خطأٌ في المنزلة العشريّة.', 1)
ON CONFLICT (id) DO UPDATE SET
  exercise_id = EXCLUDED.exercise_id,
  prompt = EXCLUDED.prompt,
  options = EXCLUDED.options,
  correct_option = EXCLUDED.correct_option,
  explanation = EXCLUDED.explanation,
  display_order = EXCLUDED.display_order;

INSERT INTO public.questions (id, exercise_id, prompt, options, correct_option, explanation, display_order) VALUES
  ('3976ab3b-8de7-5cd4-993b-a381184a6407', 'c2b6def3-a4ae-5c50-98f3-9852973524af', 'ما معاكسُ العدد −6؟', '[{"id":"a","text":"−6"},{"id":"b","text":"−1/6"},{"id":"c","text":"1/6"},{"id":"d","text":"6"}]'::jsonb, 'd', 'معاكسُ عددٍ هو العددُ الذي يكون مجموعُه معه صفرًا؛ معاكسُ −6 هو +6 لأنّ (−6) + (+6) = 0. الجوابُ −1/6 هو المقلوبُ لا المعاكس.', 2)
ON CONFLICT (id) DO UPDATE SET
  exercise_id = EXCLUDED.exercise_id,
  prompt = EXCLUDED.prompt,
  options = EXCLUDED.options,
  correct_option = EXCLUDED.correct_option,
  explanation = EXCLUDED.explanation,
  display_order = EXCLUDED.display_order;

INSERT INTO public.questions (id, exercise_id, prompt, options, correct_option, explanation, display_order) VALUES
  ('5c27c022-3284-5d0c-98ad-d88ad883f4ba', 'c2b6def3-a4ae-5c50-98f3-9852973524af', 'ما ناتجُ (+9) + (−15)؟', '[{"id":"a","text":"−24"},{"id":"b","text":"−6"},{"id":"c","text":"6"},{"id":"d","text":"24"}]'::jsonb, 'b', 'الإشارتان مختلفتان، فنطرح: 15 − 9 = 6، ونأخذ إشارةَ الأكبر قيمةً مطلقة (−15)؛ إذن الناتجُ −6. الجوابُ −24 خطأٌ من جمع القيمتَين بإشارةٍ سالبة.', 3)
ON CONFLICT (id) DO UPDATE SET
  exercise_id = EXCLUDED.exercise_id,
  prompt = EXCLUDED.prompt,
  options = EXCLUDED.options,
  correct_option = EXCLUDED.correct_option,
  explanation = EXCLUDED.explanation,
  display_order = EXCLUDED.display_order;

INSERT INTO public.questions (id, exercise_id, prompt, options, correct_option, explanation, display_order) VALUES
  ('0745daff-c6e6-5f4c-bd7a-0bbae6482595', 'c2b6def3-a4ae-5c50-98f3-9852973524af', 'ما ناتجُ (−12) − (−20)؟', '[{"id":"a","text":"−32"},{"id":"b","text":"−8"},{"id":"c","text":"8"},{"id":"d","text":"32"}]'::jsonb, 'c', 'الطرحُ جمعُ المعاكس: (−12) − (−20) = (−12) + (+20) = +8 (لأنّ 20 > 12 والإشارةُ للأكبر). الخطأُ الشائع: −32 بجمع القيمتَين دون تحويل الطرح.', 4)
ON CONFLICT (id) DO UPDATE SET
  exercise_id = EXCLUDED.exercise_id,
  prompt = EXCLUDED.prompt,
  options = EXCLUDED.options,
  correct_option = EXCLUDED.correct_option,
  explanation = EXCLUDED.explanation,
  display_order = EXCLUDED.display_order;

INSERT INTO public.questions (id, exercise_id, prompt, options, correct_option, explanation, display_order) VALUES
  ('98bdcdff-f011-5268-bcb8-19d79d039d25', 'c2b6def3-a4ae-5c50-98f3-9852973524af', 'رتّب تصاعديًا (من الأصغر إلى الأكبر): −1/2 ، −3/4 ، −4/5.', '[{"id":"a","text":"−1/2 < −3/4 < −4/5"},{"id":"b","text":"−4/5 < −3/4 < −1/2"},{"id":"c","text":"−3/4 < −4/5 < −1/2"},{"id":"d","text":"−4/5 < −1/2 < −3/4"}]'::jsonb, 'b', 'بالكتابة العشريّة: −1/2 = −0,5 و−3/4 = −0,75 و−4/5 = −0,8. بين السوالب الأكبرُ قيمةً مطلقةً هو الأصغر، فالترتيب: −4/5 < −3/4 < −1/2. الخطأُ الشائع: اختيارُ −1/2 < −3/4 كأنّ رقمًا أكبرَ يعني عددًا أكبر.', 5)
ON CONFLICT (id) DO UPDATE SET
  exercise_id = EXCLUDED.exercise_id,
  prompt = EXCLUDED.prompt,
  options = EXCLUDED.options,
  correct_option = EXCLUDED.correct_option,
  explanation = EXCLUDED.explanation,
  display_order = EXCLUDED.display_order;

INSERT INTO public.questions (id, exercise_id, prompt, options, correct_option, explanation, display_order) VALUES
  ('2f23d2ca-b50e-5159-8fe0-cbba42e2f542', 'c2b6def3-a4ae-5c50-98f3-9852973524af', 'ما ناتجُ (−2/5) × 10؟', '[{"id":"a","text":"−4"},{"id":"b","text":"−2/5"},{"id":"c","text":"2/5"},{"id":"d","text":"4"}]'::jsonb, 'a', '(−2/5) × 10 = −(2 × 10)/5 = −20/5 = −4 ✓. بقاعدة الإشارات جداءُ سالبٍ في موجبٍ سالب. الجوابُ 4 خطأٌ في الإشارة.', 6)
ON CONFLICT (id) DO UPDATE SET
  exercise_id = EXCLUDED.exercise_id,
  prompt = EXCLUDED.prompt,
  options = EXCLUDED.options,
  correct_option = EXCLUDED.correct_option,
  explanation = EXCLUDED.explanation,
  display_order = EXCLUDED.display_order;

INSERT INTO public.exercises (id, chapter_id, subject_id, title, difficulty, xp_reward, reward_coins, mode, source, display_order) VALUES
  ('11f08802-5735-5acd-8a80-388e358b90d8', '9d3bf956-8c48-58da-be03-a90180c87d33', 'math-8eme', '👑 تحدّي النخبة ⭐⭐⭐⭐: مسائلُ الأعداد الجذرية', 4, 300, 60, 'challenge', 'admin', 4)
ON CONFLICT (id) DO UPDATE SET
  chapter_id = EXCLUDED.chapter_id,
  subject_id = EXCLUDED.subject_id,
  title = EXCLUDED.title,
  difficulty = EXCLUDED.difficulty,
  xp_reward = EXCLUDED.xp_reward,
  reward_coins = EXCLUDED.reward_coins,
  mode = EXCLUDED.mode,
  display_order = EXCLUDED.display_order;

INSERT INTO public.questions (id, exercise_id, prompt, options, correct_option, explanation, display_order) VALUES
  ('6292455c-bcd8-5a4a-ac6a-1466e2c997cd', '11f08802-5735-5acd-8a80-388e358b90d8', 'في مدينة عين دراهم بلغت درجةُ الحرارة −5°C ليلًا، ثمّ ارتفعت بمقدار 8 درجات نهارًا، ثمّ انخفضت 3 درجات مساءً. ما درجةُ الحرارة مساءً؟', '[{"id":"a","text":"−16"},{"id":"b","text":"−8"},{"id":"c","text":"−5"},{"id":"d","text":"0"}]'::jsonb, 'd', 'نجمع التغيّرات بترتيبها: −5 + 8 − 3 = 3 − 3 = 0 ✓. الدرجةُ مساءً 0°C. الخطأُ الشائع: جمعُ الأعداد كلِّها بإشارةٍ سالبة (−5 − 8 − 3 = −16)، أو إهمالُ ارتفاع النهار.', 1)
ON CONFLICT (id) DO UPDATE SET
  exercise_id = EXCLUDED.exercise_id,
  prompt = EXCLUDED.prompt,
  options = EXCLUDED.options,
  correct_option = EXCLUDED.correct_option,
  explanation = EXCLUDED.explanation,
  display_order = EXCLUDED.display_order;

INSERT INTO public.questions (id, exercise_id, prompt, options, correct_option, explanation, display_order) VALUES
  ('597d0647-918d-500f-b7af-463cbb038648', '11f08802-5735-5acd-8a80-388e358b90d8', 'غوّاصٌ نزل إلى العمق −30 م تحت سطح البحر (نأخذ السطحَ مرجعًا 0)، ثمّ صعد 12 م، ثمّ نزل 7 م. على أيّ عمقٍ استقرّ؟', '[{"id":"a","text":"−25"},{"id":"b","text":"−18"},{"id":"c","text":"−11"},{"id":"d","text":"25"}]'::jsonb, 'a', 'الصعودُ يُضاف موجبًا والنزولُ سالبًا: −30 + 12 − 7 = −18 − 7 = −25 ✓. استقرّ على العمق −25 م. الخطأُ الشائع: −30 + 12 + 7 = −11 بجعل النزول الأخير موجبًا.', 2)
ON CONFLICT (id) DO UPDATE SET
  exercise_id = EXCLUDED.exercise_id,
  prompt = EXCLUDED.prompt,
  options = EXCLUDED.options,
  correct_option = EXCLUDED.correct_option,
  explanation = EXCLUDED.explanation,
  display_order = EXCLUDED.display_order;

INSERT INTO public.questions (id, exercise_id, prompt, options, correct_option, explanation, display_order) VALUES
  ('90170c37-355d-5f99-bae5-397bf48419cc', '11f08802-5735-5acd-8a80-388e358b90d8', 'سجّل حسابُ فتحي عند بائعٍ ما يلي: دَينٌ 12 د (يُكتب −12)، ثمّ سدّد 20 د (+20)، ثمّ اشترى بدَينٍ قدرُه 15 د (−15). ما رصيدُ حسابه بالدينار؟', '[{"id":"a","text":"−47"},{"id":"b","text":"−27"},{"id":"c","text":"−7"},{"id":"d","text":"8"}]'::jsonb, 'c', 'نجمع الحركات: −12 + 20 − 15 = 8 − 15 = −7 ✓. الرصيدُ −7 د (أي دَينٌ قدرُه 7 د). الخطأُ الشائع: إهمالُ التسديد (+20) والحصولُ على −27، أو جمعُ كلِّ شيءٍ سالبًا (−47).', 3)
ON CONFLICT (id) DO UPDATE SET
  exercise_id = EXCLUDED.exercise_id,
  prompt = EXCLUDED.prompt,
  options = EXCLUDED.options,
  correct_option = EXCLUDED.correct_option,
  explanation = EXCLUDED.explanation,
  display_order = EXCLUDED.display_order;

INSERT INTO public.questions (id, exercise_id, prompt, options, correct_option, explanation, display_order) VALUES
  ('5eee08af-7356-597f-829c-9b0d374961a2', '11f08802-5735-5acd-8a80-388e358b90d8', 'انطلقت درجةُ حرارة سائلٍ من 8°C، ثمّ أخذت تنخفض بمقدار 5 درجات كلَّ ساعة طيلة ساعتين. ما درجةُ الحرارة بعد الساعتين؟', '[{"id":"a","text":"−10"},{"id":"b","text":"−2"},{"id":"c","text":"6"},{"id":"d","text":"18"}]'::jsonb, 'b', 'الانخفاضُ الكلّيّ = (−5) × 2 = −10، ثمّ 8 + (−10) = −2 ✓. الدرجةُ بعد ساعتين −2°C. الخطأُ الشائع: (8 − 5) × 2 = 6 بإجراء الطرح قبل الضرب، أو 8 + 5 × 2 = 18 بنسيان الإشارة السالبة.', 4)
ON CONFLICT (id) DO UPDATE SET
  exercise_id = EXCLUDED.exercise_id,
  prompt = EXCLUDED.prompt,
  options = EXCLUDED.options,
  correct_option = EXCLUDED.correct_option,
  explanation = EXCLUDED.explanation,
  display_order = EXCLUDED.display_order;

INSERT INTO public.questions (id, exercise_id, prompt, options, correct_option, explanation, display_order) VALUES
  ('5badea6b-d1bc-525b-bf53-0507a1482df1', '11f08802-5735-5acd-8a80-388e358b90d8', 'ما ناتجُ (−3/4) + (5/6) − (1/2)؟', '[{"id":"a","text":"−5/12"},{"id":"b","text":"5/12"},{"id":"c","text":"−1/12"},{"id":"d","text":"−25/12"}]'::jsonb, 'a', 'نوحّد المقامات على 12: −9/12 + 10/12 − 6/12 = (−9 + 10 − 6)/12 = −5/12 ✓. الخطأُ الشائع: جمعُ البسوط دون توحيد المقامات، أو الخطأُ في إشارة أحد الكسور.', 5)
ON CONFLICT (id) DO UPDATE SET
  exercise_id = EXCLUDED.exercise_id,
  prompt = EXCLUDED.prompt,
  options = EXCLUDED.options,
  correct_option = EXCLUDED.correct_option,
  explanation = EXCLUDED.explanation,
  display_order = EXCLUDED.display_order;

INSERT INTO public.questions (id, exercise_id, prompt, options, correct_option, explanation, display_order) VALUES
  ('4c491342-1a8f-523f-8c2d-f117d9a6d1b2', '11f08802-5735-5acd-8a80-388e358b90d8', 'عددٌ جذريّ x يحقّق x + (−3/5) = 2/5. ما قيمةُ x؟', '[{"id":"a","text":"−1"},{"id":"b","text":"−1/5"},{"id":"c","text":"1/5"},{"id":"d","text":"1"}]'::jsonb, 'd', 'نعزل x بجمع المعاكس +3/5 إلى الطرفين: x = 2/5 − (−3/5) = 2/5 + 3/5 = 5/5 = 1 ✓. الخطأُ الشائع: x = 2/5 + (−3/5) = −1/5 بعدم عكس إشارة المنقول.', 6)
ON CONFLICT (id) DO UPDATE SET
  exercise_id = EXCLUDED.exercise_id,
  prompt = EXCLUDED.prompt,
  options = EXCLUDED.options,
  correct_option = EXCLUDED.correct_option,
  explanation = EXCLUDED.explanation,
  display_order = EXCLUDED.display_order;

INSERT INTO public.exercises (id, chapter_id, subject_id, title, difficulty, xp_reward, reward_coins, mode, source, display_order) VALUES
  ('b015f379-245d-54fe-89dd-fd4db6f58b0f', '9d3bf956-8c48-58da-be03-a90180c87d33', 'math-8eme', '📝 تدريب ⭐⭐⭐: مراجعةٌ شاملةٌ على العمليّات', 3, 120, 30, 'boss', 'admin', 5)
ON CONFLICT (id) DO UPDATE SET
  chapter_id = EXCLUDED.chapter_id,
  subject_id = EXCLUDED.subject_id,
  title = EXCLUDED.title,
  difficulty = EXCLUDED.difficulty,
  xp_reward = EXCLUDED.xp_reward,
  reward_coins = EXCLUDED.reward_coins,
  mode = EXCLUDED.mode,
  display_order = EXCLUDED.display_order;

INSERT INTO public.questions (id, exercise_id, prompt, options, correct_option, explanation, display_order) VALUES
  ('18fef0f4-ae79-574f-8f1b-44a585692ccc', 'b015f379-245d-54fe-89dd-fd4db6f58b0f', 'ما قيمةُ |−3/5|؟', '[{"id":"a","text":"−3/5"},{"id":"b","text":"0"},{"id":"c","text":"3/5"},{"id":"d","text":"5/3"}]'::jsonb, 'c', 'القيمةُ المطلقة موجبةٌ دائمًا، فإنّ |−3/5| = 3/5. الجوابُ 5/3 هو المقلوبُ لا القيمةُ المطلقة.', 1)
ON CONFLICT (id) DO UPDATE SET
  exercise_id = EXCLUDED.exercise_id,
  prompt = EXCLUDED.prompt,
  options = EXCLUDED.options,
  correct_option = EXCLUDED.correct_option,
  explanation = EXCLUDED.explanation,
  display_order = EXCLUDED.display_order;

INSERT INTO public.questions (id, exercise_id, prompt, options, correct_option, explanation, display_order) VALUES
  ('ad4032c4-550e-5347-8433-fe7405237681', 'b015f379-245d-54fe-89dd-fd4db6f58b0f', 'ما ناتجُ (−8) + (+3) + (−5)؟', '[{"id":"a","text":"−16"},{"id":"b","text":"−10"},{"id":"c","text":"−6"},{"id":"d","text":"0"}]'::jsonb, 'b', 'نحسب خطوةً خطوة: (−8) + (+3) = −5، ثمّ (−5) + (−5) = −10 ✓. أو نجمع السوالب −8 − 5 = −13 والموجب +3، فالناتج −10.', 2)
ON CONFLICT (id) DO UPDATE SET
  exercise_id = EXCLUDED.exercise_id,
  prompt = EXCLUDED.prompt,
  options = EXCLUDED.options,
  correct_option = EXCLUDED.correct_option,
  explanation = EXCLUDED.explanation,
  display_order = EXCLUDED.display_order;

INSERT INTO public.questions (id, exercise_id, prompt, options, correct_option, explanation, display_order) VALUES
  ('76b3e887-61a4-5e49-96f0-af034f29e558', 'b015f379-245d-54fe-89dd-fd4db6f58b0f', 'ما ناتجُ (−2/3) − (1/6)؟', '[{"id":"a","text":"−5/6"},{"id":"b","text":"−1/6"},{"id":"c","text":"1/2"},{"id":"d","text":"5/6"}]'::jsonb, 'a', 'نوحّد المقامات على 6: −2/3 = −4/6، ثمّ −4/6 − 1/6 = −5/6 ✓. الخطأُ الشائع: طرحُ البسطَين دون توحيد المقامات، أو نسيانُ الإشارة السالبة فنحصل على 5/6.', 3)
ON CONFLICT (id) DO UPDATE SET
  exercise_id = EXCLUDED.exercise_id,
  prompt = EXCLUDED.prompt,
  options = EXCLUDED.options,
  correct_option = EXCLUDED.correct_option,
  explanation = EXCLUDED.explanation,
  display_order = EXCLUDED.display_order;

INSERT INTO public.questions (id, exercise_id, prompt, options, correct_option, explanation, display_order) VALUES
  ('90f853d7-b030-5561-a8b0-e0ea892bff4b', 'b015f379-245d-54fe-89dd-fd4db6f58b0f', 'ما ناتجُ (−3/4) × (8/9)؟', '[{"id":"a","text":"−6/13"},{"id":"b","text":"2/3"},{"id":"c","text":"3/2"},{"id":"d","text":"−2/3"}]'::jsonb, 'd', 'بقاعدة الإشارات جداءُ سالبٍ في موجبٍ سالب: −(3 × 8)/(4 × 9) = −24/36 = −2/3 ✓. الخطأُ الشائع: جمعُ البسوط والمقامات (−6/13)، أو نسيانُ الإشارة.', 4)
ON CONFLICT (id) DO UPDATE SET
  exercise_id = EXCLUDED.exercise_id,
  prompt = EXCLUDED.prompt,
  options = EXCLUDED.options,
  correct_option = EXCLUDED.correct_option,
  explanation = EXCLUDED.explanation,
  display_order = EXCLUDED.display_order;

INSERT INTO public.questions (id, exercise_id, prompt, options, correct_option, explanation, display_order) VALUES
  ('83564b0c-e2c4-5a7b-a0a2-2e974f136ce3', 'b015f379-245d-54fe-89dd-fd4db6f58b0f', 'ما ناتجُ (−15) ÷ (−6)؟', '[{"id":"a","text":"−5/2"},{"id":"b","text":"2/5"},{"id":"c","text":"5/2"},{"id":"d","text":"90"}]'::jsonb, 'c', 'بقاعدة الإشارات خارجُ قسمة سالبٍ على سالبٍ موجب: (−15) ÷ (−6) = +15/6 = 5/2 ✓. الجوابُ −5/2 خطأٌ في الإشارة، و90 = 15 × 6 ناتجُ ضربٍ بدل القسمة.', 5)
ON CONFLICT (id) DO UPDATE SET
  exercise_id = EXCLUDED.exercise_id,
  prompt = EXCLUDED.prompt,
  options = EXCLUDED.options,
  correct_option = EXCLUDED.correct_option,
  explanation = EXCLUDED.explanation,
  display_order = EXCLUDED.display_order;

INSERT INTO public.questions (id, exercise_id, prompt, options, correct_option, explanation, display_order) VALUES
  ('5a556e12-2614-5051-9ebe-81b5af41f324', 'b015f379-245d-54fe-89dd-fd4db6f58b0f', 'ما ناتجُ (−2) × (−3) + (−4) × 2؟', '[{"id":"a","text":"−14"},{"id":"b","text":"−2"},{"id":"c","text":"4"},{"id":"d","text":"10"}]'::jsonb, 'b', 'نُجري الضربَين قبل الجمع: (−2) × (−3) = +6 و(−4) × 2 = −8، ثمّ 6 + (−8) = −2 ✓. الخطأُ الشائع: حسابُ 6 − 4 = 2 ثمّ × 2 = 4 بإهمال أولويّة الضرب.', 6)
ON CONFLICT (id) DO UPDATE SET
  exercise_id = EXCLUDED.exercise_id,
  prompt = EXCLUDED.prompt,
  options = EXCLUDED.options,
  correct_option = EXCLUDED.correct_option,
  explanation = EXCLUDED.explanation,
  display_order = EXCLUDED.display_order;

INSERT INTO public.exercises (id, chapter_id, subject_id, title, difficulty, xp_reward, reward_coins, mode, source, display_order) VALUES
  ('a1d41c4e-bfc7-5fe4-8c37-f71b3454f0c8', '9d3bf956-8c48-58da-be03-a90180c87d33', 'math-8eme', '👑 تحدّي النخبة ⭐⭐⭐⭐: الإتقانُ الكامل للأعداد الجذرية', 4, 300, 60, 'challenge', 'admin', 6)
ON CONFLICT (id) DO UPDATE SET
  chapter_id = EXCLUDED.chapter_id,
  subject_id = EXCLUDED.subject_id,
  title = EXCLUDED.title,
  difficulty = EXCLUDED.difficulty,
  xp_reward = EXCLUDED.xp_reward,
  reward_coins = EXCLUDED.reward_coins,
  mode = EXCLUDED.mode,
  display_order = EXCLUDED.display_order;

INSERT INTO public.questions (id, exercise_id, prompt, options, correct_option, explanation, display_order) VALUES
  ('f55ae338-e3b8-5c61-82b6-4cf663bbd8f7', 'a1d41c4e-bfc7-5fe4-8c37-f71b3454f0c8', 'عددان جذريّان متعاكسان مجموعُهما 0، وأحدُهما −7. ما العددُ الآخر؟', '[{"id":"a","text":"−7"},{"id":"b","text":"−1/7"},{"id":"c","text":"1/7"},{"id":"d","text":"7"}]'::jsonb, 'd', 'معاكسُ العدد −7 هو +7 لأنّ (−7) + (+7) = 0 ✓. الجوابُ −1/7 هو المقلوبُ لا المعاكس، والفرقُ بين المفهومَين شائعٌ في هذا الفصل.', 1)
ON CONFLICT (id) DO UPDATE SET
  exercise_id = EXCLUDED.exercise_id,
  prompt = EXCLUDED.prompt,
  options = EXCLUDED.options,
  correct_option = EXCLUDED.correct_option,
  explanation = EXCLUDED.explanation,
  display_order = EXCLUDED.display_order;

INSERT INTO public.questions (id, exercise_id, prompt, options, correct_option, explanation, display_order) VALUES
  ('2755689b-ed9f-5737-9cbe-412d4bb059f6', 'a1d41c4e-bfc7-5fe4-8c37-f71b3454f0c8', 'رتّب تصاعديًا (من الأصغر إلى الأكبر): −2/3 ، −5/8 ، −3/4.', '[{"id":"a","text":"−3/4 < −2/3 < −5/8"},{"id":"b","text":"−5/8 < −2/3 < −3/4"},{"id":"c","text":"−2/3 < −3/4 < −5/8"},{"id":"d","text":"−3/4 < −5/8 < −2/3"}]'::jsonb, 'a', 'بالكتابة العشريّة: −2/3 ≈ −0,667 و−5/8 = −0,625 و−3/4 = −0,75. الأكبرُ قيمةً مطلقةً بين السوالب هو الأصغر، فالأصغرُ −3/4 والأكبرُ −5/8؛ الترتيب: −3/4 < −2/3 < −5/8 ✓. الخطأُ الشائع: عكسُ الترتيب لأنّ 0,75 يبدو أكبر.', 2)
ON CONFLICT (id) DO UPDATE SET
  exercise_id = EXCLUDED.exercise_id,
  prompt = EXCLUDED.prompt,
  options = EXCLUDED.options,
  correct_option = EXCLUDED.correct_option,
  explanation = EXCLUDED.explanation,
  display_order = EXCLUDED.display_order;

INSERT INTO public.questions (id, exercise_id, prompt, options, correct_option, explanation, display_order) VALUES
  ('15e2cf5c-e5f6-5cd5-9afa-ec3c13efa2ed', 'a1d41c4e-bfc7-5fe4-8c37-f71b3454f0c8', 'أرادت سلمى حسابَ (−6) − (−4) × 2 فكتبت: (−6) − (−4) = −2، ثمّ −2 × 2 = −4. أين الخطأُ وما الناتجُ الصحيح؟', '[{"id":"a","text":"لا خطأ؛ الناتجُ −4"},{"id":"b","text":"الخطأُ في قاعدة الإشارات؛ الناتجُ −8"},{"id":"c","text":"أجرت الطرحَ قبل الضرب؛ الناتجُ الصحيح 2"},{"id":"d","text":"لم تعكس إشارةَ الطرح؛ الناتجُ −10"}]'::jsonb, 'c', 'الضربُ له الأولويّة على الطرح: نحسب أوّلًا (−4) × 2 = −8، ثمّ (−6) − (−8) = (−6) + (+8) = +2 ✓. خطأُ سلمى أنّها بدأت بالطرح قبل الضرب. (السؤالُ من نوع تصحيح الخطأ، فالجوابُ الصحيح يصف الخطأ.)', 3)
ON CONFLICT (id) DO UPDATE SET
  exercise_id = EXCLUDED.exercise_id,
  prompt = EXCLUDED.prompt,
  options = EXCLUDED.options,
  correct_option = EXCLUDED.correct_option,
  explanation = EXCLUDED.explanation,
  display_order = EXCLUDED.display_order;

INSERT INTO public.questions (id, exercise_id, prompt, options, correct_option, explanation, display_order) VALUES
  ('104c48d8-fbbb-5871-bc45-97a6d4c6bf1a', 'a1d41c4e-bfc7-5fe4-8c37-f71b3454f0c8', 'ما ناتجُ (−3/5) × (10/9) + (−1/2)؟', '[{"id":"a","text":"−7/6"},{"id":"b","text":"−1/6"},{"id":"c","text":"7/6"},{"id":"d","text":"−2/3"}]'::jsonb, 'a', 'نبدأ بالضرب: (−3/5) × (10/9) = −30/45 = −2/3. ثمّ نوحّد المقامات على 6: −2/3 + (−1/2) = −4/6 − 3/6 = −7/6 ✓. الخطأُ الشائع: التوقّفُ عند −2/3 بإهمال الحدّ −1/2.', 4)
ON CONFLICT (id) DO UPDATE SET
  exercise_id = EXCLUDED.exercise_id,
  prompt = EXCLUDED.prompt,
  options = EXCLUDED.options,
  correct_option = EXCLUDED.correct_option,
  explanation = EXCLUDED.explanation,
  display_order = EXCLUDED.display_order;

INSERT INTO public.questions (id, exercise_id, prompt, options, correct_option, explanation, display_order) VALUES
  ('456548db-948d-5d7b-9a1a-44177aeedea3', 'a1d41c4e-bfc7-5fe4-8c37-f71b3454f0c8', 'أيُّ العبارات التالية صحيحة؟', '[{"id":"a","text":"−5 > −2"},{"id":"b","text":"|−7| = −7"},{"id":"c","text":"(−9) + (+9) = 0"},{"id":"d","text":"(−4) × (−3) = −12"}]'::jsonb, 'c', 'الصحيحُ هو (−9) + (+9) = 0 لأنّ العددين متعاكسان ✓. أمّا −5 > −2 فخطأ (−5 أصغر)، و|−7| = 7 لا −7 (القيمةُ المطلقة موجبة)، و(−4) × (−3) = +12 لا −12 (جداءُ سالبَين موجب).', 5)
ON CONFLICT (id) DO UPDATE SET
  exercise_id = EXCLUDED.exercise_id,
  prompt = EXCLUDED.prompt,
  options = EXCLUDED.options,
  correct_option = EXCLUDED.correct_option,
  explanation = EXCLUDED.explanation,
  display_order = EXCLUDED.display_order;

INSERT INTO public.questions (id, exercise_id, prompt, options, correct_option, explanation, display_order) VALUES
  ('80f48a2f-b40e-5336-a937-eaa906e84f5e', 'a1d41c4e-bfc7-5fe4-8c37-f71b3454f0c8', 'في تجربةٍ علميّة انطلقت درجةُ حرارة سائلٍ من 12°C، وتناقصت بمقدار 3,5 درجة كلَّ دقيقة. ما درجةُ الحرارة بعد 4 دقائق؟', '[{"id":"a","text":"−14"},{"id":"b","text":"−2"},{"id":"c","text":"2"},{"id":"d","text":"26"}]'::jsonb, 'b', 'التناقصُ الكلّيّ = (−3,5) × 4 = −14، ثمّ 12 + (−14) = −2 ✓. الدرجةُ بعد 4 دقائق −2°C. الخطأُ الشائع: 12 + 3,5 × 4 = 26 بنسيان الإشارة السالبة، أو 14 − 12 = 2 بعكس الطرح.', 6)
ON CONFLICT (id) DO UPDATE SET
  exercise_id = EXCLUDED.exercise_id,
  prompt = EXCLUDED.prompt,
  options = EXCLUDED.options,
  correct_option = EXCLUDED.correct_option,
  explanation = EXCLUDED.explanation,
  display_order = EXCLUDED.display_order;

INSERT INTO public.exercises (id, chapter_id, subject_id, title, difficulty, xp_reward, reward_coins, mode, source, display_order) VALUES
  ('78af02ef-808a-5643-bfce-a5093ac839c5', 'd270ebef-a2db-5fb5-a15f-13265020bb60', 'math-8eme', 'اختبار فهم الدرس ⭐', 1, 20, 5, 'quiz', 'admin', 0)
ON CONFLICT (id) DO UPDATE SET
  chapter_id = EXCLUDED.chapter_id,
  subject_id = EXCLUDED.subject_id,
  title = EXCLUDED.title,
  difficulty = EXCLUDED.difficulty,
  xp_reward = EXCLUDED.xp_reward,
  reward_coins = EXCLUDED.reward_coins,
  mode = EXCLUDED.mode,
  display_order = EXCLUDED.display_order;

INSERT INTO public.questions (id, exercise_id, prompt, options, correct_option, explanation, display_order) VALUES
  ('7d5147a2-930d-5322-b5d5-8553e0412f5c', '78af02ef-808a-5643-bfce-a5093ac839c5', 'ما قيمة a⁰ إذا كان a عددًا غيرَ معدوم؟', '[{"id":"a","text":"1"},{"id":"b","text":"0"},{"id":"c","text":"a"},{"id":"d","text":"غيرُ معرّفٍ"}]'::jsonb, 'a', 'كلُّ عددٍ غيرِ معدومٍ مرفوعٍ إلى الأُسّ 0 يساوي 1؛ إذن a⁰ = 1 (مثلًا 5⁰ = 1).', 1)
ON CONFLICT (id) DO UPDATE SET
  exercise_id = EXCLUDED.exercise_id,
  prompt = EXCLUDED.prompt,
  options = EXCLUDED.options,
  correct_option = EXCLUDED.correct_option,
  explanation = EXCLUDED.explanation,
  display_order = EXCLUDED.display_order;

INSERT INTO public.questions (id, exercise_id, prompt, options, correct_option, explanation, display_order) VALUES
  ('9b7fc0a9-ae1b-596d-b9d3-559ca1f15f82', '78af02ef-808a-5643-bfce-a5093ac839c5', 'ماذا تعني الكتابة a⁻ⁿ (a عددٌ غيرُ معدوم)؟', '[{"id":"a","text":"العدد السالب −aⁿ"},{"id":"b","text":"القوّة aⁿ نفسها"},{"id":"c","text":"مقلوب aⁿ أي 1/aⁿ"},{"id":"d","text":"حاصل ضرب a في −n"}]'::jsonb, 'c', 'الأُسّ السالب يعني المقلوب: a⁻ⁿ = 1/aⁿ. فالإشارة السالبة تدلّ على المقلوب لا على عددٍ سالب.', 2)
ON CONFLICT (id) DO UPDATE SET
  exercise_id = EXCLUDED.exercise_id,
  prompt = EXCLUDED.prompt,
  options = EXCLUDED.options,
  correct_option = EXCLUDED.correct_option,
  explanation = EXCLUDED.explanation,
  display_order = EXCLUDED.display_order;

INSERT INTO public.questions (id, exercise_id, prompt, options, correct_option, explanation, display_order) VALUES
  ('237a834f-0517-53c9-94f7-22856acf8541', '78af02ef-808a-5643-bfce-a5093ac839c5', 'ما قيمة 10⁻²؟', '[{"id":"a","text":"0,1"},{"id":"b","text":"0,01"},{"id":"c","text":"0,001"},{"id":"d","text":"−100"}]'::jsonb, 'b', '10⁻² = 1/10² = 1/100 = 0,01. الأُسّ السالب يعطي عددًا عشريًّا صغيرًا موجبًا، لا عددًا سالبًا.', 3)
ON CONFLICT (id) DO UPDATE SET
  exercise_id = EXCLUDED.exercise_id,
  prompt = EXCLUDED.prompt,
  options = EXCLUDED.options,
  correct_option = EXCLUDED.correct_option,
  explanation = EXCLUDED.explanation,
  display_order = EXCLUDED.display_order;

INSERT INTO public.questions (id, exercise_id, prompt, options, correct_option, explanation, display_order) VALUES
  ('44d1e581-de7a-58b1-8d51-e5db1c3e8ff2', '78af02ef-808a-5643-bfce-a5093ac839c5', 'ما الكتابة العلمية للعدد 3 400؟', '[{"id":"a","text":"34 × 10²"},{"id":"b","text":"3,4 × 10²"},{"id":"c","text":"3,4 × 10³"},{"id":"d","text":"0,34 × 10⁴"}]'::jsonb, 'c', 'الكتابة العلمية تكون a × 10ⁿ مع 1 ≤ a < 10؛ إذن 3 400 = 3,4 × 10³. (34 × 10² و0,34 × 10⁴ ترفضهما لأنّ a خارج المجال [1 ; 10[.)', 4)
ON CONFLICT (id) DO UPDATE SET
  exercise_id = EXCLUDED.exercise_id,
  prompt = EXCLUDED.prompt,
  options = EXCLUDED.options,
  correct_option = EXCLUDED.correct_option,
  explanation = EXCLUDED.explanation,
  display_order = EXCLUDED.display_order;

INSERT INTO public.questions (id, exercise_id, prompt, options, correct_option, explanation, display_order) VALUES
  ('1e604e84-bb1d-54a2-b0e5-8584d9f892ce', '78af02ef-808a-5643-bfce-a5093ac839c5', 'ما ناتج 2³ × 2⁻¹؟', '[{"id":"a","text":"8"},{"id":"b","text":"2"},{"id":"c","text":"16"},{"id":"d","text":"4"}]'::jsonb, 'd', 'لضرب قوّتين لهما نفس الأساس نجمع الأُسّين: 2³ × 2⁻¹ = 2³⁺⁽⁻¹⁾ = 2² = 4.', 5)
ON CONFLICT (id) DO UPDATE SET
  exercise_id = EXCLUDED.exercise_id,
  prompt = EXCLUDED.prompt,
  options = EXCLUDED.options,
  correct_option = EXCLUDED.correct_option,
  explanation = EXCLUDED.explanation,
  display_order = EXCLUDED.display_order;

INSERT INTO public.exercises (id, chapter_id, subject_id, title, difficulty, xp_reward, reward_coins, mode, source, display_order) VALUES
  ('a69bea3d-99cc-55c1-91dc-e4f8741f2f4e', 'd270ebef-a2db-5fb5-a15f-13265020bb60', 'math-8eme', '⭐ تمرين: الأُسّ الصفري والأُسّ السالب', 1, 50, 10, 'practice', 'admin', 1)
ON CONFLICT (id) DO UPDATE SET
  chapter_id = EXCLUDED.chapter_id,
  subject_id = EXCLUDED.subject_id,
  title = EXCLUDED.title,
  difficulty = EXCLUDED.difficulty,
  xp_reward = EXCLUDED.xp_reward,
  reward_coins = EXCLUDED.reward_coins,
  mode = EXCLUDED.mode,
  display_order = EXCLUDED.display_order;

INSERT INTO public.questions (id, exercise_id, prompt, options, correct_option, explanation, display_order) VALUES
  ('5ef5042a-145e-5676-aedc-8f97b19bd532', 'a69bea3d-99cc-55c1-91dc-e4f8741f2f4e', 'ما ناتج 7⁰؟', '[{"id":"a","text":"0"},{"id":"b","text":"1"},{"id":"c","text":"7"},{"id":"d","text":"غيرُ معرّفٍ"}]'::jsonb, 'b', 'كلُّ عددٍ غيرِ معدومٍ مرفوعٍ إلى الأُسّ 0 يساوي 1؛ إذن 7⁰ = 1.', 1)
ON CONFLICT (id) DO UPDATE SET
  exercise_id = EXCLUDED.exercise_id,
  prompt = EXCLUDED.prompt,
  options = EXCLUDED.options,
  correct_option = EXCLUDED.correct_option,
  explanation = EXCLUDED.explanation,
  display_order = EXCLUDED.display_order;

INSERT INTO public.questions (id, exercise_id, prompt, options, correct_option, explanation, display_order) VALUES
  ('4a55f340-449f-54c8-b23b-0a891b136b41', 'a69bea3d-99cc-55c1-91dc-e4f8741f2f4e', 'ما قيمة 3⁻¹؟', '[{"id":"a","text":"1/3"},{"id":"b","text":"−3"},{"id":"c","text":"3"},{"id":"d","text":"−1/3"}]'::jsonb, 'a', 'الأُسّ السالب يعني المقلوب: 3⁻¹ = 1/3¹ = 1/3 (عددٌ موجبٌ، لا سالب).', 2)
ON CONFLICT (id) DO UPDATE SET
  exercise_id = EXCLUDED.exercise_id,
  prompt = EXCLUDED.prompt,
  options = EXCLUDED.options,
  correct_option = EXCLUDED.correct_option,
  explanation = EXCLUDED.explanation,
  display_order = EXCLUDED.display_order;

INSERT INTO public.questions (id, exercise_id, prompt, options, correct_option, explanation, display_order) VALUES
  ('67fddef3-9522-5ebb-98eb-d5a97818a13c', 'a69bea3d-99cc-55c1-91dc-e4f8741f2f4e', 'أيّ كتابةٍ تساوي 1/2⁴؟', '[{"id":"a","text":"2⁴"},{"id":"b","text":"4⁻²"},{"id":"c","text":"2⁻⁴"},{"id":"d","text":"−2⁴"}]'::jsonb, 'c', 'بما أنّ a⁻ⁿ = 1/aⁿ، فإنّ 1/2⁴ = 2⁻⁴. (2⁴ هو المقلوب المعكوس، و−2⁴ عددٌ سالبٌ لا علاقة له بالمقلوب.)', 3)
ON CONFLICT (id) DO UPDATE SET
  exercise_id = EXCLUDED.exercise_id,
  prompt = EXCLUDED.prompt,
  options = EXCLUDED.options,
  correct_option = EXCLUDED.correct_option,
  explanation = EXCLUDED.explanation,
  display_order = EXCLUDED.display_order;

INSERT INTO public.questions (id, exercise_id, prompt, options, correct_option, explanation, display_order) VALUES
  ('17648757-1c82-526a-ac11-563204028a27', 'a69bea3d-99cc-55c1-91dc-e4f8741f2f4e', 'ما قيمة 10⁻¹؟', '[{"id":"a","text":"1"},{"id":"b","text":"0,01"},{"id":"c","text":"−10"},{"id":"d","text":"0,1"}]'::jsonb, 'd', '10⁻¹ = 1/10 = 0,1. الأُسّ السالب يعطي عددًا عشريًّا موجبًا أصغر من 1، لا عددًا سالبًا.', 4)
ON CONFLICT (id) DO UPDATE SET
  exercise_id = EXCLUDED.exercise_id,
  prompt = EXCLUDED.prompt,
  options = EXCLUDED.options,
  correct_option = EXCLUDED.correct_option,
  explanation = EXCLUDED.explanation,
  display_order = EXCLUDED.display_order;

INSERT INTO public.questions (id, exercise_id, prompt, options, correct_option, explanation, display_order) VALUES
  ('d109e16e-a281-5d07-93a2-02432060b953', 'a69bea3d-99cc-55c1-91dc-e4f8741f2f4e', 'ما قيمة 5⁻²؟', '[{"id":"a","text":"1/10"},{"id":"b","text":"1/25"},{"id":"c","text":"−25"},{"id":"d","text":"−10"}]'::jsonb, 'b', '5⁻² = 1/5² = 1/25 = 0,04. (لا نضرب 5 × 2 = 10 ثمّ نقلبه، بل نحسب المربّع 5² = 25 ثمّ نأخذ مقلوبه.)', 5)
ON CONFLICT (id) DO UPDATE SET
  exercise_id = EXCLUDED.exercise_id,
  prompt = EXCLUDED.prompt,
  options = EXCLUDED.options,
  correct_option = EXCLUDED.correct_option,
  explanation = EXCLUDED.explanation,
  display_order = EXCLUDED.display_order;

INSERT INTO public.questions (id, exercise_id, prompt, options, correct_option, explanation, display_order) VALUES
  ('4e3e3a77-d418-5f8d-a4f7-e6407f70a2ae', 'a69bea3d-99cc-55c1-91dc-e4f8741f2f4e', 'ما ناتج 4⁰ + 4¹؟', '[{"id":"a","text":"4"},{"id":"b","text":"8"},{"id":"c","text":"2"},{"id":"d","text":"5"}]'::jsonb, 'd', '4⁰ = 1 و4¹ = 4، إذن 4⁰ + 4¹ = 1 + 4 = 5. (الخطأ الشائع: اعتبار 4⁰ = 0 فيُحصَل على 4، أو 4⁰ = 4 فيُحصَل على 8.)', 6)
ON CONFLICT (id) DO UPDATE SET
  exercise_id = EXCLUDED.exercise_id,
  prompt = EXCLUDED.prompt,
  options = EXCLUDED.options,
  correct_option = EXCLUDED.correct_option,
  explanation = EXCLUDED.explanation,
  display_order = EXCLUDED.display_order;

INSERT INTO public.exercises (id, chapter_id, subject_id, title, difficulty, xp_reward, reward_coins, mode, source, display_order) VALUES
  ('ec73e405-dab4-5f2b-955e-1f8915b8bf6d', 'd270ebef-a2db-5fb5-a15f-13265020bb60', 'math-8eme', '⚔️ زعيم الفصل ⭐⭐⭐: سيّد الأُسُس النسبيّة', 3, 120, 30, 'boss', 'admin', 2)
ON CONFLICT (id) DO UPDATE SET
  chapter_id = EXCLUDED.chapter_id,
  subject_id = EXCLUDED.subject_id,
  title = EXCLUDED.title,
  difficulty = EXCLUDED.difficulty,
  xp_reward = EXCLUDED.xp_reward,
  reward_coins = EXCLUDED.reward_coins,
  mode = EXCLUDED.mode,
  display_order = EXCLUDED.display_order;

INSERT INTO public.questions (id, exercise_id, prompt, options, correct_option, explanation, display_order) VALUES
  ('b773787f-a733-5864-8939-56375d185139', 'ec73e405-dab4-5f2b-955e-1f8915b8bf6d', 'بسّط الكتابة 3⁵ × 3⁻²، ثمّ اذكر ناتجها.', '[{"id":"a","text":"3³ = 27"},{"id":"b","text":"3⁷ = 2187"},{"id":"c","text":"3⁻¹⁰"},{"id":"d","text":"3¹⁰"}]'::jsonb, 'a', 'في الجُداء نجمع الأُسّين: 3⁵ × 3⁻² = 3⁵⁺⁽⁻²⁾ = 3³ = 27. الخطأ الشائع: طرحُ الأُسّين (5 − 2 = 3 يصادف الصحيح لكن بالمنطق الخاطئ) أو ضربُهما (5 × (−2) = −10) بدل جمعِهما.', 1)
ON CONFLICT (id) DO UPDATE SET
  exercise_id = EXCLUDED.exercise_id,
  prompt = EXCLUDED.prompt,
  options = EXCLUDED.options,
  correct_option = EXCLUDED.correct_option,
  explanation = EXCLUDED.explanation,
  display_order = EXCLUDED.display_order;

INSERT INTO public.questions (id, exercise_id, prompt, options, correct_option, explanation, display_order) VALUES
  ('7bce8d03-e881-54a9-ad6f-a82ad576b0d9', 'ec73e405-dab4-5f2b-955e-1f8915b8bf6d', 'ما ناتج 10⁻³ × 10⁵ ÷ 10⁻¹؟', '[{"id":"a","text":"10¹"},{"id":"b","text":"10³"},{"id":"c","text":"10⁷"},{"id":"d","text":"10⁹"}]'::jsonb, 'b', 'نجمع أُسّي الجُداء: 10⁻³ × 10⁵ = 10⁻³⁺⁵ = 10²، ثمّ نطرح أُسّ الخارج: 10² ÷ 10⁻¹ = 10²⁻⁽⁻¹⁾ = 10³. الخطأ الشائع: كتابة 10²⁻¹ = 10¹ بنسيان أنّ طرح عددٍ سالبٍ زيادة.', 2)
ON CONFLICT (id) DO UPDATE SET
  exercise_id = EXCLUDED.exercise_id,
  prompt = EXCLUDED.prompt,
  options = EXCLUDED.options,
  correct_option = EXCLUDED.correct_option,
  explanation = EXCLUDED.explanation,
  display_order = EXCLUDED.display_order;

INSERT INTO public.questions (id, exercise_id, prompt, options, correct_option, explanation, display_order) VALUES
  ('70185d8d-bd89-5d78-9324-250bf0f9b5e4', 'ec73e405-dab4-5f2b-955e-1f8915b8bf6d', 'ما الكتابة العلمية للعدد 0,00047؟', '[{"id":"a","text":"4,7 × 10⁻³"},{"id":"b","text":"47 × 10⁻⁵"},{"id":"c","text":"4,7 × 10⁻⁴"},{"id":"d","text":"4,7 × 10⁴"}]'::jsonb, 'c', 'نحرّك الفاصلة 4 مواضعَ نحو اليمين لنحصل على 4,7، فالأُسّ سالبٌ يساوي −4: 0,00047 = 4,7 × 10⁻⁴. الخطأ الشائع: خطأُ موضعٍ واحدٍ في العدّ (10⁻³) أو ترك a = 47 خارج المجال [1 ; 10[.', 3)
ON CONFLICT (id) DO UPDATE SET
  exercise_id = EXCLUDED.exercise_id,
  prompt = EXCLUDED.prompt,
  options = EXCLUDED.options,
  correct_option = EXCLUDED.correct_option,
  explanation = EXCLUDED.explanation,
  display_order = EXCLUDED.display_order;

INSERT INTO public.questions (id, exercise_id, prompt, options, correct_option, explanation, display_order) VALUES
  ('fb79efff-e46b-57e1-aca6-923f07173ed8', 'ec73e405-dab4-5f2b-955e-1f8915b8bf6d', 'ما قيمة (2⁻²)³؟', '[{"id":"a","text":"1/32"},{"id":"b","text":"64"},{"id":"c","text":"−64"},{"id":"d","text":"1/64"}]'::jsonb, 'd', 'في قوّة القوّة نضرب الأُسّين: (2⁻²)³ = 2⁻²×³ = 2⁻⁶ = 1/2⁶ = 1/64. الخطأ الشائع: جمعُ الأُسّين (−2 + 3 = 1) بدل ضربِهما، أو نسيانُ أنّ الأُسّ السالب يعطي المقلوب لا عددًا سالبًا.', 4)
ON CONFLICT (id) DO UPDATE SET
  exercise_id = EXCLUDED.exercise_id,
  prompt = EXCLUDED.prompt,
  options = EXCLUDED.options,
  correct_option = EXCLUDED.correct_option,
  explanation = EXCLUDED.explanation,
  display_order = EXCLUDED.display_order;

INSERT INTO public.questions (id, exercise_id, prompt, options, correct_option, explanation, display_order) VALUES
  ('b9a48384-ab57-5b5e-b71e-6ce187294906', 'ec73e405-dab4-5f2b-955e-1f8915b8bf6d', 'ما العدد الأكبر بين 2⁻² و 2⁻³؟', '[{"id":"a","text":"هما متساويان"},{"id":"b","text":"2⁻³"},{"id":"c","text":"2⁻²"},{"id":"d","text":"كلاهما يساوي 0"}]'::jsonb, 'c', '2⁻² = 1/4 = 0,25 و 2⁻³ = 1/8 = 0,125، إذن 2⁻² هو الأكبر. الخطأ الشائع: ظنُّ أنّ الأُسّ الأكبر في القيمة المطلقة (3) يعطي عددًا أكبر، بينما كلّما كبُر أُسُّ المقام صغُرت القيمة.', 5)
ON CONFLICT (id) DO UPDATE SET
  exercise_id = EXCLUDED.exercise_id,
  prompt = EXCLUDED.prompt,
  options = EXCLUDED.options,
  correct_option = EXCLUDED.correct_option,
  explanation = EXCLUDED.explanation,
  display_order = EXCLUDED.display_order;

INSERT INTO public.questions (id, exercise_id, prompt, options, correct_option, explanation, display_order) VALUES
  ('39826938-9f76-5d68-9ad5-7e67bf05c2ed', 'ec73e405-dab4-5f2b-955e-1f8915b8bf6d', 'ما ناتج (5³ × 5⁻⁵) ÷ 5⁻¹؟', '[{"id":"a","text":"5⁻³"},{"id":"b","text":"5⁻¹"},{"id":"c","text":"5⁻⁷"},{"id":"d","text":"5¹"}]'::jsonb, 'b', 'نجمع أُسّي البسط: 5³ × 5⁻⁵ = 5³⁺⁽⁻⁵⁾ = 5⁻²، ثمّ نطرح أُسّ المقام: 5⁻² ÷ 5⁻¹ = 5⁻²⁻⁽⁻¹⁾ = 5⁻¹ = 1/5. الخطأ الشائع: طرحُ 5⁻² − 5⁻¹ بجمع الأُسّين خطأً (−2 + (−1) = −3) بدل طرحِهما.', 6)
ON CONFLICT (id) DO UPDATE SET
  exercise_id = EXCLUDED.exercise_id,
  prompt = EXCLUDED.prompt,
  options = EXCLUDED.options,
  correct_option = EXCLUDED.correct_option,
  explanation = EXCLUDED.explanation,
  display_order = EXCLUDED.display_order;

INSERT INTO public.exercises (id, chapter_id, subject_id, title, difficulty, xp_reward, reward_coins, mode, source, display_order) VALUES
  ('2fc835a3-2761-5f0a-a687-4a58c223b2e4', 'd270ebef-a2db-5fb5-a15f-13265020bb60', 'math-8eme', '⭐⭐ تمرين مراجعة (نمط امتحان): القوى والكتابة العلمية', 2, 70, 15, 'practice', 'admin', 3)
ON CONFLICT (id) DO UPDATE SET
  chapter_id = EXCLUDED.chapter_id,
  subject_id = EXCLUDED.subject_id,
  title = EXCLUDED.title,
  difficulty = EXCLUDED.difficulty,
  xp_reward = EXCLUDED.xp_reward,
  reward_coins = EXCLUDED.reward_coins,
  mode = EXCLUDED.mode,
  display_order = EXCLUDED.display_order;

INSERT INTO public.questions (id, exercise_id, prompt, options, correct_option, explanation, display_order) VALUES
  ('02cc389d-9f66-58d2-b887-85eef7dd5df3', '2fc835a3-2761-5f0a-a687-4a58c223b2e4', 'ما قيمة 2⁻⁴؟', '[{"id":"a","text":"1/8"},{"id":"b","text":"1/16"},{"id":"c","text":"−16"},{"id":"d","text":"1/4"}]'::jsonb, 'b', '2⁻⁴ = 1/2⁴ = 1/16 = 0,0625. الأُسّ السالب يعطي المقلوب، لا عددًا سالبًا.', 1)
ON CONFLICT (id) DO UPDATE SET
  exercise_id = EXCLUDED.exercise_id,
  prompt = EXCLUDED.prompt,
  options = EXCLUDED.options,
  correct_option = EXCLUDED.correct_option,
  explanation = EXCLUDED.explanation,
  display_order = EXCLUDED.display_order;

INSERT INTO public.questions (id, exercise_id, prompt, options, correct_option, explanation, display_order) VALUES
  ('f342ee85-761c-5935-ab83-a50eeec64bad', '2fc835a3-2761-5f0a-a687-4a58c223b2e4', 'ما ناتج 10⁴ × 10⁻²؟', '[{"id":"a","text":"10²"},{"id":"b","text":"10⁶"},{"id":"c","text":"10⁻⁸"},{"id":"d","text":"10⁸"}]'::jsonb, 'a', 'في الجُداء نجمع الأُسّين: 10⁴ × 10⁻² = 10⁴⁺⁽⁻²⁾ = 10² = 100. (لا نضرب الأُسّين 4 × (−2) = −8.)', 2)
ON CONFLICT (id) DO UPDATE SET
  exercise_id = EXCLUDED.exercise_id,
  prompt = EXCLUDED.prompt,
  options = EXCLUDED.options,
  correct_option = EXCLUDED.correct_option,
  explanation = EXCLUDED.explanation,
  display_order = EXCLUDED.display_order;

INSERT INTO public.questions (id, exercise_id, prompt, options, correct_option, explanation, display_order) VALUES
  ('fcf4870a-f286-5ec1-8e96-bc7fca7c0674', '2fc835a3-2761-5f0a-a687-4a58c223b2e4', 'ما الكتابة العلمية للعدد 52 000؟', '[{"id":"a","text":"5,2 × 10³"},{"id":"b","text":"52 × 10³"},{"id":"c","text":"5,2 × 10⁴"},{"id":"d","text":"0,52 × 10⁵"}]'::jsonb, 'c', 'نحرّك الفاصلة 4 مواضعَ نحو اليسار لنحصل على 5,2 مع الشرط 1 ≤ a < 10: 52 000 = 5,2 × 10⁴. (52 × 10³ و0,52 × 10⁵ مرفوضتان لأنّ a خارج المجال [1 ; 10[.)', 3)
ON CONFLICT (id) DO UPDATE SET
  exercise_id = EXCLUDED.exercise_id,
  prompt = EXCLUDED.prompt,
  options = EXCLUDED.options,
  correct_option = EXCLUDED.correct_option,
  explanation = EXCLUDED.explanation,
  display_order = EXCLUDED.display_order;

INSERT INTO public.questions (id, exercise_id, prompt, options, correct_option, explanation, display_order) VALUES
  ('820b5d05-9522-5f31-b201-4438c9843e5f', '2fc835a3-2761-5f0a-a687-4a58c223b2e4', 'ما الكتابة العشرية للعدد 6,3 × 10⁻²؟', '[{"id":"a","text":"0,63"},{"id":"b","text":"0,0063"},{"id":"c","text":"630"},{"id":"d","text":"0,063"}]'::jsonb, 'd', 'الأُسّ −2 يعني القسمة على 100: 6,3 × 10⁻² = 6,3 ÷ 100 = 0,063. الخطأ الشائع: تحريك الفاصلة موضعًا واحدًا (0,63) أو ثلاثةً (0,0063).', 4)
ON CONFLICT (id) DO UPDATE SET
  exercise_id = EXCLUDED.exercise_id,
  prompt = EXCLUDED.prompt,
  options = EXCLUDED.options,
  correct_option = EXCLUDED.correct_option,
  explanation = EXCLUDED.explanation,
  display_order = EXCLUDED.display_order;

INSERT INTO public.questions (id, exercise_id, prompt, options, correct_option, explanation, display_order) VALUES
  ('2d2fd2c0-3c66-5150-9d62-a708388e62af', '2fc835a3-2761-5f0a-a687-4a58c223b2e4', 'ما ناتج (10²)⁻³؟', '[{"id":"a","text":"10⁻¹"},{"id":"b","text":"10⁻⁵"},{"id":"c","text":"10⁻⁶"},{"id":"d","text":"10⁶"}]'::jsonb, 'c', 'في قوّة القوّة نضرب الأُسّين: (10²)⁻³ = 10²×⁽⁻³⁾ = 10⁻⁶. الخطأ الشائع: جمعُ الأُسّين (2 + (−3) = −1) بدل ضربِهما.', 5)
ON CONFLICT (id) DO UPDATE SET
  exercise_id = EXCLUDED.exercise_id,
  prompt = EXCLUDED.prompt,
  options = EXCLUDED.options,
  correct_option = EXCLUDED.correct_option,
  explanation = EXCLUDED.explanation,
  display_order = EXCLUDED.display_order;

INSERT INTO public.questions (id, exercise_id, prompt, options, correct_option, explanation, display_order) VALUES
  ('1c22beea-cc29-5fd9-9703-f227da12cb6f', '2fc835a3-2761-5f0a-a687-4a58c223b2e4', 'ما ناتج 7⁻³ × 7³؟', '[{"id":"a","text":"7⁶"},{"id":"b","text":"0"},{"id":"c","text":"7⁻⁹"},{"id":"d","text":"1"}]'::jsonb, 'd', 'نجمع الأُسّين: 7⁻³ × 7³ = 7⁻³⁺³ = 7⁰ = 1. فالقوّةُ ومقلوبُها حاصلُ ضربهما يساوي 1 دائمًا. الخطأ الشائع: ضربُ الأُسّين (−9) أو ظنُّ أنّ الناتج 0.', 6)
ON CONFLICT (id) DO UPDATE SET
  exercise_id = EXCLUDED.exercise_id,
  prompt = EXCLUDED.prompt,
  options = EXCLUDED.options,
  correct_option = EXCLUDED.correct_option,
  explanation = EXCLUDED.explanation,
  display_order = EXCLUDED.display_order;

INSERT INTO public.exercises (id, chapter_id, subject_id, title, difficulty, xp_reward, reward_coins, mode, source, display_order) VALUES
  ('7ee286db-fda1-5e83-b6ff-4e3160160dd6', 'd270ebef-a2db-5fb5-a15f-13265020bb60', 'math-8eme', '👑 تحدّي النخبة ⭐⭐⭐⭐: أستاذ القوى والكتابة العلمية', 4, 300, 60, 'challenge', 'admin', 4)
ON CONFLICT (id) DO UPDATE SET
  chapter_id = EXCLUDED.chapter_id,
  subject_id = EXCLUDED.subject_id,
  title = EXCLUDED.title,
  difficulty = EXCLUDED.difficulty,
  xp_reward = EXCLUDED.xp_reward,
  reward_coins = EXCLUDED.reward_coins,
  mode = EXCLUDED.mode,
  display_order = EXCLUDED.display_order;

INSERT INTO public.questions (id, exercise_id, prompt, options, correct_option, explanation, display_order) VALUES
  ('3249b3ef-bdf9-51f5-8ba1-d1ec1d67c34d', '7ee286db-fda1-5e83-b6ff-4e3160160dd6', 'ما ناتج (10⁴ × 10⁻⁶) ÷ 10⁻³؟', '[{"id":"a","text":"10⁻⁷"},{"id":"b","text":"10¹"},{"id":"c","text":"10⁻¹"},{"id":"d","text":"10⁵"}]'::jsonb, 'b', 'نجمع أُسّي البسط: 10⁴ × 10⁻⁶ = 10⁴⁺⁽⁻⁶⁾ = 10⁻²، ثمّ نطرح أُسّ المقام: 10⁻² ÷ 10⁻³ = 10⁻²⁻⁽⁻³⁾ = 10¹ = 10. الخطأ الشائع: كتابة 10⁻²⁻³ = 10⁻⁵ بنسيان أنّ طرح عددٍ سالبٍ زيادة.', 1)
ON CONFLICT (id) DO UPDATE SET
  exercise_id = EXCLUDED.exercise_id,
  prompt = EXCLUDED.prompt,
  options = EXCLUDED.options,
  correct_option = EXCLUDED.correct_option,
  explanation = EXCLUDED.explanation,
  display_order = EXCLUDED.display_order;

INSERT INTO public.questions (id, exercise_id, prompt, options, correct_option, explanation, display_order) VALUES
  ('b3ea4966-3ba9-5825-b80d-3b45e816190f', '7ee286db-fda1-5e83-b6ff-4e3160160dd6', 'إذا كان 10ⁿ = 0,001، فما قيمة n؟', '[{"id":"a","text":"3"},{"id":"b","text":"−2"},{"id":"c","text":"−3"},{"id":"d","text":"−4"}]'::jsonb, 'c', '0,001 = 1/1 000 = 1/10³ = 10⁻³، إذن n = −3. الخطأ الشائع: عدُّ الأصفار الثلاثة فيُكتب n = −4، أو نسيانُ الإشارة السالبة فيُكتب n = 3.', 2)
ON CONFLICT (id) DO UPDATE SET
  exercise_id = EXCLUDED.exercise_id,
  prompt = EXCLUDED.prompt,
  options = EXCLUDED.options,
  correct_option = EXCLUDED.correct_option,
  explanation = EXCLUDED.explanation,
  display_order = EXCLUDED.display_order;

INSERT INTO public.questions (id, exercise_id, prompt, options, correct_option, explanation, display_order) VALUES
  ('9e8ce023-f464-5196-a0af-8257422b5691', '7ee286db-fda1-5e83-b6ff-4e3160160dd6', 'أيّ عبارةٍ من العبارات الأربع صحيحةٌ؟', '[{"id":"a","text":"2⁻³ × 2⁵ = 2⁻¹⁵"},{"id":"b","text":"10⁶ ÷ 10⁻² = 10⁴"},{"id":"c","text":"3⁰ = 0"},{"id":"d","text":"(5⁻²)⁻¹ = 5²"}]'::jsonb, 'd', '(5⁻²)⁻¹ = 5⁽⁻²⁾×⁽⁻¹⁾ = 5² (صحيح). أمّا الباقي فخاطئ: 2⁻³ × 2⁵ = 2² (نجمع لا نضرب)، 10⁶ ÷ 10⁻² = 10⁸ (6 − (−2) = 8 لا 4)، و3⁰ = 1 لا 0.', 3)
ON CONFLICT (id) DO UPDATE SET
  exercise_id = EXCLUDED.exercise_id,
  prompt = EXCLUDED.prompt,
  options = EXCLUDED.options,
  correct_option = EXCLUDED.correct_option,
  explanation = EXCLUDED.explanation,
  display_order = EXCLUDED.display_order;

INSERT INTO public.questions (id, exercise_id, prompt, options, correct_option, explanation, display_order) VALUES
  ('4b34ab56-0cf7-59bf-92e9-cb869b902fbd', '7ee286db-fda1-5e83-b6ff-4e3160160dd6', 'ما الخطأ في الحلّ التالي؟ «الكتابة العلمية للعدد 0,00036 هي 3,6 × 10⁻³».', '[{"id":"a","text":"الخطأ في الأُسّ: يجب أن يكون 10⁻⁴ لا 10⁻³، فالكتابة الصحيحة 3,6 × 10⁻⁴"},{"id":"b","text":"لا يوجد خطأٌ، الحلُّ صحيحٌ"},{"id":"c","text":"الخطأ أنّ a يجب أن يساوي 36 لا 3,6"},{"id":"d","text":"الخطأ في الإشارة: الأُسّ يجب أن يكون موجبًا 10³"}]'::jsonb, 'a', 'لنحصل على 3,6 من 0,00036 نحرّك الفاصلة 4 مواضعَ نحو اليمين، فالأُسّ يساوي −4: 0,00036 = 3,6 × 10⁻⁴. الحلُّ المعروضُ عدَّ 3 مواضعَ فقط خطأً فكتب 10⁻³. (تحقّق: 3,6 × 10⁻⁴ = 3,6 ÷ 10 000 = 0,00036 ✓)', 4)
ON CONFLICT (id) DO UPDATE SET
  exercise_id = EXCLUDED.exercise_id,
  prompt = EXCLUDED.prompt,
  options = EXCLUDED.options,
  correct_option = EXCLUDED.correct_option,
  explanation = EXCLUDED.explanation,
  display_order = EXCLUDED.display_order;

INSERT INTO public.questions (id, exercise_id, prompt, options, correct_option, explanation, display_order) VALUES
  ('e93661e7-7f34-540f-8a3b-9e45a6c551cd', '7ee286db-fda1-5e83-b6ff-4e3160160dd6', 'اكتب حاصل الضرب (3 × 10⁴) × (2 × 10⁻⁷) بالكتابة العلمية.', '[{"id":"a","text":"6 × 10⁻²⁸"},{"id":"b","text":"5 × 10⁻³"},{"id":"c","text":"6 × 10⁻¹¹"},{"id":"d","text":"6 × 10⁻³"}]'::jsonb, 'd', 'نضرب المعاملين ونجمع أُسّي 10: (3 × 2) × 10⁴⁺⁽⁻⁷⁾ = 6 × 10⁻³، والمعامل 6 ضمن المجال [1 ; 10[ فالكتابة علميّةٌ صحيحة. الخطأ الشائع: ضربُ أُسّي 10 (4 × (−7) = −28) أو جمعُ المعاملين (3 + 2 = 5).', 5)
ON CONFLICT (id) DO UPDATE SET
  exercise_id = EXCLUDED.exercise_id,
  prompt = EXCLUDED.prompt,
  options = EXCLUDED.options,
  correct_option = EXCLUDED.correct_option,
  explanation = EXCLUDED.explanation,
  display_order = EXCLUDED.display_order;

INSERT INTO public.questions (id, exercise_id, prompt, options, correct_option, explanation, display_order) VALUES
  ('33577ae6-fb49-5a9b-8bea-109930a30c70', '7ee286db-fda1-5e83-b6ff-4e3160160dd6', 'قارن العددين 3,5 × 10⁵ و 2,8 × 10⁶: أيّهما أكبر؟', '[{"id":"a","text":"3,5 × 10⁵ أكبر"},{"id":"b","text":"2,8 × 10⁶ أكبر"},{"id":"c","text":"هما متساويان"},{"id":"d","text":"لا يمكن المقارنة لاختلاف المعاملين"}]'::jsonb, 'b', 'نقارن أُسَّي 10 أوّلًا: 10⁶ أكبر من 10⁵، ويكفي فرقُ مرتبةٍ ليَغلب رغم أنّ 2,8 < 3,5. فعلًا 3,5 × 10⁵ = 350 000 و 2,8 × 10⁶ = 2 800 000، إذن الثاني أكبر. الخطأ الشائع: مقارنة المعاملين (3,5 > 2,8) وإهمالُ الأُسّ.', 6)
ON CONFLICT (id) DO UPDATE SET
  exercise_id = EXCLUDED.exercise_id,
  prompt = EXCLUDED.prompt,
  options = EXCLUDED.options,
  correct_option = EXCLUDED.correct_option,
  explanation = EXCLUDED.explanation,
  display_order = EXCLUDED.display_order;

INSERT INTO public.exercises (id, chapter_id, subject_id, title, difficulty, xp_reward, reward_coins, mode, source, display_order) VALUES
  ('cfa0c9fe-eaa7-5fc4-907f-4433c7eb36ce', 'd270ebef-a2db-5fb5-a15f-13265020bb60', 'math-8eme', '📝 تدريب ⭐⭐⭐: مراجعة شاملة للقوى', 3, 120, 30, 'boss', 'admin', 5)
ON CONFLICT (id) DO UPDATE SET
  chapter_id = EXCLUDED.chapter_id,
  subject_id = EXCLUDED.subject_id,
  title = EXCLUDED.title,
  difficulty = EXCLUDED.difficulty,
  xp_reward = EXCLUDED.xp_reward,
  reward_coins = EXCLUDED.reward_coins,
  mode = EXCLUDED.mode,
  display_order = EXCLUDED.display_order;

INSERT INTO public.questions (id, exercise_id, prompt, options, correct_option, explanation, display_order) VALUES
  ('294af9b5-ecda-50c4-88c7-835a324d12c4', 'cfa0c9fe-eaa7-5fc4-907f-4433c7eb36ce', 'ما الكتابة العلمية للعدد 6 500 000؟', '[{"id":"a","text":"6,5 × 10⁶"},{"id":"b","text":"65 × 10⁵"},{"id":"c","text":"6,5 × 10⁵"},{"id":"d","text":"0,65 × 10⁷"}]'::jsonb, 'a', 'نحرّك الفاصلة 6 مواضعَ نحو اليسار لنحصل على 6,5 ضمن المجال [1 ; 10[: 6 500 000 = 6,5 × 10⁶. (65 × 10⁵ و0,65 × 10⁷ مرفوضتان لأنّ a خارج المجال.)', 1)
ON CONFLICT (id) DO UPDATE SET
  exercise_id = EXCLUDED.exercise_id,
  prompt = EXCLUDED.prompt,
  options = EXCLUDED.options,
  correct_option = EXCLUDED.correct_option,
  explanation = EXCLUDED.explanation,
  display_order = EXCLUDED.display_order;

INSERT INTO public.questions (id, exercise_id, prompt, options, correct_option, explanation, display_order) VALUES
  ('fe01ca4c-226d-567b-b398-6ffad6cb65cf', 'cfa0c9fe-eaa7-5fc4-907f-4433c7eb36ce', 'ما ناتج 9⁻² × 9²؟', '[{"id":"a","text":"9⁴"},{"id":"b","text":"1"},{"id":"c","text":"0"},{"id":"d","text":"9⁻⁴"}]'::jsonb, 'b', 'نجمع الأُسّين: 9⁻² × 9² = 9⁻²⁺² = 9⁰ = 1. القوّةُ ومقلوبُها حاصلُ ضربهما يساوي 1 دائمًا.', 2)
ON CONFLICT (id) DO UPDATE SET
  exercise_id = EXCLUDED.exercise_id,
  prompt = EXCLUDED.prompt,
  options = EXCLUDED.options,
  correct_option = EXCLUDED.correct_option,
  explanation = EXCLUDED.explanation,
  display_order = EXCLUDED.display_order;

INSERT INTO public.questions (id, exercise_id, prompt, options, correct_option, explanation, display_order) VALUES
  ('87fc2166-e214-5972-948c-4de0574fd2cc', 'cfa0c9fe-eaa7-5fc4-907f-4433c7eb36ce', 'أيّ عددٍ عشريّ يساوي 10⁻⁴؟', '[{"id":"a","text":"0,001"},{"id":"b","text":"0,00001"},{"id":"c","text":"−10000"},{"id":"d","text":"0,0001"}]'::jsonb, 'd', '10⁻⁴ = 1/10⁴ = 1/10 000 = 0,0001 (ثلاثةُ أصفارٍ بعد الفاصلة قبل الـ1). الخطأ الشائع: خطأُ موضعٍ واحدٍ في عدّ الأصفار (0,001 أو 0,00001).', 3)
ON CONFLICT (id) DO UPDATE SET
  exercise_id = EXCLUDED.exercise_id,
  prompt = EXCLUDED.prompt,
  options = EXCLUDED.options,
  correct_option = EXCLUDED.correct_option,
  explanation = EXCLUDED.explanation,
  display_order = EXCLUDED.display_order;

INSERT INTO public.questions (id, exercise_id, prompt, options, correct_option, explanation, display_order) VALUES
  ('03c5d076-e98e-5cb2-a834-03e104873c0d', 'cfa0c9fe-eaa7-5fc4-907f-4433c7eb36ce', 'ما قيمة (3⁻¹)⁻²؟', '[{"id":"a","text":"1/9"},{"id":"b","text":"3⁻³"},{"id":"c","text":"9"},{"id":"d","text":"−9"}]'::jsonb, 'c', 'في قوّة القوّة نضرب الأُسّين: (3⁻¹)⁻² = 3⁽⁻¹⁾×⁽⁻²⁾ = 3² = 9. الخطأ الشائع: جمعُ الأُسّين (−1 + (−2) = −3) بدل ضربِهما، فيُظنّ الناتجُ 3⁻³ = 1/27.', 4)
ON CONFLICT (id) DO UPDATE SET
  exercise_id = EXCLUDED.exercise_id,
  prompt = EXCLUDED.prompt,
  options = EXCLUDED.options,
  correct_option = EXCLUDED.correct_option,
  explanation = EXCLUDED.explanation,
  display_order = EXCLUDED.display_order;

INSERT INTO public.questions (id, exercise_id, prompt, options, correct_option, explanation, display_order) VALUES
  ('c65c96d9-b3f6-513f-9bf1-b6c85dcee773', 'cfa0c9fe-eaa7-5fc4-907f-4433c7eb36ce', 'ما ناتج (2⁶ × 2⁻⁴) ÷ 2³؟', '[{"id":"a","text":"2⁵"},{"id":"b","text":"2⁻¹"},{"id":"c","text":"2⁻⁵"},{"id":"d","text":"2⁷"}]'::jsonb, 'b', 'نجمع أُسّي البسط: 2⁶ × 2⁻⁴ = 2⁶⁺⁽⁻⁴⁾ = 2²، ثمّ نطرح أُسّ المقام: 2² ÷ 2³ = 2²⁻³ = 2⁻¹ = 1/2 = 0,5. الخطأ الشائع: الخلطُ بين الجمع والطرح في الأُسُس.', 5)
ON CONFLICT (id) DO UPDATE SET
  exercise_id = EXCLUDED.exercise_id,
  prompt = EXCLUDED.prompt,
  options = EXCLUDED.options,
  correct_option = EXCLUDED.correct_option,
  explanation = EXCLUDED.explanation,
  display_order = EXCLUDED.display_order;

INSERT INTO public.questions (id, exercise_id, prompt, options, correct_option, explanation, display_order) VALUES
  ('5881f4e7-5b93-50d3-b5e5-9c35739da15b', 'cfa0c9fe-eaa7-5fc4-907f-4433c7eb36ce', 'اكتب العدد 47 × 10³ بالكتابة العلمية.', '[{"id":"a","text":"47 × 10³"},{"id":"b","text":"4,7 × 10³"},{"id":"c","text":"4,7 × 10²"},{"id":"d","text":"4,7 × 10⁴"}]'::jsonb, 'd', 'المعامل 47 خارج المجال [1 ; 10[، فنكتبه 4,7 × 10¹ ونعوّض: 47 × 10³ = 4,7 × 10¹ × 10³ = 4,7 × 10⁴. الخطأ الشائع: ترك 47 × 10³ كأنّه كتابةٌ علميّةٌ، أو نسيانُ زيادة الأُسّ عند تصغير المعامل.', 6)
ON CONFLICT (id) DO UPDATE SET
  exercise_id = EXCLUDED.exercise_id,
  prompt = EXCLUDED.prompt,
  options = EXCLUDED.options,
  correct_option = EXCLUDED.correct_option,
  explanation = EXCLUDED.explanation,
  display_order = EXCLUDED.display_order;

INSERT INTO public.exercises (id, chapter_id, subject_id, title, difficulty, xp_reward, reward_coins, mode, source, display_order) VALUES
  ('3149ac8e-46b8-58f4-a5da-252870ac27ec', 'd270ebef-a2db-5fb5-a15f-13265020bb60', 'math-8eme', '👑 تحدّي النخبة ⭐⭐⭐⭐: سيّد الكون العدديّ', 4, 300, 60, 'challenge', 'admin', 6)
ON CONFLICT (id) DO UPDATE SET
  chapter_id = EXCLUDED.chapter_id,
  subject_id = EXCLUDED.subject_id,
  title = EXCLUDED.title,
  difficulty = EXCLUDED.difficulty,
  xp_reward = EXCLUDED.xp_reward,
  reward_coins = EXCLUDED.reward_coins,
  mode = EXCLUDED.mode,
  display_order = EXCLUDED.display_order;

INSERT INTO public.questions (id, exercise_id, prompt, options, correct_option, explanation, display_order) VALUES
  ('31397481-af2b-582d-93cd-4b7c051705c2', '3149ac8e-46b8-58f4-a5da-252870ac27ec', 'أيّ عبارةٍ صحيحةٌ بخصوص الكتابة العلمية؟', '[{"id":"a","text":"يكون a عددًا صحيحًا دائمًا"},{"id":"b","text":"12 × 10³ كتابةٌ علميّةٌ صحيحةٌ"},{"id":"c","text":"الكتابة العلمية لعددٍ هي a × 10ⁿ حيث 1 ≤ a < 10"},{"id":"d","text":"لا تُستعمل الكتابة العلمية إلّا للأعداد الكبيرة"}]'::jsonb, 'c', 'الكتابة العلمية هي a × 10ⁿ مع 1 ≤ a < 10 وn نسبيّ. فـ a قد يكون عشريًّا (3,6) لا صحيحًا فقط، و12 × 10³ مرفوضةٌ لأنّ a = 12 ≥ 10، وتُستعمل الكتابة للأعداد الصغيرة أيضًا (0,0067 = 6,7 × 10⁻³).', 1)
ON CONFLICT (id) DO UPDATE SET
  exercise_id = EXCLUDED.exercise_id,
  prompt = EXCLUDED.prompt,
  options = EXCLUDED.options,
  correct_option = EXCLUDED.correct_option,
  explanation = EXCLUDED.explanation,
  display_order = EXCLUDED.display_order;

INSERT INTO public.questions (id, exercise_id, prompt, options, correct_option, explanation, display_order) VALUES
  ('8afd637f-0833-59b2-bf4c-b88464ea3517', '3149ac8e-46b8-58f4-a5da-252870ac27ec', 'اكتب حاصل الضرب (4 × 10⁻³) × (5 × 10⁶) بالكتابة العلمية.', '[{"id":"a","text":"20 × 10³"},{"id":"b","text":"2 × 10⁴"},{"id":"c","text":"9 × 10³"},{"id":"d","text":"2 × 10⁻¹⁸"}]'::jsonb, 'b', 'نضرب المعاملين ونجمع أُسّي 10: (4 × 5) × 10⁻³⁺⁶ = 20 × 10³. لكنّ 20 ≥ 10، فنصحّح: 20 × 10³ = 2 × 10¹ × 10³ = 2 × 10⁴. الخطأ الشائع: ترك 20 × 10³ دون تصحيح، أو ضربُ أُسّي 10 (−3 × 6 = −18)، أو جمعُ المعاملين (4 + 5 = 9).', 2)
ON CONFLICT (id) DO UPDATE SET
  exercise_id = EXCLUDED.exercise_id,
  prompt = EXCLUDED.prompt,
  options = EXCLUDED.options,
  correct_option = EXCLUDED.correct_option,
  explanation = EXCLUDED.explanation,
  display_order = EXCLUDED.display_order;

INSERT INTO public.questions (id, exercise_id, prompt, options, correct_option, explanation, display_order) VALUES
  ('6cc1dc17-1eae-5cb4-91c0-3cca4c8ec759', '3149ac8e-46b8-58f4-a5da-252870ac27ec', 'ما الخطأ في الحلّ التالي؟ الخطوة: (5⁻²)³ = 5⁻²⁺³ = 5¹ = 5.', '[{"id":"a","text":"الخطأ في الخطوة الأولى: يجب ضربُ الأُسّين لا جمعُهما، فالناتج الصحيح 5⁻⁶ = 1/15 625"},{"id":"b","text":"لا يوجد خطأٌ، الحلُّ صحيحٌ"},{"id":"c","text":"الخطأ في حساب 5¹، فهو يساوي 1 لا 5"},{"id":"d","text":"الخطأ أنّ الأساس يجب أن يصير موجبًا"}]'::jsonb, 'a', 'في قوّة القوّة نضرب الأُسّين لا نجمعُهما: (5⁻²)³ = 5⁻²×³ = 5⁻⁶ = 1/5⁶ = 1/15 625. الحلُّ المعروضُ جمع الأُسّين خطأً (−2 + 3 = 1) فحصل على 5 بدل الناتج الصحيح.', 3)
ON CONFLICT (id) DO UPDATE SET
  exercise_id = EXCLUDED.exercise_id,
  prompt = EXCLUDED.prompt,
  options = EXCLUDED.options,
  correct_option = EXCLUDED.correct_option,
  explanation = EXCLUDED.explanation,
  display_order = EXCLUDED.display_order;

INSERT INTO public.questions (id, exercise_id, prompt, options, correct_option, explanation, display_order) VALUES
  ('ba6c7de3-f98f-5003-af70-b1992930c41f', '3149ac8e-46b8-58f4-a5da-252870ac27ec', 'إذا كان 2ⁿ = 1/32، فما قيمة n؟', '[{"id":"a","text":"5"},{"id":"b","text":"−5"},{"id":"c","text":"−6"},{"id":"d","text":"−4"}]'::jsonb, 'b', 'بما أنّ 32 = 2⁵، فإنّ 1/32 = 1/2⁵ = 2⁻⁵، إذن n = −5. الخطأ الشائع: نسيانُ الإشارة السالبة (n = 5 يعطي 2⁵ = 32 لا مقلوبَه)، أو خطأُ موضعٍ في حساب 2⁵.', 4)
ON CONFLICT (id) DO UPDATE SET
  exercise_id = EXCLUDED.exercise_id,
  prompt = EXCLUDED.prompt,
  options = EXCLUDED.options,
  correct_option = EXCLUDED.correct_option,
  explanation = EXCLUDED.explanation,
  display_order = EXCLUDED.display_order;

INSERT INTO public.questions (id, exercise_id, prompt, options, correct_option, explanation, display_order) VALUES
  ('55ebaddb-d0bf-5d6f-8ea3-2aeabfde27ad', '3149ac8e-46b8-58f4-a5da-252870ac27ec', 'بسّط الكتابة (10⁻² × 10⁵)³ ÷ 10⁴.', '[{"id":"a","text":"10⁶"},{"id":"b","text":"10¹³"},{"id":"c","text":"10⁹"},{"id":"d","text":"10⁵"}]'::jsonb, 'd', 'داخل القوس: 10⁻² × 10⁵ = 10⁻²⁺⁵ = 10³، ثمّ قوّة القوّة: (10³)³ = 10³×³ = 10⁹، ثمّ الخارج: 10⁹ ÷ 10⁴ = 10⁹⁻⁴ = 10⁵. الخطأ الشائع: نسيانُ خطوة القسمة (10⁹)، أو جمعُ أُسُس القوس بدل ضربها في قوّة القوّة.', 5)
ON CONFLICT (id) DO UPDATE SET
  exercise_id = EXCLUDED.exercise_id,
  prompt = EXCLUDED.prompt,
  options = EXCLUDED.options,
  correct_option = EXCLUDED.correct_option,
  explanation = EXCLUDED.explanation,
  display_order = EXCLUDED.display_order;

INSERT INTO public.questions (id, exercise_id, prompt, options, correct_option, explanation, display_order) VALUES
  ('97509018-1226-5dfd-b0ec-da663a2e1d9c', '3149ac8e-46b8-58f4-a5da-252870ac27ec', 'أيُّ هذه الأعداد هو الأصغر؟', '[{"id":"a","text":"5 × 10⁻³"},{"id":"b","text":"2 × 10⁻²"},{"id":"c","text":"8 × 10⁻⁴"},{"id":"d","text":"1 × 10⁻²"}]'::jsonb, 'c', 'نحوّل إلى الكتابة العشرية: 5 × 10⁻³ = 0,005 و2 × 10⁻² = 0,02 و8 × 10⁻⁴ = 0,0008 و1 × 10⁻² = 0,01. الأصغر هو 8 × 10⁻⁴. الخطأ الشائع: اختيارُ العدد ذي المعامل الأكبر (8) ظنًّا أنّه الأكبر، بينما الأُسّ الأكثر سلبيّةً (−4) يجعل العددَ أصغر.', 6)
ON CONFLICT (id) DO UPDATE SET
  exercise_id = EXCLUDED.exercise_id,
  prompt = EXCLUDED.prompt,
  options = EXCLUDED.options,
  correct_option = EXCLUDED.correct_option,
  explanation = EXCLUDED.explanation,
  display_order = EXCLUDED.display_order;

INSERT INTO public.exercises (id, chapter_id, subject_id, title, difficulty, xp_reward, reward_coins, mode, source, display_order) VALUES
  ('b7f89252-e4dc-58ed-88ed-04dcfdaab2bb', '851ce498-e499-5f5a-97b2-91ddceda5ca0', 'math-8eme', 'اختبار فهم الدرس ⭐', 1, 20, 5, 'quiz', 'admin', 0)
ON CONFLICT (id) DO UPDATE SET
  chapter_id = EXCLUDED.chapter_id,
  subject_id = EXCLUDED.subject_id,
  title = EXCLUDED.title,
  difficulty = EXCLUDED.difficulty,
  xp_reward = EXCLUDED.xp_reward,
  reward_coins = EXCLUDED.reward_coins,
  mode = EXCLUDED.mode,
  display_order = EXCLUDED.display_order;

INSERT INTO public.questions (id, exercise_id, prompt, options, correct_option, explanation, display_order) VALUES
  ('b7354b7b-b7f6-56d4-8c34-85c979910dac', 'b7f89252-e4dc-58ed-88ed-04dcfdaab2bb', 'انشر العبارة: 3×(x + 4).', '[{"id":"a","text":"3x + 12"},{"id":"b","text":"3x + 7"},{"id":"c","text":"3x + 4"},{"id":"d","text":"7x"}]'::jsonb, 'a', 'نوزّع 3 على كلّ حدٍّ داخل القوسين: 3×x + 3×4 = 3x + 12 ✓. الخطأُ الشائع: جمعُ 3+4=7 بدل توزيع الضرب (3x+7)، أو نسيانُ ضرب الحدّ الثاني (3x+4).', 1)
ON CONFLICT (id) DO UPDATE SET
  exercise_id = EXCLUDED.exercise_id,
  prompt = EXCLUDED.prompt,
  options = EXCLUDED.options,
  correct_option = EXCLUDED.correct_option,
  explanation = EXCLUDED.explanation,
  display_order = EXCLUDED.display_order;

INSERT INTO public.questions (id, exercise_id, prompt, options, correct_option, explanation, display_order) VALUES
  ('08ced735-decf-5365-bffc-8b2b709bbb34', 'b7f89252-e4dc-58ed-88ed-04dcfdaab2bb', 'عمِّل بإخراج العامل المشترك: 5x + 10.', '[{"id":"a","text":"5(x + 10)"},{"id":"b","text":"5(x + 2)"},{"id":"c","text":"x(5 + 10)"},{"id":"d","text":"5(x + 5)"}]'::jsonb, 'b', 'العاملُ المشترك للحدّين 5x و10 هو 5؛ 5x÷5 = x و10÷5 = 2، فالتعميلُ هو 5(x + 2) ✓. الخطأُ الشائع: إخراجُ 5 من الحدّ الأوّل فقط دون قسمة 10 (فتُكتب 5(x+10))، أو اختيارُ عاملٍ لا يقسم العددَ 10.', 2)
ON CONFLICT (id) DO UPDATE SET
  exercise_id = EXCLUDED.exercise_id,
  prompt = EXCLUDED.prompt,
  options = EXCLUDED.options,
  correct_option = EXCLUDED.correct_option,
  explanation = EXCLUDED.explanation,
  display_order = EXCLUDED.display_order;

INSERT INTO public.questions (id, exercise_id, prompt, options, correct_option, explanation, display_order) VALUES
  ('744a0a8d-efd6-5e2c-84ba-e84405f54401', 'b7f89252-e4dc-58ed-88ed-04dcfdaab2bb', 'انشر بالتوزيعية المضاعفة: (x + 2)(x + 3).', '[{"id":"a","text":"x² + 6"},{"id":"b","text":"x² + 5x + 6"},{"id":"c","text":"x² + 6x + 6"},{"id":"d","text":"x² + 5x + 5"}]'::jsonb, 'b', 'نضرب كلّ حدٍّ في كلّ حدّ: x×x + x×3 + 2×x + 2×3 = x² + 3x + 2x + 6 = x² + 5x + 6 ✓. الخطأُ الشائع: ضربُ الأوّل في الأوّل والثاني في الثاني فقط ونسيانُ الجُداءين الأوسطين (x²+6).', 3)
ON CONFLICT (id) DO UPDATE SET
  exercise_id = EXCLUDED.exercise_id,
  prompt = EXCLUDED.prompt,
  options = EXCLUDED.options,
  correct_option = EXCLUDED.correct_option,
  explanation = EXCLUDED.explanation,
  display_order = EXCLUDED.display_order;

INSERT INTO public.questions (id, exercise_id, prompt, options, correct_option, explanation, display_order) VALUES
  ('5e5e6a81-9857-5b1b-9397-3a77027da1f8', 'b7f89252-e4dc-58ed-88ed-04dcfdaab2bb', 'اختزل العبارة: 2x² + 3x + x² − x.', '[{"id":"a","text":"3x² + 2x"},{"id":"b","text":"6x³"},{"id":"c","text":"3x² + 4x"},{"id":"d","text":"4x²"}]'::jsonb, 'a', 'نجمع المتشابهات: (2x²+x²) = 3x² و(3x−x) = 2x، فالنتيجة 3x² + 2x ✓. الخطأُ الشائع: ضمُّ حدود x² إلى حدود x وجمعُها كلَّها معًا (4x² أو 6x³)؛ الحدودُ المختلفةُ القوّةِ لا تُجمع.', 4)
ON CONFLICT (id) DO UPDATE SET
  exercise_id = EXCLUDED.exercise_id,
  prompt = EXCLUDED.prompt,
  options = EXCLUDED.options,
  correct_option = EXCLUDED.correct_option,
  explanation = EXCLUDED.explanation,
  display_order = EXCLUDED.display_order;

INSERT INTO public.questions (id, exercise_id, prompt, options, correct_option, explanation, display_order) VALUES
  ('b31707f2-5b86-5734-bc2c-b5027228d786', 'b7f89252-e4dc-58ed-88ed-04dcfdaab2bb', 'انشر المتطابقة: (x + 3)².', '[{"id":"a","text":"x² + 9"},{"id":"b","text":"x² + 3x + 9"},{"id":"c","text":"x² + 6x + 9"},{"id":"d","text":"x² + 6x + 6"}]'::jsonb, 'c', '(x+3)² = (x+3)(x+3) = x² + 3x + 3x + 9 = x² + 6x + 9 ✓. الخطأُ الأشهر: نسيانُ الحدّ الأوسط 2ab وكتابةُ x²+9.', 5)
ON CONFLICT (id) DO UPDATE SET
  exercise_id = EXCLUDED.exercise_id,
  prompt = EXCLUDED.prompt,
  options = EXCLUDED.options,
  correct_option = EXCLUDED.correct_option,
  explanation = EXCLUDED.explanation,
  display_order = EXCLUDED.display_order;

INSERT INTO public.exercises (id, chapter_id, subject_id, title, difficulty, xp_reward, reward_coins, mode, source, display_order) VALUES
  ('2b2e7d52-bc3b-54b5-a439-24e37fc3d310', '851ce498-e499-5f5a-97b2-91ddceda5ca0', 'math-8eme', '⭐ تمرين: أساسيات النشر والتعميل', 1, 50, 10, 'practice', 'admin', 1)
ON CONFLICT (id) DO UPDATE SET
  chapter_id = EXCLUDED.chapter_id,
  subject_id = EXCLUDED.subject_id,
  title = EXCLUDED.title,
  difficulty = EXCLUDED.difficulty,
  xp_reward = EXCLUDED.xp_reward,
  reward_coins = EXCLUDED.reward_coins,
  mode = EXCLUDED.mode,
  display_order = EXCLUDED.display_order;

INSERT INTO public.questions (id, exercise_id, prompt, options, correct_option, explanation, display_order) VALUES
  ('3e189f46-ae22-508f-a506-f496e1fbd11f', '2b2e7d52-bc3b-54b5-a439-24e37fc3d310', 'انشر العبارة: 4×(x + 2).', '[{"id":"a","text":"4x + 8"},{"id":"b","text":"4x + 2"},{"id":"c","text":"4x + 6"},{"id":"d","text":"8x"}]'::jsonb, 'a', 'نوزّع 4 على الحدّين: 4×x + 4×2 = 4x + 8 ✓. الخطأُ الشائع: نسيانُ ضرب الحدّ الثاني (4x+2)، أو جمعُ 4+2=6 بدل الضرب (4x+6).', 1)
ON CONFLICT (id) DO UPDATE SET
  exercise_id = EXCLUDED.exercise_id,
  prompt = EXCLUDED.prompt,
  options = EXCLUDED.options,
  correct_option = EXCLUDED.correct_option,
  explanation = EXCLUDED.explanation,
  display_order = EXCLUDED.display_order;

INSERT INTO public.questions (id, exercise_id, prompt, options, correct_option, explanation, display_order) VALUES
  ('ebc275e5-cefa-57c2-b327-0253f25c9b88', '2b2e7d52-bc3b-54b5-a439-24e37fc3d310', 'اختزل العبارة: 4x + 3x.', '[{"id":"a","text":"12x"},{"id":"b","text":"7x²"},{"id":"c","text":"7x"},{"id":"d","text":"7"}]'::jsonb, 'c', 'الحدّان متشابهان فنجمع المعاملَين: 4 + 3 = 7، والنتيجة 7x ✓. الخطأُ الشائع: ضربُ المعاملَين (12x)، أو تربيعُ الحرف (7x²)، أو حذفُ الحرف (7).', 2)
ON CONFLICT (id) DO UPDATE SET
  exercise_id = EXCLUDED.exercise_id,
  prompt = EXCLUDED.prompt,
  options = EXCLUDED.options,
  correct_option = EXCLUDED.correct_option,
  explanation = EXCLUDED.explanation,
  display_order = EXCLUDED.display_order;

INSERT INTO public.questions (id, exercise_id, prompt, options, correct_option, explanation, display_order) VALUES
  ('8afc53f1-f92d-5d39-9885-ee9860dc7544', '2b2e7d52-bc3b-54b5-a439-24e37fc3d310', 'انشر العبارة: 5×(x − 3).', '[{"id":"a","text":"5x − 3"},{"id":"b","text":"5x + 15"},{"id":"c","text":"x − 15"},{"id":"d","text":"5x − 15"}]'::jsonb, 'd', 'نوزّع 5 على الحدّين مع احترام الطرح: 5×x − 5×3 = 5x − 15 ✓. الخطأُ الشائع: نسيانُ ضرب الحدّ الثاني (5x−3)، أو الخطأُ في الإشارة (5x+15).', 3)
ON CONFLICT (id) DO UPDATE SET
  exercise_id = EXCLUDED.exercise_id,
  prompt = EXCLUDED.prompt,
  options = EXCLUDED.options,
  correct_option = EXCLUDED.correct_option,
  explanation = EXCLUDED.explanation,
  display_order = EXCLUDED.display_order;

INSERT INTO public.questions (id, exercise_id, prompt, options, correct_option, explanation, display_order) VALUES
  ('e3a0b3a5-4abb-556d-9b06-32275418106c', '2b2e7d52-bc3b-54b5-a439-24e37fc3d310', 'انشر العبارة: −2×(x + 4).', '[{"id":"a","text":"−2x + 8"},{"id":"b","text":"−2x − 8"},{"id":"c","text":"2x − 8"},{"id":"d","text":"−2x − 4"}]'::jsonb, 'b', 'العاملُ سالبٌ فنضرب −2 في كلّ حدّ: (−2)×x + (−2)×4 = −2x − 8 ✓. الخطأُ الشائع: الخطأُ في إشارة الحدّ الثاني (−2x+8)، أو نسيانُ ضرب 4 في العامل (−2x−4).', 4)
ON CONFLICT (id) DO UPDATE SET
  exercise_id = EXCLUDED.exercise_id,
  prompt = EXCLUDED.prompt,
  options = EXCLUDED.options,
  correct_option = EXCLUDED.correct_option,
  explanation = EXCLUDED.explanation,
  display_order = EXCLUDED.display_order;

INSERT INTO public.questions (id, exercise_id, prompt, options, correct_option, explanation, display_order) VALUES
  ('8f24c60f-7c39-5a3d-8a6a-63dc2c56bcb8', '2b2e7d52-bc3b-54b5-a439-24e37fc3d310', 'انشر بالتوزيعية المضاعفة: (x + 1)(x + 2).', '[{"id":"a","text":"x² + 3x + 2"},{"id":"b","text":"x² + 2"},{"id":"c","text":"x² + 3x + 3"},{"id":"d","text":"x² + 2x + 2"}]'::jsonb, 'a', 'نضرب كلّ حدٍّ في كلّ حدّ: x² + 2x + x + 2 = x² + 3x + 2 ✓. الخطأُ الشائع: نسيانُ الجُداءين الأوسطين (x²+2)، أو نسيانُ أحدهما (x²+2x+2).', 5)
ON CONFLICT (id) DO UPDATE SET
  exercise_id = EXCLUDED.exercise_id,
  prompt = EXCLUDED.prompt,
  options = EXCLUDED.options,
  correct_option = EXCLUDED.correct_option,
  explanation = EXCLUDED.explanation,
  display_order = EXCLUDED.display_order;

INSERT INTO public.questions (id, exercise_id, prompt, options, correct_option, explanation, display_order) VALUES
  ('cdcb4053-1722-5cb5-8d44-7336106ba367', '2b2e7d52-bc3b-54b5-a439-24e37fc3d310', 'عمِّل بإخراج العامل المشترك: 6x + 9.', '[{"id":"a","text":"3(2x + 9)"},{"id":"b","text":"2(3x + 9)"},{"id":"c","text":"3(2x + 3)"},{"id":"d","text":"6(x + 9)"}]'::jsonb, 'c', 'العاملُ المشترك للعددين 6 و9 هو 3؛ 6x÷3 = 2x و9÷3 = 3، فالتعميلُ هو 3(2x + 3) ✓. الخطأُ الشائع: عدمُ قسمة الحدّ الثاني على العامل (3(2x+9))، أو اختيارُ عاملٍ لا يقسم 9 كاملًا (2(3x+9)).', 6)
ON CONFLICT (id) DO UPDATE SET
  exercise_id = EXCLUDED.exercise_id,
  prompt = EXCLUDED.prompt,
  options = EXCLUDED.options,
  correct_option = EXCLUDED.correct_option,
  explanation = EXCLUDED.explanation,
  display_order = EXCLUDED.display_order;

INSERT INTO public.exercises (id, chapter_id, subject_id, title, difficulty, xp_reward, reward_coins, mode, source, display_order) VALUES
  ('13559988-10fe-5be5-bc36-fec80d7e8cac', '851ce498-e499-5f5a-97b2-91ddceda5ca0', 'math-8eme', '⚔️ زعيم الفصل ⭐⭐⭐: النشر المضاعف والتعميل', 3, 120, 30, 'boss', 'admin', 2)
ON CONFLICT (id) DO UPDATE SET
  chapter_id = EXCLUDED.chapter_id,
  subject_id = EXCLUDED.subject_id,
  title = EXCLUDED.title,
  difficulty = EXCLUDED.difficulty,
  xp_reward = EXCLUDED.xp_reward,
  reward_coins = EXCLUDED.reward_coins,
  mode = EXCLUDED.mode,
  display_order = EXCLUDED.display_order;

INSERT INTO public.questions (id, exercise_id, prompt, options, correct_option, explanation, display_order) VALUES
  ('e167992b-3c4e-5f2a-9af5-0ea81a30658a', '13559988-10fe-5be5-bc36-fec80d7e8cac', 'انشر العبارة: 3×(2x + 5).', '[{"id":"a","text":"6x + 15"},{"id":"b","text":"6x + 5"},{"id":"c","text":"5x + 15"},{"id":"d","text":"6x + 8"}]'::jsonb, 'a', 'نوزّع 3 على الحدّين: 3×2x + 3×5 = 6x + 15 ✓. الخطأُ الشائع: نسيانُ ضرب الحدّ الثاني (6x+5)، أو جمعُ 3+5=8 بدل الضرب (6x+8).', 1)
ON CONFLICT (id) DO UPDATE SET
  exercise_id = EXCLUDED.exercise_id,
  prompt = EXCLUDED.prompt,
  options = EXCLUDED.options,
  correct_option = EXCLUDED.correct_option,
  explanation = EXCLUDED.explanation,
  display_order = EXCLUDED.display_order;

INSERT INTO public.questions (id, exercise_id, prompt, options, correct_option, explanation, display_order) VALUES
  ('58cffcbe-1eda-5961-8363-984d4d304838', '13559988-10fe-5be5-bc36-fec80d7e8cac', 'انشر بالتوزيعية المضاعفة: (x + 4)(x + 5).', '[{"id":"a","text":"x² + 20"},{"id":"b","text":"x² + 9x + 20"},{"id":"c","text":"x² + 20x + 9"},{"id":"d","text":"x² + 9x + 9"}]'::jsonb, 'b', 'نضرب كلّ حدٍّ في كلّ حدّ: x² + 5x + 4x + 20 = x² + 9x + 20 ✓. الخطأُ الشائع: الاكتفاءُ بجُداء الطرفين (x²+20) بنسيان الحدّ الأوسط، أو الخلطُ بين المعامل 9 والحدّ الثابت 20 (x²+20x+9).', 2)
ON CONFLICT (id) DO UPDATE SET
  exercise_id = EXCLUDED.exercise_id,
  prompt = EXCLUDED.prompt,
  options = EXCLUDED.options,
  correct_option = EXCLUDED.correct_option,
  explanation = EXCLUDED.explanation,
  display_order = EXCLUDED.display_order;

INSERT INTO public.questions (id, exercise_id, prompt, options, correct_option, explanation, display_order) VALUES
  ('3f12aef7-0bc8-53fa-bd54-00e40fbefbb6', '13559988-10fe-5be5-bc36-fec80d7e8cac', 'انشر بالتوزيعية المضاعفة: (x − 3)(x + 2).', '[{"id":"a","text":"x² − 6"},{"id":"b","text":"x² + x − 6"},{"id":"c","text":"x² − x − 6"},{"id":"d","text":"x² − 5x − 6"}]'::jsonb, 'c', 'نضرب كلّ حدٍّ في كلّ حدّ مع الإشارات: x² + 2x − 3x − 6 = x² − x − 6 ✓. الخطأُ الشائع: جمعُ 2 و3 بدل طرحهما في الحدّ الأوسط (x²+x−6 أو x²−5x−6)، أو نسيانُ الحدّين الأوسطين (x²−6).', 3)
ON CONFLICT (id) DO UPDATE SET
  exercise_id = EXCLUDED.exercise_id,
  prompt = EXCLUDED.prompt,
  options = EXCLUDED.options,
  correct_option = EXCLUDED.correct_option,
  explanation = EXCLUDED.explanation,
  display_order = EXCLUDED.display_order;

INSERT INTO public.questions (id, exercise_id, prompt, options, correct_option, explanation, display_order) VALUES
  ('036e3fcf-d4f8-5826-9293-793c420c0ffa', '13559988-10fe-5be5-bc36-fec80d7e8cac', 'عمِّل بإخراج العامل المشترك: x² + 7x.', '[{"id":"a","text":"x(x − 7)"},{"id":"b","text":"7(x + x)"},{"id":"c","text":"x²(1 + 7)"},{"id":"d","text":"x(x + 7)"}]'::jsonb, 'd', 'العاملُ المشترك بين x² و7x هو x؛ x²÷x = x و7x÷x = 7، فالتعميلُ هو x(x + 7) ✓. الخطأُ الشائع: الخطأُ في الإشارة (x(x−7))، أو إخراجُ عاملٍ عدديّ لا يشترك فيه الحدّان (7(x+x)).', 4)
ON CONFLICT (id) DO UPDATE SET
  exercise_id = EXCLUDED.exercise_id,
  prompt = EXCLUDED.prompt,
  options = EXCLUDED.options,
  correct_option = EXCLUDED.correct_option,
  explanation = EXCLUDED.explanation,
  display_order = EXCLUDED.display_order;

INSERT INTO public.questions (id, exercise_id, prompt, options, correct_option, explanation, display_order) VALUES
  ('59694735-6192-56e0-a4b8-e8a093a1c96b', '13559988-10fe-5be5-bc36-fec80d7e8cac', 'انشر ثمّ اختزل: 2(x + 3) + 3(x − 1).', '[{"id":"a","text":"5x + 3"},{"id":"b","text":"5x + 9"},{"id":"c","text":"5x − 3"},{"id":"d","text":"6x + 3"}]'::jsonb, 'a', 'ننشر أوّلًا: 2x + 6 + 3x − 3، ثمّ نختزل: (2x+3x) + (6−3) = 5x + 3 ✓. الخطأُ الشائع: نسيانُ توزيع 3 على −1 فيبقى الثابتُ 6 (5x+9)، أو الخطأُ في جمع الثوابت (5x−3).', 5)
ON CONFLICT (id) DO UPDATE SET
  exercise_id = EXCLUDED.exercise_id,
  prompt = EXCLUDED.prompt,
  options = EXCLUDED.options,
  correct_option = EXCLUDED.correct_option,
  explanation = EXCLUDED.explanation,
  display_order = EXCLUDED.display_order;

INSERT INTO public.questions (id, exercise_id, prompt, options, correct_option, explanation, display_order) VALUES
  ('d04934e2-e3e2-51d8-bf87-d92eef1f8449', '13559988-10fe-5be5-bc36-fec80d7e8cac', 'انشر بالتوزيعية المضاعفة: (2x + 1)(x + 3).', '[{"id":"a","text":"2x² + 6x + 3"},{"id":"b","text":"2x² + 7x + 3"},{"id":"c","text":"2x² + 7x + 4"},{"id":"d","text":"2x² + 3"}]'::jsonb, 'b', 'نضرب كلّ حدٍّ في كلّ حدّ: 2x×x + 2x×3 + 1×x + 1×3 = 2x² + 6x + x + 3 = 2x² + 7x + 3 ✓. الخطأُ الشائع: نسيانُ جُداء 1×x فيصبح الحدّ الأوسط 6x (2x²+6x+3)، أو نسيانُ الحدّين الأوسطين معًا (2x²+3).', 6)
ON CONFLICT (id) DO UPDATE SET
  exercise_id = EXCLUDED.exercise_id,
  prompt = EXCLUDED.prompt,
  options = EXCLUDED.options,
  correct_option = EXCLUDED.correct_option,
  explanation = EXCLUDED.explanation,
  display_order = EXCLUDED.display_order;

INSERT INTO public.exercises (id, chapter_id, subject_id, title, difficulty, xp_reward, reward_coins, mode, source, display_order) VALUES
  ('b30d6315-b456-545f-94a0-df6bda560c4f', '851ce498-e499-5f5a-97b2-91ddceda5ca0', 'math-8eme', '⭐⭐ تمرين مراجعة (نمط امتحان): نشرٌ وتعميلٌ ومتطابقات', 2, 70, 15, 'practice', 'admin', 3)
ON CONFLICT (id) DO UPDATE SET
  chapter_id = EXCLUDED.chapter_id,
  subject_id = EXCLUDED.subject_id,
  title = EXCLUDED.title,
  difficulty = EXCLUDED.difficulty,
  xp_reward = EXCLUDED.xp_reward,
  reward_coins = EXCLUDED.reward_coins,
  mode = EXCLUDED.mode,
  display_order = EXCLUDED.display_order;

INSERT INTO public.questions (id, exercise_id, prompt, options, correct_option, explanation, display_order) VALUES
  ('6640262b-2fa7-5c80-8a82-2c6b55d9ace6', 'b30d6315-b456-545f-94a0-df6bda560c4f', 'انشر العبارة: 6×(x + 2).', '[{"id":"a","text":"6x + 2"},{"id":"b","text":"6x + 8"},{"id":"c","text":"6x + 12"},{"id":"d","text":"12x"}]'::jsonb, 'c', 'نوزّع 6 على الحدّين: 6×x + 6×2 = 6x + 12 ✓. الخطأُ الشائع: نسيانُ ضرب الحدّ الثاني (6x+2)، أو جمعُ 6+2=8 بدل الضرب (6x+8).', 1)
ON CONFLICT (id) DO UPDATE SET
  exercise_id = EXCLUDED.exercise_id,
  prompt = EXCLUDED.prompt,
  options = EXCLUDED.options,
  correct_option = EXCLUDED.correct_option,
  explanation = EXCLUDED.explanation,
  display_order = EXCLUDED.display_order;

INSERT INTO public.questions (id, exercise_id, prompt, options, correct_option, explanation, display_order) VALUES
  ('1ae5ba45-a1d7-5faa-92a9-0da606daa917', 'b30d6315-b456-545f-94a0-df6bda560c4f', 'عمِّل بإخراج العامل المشترك: 4x + 8.', '[{"id":"a","text":"4(x + 2)"},{"id":"b","text":"4(x + 8)"},{"id":"c","text":"2(2x + 8)"},{"id":"d","text":"x(4 + 8)"}]'::jsonb, 'a', 'العاملُ المشترك للعددين 4 و8 هو 4؛ 4x÷4 = x و8÷4 = 2، فالتعميلُ الكامل هو 4(x + 2) ✓. الخطأُ الشائع: عدمُ قسمة 8 على العامل (4(x+8))، أو اختيارُ عاملٍ غيرِ أكبرَ فيبقى التعميلُ ناقصًا (2(2x+8)).', 2)
ON CONFLICT (id) DO UPDATE SET
  exercise_id = EXCLUDED.exercise_id,
  prompt = EXCLUDED.prompt,
  options = EXCLUDED.options,
  correct_option = EXCLUDED.correct_option,
  explanation = EXCLUDED.explanation,
  display_order = EXCLUDED.display_order;

INSERT INTO public.questions (id, exercise_id, prompt, options, correct_option, explanation, display_order) VALUES
  ('91f4dc19-85ac-5cc5-8cbb-92ffbc618761', 'b30d6315-b456-545f-94a0-df6bda560c4f', 'انشر بالتوزيعية المضاعفة: (x + 2)(x + 6).', '[{"id":"a","text":"x² + 12"},{"id":"b","text":"x² + 8x + 12"},{"id":"c","text":"x² + 12x + 8"},{"id":"d","text":"x² + 8x + 8"}]'::jsonb, 'b', 'نضرب كلّ حدٍّ في كلّ حدّ: x² + 6x + 2x + 12 = x² + 8x + 12 ✓. الخطأُ الشائع: نسيانُ الحدّين الأوسطين (x²+12)، أو الخلطُ بين المعامل والثابت (x²+12x+8).', 3)
ON CONFLICT (id) DO UPDATE SET
  exercise_id = EXCLUDED.exercise_id,
  prompt = EXCLUDED.prompt,
  options = EXCLUDED.options,
  correct_option = EXCLUDED.correct_option,
  explanation = EXCLUDED.explanation,
  display_order = EXCLUDED.display_order;

INSERT INTO public.questions (id, exercise_id, prompt, options, correct_option, explanation, display_order) VALUES
  ('fbb849a3-15d2-5efd-8e0f-d57c4f715fc6', 'b30d6315-b456-545f-94a0-df6bda560c4f', 'انشر بالتوزيعية المضاعفة: (x − 5)(x − 2).', '[{"id":"a","text":"x² + 10"},{"id":"b","text":"x² − 3x + 10"},{"id":"c","text":"x² − 7x − 10"},{"id":"d","text":"x² − 7x + 10"}]'::jsonb, 'd', 'نضرب كلّ حدٍّ في كلّ حدّ: x² − 2x − 5x + 10 = x² − 7x + 10 (سالبٌ×سالبٌ = موجب في الحدّ الثابت) ✓. الخطأُ الشائع: طرحُ 5 و2 بدل جمعهما في الحدّ الأوسط (x²−3x+10)، أو الخطأُ في إشارة الحدّ الثابت (x²−7x−10).', 4)
ON CONFLICT (id) DO UPDATE SET
  exercise_id = EXCLUDED.exercise_id,
  prompt = EXCLUDED.prompt,
  options = EXCLUDED.options,
  correct_option = EXCLUDED.correct_option,
  explanation = EXCLUDED.explanation,
  display_order = EXCLUDED.display_order;

INSERT INTO public.questions (id, exercise_id, prompt, options, correct_option, explanation, display_order) VALUES
  ('89e54cc6-4839-5737-b195-bc58cadab27a', 'b30d6315-b456-545f-94a0-df6bda560c4f', 'انشر ثمّ اختزل: 3(x + 2) − 2x.', '[{"id":"a","text":"x + 6"},{"id":"b","text":"5x + 6"},{"id":"c","text":"x + 2"},{"id":"d","text":"6x"}]'::jsonb, 'a', 'ننشر أوّلًا: 3x + 6، ثمّ نطرح 2x: (3x−2x) + 6 = x + 6 ✓. الخطأُ الشائع: جمعُ 2x بدل طرحها (5x+6)، أو طرحُ 2x من الحدّ الثابت 6 بدل من 3x (x+2).', 5)
ON CONFLICT (id) DO UPDATE SET
  exercise_id = EXCLUDED.exercise_id,
  prompt = EXCLUDED.prompt,
  options = EXCLUDED.options,
  correct_option = EXCLUDED.correct_option,
  explanation = EXCLUDED.explanation,
  display_order = EXCLUDED.display_order;

INSERT INTO public.questions (id, exercise_id, prompt, options, correct_option, explanation, display_order) VALUES
  ('281849a8-fc56-5fb9-9d44-4fd637e6e2eb', 'b30d6315-b456-545f-94a0-df6bda560c4f', 'انشر المتطابقة: (x − 4)².', '[{"id":"a","text":"x² − 16"},{"id":"b","text":"x² − 8x − 16"},{"id":"c","text":"x² − 8x + 16"},{"id":"d","text":"x² + 8x + 16"}]'::jsonb, 'c', '(x−4)² = (x−4)(x−4) = x² − 4x − 4x + 16 = x² − 8x + 16 ✓. الخطأُ الأشهر: نسيانُ الحدّ الأوسط −8x وكتابةُ x²−16، أو الخطأُ في إشارة الحدّ الثابت (سالبٌ×سالبٌ = موجب، فالثابتُ +16 لا −16).', 6)
ON CONFLICT (id) DO UPDATE SET
  exercise_id = EXCLUDED.exercise_id,
  prompt = EXCLUDED.prompt,
  options = EXCLUDED.options,
  correct_option = EXCLUDED.correct_option,
  explanation = EXCLUDED.explanation,
  display_order = EXCLUDED.display_order;

INSERT INTO public.exercises (id, chapter_id, subject_id, title, difficulty, xp_reward, reward_coins, mode, source, display_order) VALUES
  ('934c97b1-b838-5c6b-a1ae-cd55d7573b0c', '851ce498-e499-5f5a-97b2-91ddceda5ca0', 'math-8eme', '👑 تحدّي النخبة ⭐⭐⭐⭐: عمقُ النشر والتحليل', 4, 300, 60, 'challenge', 'admin', 4)
ON CONFLICT (id) DO UPDATE SET
  chapter_id = EXCLUDED.chapter_id,
  subject_id = EXCLUDED.subject_id,
  title = EXCLUDED.title,
  difficulty = EXCLUDED.difficulty,
  xp_reward = EXCLUDED.xp_reward,
  reward_coins = EXCLUDED.reward_coins,
  mode = EXCLUDED.mode,
  display_order = EXCLUDED.display_order;

INSERT INTO public.questions (id, exercise_id, prompt, options, correct_option, explanation, display_order) VALUES
  ('1f31b014-b43d-57e8-87f2-6e62fcef69ee', '934c97b1-b838-5c6b-a1ae-cd55d7573b0c', 'انشر المتطابقة: (x + 4)².', '[{"id":"a","text":"x² + 16"},{"id":"b","text":"x² + 8x + 16"},{"id":"c","text":"x² + 8x + 8"},{"id":"d","text":"x² + 4x + 16"}]'::jsonb, 'b', '(x+4)² = (x+4)(x+4) = x² + 4x + 4x + 16 = x² + 8x + 16 ✓. الحدُّ الأوسط هو 2×4×x = 8x. الخطأُ الأشهر: نسيانُ الحدّ الأوسط (x²+16)، أو أخذُ الحدّ الأوسط 4x فقط بدل 8x (x²+4x+16).', 1)
ON CONFLICT (id) DO UPDATE SET
  exercise_id = EXCLUDED.exercise_id,
  prompt = EXCLUDED.prompt,
  options = EXCLUDED.options,
  correct_option = EXCLUDED.correct_option,
  explanation = EXCLUDED.explanation,
  display_order = EXCLUDED.display_order;

INSERT INTO public.questions (id, exercise_id, prompt, options, correct_option, explanation, display_order) VALUES
  ('5f6216ff-f58f-5ef7-9d51-03e452c905b1', '934c97b1-b838-5c6b-a1ae-cd55d7573b0c', 'انشر المتطابقة: (x + 5)(x − 5).', '[{"id":"a","text":"x² − 25"},{"id":"b","text":"x² + 25"},{"id":"c","text":"x² − 25x"},{"id":"d","text":"x² − 10x + 25"}]'::jsonb, 'a', 'جُداءُ مجموعٍ في فرقٍ: (x+5)(x−5) = x² − 5x + 5x − 25 = x² − 25؛ يتلاشى الحدّان الأوسطان ✓. الخطأُ الشائع: الخلطُ مع (x−5)² فيُكتب x²−10x+25، أو الخطأُ في إشارة الحدّ الثابت (x²+25).', 2)
ON CONFLICT (id) DO UPDATE SET
  exercise_id = EXCLUDED.exercise_id,
  prompt = EXCLUDED.prompt,
  options = EXCLUDED.options,
  correct_option = EXCLUDED.correct_option,
  explanation = EXCLUDED.explanation,
  display_order = EXCLUDED.display_order;

INSERT INTO public.questions (id, exercise_id, prompt, options, correct_option, explanation, display_order) VALUES
  ('25d74b64-fb11-59d6-bfd4-1151259b17f7', '934c97b1-b838-5c6b-a1ae-cd55d7573b0c', 'بسِّط إلى أبسط صورة: (x + 2)(x + 3) − x².', '[{"id":"a","text":"x² + 5x + 6"},{"id":"b","text":"5x² + 6"},{"id":"c","text":"6x"},{"id":"d","text":"5x + 6"}]'::jsonb, 'd', 'ننشر أوّلًا: (x+2)(x+3) = x² + 5x + 6، ثمّ نطرح x²: (x²−x²) + 5x + 6 = 5x + 6 ✓. الخطأُ الشائع: نسيانُ طرح x² فيبقى x²+5x+6، أو طرحُ x² من كلّ حدٍّ خطأً فيُكتب 5x²+6.', 3)
ON CONFLICT (id) DO UPDATE SET
  exercise_id = EXCLUDED.exercise_id,
  prompt = EXCLUDED.prompt,
  options = EXCLUDED.options,
  correct_option = EXCLUDED.correct_option,
  explanation = EXCLUDED.explanation,
  display_order = EXCLUDED.display_order;

INSERT INTO public.questions (id, exercise_id, prompt, options, correct_option, explanation, display_order) VALUES
  ('96b85486-80a1-5621-aa4e-9c50bc74c9b3', '934c97b1-b838-5c6b-a1ae-cd55d7573b0c', 'كتب تلميذٌ الحلّ التالي: (x + 3)(x + 4) = x² + 7x + 7. أين الخطأ؟', '[{"id":"a","text":"لا خطأ، الحلُّ صحيح"},{"id":"b","text":"الخطأ في معامل x: الصحيح x² + 12x + 7"},{"id":"c","text":"الخطأ في الحدّ الثابت: 3×4 = 12 وليس 7، الصحيح x² + 7x + 12"},{"id":"d","text":"الخطأ في الإشارة داخل القوسين"}]'::jsonb, 'c', 'النشرُ الصحيح: (x+3)(x+4) = x² + 4x + 3x + 12 = x² + 7x + 12. معاملُ x صحيحٌ (4+3=7)، لكنّ الحدّ الثابت يجب أن يكون جُداءَ 3×4 = 12 لا مجموعَهما 7 ✓. (سؤالُ اكتشاف خطأ: الخيارُ الصحيح يصف موضعَ الخطأ لا حلًّا بديلًا.)', 4)
ON CONFLICT (id) DO UPDATE SET
  exercise_id = EXCLUDED.exercise_id,
  prompt = EXCLUDED.prompt,
  options = EXCLUDED.options,
  correct_option = EXCLUDED.correct_option,
  explanation = EXCLUDED.explanation,
  display_order = EXCLUDED.display_order;

INSERT INTO public.questions (id, exercise_id, prompt, options, correct_option, explanation, display_order) VALUES
  ('0a642f45-79c6-5b4b-a114-450d7adcffc5', '934c97b1-b838-5c6b-a1ae-cd55d7573b0c', 'بعد النشر تساوي العبارة (x + 3)(x + a) الصورةَ x² + 8x + 15. ما قيمة a؟', '[{"id":"a","text":"8"},{"id":"b","text":"5"},{"id":"c","text":"15"},{"id":"d","text":"2"}]'::jsonb, 'b', 'بالنشر: (x+3)(x+a) = x² + (3+a)x + 3a. نطابق مع x²+8x+15: من الحدّ الثابت 3a = 15 فـ a = 5، ونتحقّق من المعامل 3+5 = 8 ✓. الخطأُ الشائع: أخذُ a = 8 من معامل x مباشرةً بنسيان الحدّ 3، أو a = 15 من الحدّ الثابت دون قسمةٍ على 3.', 5)
ON CONFLICT (id) DO UPDATE SET
  exercise_id = EXCLUDED.exercise_id,
  prompt = EXCLUDED.prompt,
  options = EXCLUDED.options,
  correct_option = EXCLUDED.correct_option,
  explanation = EXCLUDED.explanation,
  display_order = EXCLUDED.display_order;

INSERT INTO public.questions (id, exercise_id, prompt, options, correct_option, explanation, display_order) VALUES
  ('a739c692-11ec-5155-b6c2-60ebd97953f7', '934c97b1-b838-5c6b-a1ae-cd55d7573b0c', 'مستطيلٌ طولُه (x + 5) وعرضُه (x + 2). عبّر عن مساحته منشورةً ومختزَلة.', '[{"id":"a","text":"x² + 10"},{"id":"b","text":"2x + 7"},{"id":"c","text":"x² + 7x + 10"},{"id":"d","text":"x² + 10x + 7"}]'::jsonb, 'c', 'المساحةُ = الطول × العرض = (x+5)(x+2) = x² + 2x + 5x + 10 = x² + 7x + 10 ✓. الخطأُ الشائع: حسابُ المحيط بدل المساحة (2x+7)، أو نسيانُ الحدّين الأوسطين (x²+10)، أو الخلطُ بين المعامل 7 والثابت 10 (x²+10x+7).', 6)
ON CONFLICT (id) DO UPDATE SET
  exercise_id = EXCLUDED.exercise_id,
  prompt = EXCLUDED.prompt,
  options = EXCLUDED.options,
  correct_option = EXCLUDED.correct_option,
  explanation = EXCLUDED.explanation,
  display_order = EXCLUDED.display_order;

INSERT INTO public.exercises (id, chapter_id, subject_id, title, difficulty, xp_reward, reward_coins, mode, source, display_order) VALUES
  ('82604f58-1e97-5a36-9864-8b02b0f47f8c', '851ce498-e499-5f5a-97b2-91ddceda5ca0', 'math-8eme', '📝 تدريب ⭐⭐⭐: مراجعةٌ شاملة (نشرٌ، إشارةٌ، تعميل)', 3, 120, 30, 'boss', 'admin', 5)
ON CONFLICT (id) DO UPDATE SET
  chapter_id = EXCLUDED.chapter_id,
  subject_id = EXCLUDED.subject_id,
  title = EXCLUDED.title,
  difficulty = EXCLUDED.difficulty,
  xp_reward = EXCLUDED.xp_reward,
  reward_coins = EXCLUDED.reward_coins,
  mode = EXCLUDED.mode,
  display_order = EXCLUDED.display_order;

INSERT INTO public.questions (id, exercise_id, prompt, options, correct_option, explanation, display_order) VALUES
  ('bef5b155-08aa-5434-b00f-c2f68c680ce9', '82604f58-1e97-5a36-9864-8b02b0f47f8c', 'انشر العبارة: −(x − 3).', '[{"id":"a","text":"−x + 3"},{"id":"b","text":"−x − 3"},{"id":"c","text":"x − 3"},{"id":"d","text":"x + 3"}]'::jsonb, 'a', 'الطرحُ أمام القوس يقلب إشارةَ كلّ حدّ: −(x − 3) = −x + 3 ✓. الخطأُ الأخطر: قلبُ إشارة الحدّ الأوّل فقط ونسيانُ قلب الثاني (−x−3).', 1)
ON CONFLICT (id) DO UPDATE SET
  exercise_id = EXCLUDED.exercise_id,
  prompt = EXCLUDED.prompt,
  options = EXCLUDED.options,
  correct_option = EXCLUDED.correct_option,
  explanation = EXCLUDED.explanation,
  display_order = EXCLUDED.display_order;

INSERT INTO public.questions (id, exercise_id, prompt, options, correct_option, explanation, display_order) VALUES
  ('cf98edc6-4515-55d3-ae5c-ffe51f821660', '82604f58-1e97-5a36-9864-8b02b0f47f8c', 'انشر العبارة: 2×(3x − 4).', '[{"id":"a","text":"6x + 8"},{"id":"b","text":"5x − 8"},{"id":"c","text":"6x − 4"},{"id":"d","text":"6x − 8"}]'::jsonb, 'd', 'نوزّع 2 على الحدّين: 2×3x − 2×4 = 6x − 8 ✓. الخطأُ الشائع: نسيانُ ضرب الحدّ الثاني (6x−4)، أو الخطأُ في إشارة الحدّ الثاني (6x+8).', 2)
ON CONFLICT (id) DO UPDATE SET
  exercise_id = EXCLUDED.exercise_id,
  prompt = EXCLUDED.prompt,
  options = EXCLUDED.options,
  correct_option = EXCLUDED.correct_option,
  explanation = EXCLUDED.explanation,
  display_order = EXCLUDED.display_order;

INSERT INTO public.questions (id, exercise_id, prompt, options, correct_option, explanation, display_order) VALUES
  ('55830d8d-0d91-5d08-a14f-35e1b52781f6', '82604f58-1e97-5a36-9864-8b02b0f47f8c', 'انشر بالتوزيعية المضاعفة: (2x − 1)(x + 4).', '[{"id":"a","text":"2x² − 4"},{"id":"b","text":"2x² + 7x − 4"},{"id":"c","text":"2x² + 7x + 4"},{"id":"d","text":"2x² + 9x − 4"}]'::jsonb, 'b', 'نضرب كلّ حدٍّ في كلّ حدّ: 2x×x + 2x×4 − 1×x − 1×4 = 2x² + 8x − x − 4 = 2x² + 7x − 4 ✓. الخطأُ الشائع: الخطأُ في إشارة الحدّ الثابت (2x²+7x+4)، أو جمعُ 8x مع x بدل طرحها (2x²+9x−4).', 3)
ON CONFLICT (id) DO UPDATE SET
  exercise_id = EXCLUDED.exercise_id,
  prompt = EXCLUDED.prompt,
  options = EXCLUDED.options,
  correct_option = EXCLUDED.correct_option,
  explanation = EXCLUDED.explanation,
  display_order = EXCLUDED.display_order;

INSERT INTO public.questions (id, exercise_id, prompt, options, correct_option, explanation, display_order) VALUES
  ('3e979eb1-840f-53e4-bcbe-7b64a96104a1', '82604f58-1e97-5a36-9864-8b02b0f47f8c', 'عمِّل بإخراج العامل المشترك: 12x + 8.', '[{"id":"a","text":"4(3x + 8)"},{"id":"b","text":"3(4x + 2)"},{"id":"c","text":"4(3x + 2)"},{"id":"d","text":"6(2x + 8)"}]'::jsonb, 'c', 'العاملُ المشترك الأكبر للعددين 12 و8 هو 4؛ 12x÷4 = 3x و8÷4 = 2، فالتعميلُ الكامل هو 4(3x + 2) ✓. الخطأُ الشائع: عدمُ قسمة 8 على العامل (4(3x+8))، أو اختيارُ عاملٍ لا يقسم العددَين معًا (3(4x+2) = 12x+6 ≠ 12x+8).', 4)
ON CONFLICT (id) DO UPDATE SET
  exercise_id = EXCLUDED.exercise_id,
  prompt = EXCLUDED.prompt,
  options = EXCLUDED.options,
  correct_option = EXCLUDED.correct_option,
  explanation = EXCLUDED.explanation,
  display_order = EXCLUDED.display_order;

INSERT INTO public.questions (id, exercise_id, prompt, options, correct_option, explanation, display_order) VALUES
  ('8b29a8a1-4123-5111-a156-61581ed1bcf8', '82604f58-1e97-5a36-9864-8b02b0f47f8c', 'انشر ثمّ اختزل: 5(x + 2) − (x − 3).', '[{"id":"a","text":"4x + 7"},{"id":"b","text":"4x − 13"},{"id":"c","text":"6x + 13"},{"id":"d","text":"4x + 13"}]'::jsonb, 'd', 'ننشر: 5x + 10، والقوسُ الثاني بإشارةٍ سالبة: −(x−3) = −x + 3. نجمع: (5x − x) + (10 + 3) = 4x + 13 ✓. الخطأُ الأخطر: نسيانُ قلب إشارة −3 فيصبح −x−3 والنتيجةُ 4x+7.', 5)
ON CONFLICT (id) DO UPDATE SET
  exercise_id = EXCLUDED.exercise_id,
  prompt = EXCLUDED.prompt,
  options = EXCLUDED.options,
  correct_option = EXCLUDED.correct_option,
  explanation = EXCLUDED.explanation,
  display_order = EXCLUDED.display_order;

INSERT INTO public.questions (id, exercise_id, prompt, options, correct_option, explanation, display_order) VALUES
  ('31353829-2d46-5d70-b62c-481a7db6e9c2', '82604f58-1e97-5a36-9864-8b02b0f47f8c', 'انشر المتطابقة: (2x + 3)².', '[{"id":"a","text":"4x² + 9"},{"id":"b","text":"4x² + 12x + 9"},{"id":"c","text":"2x² + 12x + 9"},{"id":"d","text":"4x² + 6x + 9"}]'::jsonb, 'b', '(2x+3)² = (2x+3)(2x+3) = 4x² + 6x + 6x + 9 = 4x² + 12x + 9؛ الحدّ الأوسط 2×(2x)×3 = 12x ✓. الخطأُ الشائع: نسيانُ الحدّ الأوسط (4x²+9)، أو عدمُ تربيع المعامل 2 فيُكتب 2x²، أو أخذُ الحدّ الأوسط 6x بدل 12x.', 6)
ON CONFLICT (id) DO UPDATE SET
  exercise_id = EXCLUDED.exercise_id,
  prompt = EXCLUDED.prompt,
  options = EXCLUDED.options,
  correct_option = EXCLUDED.correct_option,
  explanation = EXCLUDED.explanation,
  display_order = EXCLUDED.display_order;

INSERT INTO public.exercises (id, chapter_id, subject_id, title, difficulty, xp_reward, reward_coins, mode, source, display_order) VALUES
  ('dfb1bf66-a7bf-5ae0-bff0-01cf67f6701f', '851ce498-e499-5f5a-97b2-91ddceda5ca0', 'math-8eme', '👑 تحدّي النخبة ⭐⭐⭐⭐: المتطابقات والتعميل المتقدّم', 4, 300, 60, 'challenge', 'admin', 6)
ON CONFLICT (id) DO UPDATE SET
  chapter_id = EXCLUDED.chapter_id,
  subject_id = EXCLUDED.subject_id,
  title = EXCLUDED.title,
  difficulty = EXCLUDED.difficulty,
  xp_reward = EXCLUDED.xp_reward,
  reward_coins = EXCLUDED.reward_coins,
  mode = EXCLUDED.mode,
  display_order = EXCLUDED.display_order;

INSERT INTO public.questions (id, exercise_id, prompt, options, correct_option, explanation, display_order) VALUES
  ('e70ecde2-d503-5c89-a951-4a0e013b66a6', 'dfb1bf66-a7bf-5ae0-bff0-01cf67f6701f', 'انشر المتطابقة: (x − 6)².', '[{"id":"a","text":"x² − 36"},{"id":"b","text":"x² − 12x − 36"},{"id":"c","text":"x² − 12x + 36"},{"id":"d","text":"x² − 36x + 36"}]'::jsonb, 'c', '(x−6)² = x² − 6x − 6x + 36 = x² − 12x + 36؛ الحدّ الأوسط 2×6×x = 12x والحدّ الثابت (−6)×(−6) = +36 ✓. الخطأُ الأشهر: نسيانُ الحدّ الأوسط (x²−36)، أو الخطأُ في إشارة الحدّ الثابت (x²−12x−36).', 1)
ON CONFLICT (id) DO UPDATE SET
  exercise_id = EXCLUDED.exercise_id,
  prompt = EXCLUDED.prompt,
  options = EXCLUDED.options,
  correct_option = EXCLUDED.correct_option,
  explanation = EXCLUDED.explanation,
  display_order = EXCLUDED.display_order;

INSERT INTO public.questions (id, exercise_id, prompt, options, correct_option, explanation, display_order) VALUES
  ('7e7abbe9-ca7b-52f6-b80b-b61d0b94710d', 'dfb1bf66-a7bf-5ae0-bff0-01cf67f6701f', 'انشر المتطابقة: (3x + 2)(3x − 2).', '[{"id":"a","text":"9x² − 4"},{"id":"b","text":"9x² + 4"},{"id":"c","text":"3x² − 4"},{"id":"d","text":"9x² − 12x − 4"}]'::jsonb, 'a', 'جُداءُ مجموعٍ في فرقٍ: (3x+2)(3x−2) = (3x)² − 2² = 9x² − 4؛ يتلاشى الحدّان الأوسطان ✓. الخطأُ الشائع: عدمُ تربيع المعامل 3 فيُكتب 3x²، أو الخطأُ في إشارة الحدّ الثابت (9x²+4).', 2)
ON CONFLICT (id) DO UPDATE SET
  exercise_id = EXCLUDED.exercise_id,
  prompt = EXCLUDED.prompt,
  options = EXCLUDED.options,
  correct_option = EXCLUDED.correct_option,
  explanation = EXCLUDED.explanation,
  display_order = EXCLUDED.display_order;

INSERT INTO public.questions (id, exercise_id, prompt, options, correct_option, explanation, display_order) VALUES
  ('0590fe2b-7c2e-5bea-be94-b277fbb381f6', 'dfb1bf66-a7bf-5ae0-bff0-01cf67f6701f', 'بسِّط إلى أبسط صورة: (x + 4)(x − 1) − (x − 2)(x + 3).', '[{"id":"a","text":"2x² + 2"},{"id":"b","text":"4x − 2"},{"id":"c","text":"2x − 10"},{"id":"d","text":"2x + 2"}]'::jsonb, 'd', 'ننشر كلَّ جُداء: (x+4)(x−1) = x² + 3x − 4، و(x−2)(x+3) = x² + x − 6. نطرح مع قلب إشارات القوس الثاني: (x²+3x−4) − (x²+x−6) = 2x + 2 ✓. الخطأُ الأخطر: نسيانُ قلب إشارة −6 عند الطرح فتظهر نتيجةٌ ثابتُها خاطئ.', 3)
ON CONFLICT (id) DO UPDATE SET
  exercise_id = EXCLUDED.exercise_id,
  prompt = EXCLUDED.prompt,
  options = EXCLUDED.options,
  correct_option = EXCLUDED.correct_option,
  explanation = EXCLUDED.explanation,
  display_order = EXCLUDED.display_order;

INSERT INTO public.questions (id, exercise_id, prompt, options, correct_option, explanation, display_order) VALUES
  ('b0bd0177-fe60-5d2e-94f7-7c8820d54dad', 'dfb1bf66-a7bf-5ae0-bff0-01cf67f6701f', 'أيُّ المتطابقات التالية صحيحةٌ مهما تكن قيمة x؟', '[{"id":"a","text":"(x + 2)² = x² + 4"},{"id":"b","text":"(x + 3)(x − 3) = x² − 9"},{"id":"c","text":"(x − 1)² = x² − 1"},{"id":"d","text":"(x + 5)² = x² + 10x + 5"}]'::jsonb, 'b', '(x+3)(x−3) = x² − 9 صحيحةٌ دائمًا (مجموعٌ في فرق) ✓. الباقي خاطئ: (x+2)² = x²+4x+4 لا x²+4 (نسيانُ الأوسط)؛ (x−1)² = x²−2x+1 لا x²−1؛ (x+5)² = x²+10x+25 لا …+5 (الثابتُ 5² = 25).', 4)
ON CONFLICT (id) DO UPDATE SET
  exercise_id = EXCLUDED.exercise_id,
  prompt = EXCLUDED.prompt,
  options = EXCLUDED.options,
  correct_option = EXCLUDED.correct_option,
  explanation = EXCLUDED.explanation,
  display_order = EXCLUDED.display_order;

INSERT INTO public.questions (id, exercise_id, prompt, options, correct_option, explanation, display_order) VALUES
  ('5fac2d2b-e044-5277-9735-c5bfd1697848', 'dfb1bf66-a7bf-5ae0-bff0-01cf67f6701f', 'أيُّ الصور التالية تساوي العبارة x² + 10x + 25؟', '[{"id":"a","text":"(x + 10)²"},{"id":"b","text":"(x + 25)²"},{"id":"c","text":"(x + 5)²"},{"id":"d","text":"(x + 5)(x − 5)"}]'::jsonb, 'c', 'نتعرّف على مربّعٍ كامل: الحدّ الثابت 25 = 5² والحدّ الأوسط 10x = 2×5×x، فالعبارة هي (x + 5)² ✓. الخطأُ الشائع: أخذُ نصف معامل x خطأً أو الحدّ الثابت مباشرةً ((x+10)² أو (x+25)²)، أو الخلطُ مع الفرق (x+5)(x−5) = x²−25.', 5)
ON CONFLICT (id) DO UPDATE SET
  exercise_id = EXCLUDED.exercise_id,
  prompt = EXCLUDED.prompt,
  options = EXCLUDED.options,
  correct_option = EXCLUDED.correct_option,
  explanation = EXCLUDED.explanation,
  display_order = EXCLUDED.display_order;

INSERT INTO public.questions (id, exercise_id, prompt, options, correct_option, explanation, display_order) VALUES
  ('705d6c89-dee7-58d9-ae59-7cc04bb5e2a7', 'dfb1bf66-a7bf-5ae0-bff0-01cf67f6701f', 'عمِّل تعميلًا كاملًا بإخراج العامل المشترك الأكبر: 6x² + 9x.', '[{"id":"a","text":"3(2x² + 3x)"},{"id":"b","text":"3x(2x + 3)"},{"id":"c","text":"x(6x + 9)"},{"id":"d","text":"3x(2x + 9)"}]'::jsonb, 'b', 'العددُ المشترك بين 6 و9 هو 3، والحرفُ المشترك بين x² وx هو x، فالعاملُ الأكبر 3x؛ 6x²÷3x = 2x و9x÷3x = 3، فالتعميلُ الكامل هو 3x(2x + 3) ✓. الخياران 3(2x²+3x) وx(6x+9) صحيحان قيمةً لكنّهما غيرُ مكتملَين (لم يُخرَج العاملُ الأكبر)؛ والخيار 3x(2x+9) = 6x²+27x خاطئٌ قيمةً.', 6)
ON CONFLICT (id) DO UPDATE SET
  exercise_id = EXCLUDED.exercise_id,
  prompt = EXCLUDED.prompt,
  options = EXCLUDED.options,
  correct_option = EXCLUDED.correct_option,
  explanation = EXCLUDED.explanation,
  display_order = EXCLUDED.display_order;

INSERT INTO public.exercises (id, chapter_id, subject_id, title, difficulty, xp_reward, reward_coins, mode, source, display_order) VALUES
  ('6afe2dde-e1af-59a5-9f38-629a5ea72d6e', '955a7b77-6e29-550e-8490-8c96dfd92bd6', 'math-8eme', 'اختبار فهم الدرس ⭐', 1, 20, 5, 'quiz', 'admin', 0)
ON CONFLICT (id) DO UPDATE SET
  chapter_id = EXCLUDED.chapter_id,
  subject_id = EXCLUDED.subject_id,
  title = EXCLUDED.title,
  difficulty = EXCLUDED.difficulty,
  xp_reward = EXCLUDED.xp_reward,
  reward_coins = EXCLUDED.reward_coins,
  mode = EXCLUDED.mode,
  display_order = EXCLUDED.display_order;

INSERT INTO public.questions (id, exercise_id, prompt, options, correct_option, explanation, display_order) VALUES
  ('d38db7bd-88a8-5815-8219-39dc73765fad', '6afe2dde-e1af-59a5-9f38-629a5ea72d6e', 'للتحقّق من أنّ عددًا هو حلٌّ لمعادلة، ماذا نفعل؟', '[{"id":"a","text":"نعوّضه مكانَ المجهول في كلا الطرفَين ونقارن الناتجَين"},{"id":"b","text":"نعوّضه في الطرف الأوّل فقط"},{"id":"c","text":"نضربه في معامل المجهول"},{"id":"d","text":"نجمعه مع الحدّ العدديّ"}]'::jsonb, 'a', 'الحلُّ هو العددُ الذي يجعل الطرفَين متساويَين، لذا نعوّضه في كلا الطرفَين ونحسبُهما كاملَين ثمّ نقارن؛ حسابُ طرفٍ واحدٍ فقط لا يكفي للحكم.', 1)
ON CONFLICT (id) DO UPDATE SET
  exercise_id = EXCLUDED.exercise_id,
  prompt = EXCLUDED.prompt,
  options = EXCLUDED.options,
  correct_option = EXCLUDED.correct_option,
  explanation = EXCLUDED.explanation,
  display_order = EXCLUDED.display_order;

INSERT INTO public.questions (id, exercise_id, prompt, options, correct_option, explanation, display_order) VALUES
  ('85ea0bba-ff88-5f47-8c69-d0002b2e45e6', '6afe2dde-e1af-59a5-9f38-629a5ea72d6e', 'ما حلُّ المعادلة 2x − 3 = 7؟', '[{"id":"a","text":"−2"},{"id":"b","text":"2"},{"id":"c","text":"5"},{"id":"d","text":"10"}]'::jsonb, 'c', 'نعزل الحدّ الحرفيّ: 2x = 7 + 3 = 10، ثمّ نقسم على 2: x = 10 ÷ 2 = 5. التحقّق: 2 × 5 − 3 = 7 ✓. الخطأُ الشائع: نسيانُ تغيير إشارة −3 يعطي 2x = 7 − 3 = 4 → x = 2، أو نسيانُ القسمة يعطي 10.', 2)
ON CONFLICT (id) DO UPDATE SET
  exercise_id = EXCLUDED.exercise_id,
  prompt = EXCLUDED.prompt,
  options = EXCLUDED.options,
  correct_option = EXCLUDED.correct_option,
  explanation = EXCLUDED.explanation,
  display_order = EXCLUDED.display_order;

INSERT INTO public.questions (id, exercise_id, prompt, options, correct_option, explanation, display_order) VALUES
  ('6d519f89-5c0e-5014-a5f0-b3248d1b99fb', '6afe2dde-e1af-59a5-9f38-629a5ea72d6e', 'ما حلُّ المعادلة 2x + 7 = 1؟', '[{"id":"a","text":"−6"},{"id":"b","text":"−3"},{"id":"c","text":"3"},{"id":"d","text":"4"}]'::jsonb, 'b', 'نعزل الحدّ الحرفيّ: 2x = 1 − 7 = −6، ثمّ نقسم على 2: x = −6 ÷ 2 = −3. التحقّق: 2 × (−3) + 7 = −6 + 7 = 1 ✓. الخطأُ الشائع: نقلُ +7 دون تغيير إشارته يعطي 2x = 1 + 7 = 8 → x = 4، أو نسيانُ القسمة يعطي −6.', 3)
ON CONFLICT (id) DO UPDATE SET
  exercise_id = EXCLUDED.exercise_id,
  prompt = EXCLUDED.prompt,
  options = EXCLUDED.options,
  correct_option = EXCLUDED.correct_option,
  explanation = EXCLUDED.explanation,
  display_order = EXCLUDED.display_order;

INSERT INTO public.questions (id, exercise_id, prompt, options, correct_option, explanation, display_order) VALUES
  ('f88b8d74-8792-5a1f-9b79-0f66b1e82805', '6afe2dde-e1af-59a5-9f38-629a5ea72d6e', 'ما حلُّ المعادلة x/3 + 2 = 6؟', '[{"id":"a","text":"4"},{"id":"b","text":"12"},{"id":"c","text":"18"},{"id":"d","text":"24"}]'::jsonb, 'b', 'نعزل الحدّ الحرفيّ: x/3 = 6 − 2 = 4، ثمّ نضرب في المقام 3: x = 4 × 3 = 12. التحقّق: 12/3 + 2 = 4 + 2 = 6 ✓. الخطأُ الشائع: نسيانُ الضرب في 3 يعطي 4، أو نقلُ +2 بإشارةٍ خاطئة (x/3 = 8) يعطي 24، أو تجاهلُ الحدّ العدديّ (x/3 = 6) يعطي 18.', 4)
ON CONFLICT (id) DO UPDATE SET
  exercise_id = EXCLUDED.exercise_id,
  prompt = EXCLUDED.prompt,
  options = EXCLUDED.options,
  correct_option = EXCLUDED.correct_option,
  explanation = EXCLUDED.explanation,
  display_order = EXCLUDED.display_order;

INSERT INTO public.questions (id, exercise_id, prompt, options, correct_option, explanation, display_order) VALUES
  ('a8625719-e0fb-51e8-8f99-30521e0096c5', '6afe2dde-e1af-59a5-9f38-629a5ea72d6e', 'ما حلُّ المعادلة −2x + 5 = 11؟', '[{"id":"a","text":"−8"},{"id":"b","text":"−6"},{"id":"c","text":"−3"},{"id":"d","text":"3"}]'::jsonb, 'c', 'نعزل الحدّ الحرفيّ: −2x = 11 − 5 = 6، ثمّ نقسم على −2: x = 6 ÷ (−2) = −3. التحقّق: −2 × (−3) + 5 = 6 + 5 = 11 ✓. الخطأُ الشائع: تجاهلُ الإشارة السالبة عند القسمة يعطي 3، أو نقلُ +5 بإشارةٍ خاطئة (−2x = 16) يعطي −8، أو نسيانُ القسمة يعطي −6.', 5)
ON CONFLICT (id) DO UPDATE SET
  exercise_id = EXCLUDED.exercise_id,
  prompt = EXCLUDED.prompt,
  options = EXCLUDED.options,
  correct_option = EXCLUDED.correct_option,
  explanation = EXCLUDED.explanation,
  display_order = EXCLUDED.display_order;

INSERT INTO public.exercises (id, chapter_id, subject_id, title, difficulty, xp_reward, reward_coins, mode, source, display_order) VALUES
  ('f5a30bab-b176-5023-99b4-ffa0bb144f9d', '955a7b77-6e29-550e-8490-8c96dfd92bd6', 'math-8eme', '⭐ تمرين: حلُّ معادلة ax + b = c', 1, 50, 10, 'practice', 'admin', 1)
ON CONFLICT (id) DO UPDATE SET
  chapter_id = EXCLUDED.chapter_id,
  subject_id = EXCLUDED.subject_id,
  title = EXCLUDED.title,
  difficulty = EXCLUDED.difficulty,
  xp_reward = EXCLUDED.xp_reward,
  reward_coins = EXCLUDED.reward_coins,
  mode = EXCLUDED.mode,
  display_order = EXCLUDED.display_order;

INSERT INTO public.questions (id, exercise_id, prompt, options, correct_option, explanation, display_order) VALUES
  ('726d7f5b-db63-5e9e-a0c0-143ab4e37485', 'f5a30bab-b176-5023-99b4-ffa0bb144f9d', 'في المعادلة −4x + 9 = 5، ما هو معاملُ المجهول؟', '[{"id":"a","text":"−4"},{"id":"b","text":"4"},{"id":"c","text":"5"},{"id":"d","text":"9"}]'::jsonb, 'a', 'معاملُ المجهول هو العددُ الذي يضربه في الحدّ الحرفيّ، أي −4 (بإشارته السالبة). أمّا 9 فهو الحدّ العدديّ، و5 هو الطرفُ الثاني.', 1)
ON CONFLICT (id) DO UPDATE SET
  exercise_id = EXCLUDED.exercise_id,
  prompt = EXCLUDED.prompt,
  options = EXCLUDED.options,
  correct_option = EXCLUDED.correct_option,
  explanation = EXCLUDED.explanation,
  display_order = EXCLUDED.display_order;

INSERT INTO public.questions (id, exercise_id, prompt, options, correct_option, explanation, display_order) VALUES
  ('cebb35b6-fcce-5341-a96b-eeeb413974f3', 'f5a30bab-b176-5023-99b4-ffa0bb144f9d', 'هل x = −2 حلٌّ للمعادلة 3x + 10 = 4؟', '[{"id":"a","text":"نعم، لأنّ 3 × (−2) + 10 = 4"},{"id":"b","text":"لا، لأنّ 3 × (−2) + 10 = 16"},{"id":"c","text":"لا، لأنّ 3 × (−2) + 10 = −16"},{"id":"d","text":"لا، لأنّ المعادلة ليس لها حلّ"}]'::jsonb, 'a', 'نعوّض x = −2: الطرفُ الأوّل 3 × (−2) + 10 = −6 + 10 = 4، وهو يساوي الطرفَ الثاني (4)، فـ x = −2 حلٌّ للمعادلة ✓. الخطأُ الشائع: حسابُ 3 × (−2) = 6 بدل −6 يعطي 16.', 2)
ON CONFLICT (id) DO UPDATE SET
  exercise_id = EXCLUDED.exercise_id,
  prompt = EXCLUDED.prompt,
  options = EXCLUDED.options,
  correct_option = EXCLUDED.correct_option,
  explanation = EXCLUDED.explanation,
  display_order = EXCLUDED.display_order;

INSERT INTO public.questions (id, exercise_id, prompt, options, correct_option, explanation, display_order) VALUES
  ('2cd70e56-68a5-5aa4-90b4-bf4efd5cc292', 'f5a30bab-b176-5023-99b4-ffa0bb144f9d', 'ما حلُّ المعادلة x + 6 = 2؟', '[{"id":"a","text":"−8"},{"id":"b","text":"−4"},{"id":"c","text":"4"},{"id":"d","text":"8"}]'::jsonb, 'b', 'نطرح 6 من الطرفَين: x = 2 − 6 = −4. التحقّق: −4 + 6 = 2 ✓. الخطأُ الشائع: عكسُ ترتيب الطرح (6 − 2 = 4)، أو جمعُ 6 بدل طرحه (2 + 6 = 8).', 3)
ON CONFLICT (id) DO UPDATE SET
  exercise_id = EXCLUDED.exercise_id,
  prompt = EXCLUDED.prompt,
  options = EXCLUDED.options,
  correct_option = EXCLUDED.correct_option,
  explanation = EXCLUDED.explanation,
  display_order = EXCLUDED.display_order;

INSERT INTO public.questions (id, exercise_id, prompt, options, correct_option, explanation, display_order) VALUES
  ('8d4ec1cf-d54a-5bd7-90b6-390a96bf8401', 'f5a30bab-b176-5023-99b4-ffa0bb144f9d', 'ما حلُّ المعادلة 4x = −20؟', '[{"id":"a","text":"−80"},{"id":"b","text":"−16"},{"id":"c","text":"−5"},{"id":"d","text":"5"}]'::jsonb, 'c', 'نقسم الطرفَين على 4: x = −20 ÷ 4 = −5. التحقّق: 4 × (−5) = −20 ✓. الخطأُ الشائع: تجاهلُ الإشارة السالبة يعطي 5، أو الطرحُ بدل القسمة (−20 − 4 = −16)، أو الضربُ بدل القسمة (−20 × 4 = −80).', 4)
ON CONFLICT (id) DO UPDATE SET
  exercise_id = EXCLUDED.exercise_id,
  prompt = EXCLUDED.prompt,
  options = EXCLUDED.options,
  correct_option = EXCLUDED.correct_option,
  explanation = EXCLUDED.explanation,
  display_order = EXCLUDED.display_order;

INSERT INTO public.questions (id, exercise_id, prompt, options, correct_option, explanation, display_order) VALUES
  ('71a334ca-c3e8-5b3f-a138-7111a3c614c8', 'f5a30bab-b176-5023-99b4-ffa0bb144f9d', 'ما حلُّ المعادلة 2x − 6 = 8؟', '[{"id":"a","text":"−1"},{"id":"b","text":"1"},{"id":"c","text":"7"},{"id":"d","text":"14"}]'::jsonb, 'c', 'نعزل الحدّ الحرفيّ: 2x = 8 + 6 = 14، ثمّ نقسم على 2: x = 14 ÷ 2 = 7. التحقّق: 2 × 7 − 6 = 8 ✓. الخطأُ الشائع: نسيانُ تغيير إشارة −6 يعطي 2x = 8 − 6 = 2 → x = 1، أو نسيانُ القسمة يعطي 14.', 5)
ON CONFLICT (id) DO UPDATE SET
  exercise_id = EXCLUDED.exercise_id,
  prompt = EXCLUDED.prompt,
  options = EXCLUDED.options,
  correct_option = EXCLUDED.correct_option,
  explanation = EXCLUDED.explanation,
  display_order = EXCLUDED.display_order;

INSERT INTO public.questions (id, exercise_id, prompt, options, correct_option, explanation, display_order) VALUES
  ('ed06bcd2-dfd0-5ebc-890c-d40fd2994427', 'f5a30bab-b176-5023-99b4-ffa0bb144f9d', 'ما حلُّ المعادلة x/2 − 3 = 4؟', '[{"id":"a","text":"2"},{"id":"b","text":"7"},{"id":"c","text":"8"},{"id":"d","text":"14"}]'::jsonb, 'd', 'نعزل الحدّ الحرفيّ: x/2 = 4 + 3 = 7، ثمّ نضرب في المقام 2: x = 7 × 2 = 14. التحقّق: 14/2 − 3 = 7 − 3 = 4 ✓. الخطأُ الشائع: نسيانُ الضرب في 2 يعطي 7، أو تجاهلُ الحدّ العدديّ (x/2 = 4) يعطي 8، أو نقلُ 3 بإشارةٍ خاطئة (x/2 = 1) يعطي 2.', 6)
ON CONFLICT (id) DO UPDATE SET
  exercise_id = EXCLUDED.exercise_id,
  prompt = EXCLUDED.prompt,
  options = EXCLUDED.options,
  correct_option = EXCLUDED.correct_option,
  explanation = EXCLUDED.explanation,
  display_order = EXCLUDED.display_order;

INSERT INTO public.exercises (id, chapter_id, subject_id, title, difficulty, xp_reward, reward_coins, mode, source, display_order) VALUES
  ('b1a25f8f-475b-5d0c-9595-d4b6cbc1348f', '955a7b77-6e29-550e-8490-8c96dfd92bd6', 'math-8eme', '⚔️ زعيم الفصل ⭐⭐⭐: حلُّ المعادلات والتحقّق', 3, 120, 30, 'boss', 'admin', 2)
ON CONFLICT (id) DO UPDATE SET
  chapter_id = EXCLUDED.chapter_id,
  subject_id = EXCLUDED.subject_id,
  title = EXCLUDED.title,
  difficulty = EXCLUDED.difficulty,
  xp_reward = EXCLUDED.xp_reward,
  reward_coins = EXCLUDED.reward_coins,
  mode = EXCLUDED.mode,
  display_order = EXCLUDED.display_order;

INSERT INTO public.questions (id, exercise_id, prompt, options, correct_option, explanation, display_order) VALUES
  ('fdad9e55-54ed-5d02-9f25-e29373acbcb2', 'b1a25f8f-475b-5d0c-9595-d4b6cbc1348f', 'ما حلُّ المعادلة 3x − 6 = 9؟', '[{"id":"a","text":"1"},{"id":"b","text":"5"},{"id":"c","text":"15"},{"id":"d","text":"45"}]'::jsonb, 'b', 'نعزل الحدّ الحرفيّ بنقل −6 مع تغيير إشارته: 3x = 9 + 6 = 15، ثمّ نقسم على 3: x = 15 ÷ 3 = 5. التحقّق: 3 × 5 − 6 = 9 ✓. الخطأُ الشائع: نسيانُ تغيير إشارة −6 يعطي 3x = 9 − 6 = 3 → x = 1، أو نسيانُ القسمة يعطي 15، أو الضربُ بدل القسمة (15 × 3 = 45).', 1)
ON CONFLICT (id) DO UPDATE SET
  exercise_id = EXCLUDED.exercise_id,
  prompt = EXCLUDED.prompt,
  options = EXCLUDED.options,
  correct_option = EXCLUDED.correct_option,
  explanation = EXCLUDED.explanation,
  display_order = EXCLUDED.display_order;

INSERT INTO public.questions (id, exercise_id, prompt, options, correct_option, explanation, display_order) VALUES
  ('edd7c195-004f-5d77-ba83-a8dc1ff12fac', 'b1a25f8f-475b-5d0c-9595-d4b6cbc1348f', 'ما حلُّ المعادلة −2x + 3 = 9؟', '[{"id":"a","text":"−3"},{"id":"b","text":"3"},{"id":"c","text":"−6"},{"id":"d","text":"6"}]'::jsonb, 'a', 'نعزل الحدّ الحرفيّ: −2x = 9 − 3 = 6، ثمّ نقسم على −2: x = 6 ÷ (−2) = −3. التحقّق: −2 × (−3) + 3 = 6 + 3 = 9 ✓. الخطأُ الشائع: تجاهلُ الإشارة السالبة عند القسمة يعطي 3، أو نقلُ +3 دون تغيير إشارته (−2x = 12) يعطي −6، أو نسيانُ القسمة يعطي 6.', 2)
ON CONFLICT (id) DO UPDATE SET
  exercise_id = EXCLUDED.exercise_id,
  prompt = EXCLUDED.prompt,
  options = EXCLUDED.options,
  correct_option = EXCLUDED.correct_option,
  explanation = EXCLUDED.explanation,
  display_order = EXCLUDED.display_order;

INSERT INTO public.questions (id, exercise_id, prompt, options, correct_option, explanation, display_order) VALUES
  ('34b43924-324f-57c9-bf59-6af0f1685a2e', 'b1a25f8f-475b-5d0c-9595-d4b6cbc1348f', 'ما حلُّ المعادلة 0,5x + 1 = 4؟', '[{"id":"a","text":"3"},{"id":"b","text":"1,5"},{"id":"c","text":"10"},{"id":"d","text":"6"}]'::jsonb, 'd', 'نعزل الحدّ الحرفيّ: 0,5x = 4 − 1 = 3، ثمّ نقسم على المعامل: x = 3 ÷ 0,5 = 6 (القسمةُ على 0,5 تُكافئ الضربَ في 2). التحقّق: 0,5 × 6 + 1 = 3 + 1 = 4 ✓. الخطأُ الشائع: الضربُ في 0,5 بدل القسمة (3 × 0,5 = 1,5)، أو تجاهلُ المعامل واعتبارُ الناتج 3، أو نقلُ +1 بإشارةٍ خاطئة (0,5x = 5) يعطي 10.', 3)
ON CONFLICT (id) DO UPDATE SET
  exercise_id = EXCLUDED.exercise_id,
  prompt = EXCLUDED.prompt,
  options = EXCLUDED.options,
  correct_option = EXCLUDED.correct_option,
  explanation = EXCLUDED.explanation,
  display_order = EXCLUDED.display_order;

INSERT INTO public.questions (id, exercise_id, prompt, options, correct_option, explanation, display_order) VALUES
  ('d81d132c-354c-56d8-a10c-7516c8387920', 'b1a25f8f-475b-5d0c-9595-d4b6cbc1348f', 'ما حلُّ المعادلة (1/4)x + 2 = 5؟', '[{"id":"a","text":"28"},{"id":"b","text":"0,75"},{"id":"c","text":"12"},{"id":"d","text":"3"}]'::jsonb, 'c', 'نعزل الحدّ الحرفيّ: (1/4)x = 5 − 2 = 3، ثمّ نضرب في المقلوب 4: x = 3 × 4 = 12. التحقّق: (1/4) × 12 + 2 = 3 + 2 = 5 ✓. الخطأُ الشائع: الضربُ في المعامل 1/4 بدل مقلوبه (3 × 1/4 = 0,75)، أو التوقّفُ عند 3 بنسيان الضرب في 4، أو نقلُ +2 بإشارةٍ خاطئة ((1/4)x = 7) يعطي 28.', 4)
ON CONFLICT (id) DO UPDATE SET
  exercise_id = EXCLUDED.exercise_id,
  prompt = EXCLUDED.prompt,
  options = EXCLUDED.options,
  correct_option = EXCLUDED.correct_option,
  explanation = EXCLUDED.explanation,
  display_order = EXCLUDED.display_order;

INSERT INTO public.questions (id, exercise_id, prompt, options, correct_option, explanation, display_order) VALUES
  ('8fd14b2f-0024-5b5d-9cd4-95c8c1a6bd05', 'b1a25f8f-475b-5d0c-9595-d4b6cbc1348f', 'ما حلُّ المعادلة 5x − 2x + 3 = 15؟', '[{"id":"a","text":"4"},{"id":"b","text":"5"},{"id":"c","text":"6"},{"id":"d","text":"12"}]'::jsonb, 'a', 'نجمع الحدود المتشابهة أوّلًا: 5x − 2x = 3x فتصير المعادلة 3x + 3 = 15، ثمّ 3x = 12 و x = 4. التحقّق: 5 × 4 − 2 × 4 + 3 = 20 − 8 + 3 = 15 ✓. الخطأُ الشائع: تجاهلُ الحدّ +3 (3x = 15 → x = 5)، أو نسيانُ تغيير إشارة +3 (3x = 18 → x = 6)، أو نسيانُ القسمة يعطي 12.', 5)
ON CONFLICT (id) DO UPDATE SET
  exercise_id = EXCLUDED.exercise_id,
  prompt = EXCLUDED.prompt,
  options = EXCLUDED.options,
  correct_option = EXCLUDED.correct_option,
  explanation = EXCLUDED.explanation,
  display_order = EXCLUDED.display_order;

INSERT INTO public.questions (id, exercise_id, prompt, options, correct_option, explanation, display_order) VALUES
  ('7d4aa889-cd81-5b2b-ab35-946f3ab8dd95', 'b1a25f8f-475b-5d0c-9595-d4b6cbc1348f', 'اشترى وليدٌ قميصَين متماثلَين وحزامًا بـ 4 دنانير، فبلغ مجموعُ ما دفعه 20 دينارًا. ما ثمنُ القميص الواحد؟', '[{"id":"a","text":"16 دينارًا"},{"id":"b","text":"8 دنانير"},{"id":"c","text":"10 دنانير"},{"id":"d","text":"12 دينارًا"}]'::jsonb, 'b', 'نسمّي x ثمنَ القميص، فالمعادلة 2x + 4 = 20. نعزل: 2x = 20 − 4 = 16، ثمّ x = 16 ÷ 2 = 8 دنانير. التحقّق: 2 × 8 + 4 = 20 ✓. الخطأُ الشائع: تجاهلُ ثمن الحزام (2x = 20 → x = 10)، أو نسيانُ تغيير إشارة 4 (2x = 24 → x = 12)، أو نسيانُ القسمة يعطي 16.', 6)
ON CONFLICT (id) DO UPDATE SET
  exercise_id = EXCLUDED.exercise_id,
  prompt = EXCLUDED.prompt,
  options = EXCLUDED.options,
  correct_option = EXCLUDED.correct_option,
  explanation = EXCLUDED.explanation,
  display_order = EXCLUDED.display_order;

INSERT INTO public.exercises (id, chapter_id, subject_id, title, difficulty, xp_reward, reward_coins, mode, source, display_order) VALUES
  ('fc147fd2-f83e-5fb1-8aa3-d64d3d3a9e01', '955a7b77-6e29-550e-8490-8c96dfd92bd6', 'math-8eme', '⭐⭐ تمرين مراجعة (نمط امتحان): معادلاتٌ وتحقّقٌ من الحلّ', 2, 70, 15, 'practice', 'admin', 3)
ON CONFLICT (id) DO UPDATE SET
  chapter_id = EXCLUDED.chapter_id,
  subject_id = EXCLUDED.subject_id,
  title = EXCLUDED.title,
  difficulty = EXCLUDED.difficulty,
  xp_reward = EXCLUDED.xp_reward,
  reward_coins = EXCLUDED.reward_coins,
  mode = EXCLUDED.mode,
  display_order = EXCLUDED.display_order;

INSERT INTO public.questions (id, exercise_id, prompt, options, correct_option, explanation, display_order) VALUES
  ('cb79caf0-f512-53f3-a540-4a85799b0f34', 'fc147fd2-f83e-5fb1-8aa3-d64d3d3a9e01', 'ما حلُّ المعادلة x − 5 = 3؟', '[{"id":"a","text":"2"},{"id":"b","text":"−2"},{"id":"c","text":"8"},{"id":"d","text":"15"}]'::jsonb, 'c', 'نضيف 5 إلى الطرفَين لعزل x: x = 3 + 5 = 8. التحقّق: 8 − 5 = 3 ✓. الخطأُ الشائع: طرحُ 5 من 3 بدل إضافته (3 − 5 = −2)، أو عكسُ الترتيب (5 − 3 = 2)، أو ضربُ العددين (5 × 3 = 15).', 1)
ON CONFLICT (id) DO UPDATE SET
  exercise_id = EXCLUDED.exercise_id,
  prompt = EXCLUDED.prompt,
  options = EXCLUDED.options,
  correct_option = EXCLUDED.correct_option,
  explanation = EXCLUDED.explanation,
  display_order = EXCLUDED.display_order;

INSERT INTO public.questions (id, exercise_id, prompt, options, correct_option, explanation, display_order) VALUES
  ('a0cb1f4f-9e9b-5bb1-9048-9115c0f079ac', 'fc147fd2-f83e-5fb1-8aa3-d64d3d3a9e01', 'ما حلُّ المعادلة 3x = 21؟', '[{"id":"a","text":"7"},{"id":"b","text":"18"},{"id":"c","text":"24"},{"id":"d","text":"63"}]'::jsonb, 'a', 'نقسم الطرفَين على 3: x = 21 ÷ 3 = 7. التحقّق: 3 × 7 = 21 ✓. الخطأُ الشائع: طرحُ 3 بدل القسمة (21 − 3 = 18)، أو إضافتُه (21 + 3 = 24)، أو ضربُه (21 × 3 = 63).', 2)
ON CONFLICT (id) DO UPDATE SET
  exercise_id = EXCLUDED.exercise_id,
  prompt = EXCLUDED.prompt,
  options = EXCLUDED.options,
  correct_option = EXCLUDED.correct_option,
  explanation = EXCLUDED.explanation,
  display_order = EXCLUDED.display_order;

INSERT INTO public.questions (id, exercise_id, prompt, options, correct_option, explanation, display_order) VALUES
  ('d92a357e-98ac-5b73-b55e-bb6ab722e3ac', 'fc147fd2-f83e-5fb1-8aa3-d64d3d3a9e01', 'ما حلُّ المعادلة 2x + 5 = 13؟', '[{"id":"a","text":"18"},{"id":"b","text":"4"},{"id":"c","text":"8"},{"id":"d","text":"9"}]'::jsonb, 'b', 'نعزل الحدّ الحرفيّ: 2x = 13 − 5 = 8، ثمّ نقسم على 2: x = 8 ÷ 2 = 4. التحقّق: 2 × 4 + 5 = 13 ✓. الخطأُ الشائع: نسيانُ القسمة يعطي 8، أو نسيانُ تغيير إشارة 5 (2x = 18 → x = 9)، أو التوقّفُ عند 18.', 3)
ON CONFLICT (id) DO UPDATE SET
  exercise_id = EXCLUDED.exercise_id,
  prompt = EXCLUDED.prompt,
  options = EXCLUDED.options,
  correct_option = EXCLUDED.correct_option,
  explanation = EXCLUDED.explanation,
  display_order = EXCLUDED.display_order;

INSERT INTO public.questions (id, exercise_id, prompt, options, correct_option, explanation, display_order) VALUES
  ('968768dd-e8fb-558e-b416-29da016ead87', 'fc147fd2-f83e-5fb1-8aa3-d64d3d3a9e01', 'هل x = −4 حلٌّ للمعادلة −x + 2 = 6؟', '[{"id":"a","text":"نعم، لأنّ −(−4) + 2 = 6"},{"id":"b","text":"لا، لأنّ −(−4) + 2 = −2"},{"id":"c","text":"لا، لأنّ −(−4) + 2 = 2"},{"id":"d","text":"لا، لأنّ المعادلة ليس لها حلّ"}]'::jsonb, 'a', 'نعوّض x = −4 في الطرف الأوّل: −(−4) + 2 = 4 + 2 = 6، وهو يساوي الطرفَ الثاني (6)، فـ x = −4 حلٌّ للمعادلة ✓. الخطأُ الشائع: اعتبارُ −(−4) = −4 يعطي −4 + 2 = −2، أو اعتبارُ −(−4) = 0 يعطي 2؛ تذكّر أنّ عكسَ عددٍ سالبٍ موجب.', 4)
ON CONFLICT (id) DO UPDATE SET
  exercise_id = EXCLUDED.exercise_id,
  prompt = EXCLUDED.prompt,
  options = EXCLUDED.options,
  correct_option = EXCLUDED.correct_option,
  explanation = EXCLUDED.explanation,
  display_order = EXCLUDED.display_order;

INSERT INTO public.questions (id, exercise_id, prompt, options, correct_option, explanation, display_order) VALUES
  ('548bd724-6319-593e-8c39-325e05edcd21', 'fc147fd2-f83e-5fb1-8aa3-d64d3d3a9e01', 'ما حلُّ المعادلة 0,2x = 6؟', '[{"id":"a","text":"1,2"},{"id":"b","text":"3"},{"id":"c","text":"12"},{"id":"d","text":"30"}]'::jsonb, 'd', 'نقسم على المعامل: x = 6 ÷ 0,2 = 30 (القسمةُ على 0,2 تُكافئ الضربَ في 5). التحقّق: 0,2 × 30 = 6 ✓. الخطأُ الشائع: الضربُ في 0,2 بدل القسمة (6 × 0,2 = 1,2)، أو القسمةُ على 2 بدل 0,2 (6 ÷ 2 = 3).', 5)
ON CONFLICT (id) DO UPDATE SET
  exercise_id = EXCLUDED.exercise_id,
  prompt = EXCLUDED.prompt,
  options = EXCLUDED.options,
  correct_option = EXCLUDED.correct_option,
  explanation = EXCLUDED.explanation,
  display_order = EXCLUDED.display_order;

INSERT INTO public.questions (id, exercise_id, prompt, options, correct_option, explanation, display_order) VALUES
  ('8072d34a-ca89-58d9-ac09-87e4c0df94ad', 'fc147fd2-f83e-5fb1-8aa3-d64d3d3a9e01', 'ما حلُّ المعادلة 4x + 2x = 18؟', '[{"id":"a","text":"4,5"},{"id":"b","text":"3"},{"id":"c","text":"9"},{"id":"d","text":"18"}]'::jsonb, 'b', 'نجمع الحدّين المتشابهَين: 4x + 2x = 6x، فتصير المعادلة 6x = 18 و x = 18 ÷ 6 = 3. التحقّق: 4 × 3 + 2 × 3 = 12 + 6 = 18 ✓. الخطأُ الشائع: اعتبارُ الحدّ 2x فقط (2x = 18 → x = 9)، أو الحدّ 4x فقط (4x = 18 → x = 4,5)، أو نسيانُ القسمة يعطي 18.', 6)
ON CONFLICT (id) DO UPDATE SET
  exercise_id = EXCLUDED.exercise_id,
  prompt = EXCLUDED.prompt,
  options = EXCLUDED.options,
  correct_option = EXCLUDED.correct_option,
  explanation = EXCLUDED.explanation,
  display_order = EXCLUDED.display_order;

INSERT INTO public.exercises (id, chapter_id, subject_id, title, difficulty, xp_reward, reward_coins, mode, source, display_order) VALUES
  ('f3aceac4-8daf-52c8-b66b-ba78f16f1432', '955a7b77-6e29-550e-8490-8c96dfd92bd6', 'math-8eme', '👑 تحدّي النخبة ⭐⭐⭐⭐: معاملاتٌ كسريّةٌ ومسائلُ ومعادلاتٌ عكسيّة', 4, 300, 60, 'challenge', 'admin', 4)
ON CONFLICT (id) DO UPDATE SET
  chapter_id = EXCLUDED.chapter_id,
  subject_id = EXCLUDED.subject_id,
  title = EXCLUDED.title,
  difficulty = EXCLUDED.difficulty,
  xp_reward = EXCLUDED.xp_reward,
  reward_coins = EXCLUDED.reward_coins,
  mode = EXCLUDED.mode,
  display_order = EXCLUDED.display_order;

INSERT INTO public.questions (id, exercise_id, prompt, options, correct_option, explanation, display_order) VALUES
  ('89a625d9-f8b2-56dd-b067-a7dbce2b22b4', 'f3aceac4-8daf-52c8-b66b-ba78f16f1432', 'ما حلُّ المعادلة (2/3)x − 1 = 5؟', '[{"id":"a","text":"6"},{"id":"b","text":"9"},{"id":"c","text":"4"},{"id":"d","text":"3"}]'::jsonb, 'b', 'نعزل الحدّ الحرفيّ: (2/3)x = 5 + 1 = 6، ثمّ نضرب في المقلوب (3/2): x = 6 × 3/2 = 9. التحقّق: (2/3) × 9 − 1 = 6 − 1 = 5 ✓. الخطأُ الشائع: نسيانُ تغيير إشارة −1 ((2/3)x = 4 → x = 6)، أو الضربُ في المعامل 2/3 بدل مقلوبه (6 × 2/3 = 4)، أو القسمةُ على البسط فقط (6 ÷ 2 = 3).', 1)
ON CONFLICT (id) DO UPDATE SET
  exercise_id = EXCLUDED.exercise_id,
  prompt = EXCLUDED.prompt,
  options = EXCLUDED.options,
  correct_option = EXCLUDED.correct_option,
  explanation = EXCLUDED.explanation,
  display_order = EXCLUDED.display_order;

INSERT INTO public.questions (id, exercise_id, prompt, options, correct_option, explanation, display_order) VALUES
  ('ed945d96-f61b-5d1b-bac4-0d845c94b625', 'f3aceac4-8daf-52c8-b66b-ba78f16f1432', 'ما حلُّ المعادلة 7x − 3x + 2 = 14؟', '[{"id":"a","text":"3"},{"id":"b","text":"3,5"},{"id":"c","text":"4"},{"id":"d","text":"12"}]'::jsonb, 'a', 'نجمع الحدود المتشابهة: 7x − 3x = 4x فتصير المعادلة 4x + 2 = 14، ثمّ 4x = 12 و x = 3. التحقّق: 7 × 3 − 3 × 3 + 2 = 21 − 9 + 2 = 14 ✓. الخطأُ الشائع: تجاهلُ الحدّ +2 (4x = 14 → x = 3,5)، أو نسيانُ تغيير إشارته (4x = 16 → x = 4)، أو نسيانُ القسمة يعطي 12.', 2)
ON CONFLICT (id) DO UPDATE SET
  exercise_id = EXCLUDED.exercise_id,
  prompt = EXCLUDED.prompt,
  options = EXCLUDED.options,
  correct_option = EXCLUDED.correct_option,
  explanation = EXCLUDED.explanation,
  display_order = EXCLUDED.display_order;

INSERT INTO public.questions (id, exercise_id, prompt, options, correct_option, explanation, display_order) VALUES
  ('567232a9-721b-5606-a571-72768cbcf968', 'f3aceac4-8daf-52c8-b66b-ba78f16f1432', 'عُمرُ أمينة يفوق عُمرَ أخيها بـ 5 سنوات، ومجموعُ عُمرَيهما 27 سنة. كم عُمرُ أخيها؟', '[{"id":"a","text":"16 سنة"},{"id":"b","text":"13,5 سنة"},{"id":"c","text":"11 سنة"},{"id":"d","text":"22 سنة"}]'::jsonb, 'c', 'نسمّي x عُمرَ الأخ، فعُمرُ أمينة x + 5، والمجموع x + (x + 5) = 27، أي 2x + 5 = 27. نعزل: 2x = 22 و x = 11 سنة. التحقّق: 11 + 16 = 27 ✓. الخطأُ الشائع: الإجابةُ بعُمر أمينة بدل الأخ (16)، أو تجاهلُ الفارق 5 (2x = 27 → x = 13,5)، أو نسيانُ القسمة يعطي 22.', 3)
ON CONFLICT (id) DO UPDATE SET
  exercise_id = EXCLUDED.exercise_id,
  prompt = EXCLUDED.prompt,
  options = EXCLUDED.options,
  correct_option = EXCLUDED.correct_option,
  explanation = EXCLUDED.explanation,
  display_order = EXCLUDED.display_order;

INSERT INTO public.questions (id, exercise_id, prompt, options, correct_option, explanation, display_order) VALUES
  ('9cc699a4-e271-5635-8d73-be3cc7b17008', 'f3aceac4-8daf-52c8-b66b-ba78f16f1432', 'حلَّ تلميذٌ المعادلة −2x + 6 = 10 كالتالي: −2x = 10 − 6 = 4، ثمّ x = 4 ÷ 2 = 2. أين الخطأ؟', '[{"id":"a","text":"لا خطأ، x = 2 صحيح"},{"id":"b","text":"الخطأ في نقل 6: الصحيح −2x = 16"},{"id":"c","text":"الخطأ أنّ المعادلة ليس لها حلّ"},{"id":"d","text":"الخطأ في القسمة: قسم على 2 بدل −2، والصحيح x = −2"}]'::jsonb, 'd', 'عزلُ الحدّ الحرفيّ صحيح: −2x = 4، لكنّ القسمة يجب أن تكون على المعامل بإشارته −2 لا 2؛ فالصحيح x = 4 ÷ (−2) = −2. التحقّق: −2 × (−2) + 6 = 4 + 6 = 10 ✓. (سؤالُ اكتشاف خطأ: الخيارُ الصحيح يصف موضعَ الخطأ لا حلًّا بديلًا.)', 4)
ON CONFLICT (id) DO UPDATE SET
  exercise_id = EXCLUDED.exercise_id,
  prompt = EXCLUDED.prompt,
  options = EXCLUDED.options,
  correct_option = EXCLUDED.correct_option,
  explanation = EXCLUDED.explanation,
  display_order = EXCLUDED.display_order;

INSERT INTO public.questions (id, exercise_id, prompt, options, correct_option, explanation, display_order) VALUES
  ('17d1873b-fa7f-51b5-a45c-343579a518d0', 'f3aceac4-8daf-52c8-b66b-ba78f16f1432', 'دفع حرفيٌّ ثلاثةَ أرباع ثمن مادّةٍ أوّليّة مقدّمًا، وتبقّى عليه أن يدفع رُبعَ الثمن أي 40 دينارًا. ما ثمنُ المادّة كاملًا؟', '[{"id":"a","text":"10 دنانير"},{"id":"b","text":"160 دينارًا"},{"id":"c","text":"36 دينارًا"},{"id":"d","text":"44 دينارًا"}]'::jsonb, 'b', 'نسمّي x الثمنَ الكامل، فالرُّبعُ المتبقّي (1/4)x = 40. نضرب في المقلوب 4: x = 40 × 4 = 160 دينارًا. التحقّق: رُبعُ 160 هو 40 ✓. الخطأُ الشائع: القسمةُ على 4 بدل الضرب (40 ÷ 4 = 10)، أو طرحُ 4 (40 − 4 = 36)، أو جمعُه (40 + 4 = 44).', 5)
ON CONFLICT (id) DO UPDATE SET
  exercise_id = EXCLUDED.exercise_id,
  prompt = EXCLUDED.prompt,
  options = EXCLUDED.options,
  correct_option = EXCLUDED.correct_option,
  explanation = EXCLUDED.explanation,
  display_order = EXCLUDED.display_order;

INSERT INTO public.questions (id, exercise_id, prompt, options, correct_option, explanation, display_order) VALUES
  ('762e8ece-7bd2-5b0c-aa44-51f8cbd3fbd2', 'f3aceac4-8daf-52c8-b66b-ba78f16f1432', 'المعادلة 4x + b = 3 لها الحلّ x = 2. ما قيمة b؟', '[{"id":"a","text":"−5"},{"id":"b","text":"5"},{"id":"c","text":"11"},{"id":"d","text":"−11"}]'::jsonb, 'a', 'نعوّض x = 2: 4 × 2 + b = 3، أي 8 + b = 3، فـ b = 3 − 8 = −5. التحقّق: 4 × 2 + (−5) = 8 − 5 = 3 ✓. الخطأُ الشائع: عكسُ الطرح (8 − 3 = 5)، أو جمعُ العددَين (3 + 8 = 11)، أو الخطأُ في الإشارة (−11).', 6)
ON CONFLICT (id) DO UPDATE SET
  exercise_id = EXCLUDED.exercise_id,
  prompt = EXCLUDED.prompt,
  options = EXCLUDED.options,
  correct_option = EXCLUDED.correct_option,
  explanation = EXCLUDED.explanation,
  display_order = EXCLUDED.display_order;

INSERT INTO public.exercises (id, chapter_id, subject_id, title, difficulty, xp_reward, reward_coins, mode, source, display_order) VALUES
  ('6286991c-9921-59e8-96c0-6a8a256dcd1b', '955a7b77-6e29-550e-8490-8c96dfd92bd6', 'math-8eme', '📝 تدريب ⭐⭐⭐: مراجعةٌ شاملة (إشاراتٌ، كسورٌ، مسائل)', 3, 120, 30, 'boss', 'admin', 5)
ON CONFLICT (id) DO UPDATE SET
  chapter_id = EXCLUDED.chapter_id,
  subject_id = EXCLUDED.subject_id,
  title = EXCLUDED.title,
  difficulty = EXCLUDED.difficulty,
  xp_reward = EXCLUDED.xp_reward,
  reward_coins = EXCLUDED.reward_coins,
  mode = EXCLUDED.mode,
  display_order = EXCLUDED.display_order;

INSERT INTO public.questions (id, exercise_id, prompt, options, correct_option, explanation, display_order) VALUES
  ('0b991937-8736-54ad-b90b-dff1fe1c87df', '6286991c-9921-59e8-96c0-6a8a256dcd1b', 'ما حلُّ المعادلة x + 7 = 3؟', '[{"id":"a","text":"10"},{"id":"b","text":"−4"},{"id":"c","text":"4"},{"id":"d","text":"−10"}]'::jsonb, 'b', 'نطرح 7 من الطرفَين: x = 3 − 7 = −4. التحقّق: −4 + 7 = 3 ✓. الخطأُ الشائع: جمعُ 7 بدل طرحه (3 + 7 = 10)، أو عكسُ ترتيب الطرح (7 − 3 = 4).', 1)
ON CONFLICT (id) DO UPDATE SET
  exercise_id = EXCLUDED.exercise_id,
  prompt = EXCLUDED.prompt,
  options = EXCLUDED.options,
  correct_option = EXCLUDED.correct_option,
  explanation = EXCLUDED.explanation,
  display_order = EXCLUDED.display_order;

INSERT INTO public.questions (id, exercise_id, prompt, options, correct_option, explanation, display_order) VALUES
  ('a2d183fa-d020-5b17-bbb4-7f092b2bf576', '6286991c-9921-59e8-96c0-6a8a256dcd1b', 'ما حلُّ المعادلة 5x + 3 = −7؟', '[{"id":"a","text":"−2"},{"id":"b","text":"2"},{"id":"c","text":"−10"},{"id":"d","text":"−0,8"}]'::jsonb, 'a', 'نعزل الحدّ الحرفيّ: 5x = −7 − 3 = −10، ثمّ نقسم على 5: x = −10 ÷ 5 = −2. التحقّق: 5 × (−2) + 3 = −10 + 3 = −7 ✓. الخطأُ الشائع: تجاهلُ الإشارة السالبة في القسمة (2)، أو نسيانُ القسمة (−10)، أو نسيانُ تغيير إشارة +3 (5x = −4 → x = −0,8).', 2)
ON CONFLICT (id) DO UPDATE SET
  exercise_id = EXCLUDED.exercise_id,
  prompt = EXCLUDED.prompt,
  options = EXCLUDED.options,
  correct_option = EXCLUDED.correct_option,
  explanation = EXCLUDED.explanation,
  display_order = EXCLUDED.display_order;

INSERT INTO public.questions (id, exercise_id, prompt, options, correct_option, explanation, display_order) VALUES
  ('ae8804f4-050a-57b4-855d-4167fee654f4', '6286991c-9921-59e8-96c0-6a8a256dcd1b', 'ما حلُّ المعادلة 1,5x = 9؟', '[{"id":"a","text":"7,5"},{"id":"b","text":"10,5"},{"id":"c","text":"6"},{"id":"d","text":"13,5"}]'::jsonb, 'c', 'نقسم على المعامل: x = 9 ÷ 1,5 = 6. التحقّق: 1,5 × 6 = 9 ✓. الخطأُ الشائع: الضربُ في 1,5 بدل القسمة (9 × 1,5 = 13,5)، أو الطرحُ (9 − 1,5 = 7,5)، أو الجمعُ (9 + 1,5 = 10,5).', 3)
ON CONFLICT (id) DO UPDATE SET
  exercise_id = EXCLUDED.exercise_id,
  prompt = EXCLUDED.prompt,
  options = EXCLUDED.options,
  correct_option = EXCLUDED.correct_option,
  explanation = EXCLUDED.explanation,
  display_order = EXCLUDED.display_order;

INSERT INTO public.questions (id, exercise_id, prompt, options, correct_option, explanation, display_order) VALUES
  ('e38a73b7-2895-5f56-9c00-6739c1ec50ee', '6286991c-9921-59e8-96c0-6a8a256dcd1b', 'ما حلُّ المعادلة (5/2)x = 10؟', '[{"id":"a","text":"25"},{"id":"b","text":"4"},{"id":"c","text":"20"},{"id":"d","text":"2"}]'::jsonb, 'b', 'نضرب الطرفَين في المقلوب (2/5): x = 10 × 2/5 = 4. التحقّق: (5/2) × 4 = 10 ✓. الخطأُ الشائع: الضربُ في المعامل 5/2 بدل مقلوبه (10 × 5/2 = 25)، أو الضربُ في المقام فقط (10 × 2 = 20)، أو القسمةُ على البسط فقط (10 ÷ 5 = 2).', 4)
ON CONFLICT (id) DO UPDATE SET
  exercise_id = EXCLUDED.exercise_id,
  prompt = EXCLUDED.prompt,
  options = EXCLUDED.options,
  correct_option = EXCLUDED.correct_option,
  explanation = EXCLUDED.explanation,
  display_order = EXCLUDED.display_order;

INSERT INTO public.questions (id, exercise_id, prompt, options, correct_option, explanation, display_order) VALUES
  ('9ab92369-3983-5c90-8eaa-79773232446d', '6286991c-9921-59e8-96c0-6a8a256dcd1b', 'ما حلُّ المعادلة 3 − 4x = 15؟', '[{"id":"a","text":"−3"},{"id":"b","text":"3"},{"id":"c","text":"−4,5"},{"id":"d","text":"−12"}]'::jsonb, 'a', 'نعزل الحدّ الحرفيّ بنقل 3 مع تغيير إشارته: −4x = 15 − 3 = 12، ثمّ نقسم على −4: x = 12 ÷ (−4) = −3. التحقّق: 3 − 4 × (−3) = 3 + 12 = 15 ✓. الخطأُ الشائع: تجاهلُ الإشارة السالبة في القسمة (3)، أو نسيانُ تغيير إشارة 3 (−4x = 18 → x = −4,5)، أو نسيانُ القسمة (−12).', 5)
ON CONFLICT (id) DO UPDATE SET
  exercise_id = EXCLUDED.exercise_id,
  prompt = EXCLUDED.prompt,
  options = EXCLUDED.options,
  correct_option = EXCLUDED.correct_option,
  explanation = EXCLUDED.explanation,
  display_order = EXCLUDED.display_order;

INSERT INTO public.questions (id, exercise_id, prompt, options, correct_option, explanation, display_order) VALUES
  ('1ef031cf-a624-515c-97fd-6faf713cf63b', '6286991c-9921-59e8-96c0-6a8a256dcd1b', 'في حديقةٍ عددُ أشجار الزيتون يساوي ضِعفَ عدد أشجار اللوز زائدَ 3، وعددُ أشجار الزيتون 17. كم عددُ أشجار اللوز؟', '[{"id":"a","text":"14"},{"id":"b","text":"8,5"},{"id":"c","text":"10"},{"id":"d","text":"7"}]'::jsonb, 'd', 'نسمّي x عددَ أشجار اللوز، فعددُ الزيتون 2x + 3 = 17. نعزل: 2x = 17 − 3 = 14، ثمّ x = 14 ÷ 2 = 7. التحقّق: 2 × 7 + 3 = 17 ✓. الخطأُ الشائع: تجاهلُ الزيادة 3 (2x = 17 → x = 8,5)، أو نسيانُ تغيير إشارة 3 (2x = 20 → x = 10)، أو نسيانُ القسمة يعطي 14.', 6)
ON CONFLICT (id) DO UPDATE SET
  exercise_id = EXCLUDED.exercise_id,
  prompt = EXCLUDED.prompt,
  options = EXCLUDED.options,
  correct_option = EXCLUDED.correct_option,
  explanation = EXCLUDED.explanation,
  display_order = EXCLUDED.display_order;

INSERT INTO public.exercises (id, chapter_id, subject_id, title, difficulty, xp_reward, reward_coins, mode, source, display_order) VALUES
  ('d9526ba3-8737-5535-9e24-20588de78b4b', '955a7b77-6e29-550e-8490-8c96dfd92bd6', 'math-8eme', '👑 تحدّي النخبة ⭐⭐⭐⭐: مجهولٌ على الطرفَين ومسائلُ مركّبة', 4, 300, 60, 'challenge', 'admin', 6)
ON CONFLICT (id) DO UPDATE SET
  chapter_id = EXCLUDED.chapter_id,
  subject_id = EXCLUDED.subject_id,
  title = EXCLUDED.title,
  difficulty = EXCLUDED.difficulty,
  xp_reward = EXCLUDED.xp_reward,
  reward_coins = EXCLUDED.reward_coins,
  mode = EXCLUDED.mode,
  display_order = EXCLUDED.display_order;

INSERT INTO public.questions (id, exercise_id, prompt, options, correct_option, explanation, display_order) VALUES
  ('5f9b93fc-e7de-5039-94db-37987a8ee65f', 'd9526ba3-8737-5535-9e24-20588de78b4b', 'ما حلُّ المعادلة 5x + 2 = 3x + 10؟', '[{"id":"a","text":"4"},{"id":"b","text":"1"},{"id":"c","text":"6"},{"id":"d","text":"8"}]'::jsonb, 'a', 'نجمع الحدود الحرفيّة في طرفٍ والعدديّة في الآخر: 5x − 3x = 10 − 2، أي 2x = 8، فـ x = 4. التحقّق: 5 × 4 + 2 = 22 و 3 × 4 + 10 = 22 ✓. الخطأُ الشائع: جمعُ 5x و 3x بدل طرحهما (8x = 8 → x = 1)، أو الخطأُ في نقل الحدود (2x = 12 → x = 6)، أو نسيانُ القسمة يعطي 8.', 1)
ON CONFLICT (id) DO UPDATE SET
  exercise_id = EXCLUDED.exercise_id,
  prompt = EXCLUDED.prompt,
  options = EXCLUDED.options,
  correct_option = EXCLUDED.correct_option,
  explanation = EXCLUDED.explanation,
  display_order = EXCLUDED.display_order;

INSERT INTO public.questions (id, exercise_id, prompt, options, correct_option, explanation, display_order) VALUES
  ('f27b66fd-66d9-5feb-a9f0-6bf7647c4605', 'd9526ba3-8737-5535-9e24-20588de78b4b', 'ما حلُّ المعادلة 0,4x − 1,5 = 2,5؟', '[{"id":"a","text":"10"},{"id":"b","text":"1,6"},{"id":"c","text":"4"},{"id":"d","text":"2,5"}]'::jsonb, 'a', 'نعزل الحدّ الحرفيّ: 0,4x = 2,5 + 1,5 = 4، ثمّ نقسم على المعامل: x = 4 ÷ 0,4 = 10. التحقّق: 0,4 × 10 − 1,5 = 4 − 1,5 = 2,5 ✓. الخطأُ الشائع: الضربُ في 0,4 بدل القسمة (4 × 0,4 = 1,6)، أو التوقّفُ عند 4، أو نسيانُ تغيير إشارة −1,5 (0,4x = 1 → x = 2,5).', 2)
ON CONFLICT (id) DO UPDATE SET
  exercise_id = EXCLUDED.exercise_id,
  prompt = EXCLUDED.prompt,
  options = EXCLUDED.options,
  correct_option = EXCLUDED.correct_option,
  explanation = EXCLUDED.explanation,
  display_order = EXCLUDED.display_order;

INSERT INTO public.questions (id, exercise_id, prompt, options, correct_option, explanation, display_order) VALUES
  ('09cfd16d-92f3-58e4-9779-1169b0adbdc7', 'd9526ba3-8737-5535-9e24-20588de78b4b', 'مستطيلٌ طولُه يفوق عرضَه بـ 4 أمتار، ومحيطُه 36 مترًا. ما عرضُه؟', '[{"id":"a","text":"16 مترًا"},{"id":"b","text":"9 أمتار"},{"id":"c","text":"7 أمتار"},{"id":"d","text":"11 مترًا"}]'::jsonb, 'c', 'نسمّي x العرضَ (بالمتر)، فالطولُ x + 4. المحيطُ = 2 × (الطول + العرض) = 2 × ((x + 4) + x) = 2 × (2x + 4) = 4x + 8 = 36. نعزل: 4x = 28 و x = 7 أمتار. التحقّق: العرض 7 والطول 11، والمحيط 2 × (11 + 7) = 36 ✓. الخطأُ الشائع: نسيانُ الضرب في 2 (2x + 4 = 36 → x = 16)، أو تجاهلُ الزيادة 4 (4x = 36 → x = 9)، أو الإجابةُ بالطول بدل العرض (11).', 3)
ON CONFLICT (id) DO UPDATE SET
  exercise_id = EXCLUDED.exercise_id,
  prompt = EXCLUDED.prompt,
  options = EXCLUDED.options,
  correct_option = EXCLUDED.correct_option,
  explanation = EXCLUDED.explanation,
  display_order = EXCLUDED.display_order;

INSERT INTO public.questions (id, exercise_id, prompt, options, correct_option, explanation, display_order) VALUES
  ('ed1252eb-00cf-57a6-b2a5-3cbbd2c1a6d3', 'd9526ba3-8737-5535-9e24-20588de78b4b', 'مجموعُ نصفِ عددٍ وثُلثِه يساوي 15. ما هو العدد؟', '[{"id":"a","text":"37,5"},{"id":"b","text":"18"},{"id":"c","text":"12,5"},{"id":"d","text":"30"}]'::jsonb, 'b', 'المعادلة (1/2)x + (1/3)x = 15. نوحّد المقامات: (3/6)x + (2/6)x = (5/6)x = 15، ثمّ نضرب في المقلوب (6/5): x = 15 × 6/5 = 18. التحقّق: (1/2) × 18 + (1/3) × 18 = 9 + 6 = 15 ✓. الخطأُ الشائع: جمعُ الكسرَين خطأً (1/2 + 1/3 = 2/5) يعطي 37,5، أو الضربُ في المعامل 5/6 بدل مقلوبه (15 × 5/6 = 12,5)، أو اعتبارُ النصف يعني الضربَ في 2 (30).', 4)
ON CONFLICT (id) DO UPDATE SET
  exercise_id = EXCLUDED.exercise_id,
  prompt = EXCLUDED.prompt,
  options = EXCLUDED.options,
  correct_option = EXCLUDED.correct_option,
  explanation = EXCLUDED.explanation,
  display_order = EXCLUDED.display_order;

INSERT INTO public.questions (id, exercise_id, prompt, options, correct_option, explanation, display_order) VALUES
  ('3ae72427-f890-5f8d-a217-823b70da53de', 'd9526ba3-8737-5535-9e24-20588de78b4b', 'لحلّ المعادلة (2/5)x = 8، كتب تلميذٌ: x = 8 × 2/5 = 3,2. أين الخطأ؟', '[{"id":"a","text":"لا خطأ، x = 3,2 صحيح"},{"id":"b","text":"الخطأ في ضرب 8 في المعامل 2/5 بدل مقلوبه 5/2، والصحيح x = 20"},{"id":"c","text":"الخطأ أنّه يجب جمع 2/5 إلى 8"},{"id":"d","text":"الخطأ أنّ المعادلة ليس لها حلّ"}]'::jsonb, 'b', 'لعزل x نضرب في مقلوب المعامل لا في المعامل نفسِه؛ مقلوبُ 2/5 هو 5/2، فالصحيح x = 8 × 5/2 = 20. التحقّق: (2/5) × 20 = 8 ✓. (سؤالُ اكتشاف خطأ: الضربُ في 2/5 يصغّر العدد بينما الحلُّ يجب أن يكبّره.)', 5)
ON CONFLICT (id) DO UPDATE SET
  exercise_id = EXCLUDED.exercise_id,
  prompt = EXCLUDED.prompt,
  options = EXCLUDED.options,
  correct_option = EXCLUDED.correct_option,
  explanation = EXCLUDED.explanation,
  display_order = EXCLUDED.display_order;

INSERT INTO public.questions (id, exercise_id, prompt, options, correct_option, explanation, display_order) VALUES
  ('c75487a5-dc01-570e-815d-6389c6b71bd0', 'd9526ba3-8737-5535-9e24-20588de78b4b', 'إذا كان x = −3 حلًّا للمعادلة ax − 1 = 8، فما قيمة a؟', '[{"id":"a","text":"9"},{"id":"b","text":"−9"},{"id":"c","text":"3"},{"id":"d","text":"−3"}]'::jsonb, 'd', 'نعوّض x = −3: a × (−3) − 1 = 8، أي −3a = 8 + 1 = 9، فـ a = 9 ÷ (−3) = −3. التحقّق: (−3) × (−3) − 1 = 9 − 1 = 8 ✓. الخطأُ الشائع: تجاهلُ الإشارة السالبة في القسمة (3)، أو نسيانُ القسمة على −3 (9 أو −9).', 6)
ON CONFLICT (id) DO UPDATE SET
  exercise_id = EXCLUDED.exercise_id,
  prompt = EXCLUDED.prompt,
  options = EXCLUDED.options,
  correct_option = EXCLUDED.correct_option,
  explanation = EXCLUDED.explanation,
  display_order = EXCLUDED.display_order;

INSERT INTO public.exercises (id, chapter_id, subject_id, title, difficulty, xp_reward, reward_coins, mode, source, display_order) VALUES
  ('01332114-bbf9-5e43-b98f-d223affda1b2', '1d21b8df-e861-538d-a71a-2137f9397422', 'math-8eme', 'اختبار فهم الدرس ⭐', 1, 20, 5, 'quiz', 'admin', 0)
ON CONFLICT (id) DO UPDATE SET
  chapter_id = EXCLUDED.chapter_id,
  subject_id = EXCLUDED.subject_id,
  title = EXCLUDED.title,
  difficulty = EXCLUDED.difficulty,
  xp_reward = EXCLUDED.xp_reward,
  reward_coins = EXCLUDED.reward_coins,
  mode = EXCLUDED.mode,
  display_order = EXCLUDED.display_order;

INSERT INTO public.questions (id, exercise_id, prompt, options, correct_option, explanation, display_order) VALUES
  ('db40e64a-710f-581f-8515-d18162ce01b6', '01332114-bbf9-5e43-b98f-d223affda1b2', 'سلسلتان متناسبتان: العدد 4 يقابله 20، والعدد 7 يقابله 35. ما معاملُ التناسب؟', '[{"id":"a","text":"1/5"},{"id":"b","text":"5"},{"id":"c","text":"24"},{"id":"d","text":"140"}]'::jsonb, 'b', 'معاملُ التناسب k = الحدّ الثاني ÷ الحدّ الأوّل = 20 ÷ 4 = 5 (وكذلك 35 ÷ 7 = 5).', 1)
ON CONFLICT (id) DO UPDATE SET
  exercise_id = EXCLUDED.exercise_id,
  prompt = EXCLUDED.prompt,
  options = EXCLUDED.options,
  correct_option = EXCLUDED.correct_option,
  explanation = EXCLUDED.explanation,
  display_order = EXCLUDED.display_order;

INSERT INTO public.questions (id, exercise_id, prompt, options, correct_option, explanation, display_order) VALUES
  ('99c7b3d8-7f05-5f7f-8cb0-93c6f7d35bb4', '01332114-bbf9-5e43-b98f-d223affda1b2', 'في سلسلةٍ متناسبة، العدد 3 يقابله 12. بنفس معامل التناسب، ما الذي يقابل 5؟', '[{"id":"a","text":"15"},{"id":"b","text":"17"},{"id":"c","text":"20"},{"id":"d","text":"60"}]'::jsonb, 'c', 'معاملُ التناسب k = 12 ÷ 3 = 4، إذن الحدُّ المقابل لـ 5 هو 5 × 4 = 20 (أو بالجداء التبادليّ: (5 × 12) ÷ 3 = 20).', 2)
ON CONFLICT (id) DO UPDATE SET
  exercise_id = EXCLUDED.exercise_id,
  prompt = EXCLUDED.prompt,
  options = EXCLUDED.options,
  correct_option = EXCLUDED.correct_option,
  explanation = EXCLUDED.explanation,
  display_order = EXCLUDED.display_order;

INSERT INTO public.questions (id, exercise_id, prompt, options, correct_option, explanation, display_order) VALUES
  ('547db13d-50af-5734-aaf5-349de613a22d', '01332114-bbf9-5e43-b98f-d223affda1b2', 'ما 25 % من 160؟', '[{"id":"a","text":"40"},{"id":"b","text":"135"},{"id":"c","text":"185"},{"id":"d","text":"4000"}]'::jsonb, 'a', '25 % من 160 = (25 × 160) ÷ 100 = 4000 ÷ 100 = 40.', 3)
ON CONFLICT (id) DO UPDATE SET
  exercise_id = EXCLUDED.exercise_id,
  prompt = EXCLUDED.prompt,
  options = EXCLUDED.options,
  correct_option = EXCLUDED.correct_option,
  explanation = EXCLUDED.explanation,
  display_order = EXCLUDED.display_order;

INSERT INTO public.questions (id, exercise_id, prompt, options, correct_option, explanation, display_order) VALUES
  ('1d54d14a-4a5b-549a-bec8-067e2d7f9cbc', '01332114-bbf9-5e43-b98f-d223affda1b2', 'ثمنُ سلعةٍ 200 دينار. زِيد بنسبة 10 %. ما الثمنُ الجديد؟', '[{"id":"a","text":"180"},{"id":"b","text":"200"},{"id":"c","text":"210"},{"id":"d","text":"220"}]'::jsonb, 'd', 'الزيادةُ بـ 10 % تعني الضربَ في (1 + 10/100) = 1,1، فالثمنُ الجديد = 200 × 1,1 = 220 دينارًا.', 4)
ON CONFLICT (id) DO UPDATE SET
  exercise_id = EXCLUDED.exercise_id,
  prompt = EXCLUDED.prompt,
  options = EXCLUDED.options,
  correct_option = EXCLUDED.correct_option,
  explanation = EXCLUDED.explanation,
  display_order = EXCLUDED.display_order;

INSERT INTO public.questions (id, exercise_id, prompt, options, correct_option, explanation, display_order) VALUES
  ('8acbde40-bbb5-5b40-992c-454f404501be', '01332114-bbf9-5e43-b98f-d223affda1b2', 'قطعت درّاجةٌ ناريّة مسافةَ 30 كم في 30 دقيقة. ما سرعتُها المتوسّطة؟', '[{"id":"a","text":"1 كم/سا"},{"id":"b","text":"15 كم/سا"},{"id":"c","text":"60 كم/سا"},{"id":"d","text":"900 كم/سا"}]'::jsonb, 'c', 'نحوّل الزمن: 30 دقيقة = 30 ÷ 60 = 0,5 سا. السرعةُ = المسافة ÷ الزمن = 30 ÷ 0,5 = 60 كم/سا.', 5)
ON CONFLICT (id) DO UPDATE SET
  exercise_id = EXCLUDED.exercise_id,
  prompt = EXCLUDED.prompt,
  options = EXCLUDED.options,
  correct_option = EXCLUDED.correct_option,
  explanation = EXCLUDED.explanation,
  display_order = EXCLUDED.display_order;

INSERT INTO public.exercises (id, chapter_id, subject_id, title, difficulty, xp_reward, reward_coins, mode, source, display_order) VALUES
  ('a5fa6b20-7025-5ab8-89d0-0c4daf68a200', '1d21b8df-e861-538d-a71a-2137f9397422', 'math-8eme', '⭐ تمرين: أساسيات التناسب والنسبة المئوية', 1, 50, 10, 'practice', 'admin', 1)
ON CONFLICT (id) DO UPDATE SET
  chapter_id = EXCLUDED.chapter_id,
  subject_id = EXCLUDED.subject_id,
  title = EXCLUDED.title,
  difficulty = EXCLUDED.difficulty,
  xp_reward = EXCLUDED.xp_reward,
  reward_coins = EXCLUDED.reward_coins,
  mode = EXCLUDED.mode,
  display_order = EXCLUDED.display_order;

INSERT INTO public.questions (id, exercise_id, prompt, options, correct_option, explanation, display_order) VALUES
  ('21c40461-030d-507e-a0b4-ee6dd1820ef3', 'a5fa6b20-7025-5ab8-89d0-0c4daf68a200', 'سلسلتان متناسبتان: 2 يقابله 10، و6 يقابله 30. ما معاملُ التناسب k؟', '[{"id":"a","text":"5"},{"id":"b","text":"0,2"},{"id":"c","text":"8"},{"id":"d","text":"20"}]'::jsonb, 'a', 'معاملُ التناسب = الحدّ الثاني ÷ الحدّ الأوّل = 10 ÷ 2 = 5 (ونتحقّق: 30 ÷ 6 = 5) ✓. الخطأُ الشائع: قلبُ القسمة (2 ÷ 10 = 0,2)، أو طرحُ الحدّين (10 − 2 = 8)، أو ضربُهما (2 × 10 = 20).', 1)
ON CONFLICT (id) DO UPDATE SET
  exercise_id = EXCLUDED.exercise_id,
  prompt = EXCLUDED.prompt,
  options = EXCLUDED.options,
  correct_option = EXCLUDED.correct_option,
  explanation = EXCLUDED.explanation,
  display_order = EXCLUDED.display_order;

INSERT INTO public.questions (id, exercise_id, prompt, options, correct_option, explanation, display_order) VALUES
  ('f60e7b49-425d-551a-b381-cb522fbd793f', 'a5fa6b20-7025-5ab8-89d0-0c4daf68a200', 'في سلسلةٍ متناسبة، 3 يقابله 21. بنفس المعامل، ما الذي يقابل 5؟', '[{"id":"a","text":"15"},{"id":"b","text":"35"},{"id":"c","text":"105"},{"id":"d","text":"23"}]'::jsonb, 'b', 'معاملُ التناسب = 21 ÷ 3 = 7، إذن الحدُّ المقابل لـ 5 هو 5 × 7 = 35 (أو بالجداء التبادليّ: (5 × 21) ÷ 3 = 35) ✓. الخطأُ الشائع: ضربُ 5 في الحدّ نفسه من العمود (5 × 3 = 15)، أو نسيانُ القسمة على 3 (5 × 21 = 105).', 2)
ON CONFLICT (id) DO UPDATE SET
  exercise_id = EXCLUDED.exercise_id,
  prompt = EXCLUDED.prompt,
  options = EXCLUDED.options,
  correct_option = EXCLUDED.correct_option,
  explanation = EXCLUDED.explanation,
  display_order = EXCLUDED.display_order;

INSERT INTO public.questions (id, exercise_id, prompt, options, correct_option, explanation, display_order) VALUES
  ('0d75e0d7-73e5-59be-b42a-3fd6153d7b4f', 'a5fa6b20-7025-5ab8-89d0-0c4daf68a200', 'ما 10 % من 350؟', '[{"id":"a","text":"3,5"},{"id":"b","text":"360"},{"id":"c","text":"35"},{"id":"d","text":"340"}]'::jsonb, 'c', '10 % من 350 = (10 × 350) ÷ 100 = 3500 ÷ 100 = 35 ✓. الخطأُ الشائع: أخذُ 1 % بدل 10 % (3,5)، أو معاملةُ النسبة كعددٍ يُطرح أو يُجمع (350 − 10 = 340، أو 350 + 10 = 360).', 3)
ON CONFLICT (id) DO UPDATE SET
  exercise_id = EXCLUDED.exercise_id,
  prompt = EXCLUDED.prompt,
  options = EXCLUDED.options,
  correct_option = EXCLUDED.correct_option,
  explanation = EXCLUDED.explanation,
  display_order = EXCLUDED.display_order;

INSERT INTO public.questions (id, exercise_id, prompt, options, correct_option, explanation, display_order) VALUES
  ('1d0f7697-dd68-5b68-8b90-8d1b89f6047d', 'a5fa6b20-7025-5ab8-89d0-0c4daf68a200', 'ما 40 % من 150؟', '[{"id":"a","text":"6000"},{"id":"b","text":"110"},{"id":"c","text":"3,75"},{"id":"d","text":"60"}]'::jsonb, 'd', '40 % من 150 = (40 × 150) ÷ 100 = 6000 ÷ 100 = 60 ✓. الخطأُ الشائع: نسيانُ القسمة على 100 (6000)، أو طرحُ 40 من 150 مباشرةً (110).', 4)
ON CONFLICT (id) DO UPDATE SET
  exercise_id = EXCLUDED.exercise_id,
  prompt = EXCLUDED.prompt,
  options = EXCLUDED.options,
  correct_option = EXCLUDED.correct_option,
  explanation = EXCLUDED.explanation,
  display_order = EXCLUDED.display_order;

INSERT INTO public.questions (id, exercise_id, prompt, options, correct_option, explanation, display_order) VALUES
  ('20184c24-64f6-554e-a29c-ce7ec556cb71', 'a5fa6b20-7025-5ab8-89d0-0c4daf68a200', 'على مخطّطٍ سلّمُه 1/200، طولُ قطعةٍ على المخطّط 5 سم. ما طولُها الحقيقيّ؟', '[{"id":"a","text":"0,025 سم"},{"id":"b","text":"1000 سم"},{"id":"c","text":"205 سم"},{"id":"d","text":"40 سم"}]'::jsonb, 'b', 'الطولُ الحقيقيّ = طولُ المخطّط × n = 5 × 200 = 1000 سم (= 10 م) ✓. الخطأُ الشائع: القسمةُ بدل الضرب فيُعكس السلّم (5 ÷ 200 = 0,025)، أو جمعُ العددين (5 + 200 = 205)، أو قسمةُ السلّم على الطول (200 ÷ 5 = 40).', 5)
ON CONFLICT (id) DO UPDATE SET
  exercise_id = EXCLUDED.exercise_id,
  prompt = EXCLUDED.prompt,
  options = EXCLUDED.options,
  correct_option = EXCLUDED.correct_option,
  explanation = EXCLUDED.explanation,
  display_order = EXCLUDED.display_order;

INSERT INTO public.questions (id, exercise_id, prompt, options, correct_option, explanation, display_order) VALUES
  ('cf953c88-731d-5a4f-8175-a3e570c36d66', 'a5fa6b20-7025-5ab8-89d0-0c4daf68a200', 'قطع درّاجٌ 45 كم في 3 ساعات. ما سرعتُه المتوسّطة؟', '[{"id":"a","text":"135 كم/سا"},{"id":"b","text":"15 كم/سا"},{"id":"c","text":"42 كم/سا"},{"id":"d","text":"48 كم/سا"}]'::jsonb, 'b', 'السرعةُ المتوسّطة = المسافة ÷ الزمن = 45 ÷ 3 = 15 كم/سا ✓. الخطأُ الشائع: ضربُ المسافة في الزمن بدل قسمتها (45 × 3 = 135)، أو طرحُ الزمن من المسافة (45 − 3 = 42)، أو جمعُهما (45 + 3 = 48).', 6)
ON CONFLICT (id) DO UPDATE SET
  exercise_id = EXCLUDED.exercise_id,
  prompt = EXCLUDED.prompt,
  options = EXCLUDED.options,
  correct_option = EXCLUDED.correct_option,
  explanation = EXCLUDED.explanation,
  display_order = EXCLUDED.display_order;

INSERT INTO public.exercises (id, chapter_id, subject_id, title, difficulty, xp_reward, reward_coins, mode, source, display_order) VALUES
  ('9c14bd1f-6198-5a6a-96dd-40e4f97bee14', '1d21b8df-e861-538d-a71a-2137f9397422', 'math-8eme', '⚔️ زعيم الفصل ⭐⭐⭐: النسب المئوية والسرعة', 3, 120, 30, 'boss', 'admin', 2)
ON CONFLICT (id) DO UPDATE SET
  chapter_id = EXCLUDED.chapter_id,
  subject_id = EXCLUDED.subject_id,
  title = EXCLUDED.title,
  difficulty = EXCLUDED.difficulty,
  xp_reward = EXCLUDED.xp_reward,
  reward_coins = EXCLUDED.reward_coins,
  mode = EXCLUDED.mode,
  display_order = EXCLUDED.display_order;

INSERT INTO public.questions (id, exercise_id, prompt, options, correct_option, explanation, display_order) VALUES
  ('2fb7fd22-4057-584e-b9bc-bfe6f4ec906d', '9c14bd1f-6198-5a6a-96dd-40e4f97bee14', 'السلسلةُ الأولى: 4 ثمّ 6، والسلسلةُ الثانية: 12 ثمّ 18. هل هما متناسبتان، وما المعامل؟', '[{"id":"a","text":"غير متناسبتَين"},{"id":"b","text":"متناسبتان، k = 3"},{"id":"c","text":"متناسبتان، k = 8"},{"id":"d","text":"متناسبتان، k = 2"}]'::jsonb, 'b', 'نفحص كلّ عمود: 12 ÷ 4 = 3 و18 ÷ 6 = 3؛ النسبةُ ثابتة في العمودين، فالسلسلتان متناسبتان ومعاملُهما k = 3 ✓. الخطأُ الشائع: طرحُ الحدّين بدل قسمتهما (12 − 4 = 8)، أو الاكتفاءُ بفحص عمودٍ واحد.', 1)
ON CONFLICT (id) DO UPDATE SET
  exercise_id = EXCLUDED.exercise_id,
  prompt = EXCLUDED.prompt,
  options = EXCLUDED.options,
  correct_option = EXCLUDED.correct_option,
  explanation = EXCLUDED.explanation,
  display_order = EXCLUDED.display_order;

INSERT INTO public.questions (id, exercise_id, prompt, options, correct_option, explanation, display_order) VALUES
  ('2639d63a-109e-5005-af98-8d9b5eb7be28', '9c14bd1f-6198-5a6a-96dd-40e4f97bee14', 'جدولُ تناسب: 8 يقابله 20، و x يقابله 45. ما x؟', '[{"id":"a","text":"45"},{"id":"b","text":"112,5"},{"id":"c","text":"18"},{"id":"d","text":"57"}]'::jsonb, 'c', 'بالجداء التبادليّ: 20 ÷ 8 = 45 ÷ x، إذن x = (8 × 45) ÷ 20 = 360 ÷ 20 = 18 ✓. الخطأُ الشائع: ضربُ الحدّين من الصفّ نفسه والقسمةُ على الحدّ الخطأ ((20 × 45) ÷ 8 = 112,5)، أو جمعُ الأعداد (45 + 20 − 8 = 57).', 2)
ON CONFLICT (id) DO UPDATE SET
  exercise_id = EXCLUDED.exercise_id,
  prompt = EXCLUDED.prompt,
  options = EXCLUDED.options,
  correct_option = EXCLUDED.correct_option,
  explanation = EXCLUDED.explanation,
  display_order = EXCLUDED.display_order;

INSERT INTO public.questions (id, exercise_id, prompt, options, correct_option, explanation, display_order) VALUES
  ('f8ce1c7a-5f95-58ba-9b57-fa7f973fa8e8', '9c14bd1f-6198-5a6a-96dd-40e4f97bee14', 'ثمنُ سلعةٍ 400 دينار، زِيد بنسبة 15 %. ما الثمنُ الجديد؟', '[{"id":"a","text":"415"},{"id":"b","text":"340"},{"id":"c","text":"400,15"},{"id":"d","text":"460"}]'::jsonb, 'd', 'الزيادةُ بـ 15 % تعني الضربَ في معامل الضرب (1 + 15/100) = 1,15، فالثمنُ الجديد = 400 × 1,15 = 460 دينارًا ✓. الخطأُ الشائع: جمعُ 15 مباشرةً (415)، أو الضربُ في 0,85 (تخفيضًا بدل زيادة → 340)، أو جمعُ 0,15 (400,15).', 3)
ON CONFLICT (id) DO UPDATE SET
  exercise_id = EXCLUDED.exercise_id,
  prompt = EXCLUDED.prompt,
  options = EXCLUDED.options,
  correct_option = EXCLUDED.correct_option,
  explanation = EXCLUDED.explanation,
  display_order = EXCLUDED.display_order;

INSERT INTO public.questions (id, exercise_id, prompt, options, correct_option, explanation, display_order) VALUES
  ('5be21665-555a-500f-9ae7-2512ba7a92f1', '9c14bd1f-6198-5a6a-96dd-40e4f97bee14', 'ثوبٌ ثمنُه 80 دينارًا، عليه تخفيضٌ 25 %. ما الثمنُ بعد التخفيض؟', '[{"id":"a","text":"60"},{"id":"b","text":"100"},{"id":"c","text":"55"},{"id":"d","text":"20"}]'::jsonb, 'a', 'التخفيضُ بـ 25 % يعني الضربَ في (1 − 25/100) = 0,75، فالثمنُ الجديد = 80 × 0,75 = 60 دينارًا ✓. الخطأُ الشائع: الزيادةُ بدل التخفيض (80 × 1,25 = 100)، أو طرحُ 25 مباشرةً (80 − 25 = 55)، أو حسابُ مقدار التخفيض وحده (80 × 0,25 = 20) لا الثمن الجديد.', 4)
ON CONFLICT (id) DO UPDATE SET
  exercise_id = EXCLUDED.exercise_id,
  prompt = EXCLUDED.prompt,
  options = EXCLUDED.options,
  correct_option = EXCLUDED.correct_option,
  explanation = EXCLUDED.explanation,
  display_order = EXCLUDED.display_order;

INSERT INTO public.questions (id, exercise_id, prompt, options, correct_option, explanation, display_order) VALUES
  ('af225d14-1478-5b16-9a33-c9d7d00b2661', '9c14bd1f-6198-5a6a-96dd-40e4f97bee14', 'ارتفع ثمنُ كتابٍ من 20 دينارًا إلى 25 دينارًا. ما نسبةُ الزيادة؟', '[{"id":"a","text":"5 %"},{"id":"b","text":"25 %"},{"id":"c","text":"20 %"},{"id":"d","text":"5 دنانير"}]'::jsonb, 'b', 'نسبةُ التغيّر = (الجديدة − الأصليّة) ÷ الأصليّة × 100 = (25 − 20) ÷ 20 × 100 = 5 ÷ 20 × 100 = 25 % ✓. الخطأُ الشائع: القسمةُ على القيمة الجديدة (5 ÷ 25 × 100 = 20 %)، أو الاكتفاءُ بمقدار الفرق دون نسبة (5)، أو الخلطُ بين المقدار بالدينار والنسبة المئوية.', 5)
ON CONFLICT (id) DO UPDATE SET
  exercise_id = EXCLUDED.exercise_id,
  prompt = EXCLUDED.prompt,
  options = EXCLUDED.options,
  correct_option = EXCLUDED.correct_option,
  explanation = EXCLUDED.explanation,
  display_order = EXCLUDED.display_order;

INSERT INTO public.questions (id, exercise_id, prompt, options, correct_option, explanation, display_order) VALUES
  ('2f9498d1-119d-5e63-8ff0-32f5576a53cc', '9c14bd1f-6198-5a6a-96dd-40e4f97bee14', 'قطع قطارٌ 150 كم في ساعتَين ونصف. ما سرعتُه المتوسّطة؟', '[{"id":"a","text":"75 كم/سا"},{"id":"b","text":"300 كم/سا"},{"id":"c","text":"60 كم/سا"},{"id":"d","text":"375 كم/سا"}]'::jsonb, 'c', 'نحوّل الزمن: ساعتان ونصف = 2,5 سا. السرعة = المسافة ÷ الزمن = 150 ÷ 2,5 = 60 كم/سا ✓. الخطأُ الشائع: القسمةُ على 2 وإهمالُ النصف (150 ÷ 2 = 75)، أو الضربُ بدل القسمة (150 × 2 = 300 أو 150 × 2,5 = 375).', 6)
ON CONFLICT (id) DO UPDATE SET
  exercise_id = EXCLUDED.exercise_id,
  prompt = EXCLUDED.prompt,
  options = EXCLUDED.options,
  correct_option = EXCLUDED.correct_option,
  explanation = EXCLUDED.explanation,
  display_order = EXCLUDED.display_order;

INSERT INTO public.exercises (id, chapter_id, subject_id, title, difficulty, xp_reward, reward_coins, mode, source, display_order) VALUES
  ('9d721103-84db-56c5-9862-d761df7441ad', '1d21b8df-e861-538d-a71a-2137f9397422', 'math-8eme', '⭐⭐ تمرين مراجعة (نمط امتحان): تناسبٌ ونسبةٌ وسلّمٌ وسرعة', 2, 70, 15, 'practice', 'admin', 3)
ON CONFLICT (id) DO UPDATE SET
  chapter_id = EXCLUDED.chapter_id,
  subject_id = EXCLUDED.subject_id,
  title = EXCLUDED.title,
  difficulty = EXCLUDED.difficulty,
  xp_reward = EXCLUDED.xp_reward,
  reward_coins = EXCLUDED.reward_coins,
  mode = EXCLUDED.mode,
  display_order = EXCLUDED.display_order;

INSERT INTO public.questions (id, exercise_id, prompt, options, correct_option, explanation, display_order) VALUES
  ('19b13094-56d7-53b7-8074-daa9db94cab2', '9d721103-84db-56c5-9862-d761df7441ad', 'سلسلتان متناسبتان: 5 يقابله 15. ما معاملُ التناسب؟', '[{"id":"a","text":"10"},{"id":"b","text":"75"},{"id":"c","text":"3"},{"id":"d","text":"0,33"}]'::jsonb, 'c', 'معاملُ التناسب = 15 ÷ 5 = 3 ✓. الخطأُ الشائع: طرحُ الحدّين (15 − 5 = 10)، أو ضربُهما (15 × 5 = 75)، أو قلبُ القسمة (5 ÷ 15 ≈ 0,33).', 1)
ON CONFLICT (id) DO UPDATE SET
  exercise_id = EXCLUDED.exercise_id,
  prompt = EXCLUDED.prompt,
  options = EXCLUDED.options,
  correct_option = EXCLUDED.correct_option,
  explanation = EXCLUDED.explanation,
  display_order = EXCLUDED.display_order;

INSERT INTO public.questions (id, exercise_id, prompt, options, correct_option, explanation, display_order) VALUES
  ('9cc2584e-bc63-5890-9a8e-7d1c2ac8cddd', '9d721103-84db-56c5-9862-d761df7441ad', 'ما 50 % من 240؟', '[{"id":"a","text":"12000"},{"id":"b","text":"190"},{"id":"c","text":"50"},{"id":"d","text":"120"}]'::jsonb, 'd', '50 % من 240 = (50 × 240) ÷ 100 = 120، وهو نصفُ الكمّية ✓. الخطأُ الشائع: نسيانُ القسمة على 100 (12000)، أو طرحُ 50 من 240 (190)، أو نقلُ النسبة كما هي (50).', 2)
ON CONFLICT (id) DO UPDATE SET
  exercise_id = EXCLUDED.exercise_id,
  prompt = EXCLUDED.prompt,
  options = EXCLUDED.options,
  correct_option = EXCLUDED.correct_option,
  explanation = EXCLUDED.explanation,
  display_order = EXCLUDED.display_order;

INSERT INTO public.questions (id, exercise_id, prompt, options, correct_option, explanation, display_order) VALUES
  ('8e025ac6-f04f-594c-ba11-f47ec60c8fce', '9d721103-84db-56c5-9862-d761df7441ad', 'جدولُ تناسب: 6 يقابله 9. ما الذي يقابل 14 بنفس المعامل؟', '[{"id":"a","text":"21"},{"id":"b","text":"126"},{"id":"c","text":"84"},{"id":"d","text":"17"}]'::jsonb, 'a', 'بالجداء التبادليّ: الحدُّ = (14 × 9) ÷ 6 = 126 ÷ 6 = 21 (المعامل 9 ÷ 6 = 1,5 و14 × 1,5 = 21) ✓. الخطأُ الشائع: نسيانُ القسمة على 6 (14 × 9 = 126)، أو الضربُ في الحدّ الخطأ (14 × 6 = 84)، أو جمعٌ خاطئ (14 + 3 = 17).', 3)
ON CONFLICT (id) DO UPDATE SET
  exercise_id = EXCLUDED.exercise_id,
  prompt = EXCLUDED.prompt,
  options = EXCLUDED.options,
  correct_option = EXCLUDED.correct_option,
  explanation = EXCLUDED.explanation,
  display_order = EXCLUDED.display_order;

INSERT INTO public.questions (id, exercise_id, prompt, options, correct_option, explanation, display_order) VALUES
  ('9a3c4441-5b33-5bfd-a3af-6220d543f5ec', '9d721103-84db-56c5-9862-d761df7441ad', 'عددُ منخرطي نادٍ 200، ازداد بنسبة 20 %. كم صار العدد؟', '[{"id":"a","text":"220"},{"id":"b","text":"240"},{"id":"c","text":"160"},{"id":"d","text":"40"}]'::jsonb, 'b', 'الزيادةُ بـ 20 % = ضربٌ في (1 + 20/100) = 1,2، فالعددُ الجديد = 200 × 1,2 = 240 ✓. الخطأُ الشائع: جمعُ 20 مباشرةً (220)، أو التخفيضُ بدل الزيادة (200 × 0,8 = 160)، أو حسابُ مقدار الزيادة وحده (200 × 0,2 = 40).', 4)
ON CONFLICT (id) DO UPDATE SET
  exercise_id = EXCLUDED.exercise_id,
  prompt = EXCLUDED.prompt,
  options = EXCLUDED.options,
  correct_option = EXCLUDED.correct_option,
  explanation = EXCLUDED.explanation,
  display_order = EXCLUDED.display_order;

INSERT INTO public.questions (id, exercise_id, prompt, options, correct_option, explanation, display_order) VALUES
  ('8ec1fd4b-2512-50b7-9a5d-9e93f1bc05a3', '9d721103-84db-56c5-9862-d761df7441ad', 'خريطةٌ سلّمُها 1/50000. المسافةُ الحقيقيّة بين مدينتَين 3 كم. كم تمثّلها على الخريطة؟', '[{"id":"a","text":"0,06 سم"},{"id":"b","text":"60 سم"},{"id":"c","text":"6 سم"},{"id":"d","text":"1,5 سم"}]'::jsonb, 'c', 'نحوّل إلى الوحدة نفسها: 3 كم = 3 × 100000 = 300000 سم. طولُ المخطّط = الحقيقيّة ÷ n = 300000 ÷ 50000 = 6 سم ✓. الخطأُ الشائع: نسيانُ تحويل الكيلومتر إلى سنتيمتر (3 ÷ 50000 = 0,00006)، أو خطأٌ في عدد الأصفار عند التحويل.', 5)
ON CONFLICT (id) DO UPDATE SET
  exercise_id = EXCLUDED.exercise_id,
  prompt = EXCLUDED.prompt,
  options = EXCLUDED.options,
  correct_option = EXCLUDED.correct_option,
  explanation = EXCLUDED.explanation,
  display_order = EXCLUDED.display_order;

INSERT INTO public.questions (id, exercise_id, prompt, options, correct_option, explanation, display_order) VALUES
  ('1208d46d-a934-5c11-a5a8-412136cea884', '9d721103-84db-56c5-9862-d761df7441ad', 'قطعت حافلةٌ 80 كم في ساعةٍ وربع. ما سرعتُها المتوسّطة؟', '[{"id":"a","text":"100 كم/سا"},{"id":"b","text":"80 كم/سا"},{"id":"c","text":"53,3 كم/سا"},{"id":"d","text":"64 كم/سا"}]'::jsonb, 'd', 'نحوّل الزمن: ساعةٌ وربع = 1 سا 15 د = 1,25 سا. السرعة = 80 ÷ 1,25 = 64 كم/سا ✓. الخطأُ الشائع: الضربُ بدل القسمة (80 × 1,25 = 100)، أو اعتبارُ الربع نصفًا والقسمةُ على 1,5 (80 ÷ 1,5 ≈ 53,3)، أو إهمالُ الزمن (80).', 6)
ON CONFLICT (id) DO UPDATE SET
  exercise_id = EXCLUDED.exercise_id,
  prompt = EXCLUDED.prompt,
  options = EXCLUDED.options,
  correct_option = EXCLUDED.correct_option,
  explanation = EXCLUDED.explanation,
  display_order = EXCLUDED.display_order;

INSERT INTO public.exercises (id, chapter_id, subject_id, title, difficulty, xp_reward, reward_coins, mode, source, display_order) VALUES
  ('9f1052bd-6a53-5f82-84f7-e48a6f951b68', '1d21b8df-e861-538d-a71a-2137f9397422', 'math-8eme', '👑 تحدّي النخبة ⭐⭐⭐⭐: عكسُ النسبة والفخاخ', 4, 300, 60, 'challenge', 'admin', 4)
ON CONFLICT (id) DO UPDATE SET
  chapter_id = EXCLUDED.chapter_id,
  subject_id = EXCLUDED.subject_id,
  title = EXCLUDED.title,
  difficulty = EXCLUDED.difficulty,
  xp_reward = EXCLUDED.xp_reward,
  reward_coins = EXCLUDED.reward_coins,
  mode = EXCLUDED.mode,
  display_order = EXCLUDED.display_order;

INSERT INTO public.questions (id, exercise_id, prompt, options, correct_option, explanation, display_order) VALUES
  ('d237a4c6-47de-582c-b1f9-4745599d2abf', '9f1052bd-6a53-5f82-84f7-e48a6f951b68', 'بعد تخفيضٍ 20 % أصبح ثمنُ حقيبةٍ 72 دينارًا. ما ثمنُها الأصليّ؟', '[{"id":"a","text":"86,4"},{"id":"b","text":"92"},{"id":"c","text":"57,6"},{"id":"d","text":"90"}]'::jsonb, 'd', 'التخفيضُ بـ 20 % ضربٌ في 0,8، وللعودة إلى الأصليّ نقسم على معامل الضرب: 72 ÷ 0,8 = 90 دينارًا (نتحقّق: 90 × 0,8 = 72) ✓. الفخّ القاتل: زيادةُ 20 % على 72 (72 × 1,2 = 86,4) — لا تُعيد السعرَ لأنّ 20 % تُحسب على قيمةٍ أصغر. الخطأُ الآخر: 72 × 0,8 = 57,6، أو 72 + 20 = 92.', 1)
ON CONFLICT (id) DO UPDATE SET
  exercise_id = EXCLUDED.exercise_id,
  prompt = EXCLUDED.prompt,
  options = EXCLUDED.options,
  correct_option = EXCLUDED.correct_option,
  explanation = EXCLUDED.explanation,
  display_order = EXCLUDED.display_order;

INSERT INTO public.questions (id, exercise_id, prompt, options, correct_option, explanation, display_order) VALUES
  ('6b1ee418-b3ea-5205-abab-ce3ad10aac5d', '9f1052bd-6a53-5f82-84f7-e48a6f951b68', 'انخفض ثمنُ هاتفٍ من 500 دينارًا إلى 400 دينار. ما نسبةُ التخفيض؟', '[{"id":"a","text":"20 %"},{"id":"b","text":"25 %"},{"id":"c","text":"100 %"},{"id":"d","text":"80 %"}]'::jsonb, 'a', 'نسبةُ التغيّر = (400 − 500) ÷ 500 × 100 = −100 ÷ 500 × 100 = −20 %، أي تخفيضٌ بـ 20 % ✓. الخطأُ الشائع: القسمةُ على القيمة الجديدة (100 ÷ 400 × 100 = 25 %)، أو الاكتفاءُ بالفرق (100)، أو حسابُ نسبة ما تبقّى من الثمن (400 ÷ 500 = 80 %).', 2)
ON CONFLICT (id) DO UPDATE SET
  exercise_id = EXCLUDED.exercise_id,
  prompt = EXCLUDED.prompt,
  options = EXCLUDED.options,
  correct_option = EXCLUDED.correct_option,
  explanation = EXCLUDED.explanation,
  display_order = EXCLUDED.display_order;

INSERT INTO public.questions (id, exercise_id, prompt, options, correct_option, explanation, display_order) VALUES
  ('47d4290d-3c94-5789-8e54-834fac1bb602', '9f1052bd-6a53-5f82-84f7-e48a6f951b68', 'اشترى تاجرٌ 8 أمتارٍ من قماشٍ بـ 60 دينارًا. كم يدفع مقابل 20 مترًا بنفس السعر؟', '[{"id":"a","text":"165"},{"id":"b","text":"150"},{"id":"c","text":"24"},{"id":"d","text":"7,5"}]'::jsonb, 'b', 'بالجداء التبادليّ: الثمن = (20 × 60) ÷ 8 = 1200 ÷ 8 = 150 دينارًا (سعرُ المتر = 60 ÷ 8 = 7,5 د، و7,5 × 20 = 150) ✓. الخطأُ الشائع: التوقّفُ عند سعر المتر الواحد (7,5)، أو عكسُ الجداء ((8 × 60) ÷ 20 = 24)، أو جمعٌ خاطئ (165).', 3)
ON CONFLICT (id) DO UPDATE SET
  exercise_id = EXCLUDED.exercise_id,
  prompt = EXCLUDED.prompt,
  options = EXCLUDED.options,
  correct_option = EXCLUDED.correct_option,
  explanation = EXCLUDED.explanation,
  display_order = EXCLUDED.display_order;

INSERT INTO public.questions (id, exercise_id, prompt, options, correct_option, explanation, display_order) VALUES
  ('fb9689c7-3c48-516c-b1e0-24e553e6946d', '9f1052bd-6a53-5f82-84f7-e48a6f951b68', 'حسب تلميذٌ سرعةَ سيّارةٍ قطعت 60 كم في 45 دقيقة فكتب: 60 ÷ 45 ≈ 1,33 كم/سا. أين الخطأ؟', '[{"id":"a","text":"لا خطأ، الحسابُ صحيح"},{"id":"b","text":"الخطأ في القسمة فقط؛ الصحيح 60 ÷ 45 = 1,5"},{"id":"c","text":"لم يحوّل الدقائق إلى ساعات؛ 45 د = 0,75 سا والسرعةُ = 60 ÷ 0,75 = 80 كم/سا"},{"id":"d","text":"الصحيح هو 45 ÷ 60 = 0,75 كم/سا"}]'::jsonb, 'c', 'الوحدةُ المطلوبة كم/سا، فيجب تحويلُ الزمن إلى ساعاتٍ قبل القسمة: 45 د = 45 ÷ 60 = 0,75 سا، والسرعة = 60 ÷ 0,75 = 80 كم/سا ✓. القسمةُ على 45 مباشرةً خطأٌ لأنّ 45 دقيقةً ليست 45 ساعة.', 4)
ON CONFLICT (id) DO UPDATE SET
  exercise_id = EXCLUDED.exercise_id,
  prompt = EXCLUDED.prompt,
  options = EXCLUDED.options,
  correct_option = EXCLUDED.correct_option,
  explanation = EXCLUDED.explanation,
  display_order = EXCLUDED.display_order;

INSERT INTO public.questions (id, exercise_id, prompt, options, correct_option, explanation, display_order) VALUES
  ('cd0034c5-2434-5691-8558-243e262cce66', '9f1052bd-6a53-5f82-84f7-e48a6f951b68', 'سعرُ سلعةٍ 100 دينار. زِيد بنسبة 10 %، ثمّ خُفّض الثمنُ الناتج بنسبة 10 %. ما الثمنُ النهائيّ؟', '[{"id":"a","text":"100"},{"id":"b","text":"90"},{"id":"c","text":"110"},{"id":"d","text":"99"}]'::jsonb, 'd', 'أوّلًا الزيادة: 100 × 1,1 = 110، ثمّ التخفيض: 110 × 0,9 = 99 دينارًا ✓. الفخّ: الظنُّ أنّ زيادةً ثمّ تخفيضًا بنفس النسبة يُعيدان السعرَ إلى 100 — لكنّ 10 % الثانية تُحسب على 110 لا على 100، فينقص الثمنُ إلى 99.', 5)
ON CONFLICT (id) DO UPDATE SET
  exercise_id = EXCLUDED.exercise_id,
  prompt = EXCLUDED.prompt,
  options = EXCLUDED.options,
  correct_option = EXCLUDED.correct_option,
  explanation = EXCLUDED.explanation,
  display_order = EXCLUDED.display_order;

INSERT INTO public.questions (id, exercise_id, prompt, options, correct_option, explanation, display_order) VALUES
  ('ad59602b-5b92-522c-8ea9-79d7caa7e960', '9f1052bd-6a53-5f82-84f7-e48a6f951b68', 'في سلسلةٍ متناسبة معاملُها 2,5، حدٌّ في السلسلة الثانية يساوي 60. ما الحدُّ المقابل له في السلسلة الأولى؟', '[{"id":"a","text":"24"},{"id":"b","text":"150"},{"id":"c","text":"62,5"},{"id":"d","text":"57,5"}]'::jsonb, 'a', 'بما أنّ «الثانية = k × الأولى»، فالأولى = الثانية ÷ k = 60 ÷ 2,5 = 24 ✓. الخطأُ الشائع: الضربُ بدل القسمة (60 × 2,5 = 150)، أو جمعُ المعامل (60 + 2,5 = 62,5)، أو طرحُه (60 − 2,5 = 57,5).', 6)
ON CONFLICT (id) DO UPDATE SET
  exercise_id = EXCLUDED.exercise_id,
  prompt = EXCLUDED.prompt,
  options = EXCLUDED.options,
  correct_option = EXCLUDED.correct_option,
  explanation = EXCLUDED.explanation,
  display_order = EXCLUDED.display_order;

INSERT INTO public.exercises (id, chapter_id, subject_id, title, difficulty, xp_reward, reward_coins, mode, source, display_order) VALUES
  ('47e7b880-4a66-5345-abd9-3293a355a229', '1d21b8df-e861-538d-a71a-2137f9397422', 'math-8eme', '📝 تدريب ⭐⭐⭐: مراجعةٌ شاملة (نسبةٌ، تناسبٌ، سرعةٌ، سلّم)', 3, 120, 30, 'boss', 'admin', 5)
ON CONFLICT (id) DO UPDATE SET
  chapter_id = EXCLUDED.chapter_id,
  subject_id = EXCLUDED.subject_id,
  title = EXCLUDED.title,
  difficulty = EXCLUDED.difficulty,
  xp_reward = EXCLUDED.xp_reward,
  reward_coins = EXCLUDED.reward_coins,
  mode = EXCLUDED.mode,
  display_order = EXCLUDED.display_order;

INSERT INTO public.questions (id, exercise_id, prompt, options, correct_option, explanation, display_order) VALUES
  ('338585b9-3b3c-5969-ba05-ad8100439c3c', '47e7b880-4a66-5345-abd9-3293a355a229', 'ما 20 % من 300؟', '[{"id":"a","text":"60"},{"id":"b","text":"280"},{"id":"c","text":"15"},{"id":"d","text":"6000"}]'::jsonb, 'a', '20 % من 300 = (20 × 300) ÷ 100 = 6000 ÷ 100 = 60 ✓. الخطأُ الشائع: طرحُ 20 من 300 (280)، أو نسيانُ القسمة على 100 (6000).', 1)
ON CONFLICT (id) DO UPDATE SET
  exercise_id = EXCLUDED.exercise_id,
  prompt = EXCLUDED.prompt,
  options = EXCLUDED.options,
  correct_option = EXCLUDED.correct_option,
  explanation = EXCLUDED.explanation,
  display_order = EXCLUDED.display_order;

INSERT INTO public.questions (id, exercise_id, prompt, options, correct_option, explanation, display_order) VALUES
  ('7b2f6f28-a623-5d3f-9335-a118ab338929', '47e7b880-4a66-5345-abd9-3293a355a229', 'جدولُ تناسب: 9 يقابله 6، و15 يقابله x. ما x؟', '[{"id":"a","text":"22,5"},{"id":"b","text":"18"},{"id":"c","text":"10"},{"id":"d","text":"12"}]'::jsonb, 'c', 'بالجداء التبادليّ: x = (15 × 6) ÷ 9 = 90 ÷ 9 = 10 ✓. الخطأُ الشائع: عكسُ الجداء ((15 × 9) ÷ 6 = 22,5)، أو القسمةُ على الحدّ الخطأ.', 2)
ON CONFLICT (id) DO UPDATE SET
  exercise_id = EXCLUDED.exercise_id,
  prompt = EXCLUDED.prompt,
  options = EXCLUDED.options,
  correct_option = EXCLUDED.correct_option,
  explanation = EXCLUDED.explanation,
  display_order = EXCLUDED.display_order;

INSERT INTO public.questions (id, exercise_id, prompt, options, correct_option, explanation, display_order) VALUES
  ('e6b28b9c-3559-5874-b14f-ad39ed75cdc1', '47e7b880-4a66-5345-abd9-3293a355a229', 'ساعةٌ ثمنُها 250 دينارًا، خُفّضت بنسبة 12 %. ما الثمنُ الجديد؟', '[{"id":"a","text":"238"},{"id":"b","text":"220"},{"id":"c","text":"280"},{"id":"d","text":"30"}]'::jsonb, 'b', 'التخفيضُ بـ 12 % = ضربٌ في (1 − 12/100) = 0,88، فالثمنُ الجديد = 250 × 0,88 = 220 دينارًا ✓. الخطأُ الشائع: طرحُ 12 مباشرةً (238)، أو الزيادةُ بدل التخفيض (250 × 1,12 = 280)، أو حسابُ مقدار التخفيض وحده (250 × 0,12 = 30).', 3)
ON CONFLICT (id) DO UPDATE SET
  exercise_id = EXCLUDED.exercise_id,
  prompt = EXCLUDED.prompt,
  options = EXCLUDED.options,
  correct_option = EXCLUDED.correct_option,
  explanation = EXCLUDED.explanation,
  display_order = EXCLUDED.display_order;

INSERT INTO public.questions (id, exercise_id, prompt, options, correct_option, explanation, display_order) VALUES
  ('cd0d00b9-ec7f-5ac5-a47a-38d3e1c57bca', '47e7b880-4a66-5345-abd9-3293a355a229', 'سار عدّاءٌ بسرعةٍ متوسّطة 12 كم/سا لمدّة نصف ساعة. ما المسافةُ التي قطعها؟', '[{"id":"a","text":"24 كم"},{"id":"b","text":"12,5 كم"},{"id":"c","text":"0,5 كم"},{"id":"d","text":"6 كم"}]'::jsonb, 'd', 'المسافة = السرعة × الزمن؛ نصفُ ساعة = 0,5 سا، فالمسافة = 12 × 0,5 = 6 كم ✓. الخطأُ الشائع: القسمةُ بدل الضرب (12 ÷ 0,5 = 24)، أو جمعُ الزمن (12 + 0,5 = 12,5)، أو نقلُ الزمن كمسافة (0,5).', 4)
ON CONFLICT (id) DO UPDATE SET
  exercise_id = EXCLUDED.exercise_id,
  prompt = EXCLUDED.prompt,
  options = EXCLUDED.options,
  correct_option = EXCLUDED.correct_option,
  explanation = EXCLUDED.explanation,
  display_order = EXCLUDED.display_order;

INSERT INTO public.questions (id, exercise_id, prompt, options, correct_option, explanation, display_order) VALUES
  ('aaf65f49-3987-5c29-8f74-f5abc87a22fa', '47e7b880-4a66-5345-abd9-3293a355a229', 'كان راتبُ عاملٍ 900 دينار فأصبح 1080 دينارًا. ما نسبةُ الزيادة؟', '[{"id":"a","text":"20 %"},{"id":"b","text":"16,7 %"},{"id":"c","text":"180 %"},{"id":"d","text":"18 %"}]'::jsonb, 'a', 'نسبةُ التغيّر = (1080 − 900) ÷ 900 × 100 = 180 ÷ 900 × 100 = 20 % ✓. الخطأُ الشائع: القسمةُ على القيمة الجديدة (180 ÷ 1080 × 100 ≈ 16,7 %)، أو الاكتفاءُ بمقدار الفرق (180)، أو خطأٌ في القسمة (18 %).', 5)
ON CONFLICT (id) DO UPDATE SET
  exercise_id = EXCLUDED.exercise_id,
  prompt = EXCLUDED.prompt,
  options = EXCLUDED.options,
  correct_option = EXCLUDED.correct_option,
  explanation = EXCLUDED.explanation,
  display_order = EXCLUDED.display_order;

INSERT INTO public.questions (id, exercise_id, prompt, options, correct_option, explanation, display_order) VALUES
  ('f39f7f88-8875-50c3-80d2-144bd7acac16', '47e7b880-4a66-5345-abd9-3293a355a229', 'على خريطةٍ سلّمُها 1/25000، طريقٌ طولُه على الخريطة 8 سم. ما طولُه الحقيقيّ بالكيلومتر؟', '[{"id":"a","text":"20 كم"},{"id":"b","text":"0,2 كم"},{"id":"c","text":"2 كم"},{"id":"d","text":"200 كم"}]'::jsonb, 'c', 'الطولُ الحقيقيّ = 8 × 25000 = 200000 سم = 2000 م = 2 كم ✓. الخطأُ الشائع: خطأٌ في تحويل السنتيمتر إلى كيلومتر (÷ 100000)، فينتج 20 كم أو 200 كم أو 0,2 كم بدل 2 كم.', 6)
ON CONFLICT (id) DO UPDATE SET
  exercise_id = EXCLUDED.exercise_id,
  prompt = EXCLUDED.prompt,
  options = EXCLUDED.options,
  correct_option = EXCLUDED.correct_option,
  explanation = EXCLUDED.explanation,
  display_order = EXCLUDED.display_order;

INSERT INTO public.exercises (id, chapter_id, subject_id, title, difficulty, xp_reward, reward_coins, mode, source, display_order) VALUES
  ('8825a2b1-6c6a-517d-ac9e-56c2388e7bba', '1d21b8df-e861-538d-a71a-2137f9397422', 'math-8eme', '👑 تحدّي النخبة ⭐⭐⭐⭐: التناسبُ المركّب والسرعةُ المتوسّطة', 4, 300, 60, 'challenge', 'admin', 6)
ON CONFLICT (id) DO UPDATE SET
  chapter_id = EXCLUDED.chapter_id,
  subject_id = EXCLUDED.subject_id,
  title = EXCLUDED.title,
  difficulty = EXCLUDED.difficulty,
  xp_reward = EXCLUDED.xp_reward,
  reward_coins = EXCLUDED.reward_coins,
  mode = EXCLUDED.mode,
  display_order = EXCLUDED.display_order;

INSERT INTO public.questions (id, exercise_id, prompt, options, correct_option, explanation, display_order) VALUES
  ('7e4f539c-71ec-5ca9-8e51-65fe81b7703e', '8825a2b1-6c6a-517d-ac9e-56c2388e7bba', 'بعد زيادةٍ 25 % أصبح راتبٌ 750 دينارًا. ما الراتبُ الأصليّ؟', '[{"id":"a","text":"562,5"},{"id":"b","text":"600"},{"id":"c","text":"937,5"},{"id":"d","text":"725"}]'::jsonb, 'b', 'الزيادةُ بـ 25 % ضربٌ في 1,25، وللعودة إلى الأصليّ نقسم: 750 ÷ 1,25 = 600 دينارًا (نتحقّق: 600 × 1,25 = 750) ✓. الخطأُ الشائع: تخفيضُ 25 % من 750 (750 × 0,75 = 562,5)، أو زيادةٌ أخرى (750 × 1,25 = 937,5)، أو طرحُ 25 (725).', 1)
ON CONFLICT (id) DO UPDATE SET
  exercise_id = EXCLUDED.exercise_id,
  prompt = EXCLUDED.prompt,
  options = EXCLUDED.options,
  correct_option = EXCLUDED.correct_option,
  explanation = EXCLUDED.explanation,
  display_order = EXCLUDED.display_order;

INSERT INTO public.questions (id, exercise_id, prompt, options, correct_option, explanation, display_order) VALUES
  ('e3c3dadc-46e4-5ddc-babd-7a3f4eb3a460', '8825a2b1-6c6a-517d-ac9e-56c2388e7bba', 'تحتاج وصفةٌ لِ 4 أشخاصٍ إلى 6 بيضات. كم بيضةً تلزمُ لِ 10 أشخاص بنفس النسبة؟', '[{"id":"a","text":"12"},{"id":"b","text":"2,4"},{"id":"c","text":"60"},{"id":"d","text":"15"}]'::jsonb, 'd', 'بالجداء التبادليّ: العدد = (10 × 6) ÷ 4 = 60 ÷ 4 = 15 بيضة ✓. الخطأُ الشائع: عكسُ الجداء ((4 × 6) ÷ 10 = 2,4)، أو نسيانُ القسمة على 4 (10 × 6 = 60)، أو جمعٌ خاطئ (6 + 6 = 12).', 2)
ON CONFLICT (id) DO UPDATE SET
  exercise_id = EXCLUDED.exercise_id,
  prompt = EXCLUDED.prompt,
  options = EXCLUDED.options,
  correct_option = EXCLUDED.correct_option,
  explanation = EXCLUDED.explanation,
  display_order = EXCLUDED.display_order;

INSERT INTO public.questions (id, exercise_id, prompt, options, correct_option, explanation, display_order) VALUES
  ('15cf21db-4cf5-566c-8b79-0e7bc09f279f', '8825a2b1-6c6a-517d-ac9e-56c2388e7bba', 'في مدرسةٍ 400 تلميذ؛ 60 % منهم يمارسون رياضةً، ونصفُ هؤلاء يلعبون كرةَ القدم. كم تلميذًا يلعب كرةَ القدم؟', '[{"id":"a","text":"200"},{"id":"b","text":"60"},{"id":"c","text":"120"},{"id":"d","text":"240"}]'::jsonb, 'c', 'عددُ الممارسين للرياضة = 60 % من 400 = (60 × 400) ÷ 100 = 240، ثمّ نصفُهم = 240 ÷ 2 = 120 تلميذًا ✓. الخطأُ الشائع: التوقّفُ عند عدد الممارسين (240)، أو حسابُ نصف العدد الكلّي (200)، أو الخلطُ في النسبة.', 3)
ON CONFLICT (id) DO UPDATE SET
  exercise_id = EXCLUDED.exercise_id,
  prompt = EXCLUDED.prompt,
  options = EXCLUDED.options,
  correct_option = EXCLUDED.correct_option,
  explanation = EXCLUDED.explanation,
  display_order = EXCLUDED.display_order;

INSERT INTO public.questions (id, exercise_id, prompt, options, correct_option, explanation, display_order) VALUES
  ('bd16aced-e02a-52d6-b1fc-709c11c3e671', '8825a2b1-6c6a-517d-ac9e-56c2388e7bba', 'قال تلميذ: «ثوبٌ بعد تخفيض 10 % صار 90 دينارًا، إذن الأصليّ = 90 + 10 % من 90 = 99 دينارًا». هل حسابُه صحيح؟', '[{"id":"a","text":"خطأ؛ الأصليّ = 90 ÷ 0,9 = 100 دينار"},{"id":"b","text":"صحيح، الأصليّ 99 دينارًا"},{"id":"c","text":"خطأ؛ الأصليّ = 90 − 10 % = 81 دينارًا"},{"id":"d","text":"خطأ؛ الأصليّ = 90 × 1,1 = 99 دينارًا"}]'::jsonb, 'a', 'التخفيضُ 10 % حُسب على السعر الأصليّ لا على 90، فلا نستعيده بزيادة 10 % على 90. نقسم على معامل الضرب: 90 ÷ 0,9 = 100 دينار (نتحقّق: 100 × 0,9 = 90) ✓. الخيار d يعطي 99 لأنّه يزيد 10 % على 90، وهو نفسُ فخّ التلميذ.', 4)
ON CONFLICT (id) DO UPDATE SET
  exercise_id = EXCLUDED.exercise_id,
  prompt = EXCLUDED.prompt,
  options = EXCLUDED.options,
  correct_option = EXCLUDED.correct_option,
  explanation = EXCLUDED.explanation,
  display_order = EXCLUDED.display_order;

INSERT INTO public.questions (id, exercise_id, prompt, options, correct_option, explanation, display_order) VALUES
  ('dfa94b20-e353-5b44-80e2-fec761f38450', '8825a2b1-6c6a-517d-ac9e-56c2388e7bba', 'قطعت سيّارةٌ 40 كم في ساعةٍ، ثمّ 90 كم في ساعةٍ ونصف. ما سرعتُها المتوسّطة على كامل الرحلة؟', '[{"id":"a","text":"50 كم/سا"},{"id":"b","text":"52 كم/سا"},{"id":"c","text":"65 كم/سا"},{"id":"d","text":"130 كم/سا"}]'::jsonb, 'b', 'السرعةُ المتوسّطة = المسافةُ الكلّية ÷ الزمنُ الكلّي = (40 + 90) ÷ (1 + 1,5) = 130 ÷ 2,5 = 52 كم/سا ✓. الفخّ: أخذُ المعدّل الحسابيّ لسرعتَي المرحلتَين ((40 + 60) ÷ 2 = 50) خطأٌ لأنّ زمنَي المرحلتَين مختلفان. الخطأُ الآخر: القسمةُ على 2 بدل 2,5 (65)، أو نقلُ المسافة الكلّية كسرعة (130).', 5)
ON CONFLICT (id) DO UPDATE SET
  exercise_id = EXCLUDED.exercise_id,
  prompt = EXCLUDED.prompt,
  options = EXCLUDED.options,
  correct_option = EXCLUDED.correct_option,
  explanation = EXCLUDED.explanation,
  display_order = EXCLUDED.display_order;

INSERT INTO public.questions (id, exercise_id, prompt, options, correct_option, explanation, display_order) VALUES
  ('7acad45b-a001-5c07-b069-e1313667b330', '8825a2b1-6c6a-517d-ac9e-56c2388e7bba', 'على خريطةٍ سلّمُها 1/200000، المسافةُ بين مدينتَين 6 سم. تسير سيّارةٌ بسرعة 80 كم/سا. كم من الوقت تستغرق الرحلةُ بينهما؟', '[{"id":"a","text":"15 دقيقة"},{"id":"b","text":"0,15 دقيقة"},{"id":"c","text":"12 دقيقة"},{"id":"d","text":"9 دقائق"}]'::jsonb, 'd', 'المسافةُ الحقيقيّة = 6 × 200000 = 1200000 سم = 12000 م = 12 كم. الزمن = المسافة ÷ السرعة = 12 ÷ 80 = 0,15 سا = 0,15 × 60 = 9 دقائق ✓. الخطأُ الشائع: نسيانُ تحويل الساعة إلى دقائق، أو خطأٌ في تحويل وحدات الطول (فينتج 15 أو 12 دقيقة).', 6)
ON CONFLICT (id) DO UPDATE SET
  exercise_id = EXCLUDED.exercise_id,
  prompt = EXCLUDED.prompt,
  options = EXCLUDED.options,
  correct_option = EXCLUDED.correct_option,
  explanation = EXCLUDED.explanation,
  display_order = EXCLUDED.display_order;

INSERT INTO public.exercises (id, chapter_id, subject_id, title, difficulty, xp_reward, reward_coins, mode, source, display_order) VALUES
  ('4db62683-9b85-5168-bc71-b43764bde4b2', 'e39038b4-4633-5971-a4f9-51c9b38a7d92', 'math-8eme', 'اختبار فهم الدرس ⭐', 1, 20, 5, 'quiz', 'admin', 0)
ON CONFLICT (id) DO UPDATE SET
  chapter_id = EXCLUDED.chapter_id,
  subject_id = EXCLUDED.subject_id,
  title = EXCLUDED.title,
  difficulty = EXCLUDED.difficulty,
  xp_reward = EXCLUDED.xp_reward,
  reward_coins = EXCLUDED.reward_coins,
  mode = EXCLUDED.mode,
  display_order = EXCLUDED.display_order;

INSERT INTO public.questions (id, exercise_id, prompt, options, correct_option, explanation, display_order) VALUES
  ('127af05d-9c32-5dfa-a67d-7dc7a719c334', '4db62683-9b85-5168-bc71-b43764bde4b2', 'كيف نحسب التواترَ النسبيّ لقيمةٍ في سلسلةٍ إحصائيّة؟', '[{"id":"a","text":"عددُ المرّات التي تظهر فيها القيمة (تعدادُها)"},{"id":"b","text":"تعدادُ القيمة مقسومًا على التعداد الكليّ"},{"id":"c","text":"تعدادُ القيمة مضروبًا في التعداد الكليّ"},{"id":"d","text":"مجموعُ تعدادات كلّ القيم"}]'::jsonb, 'b', 'التواترُ النسبيّ حصّةُ القيمة من المجموع: تعدادُها ÷ التعداد الكليّ ✓. الخيار (أ) هو التعدادُ نفسُه لا التواتر، و(د) هو التعدادُ الكليّ. الفخّ: الخلطُ بين التعداد (عددٌ صحيح) والتواتر النسبيّ (حصّةٌ تُقسَم).', 1)
ON CONFLICT (id) DO UPDATE SET
  exercise_id = EXCLUDED.exercise_id,
  prompt = EXCLUDED.prompt,
  options = EXCLUDED.options,
  correct_option = EXCLUDED.correct_option,
  explanation = EXCLUDED.explanation,
  display_order = EXCLUDED.display_order;

INSERT INTO public.questions (id, exercise_id, prompt, options, correct_option, explanation, display_order) VALUES
  ('dde54e81-78b7-55ac-bbf1-7c7c50cc9e9b', '4db62683-9b85-5168-bc71-b43764bde4b2', 'في قسمٍ من 25 تلميذًا، يحبّ 10 منهم كرةَ القدم. ما التواترُ النسبيّ لمحبّي كرة القدم بالنسبة المئوية؟', '[{"id":"a","text":"40%"},{"id":"b","text":"10%"},{"id":"c","text":"25%"},{"id":"d","text":"250%"}]'::jsonb, 'a', 'التواتر النسبي = 10 ÷ 25 = 0.4 = 40% ✓. الخطأُ الشائع: أخذُ التعداد 10 كنسبة (10%)، أو التعداد الكليّ 25 (25%)، أو القسمةُ المقلوبة 25 ÷ 10 = 2.5 = 250%.', 2)
ON CONFLICT (id) DO UPDATE SET
  exercise_id = EXCLUDED.exercise_id,
  prompt = EXCLUDED.prompt,
  options = EXCLUDED.options,
  correct_option = EXCLUDED.correct_option,
  explanation = EXCLUDED.explanation,
  display_order = EXCLUDED.display_order;

INSERT INTO public.questions (id, exercise_id, prompt, options, correct_option, explanation, display_order) VALUES
  ('a8fb946b-65a2-5a3c-a6dc-01b133a52d59', '4db62683-9b85-5168-bc71-b43764bde4b2', 'في جدولٍ إحصائيّ، مجموعُ التواترات النسبيّة لكلّ القيم يساوي دائمًا:', '[{"id":"a","text":"360°"},{"id":"b","text":"التعدادَ الكليّ"},{"id":"c","text":"100% (أي 1)"},{"id":"d","text":"قيمةً تختلف حسب البيانات"}]'::jsonb, 'c', 'كلُّ التعدادات مقسومةً على التعداد الكليّ تُعطي في مجموعها التعدادَ الكليّ ÷ نفسِه = 1 = 100% ✓. أمّا مجموعُ التعدادات فيساوي التعدادَ الكليّ (خيار ب)، و360° مجموعُ زوايا القطاعات لا التواترات.', 3)
ON CONFLICT (id) DO UPDATE SET
  exercise_id = EXCLUDED.exercise_id,
  prompt = EXCLUDED.prompt,
  options = EXCLUDED.options,
  correct_option = EXCLUDED.correct_option,
  explanation = EXCLUDED.explanation,
  display_order = EXCLUDED.display_order;

INSERT INTO public.questions (id, exercise_id, prompt, options, correct_option, explanation, display_order) VALUES
  ('9f316d06-2c88-5597-93b8-4806e21f0cee', '4db62683-9b85-5168-bc71-b43764bde4b2', 'قيمةٌ تواترُها النسبيّ 25%. ما قياسُ زاويةِ قطاعها في التمثيل الدائريّ؟', '[{"id":"a","text":"25°"},{"id":"b","text":"45°"},{"id":"c","text":"360°"},{"id":"d","text":"90°"}]'::jsonb, 'd', 'زاوية القطاع = التواتر النسبي × 360 = 0.25 × 360 = 90° ✓. الخطأُ الشائع: كتابةُ الزاوية مساويةً للنسبة مباشرةً (25°) بنسيان الضرب في 360.', 4)
ON CONFLICT (id) DO UPDATE SET
  exercise_id = EXCLUDED.exercise_id,
  prompt = EXCLUDED.prompt,
  options = EXCLUDED.options,
  correct_option = EXCLUDED.correct_option,
  explanation = EXCLUDED.explanation,
  display_order = EXCLUDED.display_order;

INSERT INTO public.questions (id, exercise_id, prompt, options, correct_option, explanation, display_order) VALUES
  ('765a60fa-53b3-5152-9245-d31e86958d7d', '4db62683-9b85-5168-bc71-b43764bde4b2', 'ما المعدّلُ الحسابيّ للعلامات التالية: 12؛ 8؛ 10؛ 14؛ 16؟', '[{"id":"a","text":"12"},{"id":"b","text":"60"},{"id":"c","text":"10"},{"id":"d","text":"16"}]'::jsonb, 'a', 'المعدّل = مجموع القيم ÷ عددها = (12+8+10+14+16) ÷ 5 = 60 ÷ 5 = 12 ✓. الخطأُ الشائع: نسيانُ القسمة على العدد والاكتفاءُ بالمجموع 60، أو القسمةُ على عددٍ خاطئ.', 5)
ON CONFLICT (id) DO UPDATE SET
  exercise_id = EXCLUDED.exercise_id,
  prompt = EXCLUDED.prompt,
  options = EXCLUDED.options,
  correct_option = EXCLUDED.correct_option,
  explanation = EXCLUDED.explanation,
  display_order = EXCLUDED.display_order;

INSERT INTO public.exercises (id, chapter_id, subject_id, title, difficulty, xp_reward, reward_coins, mode, source, display_order) VALUES
  ('1a35b13e-27c5-50cd-8b90-fa60f86466b7', 'e39038b4-4633-5971-a4f9-51c9b38a7d92', 'math-8eme', '⭐ تمرين: أساسيات التعداد والتواتر', 1, 50, 10, 'practice', 'admin', 1)
ON CONFLICT (id) DO UPDATE SET
  chapter_id = EXCLUDED.chapter_id,
  subject_id = EXCLUDED.subject_id,
  title = EXCLUDED.title,
  difficulty = EXCLUDED.difficulty,
  xp_reward = EXCLUDED.xp_reward,
  reward_coins = EXCLUDED.reward_coins,
  mode = EXCLUDED.mode,
  display_order = EXCLUDED.display_order;

INSERT INTO public.questions (id, exercise_id, prompt, options, correct_option, explanation, display_order) VALUES
  ('0497cc1f-61e8-597a-973e-e2e687aa0eee', '1a35b13e-27c5-50cd-8b90-fa60f86466b7', 'سلسلةٌ إحصائيّة تعداداتُها: 5؛ 8؛ 4؛ 3. ما التعدادُ الكليّ؟', '[{"id":"a","text":"20"},{"id":"b","text":"8"},{"id":"c","text":"16"},{"id":"d","text":"4"}]'::jsonb, 'a', 'التعدادُ الكليّ هو مجموعُ كلّ التعدادات: 5 + 8 + 4 + 3 = 20 ✓. الخطأُ الشائع: أخذُ أكبر تعدادٍ (8) أو عددِ القيم (4) بدل جمعها كلِّها.', 1)
ON CONFLICT (id) DO UPDATE SET
  exercise_id = EXCLUDED.exercise_id,
  prompt = EXCLUDED.prompt,
  options = EXCLUDED.options,
  correct_option = EXCLUDED.correct_option,
  explanation = EXCLUDED.explanation,
  display_order = EXCLUDED.display_order;

INSERT INTO public.questions (id, exercise_id, prompt, options, correct_option, explanation, display_order) VALUES
  ('0a87d0ce-ebec-5e97-b35c-cdb66d324e1f', '1a35b13e-27c5-50cd-8b90-fa60f86466b7', 'من بين 20 تلميذًا، اختار 5 مادّةَ الرسم. ما التواترُ النسبيّ لمحبّي الرسم؟', '[{"id":"a","text":"5%"},{"id":"b","text":"25%"},{"id":"c","text":"20%"},{"id":"d","text":"4%"}]'::jsonb, 'b', 'التواتر النسبي = 5 ÷ 20 = 0.25 = 25% ✓. الخطأُ الشائع: أخذُ التعداد 5 كنسبة (5%)، أو التعداد الكليّ 20 (20%)، أو القسمةُ المقلوبة 20 ÷ 5 كنسبةٍ خاطئة.', 2)
ON CONFLICT (id) DO UPDATE SET
  exercise_id = EXCLUDED.exercise_id,
  prompt = EXCLUDED.prompt,
  options = EXCLUDED.options,
  correct_option = EXCLUDED.correct_option,
  explanation = EXCLUDED.explanation,
  display_order = EXCLUDED.display_order;

INSERT INTO public.questions (id, exercise_id, prompt, options, correct_option, explanation, display_order) VALUES
  ('06ba240c-9012-50c3-b06e-5b3324226af5', '1a35b13e-27c5-50cd-8b90-fa60f86466b7', 'في استطلاعٍ عن نوع الفطور، أجاب 12 شخصًا بـ«قهوة». ماذا يمثّل العددُ 12؟', '[{"id":"a","text":"التواترَ النسبيّ لجواب «قهوة»"},{"id":"b","text":"المعدّلَ الحسابيّ"},{"id":"c","text":"تعدادَ جواب «قهوة» (عددَ من اختاروه)"},{"id":"d","text":"التعدادَ الكليّ للاستطلاع"}]'::jsonb, 'c', 'العددُ 12 هو تعدادُ القيمة «قهوة»: عددُ الأشخاص الذين أجابوا بها ✓. أمّا التواترُ النسبيّ فحصّةٌ مئويّة، والتعدادُ الكليّ مجموعُ كلّ الإجابات لا إجابةً واحدة.', 3)
ON CONFLICT (id) DO UPDATE SET
  exercise_id = EXCLUDED.exercise_id,
  prompt = EXCLUDED.prompt,
  options = EXCLUDED.options,
  correct_option = EXCLUDED.correct_option,
  explanation = EXCLUDED.explanation,
  display_order = EXCLUDED.display_order;

INSERT INTO public.questions (id, exercise_id, prompt, options, correct_option, explanation, display_order) VALUES
  ('47ac7cf2-f9d6-577e-a0b7-33b1e1fbfb44', '1a35b13e-27c5-50cd-8b90-fa60f86466b7', 'ما المعدّلُ الحسابيّ للأعداد: 6؛ 10؛ 8؟', '[{"id":"a","text":"24"},{"id":"b","text":"9"},{"id":"c","text":"6"},{"id":"d","text":"8"}]'::jsonb, 'd', 'المعدّل = مجموع القيم ÷ عددها = (6 + 10 + 8) ÷ 3 = 24 ÷ 3 = 8 ✓. الخطأُ الشائع: نسيانُ القسمة والاكتفاءُ بالمجموع 24، أو القسمةُ على عددٍ خاطئ.', 4)
ON CONFLICT (id) DO UPDATE SET
  exercise_id = EXCLUDED.exercise_id,
  prompt = EXCLUDED.prompt,
  options = EXCLUDED.options,
  correct_option = EXCLUDED.correct_option,
  explanation = EXCLUDED.explanation,
  display_order = EXCLUDED.display_order;

INSERT INTO public.questions (id, exercise_id, prompt, options, correct_option, explanation, display_order) VALUES
  ('ce741c7c-de61-5faf-a393-1d4f3a88f9df', '1a35b13e-27c5-50cd-8b90-fa60f86466b7', 'في قسمٍ من 30 تلميذًا، تواترُ محبّي القراءة النسبيّ 20%. كم عددُهم؟', '[{"id":"a","text":"6"},{"id":"b","text":"20"},{"id":"c","text":"10"},{"id":"d","text":"15"}]'::jsonb, 'a', 'تعدادُ القيمة = التواتر النسبيّ × التعداد الكليّ = 0.20 × 30 = 6 ✓. الخطأُ الشائع: أخذُ النسبة 20 كعددٍ مباشرةً، أو قسمةُ 30 على 2.', 5)
ON CONFLICT (id) DO UPDATE SET
  exercise_id = EXCLUDED.exercise_id,
  prompt = EXCLUDED.prompt,
  options = EXCLUDED.options,
  correct_option = EXCLUDED.correct_option,
  explanation = EXCLUDED.explanation,
  display_order = EXCLUDED.display_order;

INSERT INTO public.questions (id, exercise_id, prompt, options, correct_option, explanation, display_order) VALUES
  ('59617934-1848-5ede-9413-84e0a2ab1b26', '1a35b13e-27c5-50cd-8b90-fa60f86466b7', 'سلسلةٌ من 40 عنصرًا بأربع قيم، تعداداتُ ثلاثٍ منها: 12؛ 15؛ 8، والرابعة س. ما قيمةُ س؟', '[{"id":"a","text":"13"},{"id":"b","text":"5"},{"id":"c","text":"35"},{"id":"d","text":"8"}]'::jsonb, 'b', 'مجموعُ التعدادات = التعداد الكليّ: 12 + 15 + 8 + س = 40، أي 35 + س = 40، فـ س = 40 − 35 = 5 ✓. الخطأُ الشائع: نسيانُ الطرح واعتبارُ المجموع الجزئيّ 35 هو الجواب.', 6)
ON CONFLICT (id) DO UPDATE SET
  exercise_id = EXCLUDED.exercise_id,
  prompt = EXCLUDED.prompt,
  options = EXCLUDED.options,
  correct_option = EXCLUDED.correct_option,
  explanation = EXCLUDED.explanation,
  display_order = EXCLUDED.display_order;

INSERT INTO public.exercises (id, chapter_id, subject_id, title, difficulty, xp_reward, reward_coins, mode, source, display_order) VALUES
  ('5bf1faa9-f11e-5c30-9bd6-c6289f648f79', 'e39038b4-4633-5971-a4f9-51c9b38a7d92', 'math-8eme', '⚔️ زعيم الفصل ⭐⭐⭐: التواترات وزوايا القطاعات', 3, 120, 30, 'boss', 'admin', 2)
ON CONFLICT (id) DO UPDATE SET
  chapter_id = EXCLUDED.chapter_id,
  subject_id = EXCLUDED.subject_id,
  title = EXCLUDED.title,
  difficulty = EXCLUDED.difficulty,
  xp_reward = EXCLUDED.xp_reward,
  reward_coins = EXCLUDED.reward_coins,
  mode = EXCLUDED.mode,
  display_order = EXCLUDED.display_order;

INSERT INTO public.questions (id, exercise_id, prompt, options, correct_option, explanation, display_order) VALUES
  ('c3d0d6d1-c781-5536-82b1-14df5a01a2ad', '5bf1faa9-f11e-5c30-9bd6-c6289f648f79', 'قيمةٌ تواترُها النسبيّ 50%. ما قياسُ زاويةِ قطاعها في التمثيل الدائريّ؟', '[{"id":"a","text":"180°"},{"id":"b","text":"50°"},{"id":"c","text":"90°"},{"id":"d","text":"360°"}]'::jsonb, 'a', 'زاوية القطاع = التواتر النسبيّ × 360 = 0.5 × 360 = 180° ✓. النصفُ من الدائرة الكاملة (360°) هو 180°. الخطأُ الشائع: كتابةُ 50° مباشرةً بنسيان الضرب في 360.', 1)
ON CONFLICT (id) DO UPDATE SET
  exercise_id = EXCLUDED.exercise_id,
  prompt = EXCLUDED.prompt,
  options = EXCLUDED.options,
  correct_option = EXCLUDED.correct_option,
  explanation = EXCLUDED.explanation,
  display_order = EXCLUDED.display_order;

INSERT INTO public.questions (id, exercise_id, prompt, options, correct_option, explanation, display_order) VALUES
  ('6bf4363e-8a57-5f72-9879-145619dc1cee', '5bf1faa9-f11e-5c30-9bd6-c6289f648f79', 'في سلسلةٍ تعدادُها الكليّ 50، تعدادُ إحدى القيم 20. ما تواترُها النسبيّ؟', '[{"id":"a","text":"20%"},{"id":"b","text":"40%"},{"id":"c","text":"25%"},{"id":"d","text":"30%"}]'::jsonb, 'b', 'التواتر النسبيّ = 20 ÷ 50 = 0.4 = 40% ✓. الخطأُ الشائع: أخذُ التعداد 20 كنسبة (20%)، أو حسابُ 50 ÷ 20 = 2.5 بدل القسمة الصحيحة.', 2)
ON CONFLICT (id) DO UPDATE SET
  exercise_id = EXCLUDED.exercise_id,
  prompt = EXCLUDED.prompt,
  options = EXCLUDED.options,
  correct_option = EXCLUDED.correct_option,
  explanation = EXCLUDED.explanation,
  display_order = EXCLUDED.display_order;

INSERT INTO public.questions (id, exercise_id, prompt, options, correct_option, explanation, display_order) VALUES
  ('5be4594b-bf63-5e8d-afaa-78a8bf6a7a7e', '5bf1faa9-f11e-5c30-9bd6-c6289f648f79', 'في سلسلةٍ تعدادُها الكليّ 40، قيمةٌ تعدادُها 10. ما قياسُ زاويةِ قطاعها الدائريّ؟', '[{"id":"a","text":"10°"},{"id":"b","text":"36°"},{"id":"c","text":"90°"},{"id":"d","text":"100°"}]'::jsonb, 'c', 'الزاوية = (تعداد القيمة ÷ التعداد الكليّ) × 360 = (10 ÷ 40) × 360 = 0.25 × 360 = 90° ✓. الخطأُ الشائع: أخذُ التعداد 10 كأنّه نسبةٌ مئويّة فتُحسب 10% × 360 = 36°، أو كتابةُ 10° مباشرةً.', 3)
ON CONFLICT (id) DO UPDATE SET
  exercise_id = EXCLUDED.exercise_id,
  prompt = EXCLUDED.prompt,
  options = EXCLUDED.options,
  correct_option = EXCLUDED.correct_option,
  explanation = EXCLUDED.explanation,
  display_order = EXCLUDED.display_order;

INSERT INTO public.questions (id, exercise_id, prompt, options, correct_option, explanation, display_order) VALUES
  ('68a06906-1d15-51d4-9b94-e63c86a81067', '5bf1faa9-f11e-5c30-9bd6-c6289f648f79', 'علاماتٌ في اختبار: العلامة 10 عند تلميذين، والعلامة 15 عند 3 تلاميذ. ما المعدّلُ الحسابيّ؟', '[{"id":"a","text":"12.5"},{"id":"b","text":"13"},{"id":"c","text":"25"},{"id":"d","text":"11"}]'::jsonb, 'b', 'المعدّل المرجّح = (10×2 + 15×3) ÷ (2+3) = (20 + 45) ÷ 5 = 65 ÷ 5 = 13 ✓. الخطأُ الشائع: القسمةُ على عدد القيم المختلفة (10+15)÷2 = 12.5 بنسيان الترجيح بالتعدادات، أو جمعُ القيمتين فقط (25).', 4)
ON CONFLICT (id) DO UPDATE SET
  exercise_id = EXCLUDED.exercise_id,
  prompt = EXCLUDED.prompt,
  options = EXCLUDED.options,
  correct_option = EXCLUDED.correct_option,
  explanation = EXCLUDED.explanation,
  display_order = EXCLUDED.display_order;

INSERT INTO public.questions (id, exercise_id, prompt, options, correct_option, explanation, display_order) VALUES
  ('3d71ca19-4a90-5837-b851-3ca78683cc27', '5bf1faa9-f11e-5c30-9bd6-c6289f648f79', 'في جدولٍ إحصائيّ، التواترات النسبيّة لثلاث قيم هي: 30%؛ 25%؛ 20%، وهناك قيمةٌ رابعة مجهولةٌ تواترُها. ما تواترُها النسبيّ؟', '[{"id":"a","text":"75%"},{"id":"b","text":"20%"},{"id":"c","text":"25%"},{"id":"d","text":"100%"}]'::jsonb, 'c', 'مجموعُ التواترات النسبيّة يساوي دائمًا 100%: 30 + 25 + 20 + س = 100، أي 75 + س = 100، فـ س = 25% ✓. الخطأُ الشائع: اعتبارُ المجموع الجزئيّ 75% هو الجواب، أو نسيانُ خاصّية الـ100%.', 5)
ON CONFLICT (id) DO UPDATE SET
  exercise_id = EXCLUDED.exercise_id,
  prompt = EXCLUDED.prompt,
  options = EXCLUDED.options,
  correct_option = EXCLUDED.correct_option,
  explanation = EXCLUDED.explanation,
  display_order = EXCLUDED.display_order;

INSERT INTO public.questions (id, exercise_id, prompt, options, correct_option, explanation, display_order) VALUES
  ('480c3e45-a8e1-539a-a1d2-f17445443d8b', '5bf1faa9-f11e-5c30-9bd6-c6289f648f79', 'في معهدٍ من 200 تلميذ، تواترُ المسجّلين في نادي المسرح النسبيّ 15%. كم عددُهم؟', '[{"id":"a","text":"15"},{"id":"b","text":"1500"},{"id":"c","text":"13"},{"id":"d","text":"30"}]'::jsonb, 'd', 'العدد = التواتر النسبيّ × التعداد الكليّ = 0.15 × 200 = 30 ✓. الخطأُ الشائع: أخذُ النسبة 15 كعددٍ مباشرةً، أو الخطأُ في موضع الفاصلة (1500).', 6)
ON CONFLICT (id) DO UPDATE SET
  exercise_id = EXCLUDED.exercise_id,
  prompt = EXCLUDED.prompt,
  options = EXCLUDED.options,
  correct_option = EXCLUDED.correct_option,
  explanation = EXCLUDED.explanation,
  display_order = EXCLUDED.display_order;

INSERT INTO public.exercises (id, chapter_id, subject_id, title, difficulty, xp_reward, reward_coins, mode, source, display_order) VALUES
  ('126a97fb-e69b-5ac4-ab28-f424b3b17ac6', 'e39038b4-4633-5971-a4f9-51c9b38a7d92', 'math-8eme', '⭐⭐ تمرين المراجعة: تعداد، تواتر، معدّل', 2, 70, 15, 'practice', 'admin', 3)
ON CONFLICT (id) DO UPDATE SET
  chapter_id = EXCLUDED.chapter_id,
  subject_id = EXCLUDED.subject_id,
  title = EXCLUDED.title,
  difficulty = EXCLUDED.difficulty,
  xp_reward = EXCLUDED.xp_reward,
  reward_coins = EXCLUDED.reward_coins,
  mode = EXCLUDED.mode,
  display_order = EXCLUDED.display_order;

INSERT INTO public.questions (id, exercise_id, prompt, options, correct_option, explanation, display_order) VALUES
  ('05325f36-822d-5132-8a78-9fe343a09531', '126a97fb-e69b-5ac4-ab28-f424b3b17ac6', 'تعداداتُ سلسلةٍ إحصائيّة: 7؛ 7؛ 6. ما التعدادُ الكليّ؟', '[{"id":"a","text":"20"},{"id":"b","text":"7"},{"id":"c","text":"14"},{"id":"d","text":"13"}]'::jsonb, 'a', 'التعدادُ الكليّ = 7 + 7 + 6 = 20 ✓. الخطأُ الشائع: جمعُ تعدادين فقط (7 + 7 = 14 أو 7 + 6 = 13) ونسيانُ الثالث.', 1)
ON CONFLICT (id) DO UPDATE SET
  exercise_id = EXCLUDED.exercise_id,
  prompt = EXCLUDED.prompt,
  options = EXCLUDED.options,
  correct_option = EXCLUDED.correct_option,
  explanation = EXCLUDED.explanation,
  display_order = EXCLUDED.display_order;

INSERT INTO public.questions (id, exercise_id, prompt, options, correct_option, explanation, display_order) VALUES
  ('8c820494-fa90-5e60-be1c-458a17f1fb4c', '126a97fb-e69b-5ac4-ab28-f424b3b17ac6', 'من بين 200 شخص، يفضّل 50 منهم الشايَ. ما تواترُهم النسبيّ؟', '[{"id":"a","text":"50%"},{"id":"b","text":"4%"},{"id":"c","text":"25%"},{"id":"d","text":"20%"}]'::jsonb, 'c', 'التواتر النسبيّ = 50 ÷ 200 = 0.25 = 25% ✓. الخطأُ الشائع: أخذُ التعداد 50 كنسبة (50%)، أو القسمةُ المقلوبة 200 ÷ 50 = 4 كنسبةٍ خاطئة (4%).', 2)
ON CONFLICT (id) DO UPDATE SET
  exercise_id = EXCLUDED.exercise_id,
  prompt = EXCLUDED.prompt,
  options = EXCLUDED.options,
  correct_option = EXCLUDED.correct_option,
  explanation = EXCLUDED.explanation,
  display_order = EXCLUDED.display_order;

INSERT INTO public.questions (id, exercise_id, prompt, options, correct_option, explanation, display_order) VALUES
  ('2ad95c64-12ee-507b-bcab-bf79410af5b8', '126a97fb-e69b-5ac4-ab28-f424b3b17ac6', 'ما المعدّلُ الحسابيّ للأعداد: 14؛ 9؛ 13؛ 8؟', '[{"id":"a","text":"44"},{"id":"b","text":"11"},{"id":"c","text":"12"},{"id":"d","text":"10"}]'::jsonb, 'b', 'المعدّل = (14 + 9 + 13 + 8) ÷ 4 = 44 ÷ 4 = 11 ✓. الخطأُ الشائع: الاكتفاءُ بالمجموع 44 بلا قسمة، أو القسمةُ على عددٍ خاطئ.', 3)
ON CONFLICT (id) DO UPDATE SET
  exercise_id = EXCLUDED.exercise_id,
  prompt = EXCLUDED.prompt,
  options = EXCLUDED.options,
  correct_option = EXCLUDED.correct_option,
  explanation = EXCLUDED.explanation,
  display_order = EXCLUDED.display_order;

INSERT INTO public.questions (id, exercise_id, prompt, options, correct_option, explanation, display_order) VALUES
  ('bfe93bd9-31cf-52e2-8304-f35226dcafc5', '126a97fb-e69b-5ac4-ab28-f424b3b17ac6', 'في قريةٍ عددُ سكّانها 800 نسمة، 35% منهم أطفال. كم عددُ الأطفال؟', '[{"id":"a","text":"35"},{"id":"b","text":"2800"},{"id":"c","text":"23"},{"id":"d","text":"280"}]'::jsonb, 'd', 'العدد = التواتر النسبيّ × التعداد الكليّ = 0.35 × 800 = 280 ✓. الخطأُ الشائع: أخذُ النسبة 35 كعدد، أو الضربُ في 800 دون قسمةِ النسبة على 100 (2800).', 4)
ON CONFLICT (id) DO UPDATE SET
  exercise_id = EXCLUDED.exercise_id,
  prompt = EXCLUDED.prompt,
  options = EXCLUDED.options,
  correct_option = EXCLUDED.correct_option,
  explanation = EXCLUDED.explanation,
  display_order = EXCLUDED.display_order;

INSERT INTO public.questions (id, exercise_id, prompt, options, correct_option, explanation, display_order) VALUES
  ('0050247f-6af4-5966-9d7f-3d50b79ba9f9', '126a97fb-e69b-5ac4-ab28-f424b3b17ac6', 'في سلسلةٍ تعدادُها الكليّ 60، قيمةٌ تعدادُها 9. ما قياسُ زاويةِ قطاعها الدائريّ؟', '[{"id":"a","text":"9°"},{"id":"b","text":"60°"},{"id":"c","text":"54°"},{"id":"d","text":"15°"}]'::jsonb, 'c', 'الزاوية = (9 ÷ 60) × 360 = 0.15 × 360 = 54° ✓. الخطأُ الشائع: كتابةُ 9° مباشرةً، أو التوقّفُ عند التواتر 15% (9÷60) دون ضربه في 360.', 5)
ON CONFLICT (id) DO UPDATE SET
  exercise_id = EXCLUDED.exercise_id,
  prompt = EXCLUDED.prompt,
  options = EXCLUDED.options,
  correct_option = EXCLUDED.correct_option,
  explanation = EXCLUDED.explanation,
  display_order = EXCLUDED.display_order;

INSERT INTO public.questions (id, exercise_id, prompt, options, correct_option, explanation, display_order) VALUES
  ('61652647-f552-52b4-9fc5-da8a12654ccd', '126a97fb-e69b-5ac4-ab28-f424b3b17ac6', 'في مدرسةٍ من 400 تلميذ، تواترُ الناجحين النسبيّ 90%. كم عددُ الناجحين؟', '[{"id":"a","text":"360 تلميذًا"},{"id":"b","text":"90 تلميذًا"},{"id":"c","text":"40 تلميذًا"},{"id":"d","text":"التعدادُ الكليّ 90"}]'::jsonb, 'a', 'عددُ الناجحين = 0.90 × 400 = 360 تلميذًا ✓. الخطأُ الشائع: أخذُ النسبة 90 كعددٍ من الناجحين، أو حسابُ عدد الراسبين (10% × 400 = 40) بدل الناجحين.', 6)
ON CONFLICT (id) DO UPDATE SET
  exercise_id = EXCLUDED.exercise_id,
  prompt = EXCLUDED.prompt,
  options = EXCLUDED.options,
  correct_option = EXCLUDED.correct_option,
  explanation = EXCLUDED.explanation,
  display_order = EXCLUDED.display_order;

INSERT INTO public.exercises (id, chapter_id, subject_id, title, difficulty, xp_reward, reward_coins, mode, source, display_order) VALUES
  ('e4659fcb-3ea7-5abb-81dd-adda3a51733d', 'e39038b4-4633-5971-a4f9-51c9b38a7d92', 'math-8eme', '👑 تحدّي النخبة ⭐⭐⭐⭐: عمقُ الإحصاء والمعدّل', 4, 300, 60, 'challenge', 'admin', 4)
ON CONFLICT (id) DO UPDATE SET
  chapter_id = EXCLUDED.chapter_id,
  subject_id = EXCLUDED.subject_id,
  title = EXCLUDED.title,
  difficulty = EXCLUDED.difficulty,
  xp_reward = EXCLUDED.xp_reward,
  reward_coins = EXCLUDED.reward_coins,
  mode = EXCLUDED.mode,
  display_order = EXCLUDED.display_order;

INSERT INTO public.questions (id, exercise_id, prompt, options, correct_option, explanation, display_order) VALUES
  ('1705c2ae-70fd-51f2-acae-129e52b57904', 'e4659fcb-3ea7-5abb-81dd-adda3a51733d', 'في تمثيلٍ دائريّ، قطاعُ إحدى القيم زاويتُه 72°. ما التواترُ النسبيّ لهذه القيمة؟', '[{"id":"a","text":"72%"},{"id":"b","text":"20%"},{"id":"c","text":"10%"},{"id":"d","text":"36%"}]'::jsonb, 'b', 'التواتر النسبيّ = الزاوية ÷ 360 = 72 ÷ 360 = 0.2 = 20% ✓ (العمليّةُ العكسيّة للضرب في 360). الخطأُ الشائع: أخذُ الزاوية 72 كنسبةٍ مباشرةً (72%).', 1)
ON CONFLICT (id) DO UPDATE SET
  exercise_id = EXCLUDED.exercise_id,
  prompt = EXCLUDED.prompt,
  options = EXCLUDED.options,
  correct_option = EXCLUDED.correct_option,
  explanation = EXCLUDED.explanation,
  display_order = EXCLUDED.display_order;

INSERT INTO public.questions (id, exercise_id, prompt, options, correct_option, explanation, display_order) VALUES
  ('15af682b-4bd9-57e6-bcfb-0a1e02326740', 'e4659fcb-3ea7-5abb-81dd-adda3a51733d', 'أعمارُ فريق: 15 سنة (لاعبان)، 16 سنة (3 لاعبين)، 18 سنة (لاعبٌ واحد). ما معدّلُ العمر؟', '[{"id":"a","text":"16.5"},{"id":"b","text":"16.33"},{"id":"c","text":"16"},{"id":"d","text":"96"}]'::jsonb, 'c', 'المعدّل المرجّح = (15×2 + 16×3 + 18×1) ÷ (2+3+1) = (30 + 48 + 18) ÷ 6 = 96 ÷ 6 = 16 ✓. الخطأُ الشائع: القسمةُ على عدد القيم المختلفة (15+16+18)÷3 ≈ 16.33 بنسيان الترجيح بالتعدادات.', 2)
ON CONFLICT (id) DO UPDATE SET
  exercise_id = EXCLUDED.exercise_id,
  prompt = EXCLUDED.prompt,
  options = EXCLUDED.options,
  correct_option = EXCLUDED.correct_option,
  explanation = EXCLUDED.explanation,
  display_order = EXCLUDED.display_order;

INSERT INTO public.questions (id, exercise_id, prompt, options, correct_option, explanation, display_order) VALUES
  ('b8519a67-65fa-5a8f-bf49-4e8e6771153e', 'e4659fcb-3ea7-5abb-81dd-adda3a51733d', 'سلسلةٌ من 50 عنصرًا بأربع قيم، تعداداتُ ثلاثٍ منها: 12؛ 18؛ 11. ما التواترُ النسبيّ للقيمة الرابعة؟', '[{"id":"a","text":"9%"},{"id":"b","text":"22%"},{"id":"c","text":"41%"},{"id":"d","text":"18%"}]'::jsonb, 'd', 'أوّلًا نجد تعداد الرابعة: 50 − (12+18+11) = 50 − 41 = 9. ثمّ تواترُها = 9 ÷ 50 = 0.18 = 18% ✓. الخطأُ الشائع: التوقّفُ عند التعداد 9 وكتابتُه كنسبة (9%)، أو نسيانُ الطرح من التعداد الكليّ.', 3)
ON CONFLICT (id) DO UPDATE SET
  exercise_id = EXCLUDED.exercise_id,
  prompt = EXCLUDED.prompt,
  options = EXCLUDED.options,
  correct_option = EXCLUDED.correct_option,
  explanation = EXCLUDED.explanation,
  display_order = EXCLUDED.display_order;

INSERT INTO public.questions (id, exercise_id, prompt, options, correct_option, explanation, display_order) VALUES
  ('baa2e2f0-d62d-596d-b31f-01ebc303a42a', 'e4659fcb-3ea7-5abb-81dd-adda3a51733d', 'معدّلُ ثلاث علاماتٍ يساوي 12. علامتان منها 10 و11. ما العلامةُ الثالثة؟', '[{"id":"a","text":"15"},{"id":"b","text":"13"},{"id":"c","text":"12"},{"id":"d","text":"14"}]'::jsonb, 'a', 'المعدّل 12 لثلاث علاماتٍ يعني أنّ مجموعها = 12 × 3 = 36. العلامةُ الثالثة = 36 − (10 + 11) = 36 − 21 = 15 ✓. الخطأُ الشائع: نسيانُ ضرب المعدّل في العدد لإيجاد المجموع، أو أخذُ المعدّل 12 كجواب.', 4)
ON CONFLICT (id) DO UPDATE SET
  exercise_id = EXCLUDED.exercise_id,
  prompt = EXCLUDED.prompt,
  options = EXCLUDED.options,
  correct_option = EXCLUDED.correct_option,
  explanation = EXCLUDED.explanation,
  display_order = EXCLUDED.display_order;

INSERT INTO public.questions (id, exercise_id, prompt, options, correct_option, explanation, display_order) VALUES
  ('6cecdb6b-b5cb-5ec9-86b0-319a9514e4e3', 'e4659fcb-3ea7-5abb-81dd-adda3a51733d', 'لحساب معدّل العلامات: 8 (عند 3 تلاميذ) و16 (عند تلميذٍ واحد)، كتب تلميذٌ: المعدّل = (8 + 16) ÷ 2 = 12. أين الخطأ؟', '[{"id":"a","text":"لا خطأ، المعدّل 12 صحيح"},{"id":"b","text":"نسي ترجيح كلّ علامةٍ بتعدادها؛ الصحيح (8×3 + 16×1) ÷ 4 = 10"},{"id":"c","text":"كان عليه القسمة على 3 لا على 2"},{"id":"d","text":"المعدّل هو مجموع العلامتين 24"}]'::jsonb, 'b', 'المعدّل المرجّح يضرب كلّ علامةٍ في تعدادها ويقسم على التعداد الكليّ: (8×3 + 16×1) ÷ (3+1) = (24 + 16) ÷ 4 = 40 ÷ 4 = 10 ✓. التلميذُ عامل العلامتين بوزنٍ متساوٍ فأخطأ. (سؤالُ اكتشاف خطأ: الخيارُ الصحيح يصف الخطأ ويعطي القيمة السليمة.)', 5)
ON CONFLICT (id) DO UPDATE SET
  exercise_id = EXCLUDED.exercise_id,
  prompt = EXCLUDED.prompt,
  options = EXCLUDED.options,
  correct_option = EXCLUDED.correct_option,
  explanation = EXCLUDED.explanation,
  display_order = EXCLUDED.display_order;

INSERT INTO public.questions (id, exercise_id, prompt, options, correct_option, explanation, display_order) VALUES
  ('b0736243-caca-50d3-ac20-e961f3c411ff', 'e4659fcb-3ea7-5abb-81dd-adda3a51733d', 'في استطلاعٍ شمل 120 شخصًا، خُصّص للقطاع «راضٍ» في التمثيل الدائريّ زاويةٌ قياسُها 210°. كم عددُ الراضين؟', '[{"id":"a","text":"210"},{"id":"b","text":"58"},{"id":"c","text":"70"},{"id":"d","text":"60"}]'::jsonb, 'c', 'التواتر النسبيّ = 210 ÷ 360 (وهو 7/12)، والعدد = التواتر × التعداد الكليّ = (210 ÷ 360) × 120 = (7/12) × 120 = 70 ✓. الخطأُ الشائع: أخذُ الزاوية 210 كعددٍ مباشرةً، أو الخلطُ بين النصف (60) والقيمة الحقيقية.', 6)
ON CONFLICT (id) DO UPDATE SET
  exercise_id = EXCLUDED.exercise_id,
  prompt = EXCLUDED.prompt,
  options = EXCLUDED.options,
  correct_option = EXCLUDED.correct_option,
  explanation = EXCLUDED.explanation,
  display_order = EXCLUDED.display_order;

INSERT INTO public.exercises (id, chapter_id, subject_id, title, difficulty, xp_reward, reward_coins, mode, source, display_order) VALUES
  ('f8b21c7d-f774-5a06-a3b4-489daf88664a', 'e39038b4-4633-5971-a4f9-51c9b38a7d92', 'math-8eme', '⚔️ زعيم الفصل ⭐⭐⭐: تدريبٌ على التواترات والمعدّل', 3, 120, 30, 'boss', 'admin', 5)
ON CONFLICT (id) DO UPDATE SET
  chapter_id = EXCLUDED.chapter_id,
  subject_id = EXCLUDED.subject_id,
  title = EXCLUDED.title,
  difficulty = EXCLUDED.difficulty,
  xp_reward = EXCLUDED.xp_reward,
  reward_coins = EXCLUDED.reward_coins,
  mode = EXCLUDED.mode,
  display_order = EXCLUDED.display_order;

INSERT INTO public.questions (id, exercise_id, prompt, options, correct_option, explanation, display_order) VALUES
  ('03f7b413-40f4-5f6f-8561-60f7d80f04e9', 'f8b21c7d-f774-5a06-a3b4-489daf88664a', 'من بين 20 كتابًا في رفٍّ، 8 روايات. ما التواترُ النسبيّ للروايات؟', '[{"id":"a","text":"8%"},{"id":"b","text":"40%"},{"id":"c","text":"20%"},{"id":"d","text":"12%"}]'::jsonb, 'b', 'التواتر النسبيّ = 8 ÷ 20 = 0.4 = 40% ✓. الخطأُ الشائع: أخذُ التعداد 8 كنسبة (8%)، أو التعداد الكليّ 20 (20%)، أو حسابُ عدد غير الروايات (12) بدل الروايات.', 1)
ON CONFLICT (id) DO UPDATE SET
  exercise_id = EXCLUDED.exercise_id,
  prompt = EXCLUDED.prompt,
  options = EXCLUDED.options,
  correct_option = EXCLUDED.correct_option,
  explanation = EXCLUDED.explanation,
  display_order = EXCLUDED.display_order;

INSERT INTO public.questions (id, exercise_id, prompt, options, correct_option, explanation, display_order) VALUES
  ('e2bae698-04ea-52fd-b6fd-c06763a209f9', 'f8b21c7d-f774-5a06-a3b4-489daf88664a', 'قيمةٌ تواترُها النسبيّ 30%. ما قياسُ زاويةِ قطاعها في التمثيل الدائريّ؟', '[{"id":"a","text":"30°"},{"id":"b","text":"36°"},{"id":"c","text":"108°"},{"id":"d","text":"120°"}]'::jsonb, 'c', 'الزاوية = 0.3 × 360 = 108° ✓. الخطأُ الشائع: كتابةُ 30° مباشرةً بنسيان الضرب في 360، أو الخلطُ مع قيمةٍ ربعِ الدائرة (90°) أو ثلثِها (120°).', 2)
ON CONFLICT (id) DO UPDATE SET
  exercise_id = EXCLUDED.exercise_id,
  prompt = EXCLUDED.prompt,
  options = EXCLUDED.options,
  correct_option = EXCLUDED.correct_option,
  explanation = EXCLUDED.explanation,
  display_order = EXCLUDED.display_order;

INSERT INTO public.questions (id, exercise_id, prompt, options, correct_option, explanation, display_order) VALUES
  ('3604af69-b459-56b8-ba3a-ae37221d3dc3', 'f8b21c7d-f774-5a06-a3b4-489daf88664a', 'عددُ الأهداف في 5 مباريات: 0؛ 2؛ 1؛ 3؛ 4. ما معدّلُ عدد الأهداف في المباراة؟', '[{"id":"a","text":"2"},{"id":"b","text":"10"},{"id":"c","text":"2.5"},{"id":"d","text":"1.5"}]'::jsonb, 'a', 'المعدّل = (0 + 2 + 1 + 3 + 4) ÷ 5 = 10 ÷ 5 = 2 ✓. الخطأُ الشائع: الاكتفاءُ بالمجموع 10 بلا قسمة، أو القسمةُ على 4 (بإسقاط المباراة صاحبة الصفر) فيصبح 2.5.', 3)
ON CONFLICT (id) DO UPDATE SET
  exercise_id = EXCLUDED.exercise_id,
  prompt = EXCLUDED.prompt,
  options = EXCLUDED.options,
  correct_option = EXCLUDED.correct_option,
  explanation = EXCLUDED.explanation,
  display_order = EXCLUDED.display_order;

INSERT INTO public.questions (id, exercise_id, prompt, options, correct_option, explanation, display_order) VALUES
  ('0ef07935-2d7c-5cba-a302-0646a6101561', 'f8b21c7d-f774-5a06-a3b4-489daf88664a', 'من بين 300 ناخب، شارك 60% في التصويت. كم عددُ المصوّتين؟', '[{"id":"a","text":"60"},{"id":"b","text":"1800"},{"id":"c","text":"240"},{"id":"d","text":"180"}]'::jsonb, 'd', 'العدد = 0.60 × 300 = 180 ✓. الخطأُ الشائع: أخذُ النسبة 60 كعدد، أو الضربُ في 300 دون قسمة النسبة على 100 (1800)، أو حسابُ الممتنعين 40% × 300 = 120.', 4)
ON CONFLICT (id) DO UPDATE SET
  exercise_id = EXCLUDED.exercise_id,
  prompt = EXCLUDED.prompt,
  options = EXCLUDED.options,
  correct_option = EXCLUDED.correct_option,
  explanation = EXCLUDED.explanation,
  display_order = EXCLUDED.display_order;

INSERT INTO public.questions (id, exercise_id, prompt, options, correct_option, explanation, display_order) VALUES
  ('cd0a86b7-76bf-5805-b6d4-b8f6922f0d68', 'f8b21c7d-f774-5a06-a3b4-489daf88664a', 'في جدولٍ إحصائيّ، التواترات النسبيّة لثلاث قيم: 45%؛ 30%؛ 15%. ما التواترُ النسبيّ للقيمة الرابعة والأخيرة؟', '[{"id":"a","text":"10%"},{"id":"b","text":"90%"},{"id":"c","text":"15%"},{"id":"d","text":"0%"}]'::jsonb, 'a', 'مجموعُ التواترات = 100%: 45 + 30 + 15 + س = 100، أي 90 + س = 100، فـ س = 10% ✓. الخطأُ الشائع: اعتبارُ المجموع الجزئيّ 90% هو الجواب.', 5)
ON CONFLICT (id) DO UPDATE SET
  exercise_id = EXCLUDED.exercise_id,
  prompt = EXCLUDED.prompt,
  options = EXCLUDED.options,
  correct_option = EXCLUDED.correct_option,
  explanation = EXCLUDED.explanation,
  display_order = EXCLUDED.display_order;

INSERT INTO public.questions (id, exercise_id, prompt, options, correct_option, explanation, display_order) VALUES
  ('6f5c8a31-a63f-57ab-86ab-759dbeca9cae', 'f8b21c7d-f774-5a06-a3b4-489daf88664a', 'في جدول: القيمة 5 تعدادُها 4، والقيمة 10 تعدادُها 6. ما المعدّلُ الحسابيّ؟', '[{"id":"a","text":"7.5"},{"id":"b","text":"8"},{"id":"c","text":"15"},{"id":"d","text":"80"}]'::jsonb, 'b', 'المعدّل المرجّح = (5×4 + 10×6) ÷ (4+6) = (20 + 60) ÷ 10 = 80 ÷ 10 = 8 ✓. الخطأُ الشائع: القسمةُ على عدد القيم (5+10)÷2 = 7.5 بنسيان الترجيح، أو نسيانُ القسمة على التعداد الكليّ (80).', 6)
ON CONFLICT (id) DO UPDATE SET
  exercise_id = EXCLUDED.exercise_id,
  prompt = EXCLUDED.prompt,
  options = EXCLUDED.options,
  correct_option = EXCLUDED.correct_option,
  explanation = EXCLUDED.explanation,
  display_order = EXCLUDED.display_order;

INSERT INTO public.exercises (id, chapter_id, subject_id, title, difficulty, xp_reward, reward_coins, mode, source, display_order) VALUES
  ('02953175-6b30-572c-b224-4439f8fd39d5', 'e39038b4-4633-5971-a4f9-51c9b38a7d92', 'math-8eme', '👑 تحدّي النخبة ⭐⭐⭐⭐: سيّدُ الأرقام الإحصائية', 4, 300, 60, 'challenge', 'admin', 6)
ON CONFLICT (id) DO UPDATE SET
  chapter_id = EXCLUDED.chapter_id,
  subject_id = EXCLUDED.subject_id,
  title = EXCLUDED.title,
  difficulty = EXCLUDED.difficulty,
  xp_reward = EXCLUDED.xp_reward,
  reward_coins = EXCLUDED.reward_coins,
  mode = EXCLUDED.mode,
  display_order = EXCLUDED.display_order;

INSERT INTO public.questions (id, exercise_id, prompt, options, correct_option, explanation, display_order) VALUES
  ('9cee13e0-b5d5-52a6-bb65-67e8fc180984', '02953175-6b30-572c-b224-4439f8fd39d5', 'قطاعٌ في تمثيلٍ دائريّ زاويتُه 45°. ما التواترُ النسبيّ للقيمة التي يمثّلها؟', '[{"id":"a","text":"45%"},{"id":"b","text":"12.5%"},{"id":"c","text":"8%"},{"id":"d","text":"25%"}]'::jsonb, 'b', 'التواتر النسبيّ = 45 ÷ 360 = 0.125 = 12.5% ✓. الخطأُ الشائع: أخذُ الزاوية 45 كنسبةٍ مباشرةً (45%)، أو حسابُ 360 ÷ 45 = 8 كنسبةٍ مقلوبة.', 1)
ON CONFLICT (id) DO UPDATE SET
  exercise_id = EXCLUDED.exercise_id,
  prompt = EXCLUDED.prompt,
  options = EXCLUDED.options,
  correct_option = EXCLUDED.correct_option,
  explanation = EXCLUDED.explanation,
  display_order = EXCLUDED.display_order;

INSERT INTO public.questions (id, exercise_id, prompt, options, correct_option, explanation, display_order) VALUES
  ('547b805d-de8e-5787-90da-ff60c40d9fed', '02953175-6b30-572c-b224-4439f8fd39d5', 'درجاتٌ في اختبار: الدرجة 6 (عند تلميذٍ واحد)، الدرجة 12 (عند 4 تلاميذ)، الدرجة 15 (عند 5 تلاميذ). ما المعدّلُ الحسابيّ؟', '[{"id":"a","text":"11"},{"id":"b","text":"12"},{"id":"c","text":"12.9"},{"id":"d","text":"33"}]'::jsonb, 'c', 'المعدّل المرجّح = (6×1 + 12×4 + 15×5) ÷ (1+4+5) = (6 + 48 + 75) ÷ 10 = 129 ÷ 10 = 12.9 ✓. الخطأُ الشائع: القسمةُ على عدد القيم (6+12+15)÷3 = 11 بنسيان الترجيح، أو جمعُ القيم فقط (33).', 2)
ON CONFLICT (id) DO UPDATE SET
  exercise_id = EXCLUDED.exercise_id,
  prompt = EXCLUDED.prompt,
  options = EXCLUDED.options,
  correct_option = EXCLUDED.correct_option,
  explanation = EXCLUDED.explanation,
  display_order = EXCLUDED.display_order;

INSERT INTO public.questions (id, exercise_id, prompt, options, correct_option, explanation, display_order) VALUES
  ('cfbefcd6-31e5-52cf-8333-86b338bfb217', '02953175-6b30-572c-b224-4439f8fd39d5', 'قيمةٌ تعدادُها 24 وتواترُها النسبيّ 30%. ما التعدادُ الكليّ للسلسلة؟', '[{"id":"a","text":"80"},{"id":"b","text":"72"},{"id":"c","text":"7.2"},{"id":"d","text":"800"}]'::jsonb, 'a', 'بما أنّ التواتر = التعداد ÷ التعداد الكليّ، فالتعداد الكليّ = التعداد ÷ التواتر = 24 ÷ 0.30 = 80 ✓. تحقّق: 24 ÷ 80 = 0.30 = 30% ✓. الخطأُ الشائع: ضربُ 24 × 0.30 = 7.2 بدل القسمة، أو حسابُ 24 × 3 = 72.', 3)
ON CONFLICT (id) DO UPDATE SET
  exercise_id = EXCLUDED.exercise_id,
  prompt = EXCLUDED.prompt,
  options = EXCLUDED.options,
  correct_option = EXCLUDED.correct_option,
  explanation = EXCLUDED.explanation,
  display_order = EXCLUDED.display_order;

INSERT INTO public.questions (id, exercise_id, prompt, options, correct_option, explanation, display_order) VALUES
  ('46e9e98a-d56e-5db5-9d03-a17096abfdd5', '02953175-6b30-572c-b224-4439f8fd39d5', 'أربعُ علاماتٍ معدّلُها 13. ثلاثٌ منها: 10؛ 14؛ 15. ما العلامةُ الرابعة؟', '[{"id":"a","text":"12"},{"id":"b","text":"14"},{"id":"c","text":"11"},{"id":"d","text":"13"}]'::jsonb, 'd', 'مجموعُ العلامات الأربع = 13 × 4 = 52. العلامةُ الرابعة = 52 − (10 + 14 + 15) = 52 − 39 = 13 ✓. الخطأُ الشائع: نسيانُ ضرب المعدّل في العدد لإيجاد المجموع، أو الخطأُ في جمع الثلاث المعروفة.', 4)
ON CONFLICT (id) DO UPDATE SET
  exercise_id = EXCLUDED.exercise_id,
  prompt = EXCLUDED.prompt,
  options = EXCLUDED.options,
  correct_option = EXCLUDED.correct_option,
  explanation = EXCLUDED.explanation,
  display_order = EXCLUDED.display_order;

INSERT INTO public.questions (id, exercise_id, prompt, options, correct_option, explanation, display_order) VALUES
  ('ac15e3cd-61d6-5d38-a4b3-7a5f995d619a', '02953175-6b30-572c-b224-4439f8fd39d5', 'في سلسلةٍ تعدادُها الكليّ 80، قيمةٌ تواترُها النسبيّ 25%. ما قياسُ زاويةِ قطاعها وما تعدادُها؟', '[{"id":"a","text":"90° وتعدادُها 20"},{"id":"b","text":"25° وتعدادُها 25"},{"id":"c","text":"90° وتعدادُها 25"},{"id":"d","text":"25° وتعدادُها 20"}]'::jsonb, 'a', 'الزاوية = 0.25 × 360 = 90°، والتعداد = 0.25 × 80 = 20 ✓. الخطأُ الشائع: كتابةُ الزاوية 25° بنسيان الضرب في 360، أو الخلطُ بين النسبة 25% والتعداد الحقيقيّ 20.', 5)
ON CONFLICT (id) DO UPDATE SET
  exercise_id = EXCLUDED.exercise_id,
  prompt = EXCLUDED.prompt,
  options = EXCLUDED.options,
  correct_option = EXCLUDED.correct_option,
  explanation = EXCLUDED.explanation,
  display_order = EXCLUDED.display_order;

INSERT INTO public.questions (id, exercise_id, prompt, options, correct_option, explanation, display_order) VALUES
  ('47c9e261-b611-59c2-953e-a1dc1a96fd94', '02953175-6b30-572c-b224-4439f8fd39d5', 'قال تلميذٌ إنّ التواترات النسبيّة لقيمِ سلسلةٍ هي: 50%؛ 30%؛ 25%. هل هذا ممكنٌ إحصائيًّا؟', '[{"id":"a","text":"نعم، ممكنٌ دائمًا"},{"id":"b","text":"لا، لأنّ مجموعها 105% يتجاوز 100%"},{"id":"c","text":"لا، لأنّ التواترات يجب أن تكون متساوية"},{"id":"d","text":"نعم، إذا كان التعدادُ الكليّ كبيرًا"}]'::jsonb, 'b', 'مجموعُ التواترات النسبيّة يجب أن يساوي 100% بالضبط، لكن 50 + 30 + 25 = 105% > 100%، فهذا مستحيلٌ إحصائيًّا ✓. لا علاقة للأمر بتساوي التواترات أو بحجم التعداد الكليّ.', 6)
ON CONFLICT (id) DO UPDATE SET
  exercise_id = EXCLUDED.exercise_id,
  prompt = EXCLUDED.prompt,
  options = EXCLUDED.options,
  correct_option = EXCLUDED.correct_option,
  explanation = EXCLUDED.explanation,
  display_order = EXCLUDED.display_order;

INSERT INTO public.exercises (id, chapter_id, subject_id, title, difficulty, xp_reward, reward_coins, mode, source, display_order) VALUES
  ('b19b69c9-513f-5a9e-9fc3-6b1b80d4532d', '111edeb4-a8c8-52ca-8715-53f7e02b054d', 'math-8eme', 'اختبار فهم الدرس ⭐', 1, 20, 5, 'quiz', 'admin', 0)
ON CONFLICT (id) DO UPDATE SET
  chapter_id = EXCLUDED.chapter_id,
  subject_id = EXCLUDED.subject_id,
  title = EXCLUDED.title,
  difficulty = EXCLUDED.difficulty,
  xp_reward = EXCLUDED.xp_reward,
  reward_coins = EXCLUDED.reward_coins,
  mode = EXCLUDED.mode,
  display_order = EXCLUDED.display_order;

INSERT INTO public.questions (id, exercise_id, prompt, options, correct_option, explanation, display_order) VALUES
  ('e66244d5-12d1-5e47-a244-c34f387a7cb5', 'b19b69c9-513f-5a9e-9fc3-6b1b80d4532d', 'متى تكون النقطة M′ مناظرةَ النقطة M بالنسبة إلى المركز O؟', '[{"id":"a","text":"عندما تكون O منتصفَ القطعة [MM′]"},{"id":"b","text":"عندما يكون المستقيم (OM) عموديًّا على (OM′)"},{"id":"c","text":"عندما تكون M منتصفَ القطعة [OM′]"},{"id":"d","text":"عندما تكون O على مسافةٍ من M ضِعفَ مسافتها من M′"}]'::jsonb, 'a', 'بالتعريف: مناظرُ M بالنسبة إلى المركز O هو M′ حيث تكون O منتصفَ [MM′]، أي OM = OM′ والنقاطُ M, O, M′ على استقامة واحدة ✓. الخطأُ الشائع: الخلطُ بينه وبين التناظر المحوري (تعامد) أو جعلُ نقطةٍ أخرى هي المنتصف.', 1)
ON CONFLICT (id) DO UPDATE SET
  exercise_id = EXCLUDED.exercise_id,
  prompt = EXCLUDED.prompt,
  options = EXCLUDED.options,
  correct_option = EXCLUDED.correct_option,
  explanation = EXCLUDED.explanation,
  display_order = EXCLUDED.display_order;

INSERT INTO public.questions (id, exercise_id, prompt, options, correct_option, explanation, display_order) VALUES
  ('9c00a295-0157-536a-99d0-398e9961bf52', 'b19b69c9-513f-5a9e-9fc3-6b1b80d4532d', 'ما مناظرُ المركز O بالنسبة إلى المركز O نفسِه؟', '[{"id":"a","text":"لا وجود لمناظرٍ للمركز"},{"id":"b","text":"النقطة O نفسُها"},{"id":"c","text":"نقطةٌ تبعد عن O مسافةً ثابتة"},{"id":"d","text":"أيُّ نقطةٍ على المستقيم المارّ بـ O"}]'::jsonb, 'b', 'مناظرُ المركز بالنسبة إلى نفسِه هو المركزُ نفسُه: O منتصفُ [OO] محقّقٌ بداهةً، وهي النقطةُ الوحيدةُ الثابتة في التناظر المركزي ✓.', 2)
ON CONFLICT (id) DO UPDATE SET
  exercise_id = EXCLUDED.exercise_id,
  prompt = EXCLUDED.prompt,
  options = EXCLUDED.options,
  correct_option = EXCLUDED.correct_option,
  explanation = EXCLUDED.explanation,
  display_order = EXCLUDED.display_order;

INSERT INTO public.questions (id, exercise_id, prompt, options, correct_option, explanation, display_order) VALUES
  ('6baf699c-732b-51cb-b2a6-f41cf1ea586f', 'b19b69c9-513f-5a9e-9fc3-6b1b80d4532d', 'ما مناظرُ مستقيمٍ (d) بالنسبة إلى مركزٍ O لا ينتمي إليه؟', '[{"id":"a","text":"المستقيمُ (d) نفسُه"},{"id":"b","text":"مستقيمٌ عموديٌّ على (d)"},{"id":"c","text":"مستقيمٌ يوازي (d)"},{"id":"d","text":"نقطةٌ واحدة"}]'::jsonb, 'c', 'مناظرُ مستقيمٍ لا يمرّ بالمركز هو مستقيمٌ يوازيه ✓. الخطأُ الشائع: الظنُّ أنّه المستقيمُ نفسُه (هذا يصحّ فقط إذا كان O ينتمي إلى (d))، أو الخلطُ مع التعامد.', 3)
ON CONFLICT (id) DO UPDATE SET
  exercise_id = EXCLUDED.exercise_id,
  prompt = EXCLUDED.prompt,
  options = EXCLUDED.options,
  correct_option = EXCLUDED.correct_option,
  explanation = EXCLUDED.explanation,
  display_order = EXCLUDED.display_order;

INSERT INTO public.questions (id, exercise_id, prompt, options, correct_option, explanation, display_order) VALUES
  ('9a333d23-c9ec-5e5f-b0f9-98dcef1b3fdb', 'b19b69c9-513f-5a9e-9fc3-6b1b80d4532d', 'قطعةٌ [AB] طولُها 5 سم. ما طولُ مناظرتِها [A′B′] بالتناظر المركزي بالنسبة إلى نقطةٍ ما؟', '[{"id":"a","text":"10 سم"},{"id":"b","text":"2.5 سم"},{"id":"c","text":"5 سم"},{"id":"d","text":"لا يمكن تحديدُه دون معرفة المركز"}]'::jsonb, 'c', 'التناظرُ المركزيُّ يحفظ الأطوال: A′B′ = AB = 5 سم، مهما كان موضعُ المركز ✓. الخطأُ الشائع: ظنُّ أنّ الطول يتضاعف (10) أو ينتصف (2.5)؛ الطولُ لا يتغيّر بالتناظر.', 4)
ON CONFLICT (id) DO UPDATE SET
  exercise_id = EXCLUDED.exercise_id,
  prompt = EXCLUDED.prompt,
  options = EXCLUDED.options,
  correct_option = EXCLUDED.correct_option,
  explanation = EXCLUDED.explanation,
  display_order = EXCLUDED.display_order;

INSERT INTO public.questions (id, exercise_id, prompt, options, correct_option, explanation, display_order) VALUES
  ('65aa6850-a52b-5b87-9608-1c3e69e29cae', 'b19b69c9-513f-5a9e-9fc3-6b1b80d4532d', 'أين يقع مركزُ تناظرِ متوازي الأضلاع ABCD؟', '[{"id":"a","text":"في أحد رؤوسه"},{"id":"b","text":"في نقطة تقاطع قطرَيه"},{"id":"c","text":"في منتصف أحد أضلاعه"},{"id":"d","text":"لا مركزَ تناظرَ لمتوازي الأضلاع"}]'::jsonb, 'b', 'مركزُ تناظر متوازي الأضلاع هو نقطةُ تقاطع قطرَيه (وهي منتصفُ كلٍّ من القطرَين) ✓. الخطأُ الشائع: اختيارُ رأسٍ أو منتصفِ ضلعٍ، أو الظنُّ أنّه لا مركزَ له بينما مركزُه موجودٌ ووحيد.', 5)
ON CONFLICT (id) DO UPDATE SET
  exercise_id = EXCLUDED.exercise_id,
  prompt = EXCLUDED.prompt,
  options = EXCLUDED.options,
  correct_option = EXCLUDED.correct_option,
  explanation = EXCLUDED.explanation,
  display_order = EXCLUDED.display_order;

INSERT INTO public.exercises (id, chapter_id, subject_id, title, difficulty, xp_reward, reward_coins, mode, source, display_order) VALUES
  ('cee04ed9-6549-55ee-91b3-8a121f98ce58', '111edeb4-a8c8-52ca-8715-53f7e02b054d', 'math-8eme', '⭐ تمرين: أساسيات التناظر المركزي', 1, 50, 10, 'practice', 'admin', 1)
ON CONFLICT (id) DO UPDATE SET
  chapter_id = EXCLUDED.chapter_id,
  subject_id = EXCLUDED.subject_id,
  title = EXCLUDED.title,
  difficulty = EXCLUDED.difficulty,
  xp_reward = EXCLUDED.xp_reward,
  reward_coins = EXCLUDED.reward_coins,
  mode = EXCLUDED.mode,
  display_order = EXCLUDED.display_order;

INSERT INTO public.questions (id, exercise_id, prompt, options, correct_option, explanation, display_order) VALUES
  ('20f0a8e5-ca12-525f-8502-9d39ede1d715', 'cee04ed9-6549-55ee-91b3-8a121f98ce58', 'إذا كانت M′ مناظرةَ M بالنسبة إلى المركز O، فأيُّ العلاقة صحيحة؟', '[{"id":"a","text":"M منتصفُ [OM′]"},{"id":"b","text":"O منتصفُ [MM′] وOM = OM′"},{"id":"c","text":"(OM) عموديٌّ على (OM′)"},{"id":"d","text":"M′ منتصفُ [OM]"}]'::jsonb, 'b', 'بالتعريف: O هي منتصفُ القطعة [MM′]، أي OM = OM′ والنقاطُ M, O, M′ على استقامة واحدة ✓. الخطأُ الشائع: جعلُ نقطةٍ أخرى غيرِ O هي المنتصف، أو الخلطُ مع التعامد (وهو ليس من شروط التناظر المركزي).', 1)
ON CONFLICT (id) DO UPDATE SET
  exercise_id = EXCLUDED.exercise_id,
  prompt = EXCLUDED.prompt,
  options = EXCLUDED.options,
  correct_option = EXCLUDED.correct_option,
  explanation = EXCLUDED.explanation,
  display_order = EXCLUDED.display_order;

INSERT INTO public.questions (id, exercise_id, prompt, options, correct_option, explanation, display_order) VALUES
  ('1c158e10-7afb-5ecf-ab9a-5c11ace7c7bb', 'cee04ed9-6549-55ee-91b3-8a121f98ce58', 'التناظرُ المركزيُّ يكون بالنسبة إلى:', '[{"id":"a","text":"نقطةٍ (المركز)"},{"id":"b","text":"مستقيمٍ (المحور)"},{"id":"c","text":"دائرةٍ"},{"id":"d","text":"زاويةٍ"}]'::jsonb, 'a', 'المرجعُ في التناظر المركزي هو **نقطةٌ** تُسمّى المركز ✓. الخطأُ الأشهر: الخلطُ مع التناظر المحوري (السنة الماضية) الذي يكون بالنسبة إلى **مستقيمٍ** (محور).', 2)
ON CONFLICT (id) DO UPDATE SET
  exercise_id = EXCLUDED.exercise_id,
  prompt = EXCLUDED.prompt,
  options = EXCLUDED.options,
  correct_option = EXCLUDED.correct_option,
  explanation = EXCLUDED.explanation,
  display_order = EXCLUDED.display_order;

INSERT INTO public.questions (id, exercise_id, prompt, options, correct_option, explanation, display_order) VALUES
  ('246c3649-d0d3-582d-8a4e-1a7525c1cfbe', 'cee04ed9-6549-55ee-91b3-8a121f98ce58', 'ما مناظرُ المركز O بالنسبة إلى O نفسِه؟', '[{"id":"a","text":"نقطةٌ تبعد عن O مسافةً ثابتة"},{"id":"b","text":"لا وجودَ لمناظرٍ للمركز"},{"id":"c","text":"النقطة O نفسُها"},{"id":"d","text":"أيُّ نقطةٍ في المستوى"}]'::jsonb, 'c', 'المركزُ هو النقطةُ الوحيدةُ الثابتة: مناظرُ O بالنسبة إلى O هو O نفسُه (O منتصفُ [OO]) ✓.', 3)
ON CONFLICT (id) DO UPDATE SET
  exercise_id = EXCLUDED.exercise_id,
  prompt = EXCLUDED.prompt,
  options = EXCLUDED.options,
  correct_option = EXCLUDED.correct_option,
  explanation = EXCLUDED.explanation,
  display_order = EXCLUDED.display_order;

INSERT INTO public.questions (id, exercise_id, prompt, options, correct_option, explanation, display_order) VALUES
  ('32862eb5-2658-557a-b8db-43d6594f1bc9', 'cee04ed9-6549-55ee-91b3-8a121f98ce58', 'قطعةٌ [AB] طولُها 7 سم. ما طولُ مناظرتِها [A′B′] بالتناظر المركزي؟', '[{"id":"a","text":"14 سم"},{"id":"b","text":"3.5 سم"},{"id":"c","text":"لا يمكن معرفتُه"},{"id":"d","text":"7 سم"}]'::jsonb, 'd', 'التناظرُ المركزيُّ يحفظ الأطوال: A′B′ = AB = 7 سم مهما كان موضعُ المركز ✓. الخطأُ الشائع: ظنُّ أنّ الطول يتضاعف (14) أو ينتصف (3.5).', 4)
ON CONFLICT (id) DO UPDATE SET
  exercise_id = EXCLUDED.exercise_id,
  prompt = EXCLUDED.prompt,
  options = EXCLUDED.options,
  correct_option = EXCLUDED.correct_option,
  explanation = EXCLUDED.explanation,
  display_order = EXCLUDED.display_order;

INSERT INTO public.questions (id, exercise_id, prompt, options, correct_option, explanation, display_order) VALUES
  ('dd77bb25-1e47-5c1b-83d3-574fedcd63ea', 'cee04ed9-6549-55ee-91b3-8a121f98ce58', 'ما مناظرُ مستقيمٍ (d) بالنسبة إلى مركزٍ O لا ينتمي إليه؟', '[{"id":"a","text":"المستقيمُ (d) نفسُه"},{"id":"b","text":"مستقيمٌ يوازي (d)"},{"id":"c","text":"مستقيمٌ عموديٌّ على (d)"},{"id":"d","text":"نصفُ مستقيم"}]'::jsonb, 'b', 'مناظرُ مستقيمٍ لا يمرّ بالمركز هو مستقيمٌ يوازيه ✓. الخطأُ الشائع: الظنُّ أنّه المستقيمُ نفسُه (لا يصحّ إلّا إذا مرّ (d) بالمركز)، أو الخلطُ مع التعامد.', 5)
ON CONFLICT (id) DO UPDATE SET
  exercise_id = EXCLUDED.exercise_id,
  prompt = EXCLUDED.prompt,
  options = EXCLUDED.options,
  correct_option = EXCLUDED.correct_option,
  explanation = EXCLUDED.explanation,
  display_order = EXCLUDED.display_order;

INSERT INTO public.questions (id, exercise_id, prompt, options, correct_option, explanation, display_order) VALUES
  ('669409f4-110f-5d64-be4b-ea9eb8f40815', 'cee04ed9-6549-55ee-91b3-8a121f98ce58', 'أين يقع مركزُ تناظرِ دائرةٍ؟', '[{"id":"a","text":"في مركزها"},{"id":"b","text":"في أيّ نقطةٍ من محيطها"},{"id":"c","text":"لا مركزَ تناظرَ للدائرة"},{"id":"d","text":"في نقطتَين متقابلتَين من محيطها"}]'::jsonb, 'a', 'مركزُ تناظر الدائرة هو مركزُها: مناظرُ الدائرة بالنسبة إليه هو الدائرةُ نفسُها ✓. الخطأُ الشائع: اختيارُ نقطةٍ على المحيط، أو الظنُّ أنّه لا مركزَ لها بينما لها مركزٌ وحيد.', 6)
ON CONFLICT (id) DO UPDATE SET
  exercise_id = EXCLUDED.exercise_id,
  prompt = EXCLUDED.prompt,
  options = EXCLUDED.options,
  correct_option = EXCLUDED.correct_option,
  explanation = EXCLUDED.explanation,
  display_order = EXCLUDED.display_order;

INSERT INTO public.exercises (id, chapter_id, subject_id, title, difficulty, xp_reward, reward_coins, mode, source, display_order) VALUES
  ('af24817d-f29d-53b3-82f1-1790f9220019', '111edeb4-a8c8-52ca-8715-53f7e02b054d', 'math-8eme', '⚔️ زعيم الفصل ⭐⭐⭐: مناظرُ النقاط والأشكال', 3, 120, 30, 'boss', 'admin', 2)
ON CONFLICT (id) DO UPDATE SET
  chapter_id = EXCLUDED.chapter_id,
  subject_id = EXCLUDED.subject_id,
  title = EXCLUDED.title,
  difficulty = EXCLUDED.difficulty,
  xp_reward = EXCLUDED.xp_reward,
  reward_coins = EXCLUDED.reward_coins,
  mode = EXCLUDED.mode,
  display_order = EXCLUDED.display_order;

INSERT INTO public.questions (id, exercise_id, prompt, options, correct_option, explanation, display_order) VALUES
  ('27c773d6-a12d-5ade-b613-b47c37ef6201', 'af24817d-f29d-53b3-82f1-1790f9220019', 'في معلَمٍ متعامد، ما مناظرُ النقطة A(2, 5) بالنسبة إلى المبدأ O(0, 0)؟', '[{"id":"a","text":"(2, −5)"},{"id":"b","text":"(−2, 5)"},{"id":"c","text":"(−2, −5)"},{"id":"d","text":"(5, 2)"}]'::jsonb, 'c', 'مناظرُ A(x, y) بالنسبة إلى المبدأ هو A′(−x, −y): نقلب إشارةَ الإحداثيّتَين معًا، فنحصل على (−2, −5) ✓. الخطأُ الشائع: قلبُ إشارة إحداثيّةٍ واحدة فقط ((2, −5) أو (−2, 5))، أو تبديلُ الإحداثيّتَين ((5, 2)).', 1)
ON CONFLICT (id) DO UPDATE SET
  exercise_id = EXCLUDED.exercise_id,
  prompt = EXCLUDED.prompt,
  options = EXCLUDED.options,
  correct_option = EXCLUDED.correct_option,
  explanation = EXCLUDED.explanation,
  display_order = EXCLUDED.display_order;

INSERT INTO public.questions (id, exercise_id, prompt, options, correct_option, explanation, display_order) VALUES
  ('32aece92-e3a0-58b8-a81c-413697fc6d76', 'af24817d-f29d-53b3-82f1-1790f9220019', 'زاويةٌ قيسُها 40 درجة. ما قيسُ مناظرتِها بالتناظر المركزي؟', '[{"id":"a","text":"40 درجة"},{"id":"b","text":"80 درجة"},{"id":"c","text":"140 درجة"},{"id":"d","text":"20 درجة"}]'::jsonb, 'a', 'التناظرُ المركزيُّ يحفظ الزوايا: قيسُ المناظرة يساوي قيسَ الأصل = 40 درجة ✓. الخطأُ الشائع: مضاعفةُ القيس (80) أو أخذُ متمّمتها إلى 180 (140) ظنًّا أنّ نصف الدورة يغيّر القيس؛ نصفُ الدورة يغيّر الاتجاه لا القيس.', 2)
ON CONFLICT (id) DO UPDATE SET
  exercise_id = EXCLUDED.exercise_id,
  prompt = EXCLUDED.prompt,
  options = EXCLUDED.options,
  correct_option = EXCLUDED.correct_option,
  explanation = EXCLUDED.explanation,
  display_order = EXCLUDED.display_order;

INSERT INTO public.questions (id, exercise_id, prompt, options, correct_option, explanation, display_order) VALUES
  ('20bcb966-f08b-5160-8d72-d26003bd28a7', 'af24817d-f29d-53b3-82f1-1790f9220019', 'أين يقع مركزُ تناظرِ مستطيلٍ ABCD؟', '[{"id":"a","text":"في منتصف أطول ضلعَيه"},{"id":"b","text":"في الرأس A"},{"id":"c","text":"لا مركزَ تناظرَ للمستطيل"},{"id":"d","text":"في نقطة تقاطع قطرَيه"}]'::jsonb, 'd', 'مركزُ تناظر المستطيل هو نقطةُ تقاطع قطرَيه ✓. الخطأُ الشائع: اختيارُ رأسٍ أو منتصفِ ضلعٍ، أو الخلطُ بين محاور تناظر المستطيل (مستقيمان) ومركزِ تناظره (نقطةٌ واحدة).', 3)
ON CONFLICT (id) DO UPDATE SET
  exercise_id = EXCLUDED.exercise_id,
  prompt = EXCLUDED.prompt,
  options = EXCLUDED.options,
  correct_option = EXCLUDED.correct_option,
  explanation = EXCLUDED.explanation,
  display_order = EXCLUDED.display_order;

INSERT INTO public.questions (id, exercise_id, prompt, options, correct_option, explanation, display_order) VALUES
  ('ae814d51-372d-589c-904b-56c51ecf20c0', 'af24817d-f29d-53b3-82f1-1790f9220019', 'النقاطُ A، B، C على استقامةٍ واحدة. ماذا نقول عن مناظراتها A′، B′، C′ بالتناظر المركزي؟', '[{"id":"a","text":"تشكّل مثلثًا"},{"id":"b","text":"تبقى على استقامةٍ واحدة"},{"id":"c","text":"تصبح رؤوسَ مربّع"},{"id":"d","text":"لا يمكن تحديدُ وضعها"}]'::jsonb, 'b', 'التناظرُ المركزيُّ يحفظ الاستقامية: صورُ نقاطٍ على استقامةٍ واحدة تبقى على استقامةٍ واحدة ✓. الخطأُ الشائع: الظنُّ أنّ نصف الدورة «يبعثر» النقاط بينما هو يحافظ على انتظامها.', 4)
ON CONFLICT (id) DO UPDATE SET
  exercise_id = EXCLUDED.exercise_id,
  prompt = EXCLUDED.prompt,
  options = EXCLUDED.options,
  correct_option = EXCLUDED.correct_option,
  explanation = EXCLUDED.explanation,
  display_order = EXCLUDED.display_order;

INSERT INTO public.questions (id, exercise_id, prompt, options, correct_option, explanation, display_order) VALUES
  ('8cfa1635-b873-5f21-9c97-4ae1298d6472', 'af24817d-f29d-53b3-82f1-1790f9220019', 'M(−1, 4) ونقطةٌ O(2, 1) منتصفُ [MM′]. ما إحداثياتُ مناظرِ M، أي M′؟', '[{"id":"a","text":"(1, 5)"},{"id":"b","text":"(−4, 7)"},{"id":"c","text":"(5, −2)"},{"id":"d","text":"(3, −3)"}]'::jsonb, 'c', 'بما أنّ O منتصفُ [MM′]، فإنّ إحداثيّتَي M′ هما 2×إحداثيّتَي O ناقصَ إحداثيّتَي M: xM′ = 2×2 − (−1) = 5، yM′ = 2×1 − 4 = −2، فـ M′(5, −2) ✓. الخطأُ الشائع: جمعُ الإحداثيّات بدل تطبيق صيغة المنتصف ((1, 5))، أو طرحُ O من M بدل العكس.', 5)
ON CONFLICT (id) DO UPDATE SET
  exercise_id = EXCLUDED.exercise_id,
  prompt = EXCLUDED.prompt,
  options = EXCLUDED.options,
  correct_option = EXCLUDED.correct_option,
  explanation = EXCLUDED.explanation,
  display_order = EXCLUDED.display_order;

INSERT INTO public.questions (id, exercise_id, prompt, options, correct_option, explanation, display_order) VALUES
  ('da7ba07b-84c4-5c7a-b2dc-0ad09a4f7ed5', 'af24817d-f29d-53b3-82f1-1790f9220019', 'أيُّ الأشكال التالية **ليس** له مركزُ تناظر؟', '[{"id":"a","text":"المربّع"},{"id":"b","text":"الدائرة"},{"id":"c","text":"متوازي الأضلاع"},{"id":"d","text":"المثلّث المتساوي الأضلاع"}]'::jsonb, 'd', 'المثلّثُ المتساوي الأضلاع ليس له مركزُ تناظر (له ثلاثةُ محاورِ تناظرٍ لكن لا مركزَ) ✓. أمّا المربّعُ والدائرةُ ومتوازي الأضلاع فلكلٍّ منها مركزُ تناظر. الخطأُ الشائع: الخلطُ بين وجود محاورِ تناظرٍ ووجود مركزِ تناظر؛ هما مختلفان.', 6)
ON CONFLICT (id) DO UPDATE SET
  exercise_id = EXCLUDED.exercise_id,
  prompt = EXCLUDED.prompt,
  options = EXCLUDED.options,
  correct_option = EXCLUDED.correct_option,
  explanation = EXCLUDED.explanation,
  display_order = EXCLUDED.display_order;

INSERT INTO public.exercises (id, chapter_id, subject_id, title, difficulty, xp_reward, reward_coins, mode, source, display_order) VALUES
  ('4ba0528f-fd51-5e59-b11b-a61456e4bafb', '111edeb4-a8c8-52ca-8715-53f7e02b054d', 'math-8eme', '⭐⭐ تمرين مراجعة (نمط امتحان): تعريفٌ وخاصياتٌ ومراكز تناظر', 2, 70, 15, 'practice', 'admin', 3)
ON CONFLICT (id) DO UPDATE SET
  chapter_id = EXCLUDED.chapter_id,
  subject_id = EXCLUDED.subject_id,
  title = EXCLUDED.title,
  difficulty = EXCLUDED.difficulty,
  xp_reward = EXCLUDED.xp_reward,
  reward_coins = EXCLUDED.reward_coins,
  mode = EXCLUDED.mode,
  display_order = EXCLUDED.display_order;

INSERT INTO public.questions (id, exercise_id, prompt, options, correct_option, explanation, display_order) VALUES
  ('5ec74a83-a974-53ae-ab9a-92f4937e3356', '4ba0528f-fd51-5e59-b11b-a61456e4bafb', 'N′ مناظرةُ N بالنسبة إلى المركز O. أيُّ التعبير يصف الوضع بدقّة؟', '[{"id":"a","text":"O منتصفُ [NN′] والنقاطُ N, O, N′ على استقامةٍ واحدة"},{"id":"b","text":"المستقيمُ (ON) محورُ تناظرٍ للقطعة [NN′]"},{"id":"c","text":"N منتصفُ [ON′]"},{"id":"d","text":"ON أكبرُ من ON′"}]'::jsonb, 'a', 'التعريفُ الدقيق: O منتصفُ [NN′]، فتكون ON = ON′ والنقاطُ الثلاث على استقامةٍ واحدة ✓. الخطأُ الشائع: استعمالُ لغة التناظر المحوري (محور) بدل المركزي، أو جعلُ نقطةٍ خطأً هي المنتصف.', 1)
ON CONFLICT (id) DO UPDATE SET
  exercise_id = EXCLUDED.exercise_id,
  prompt = EXCLUDED.prompt,
  options = EXCLUDED.options,
  correct_option = EXCLUDED.correct_option,
  explanation = EXCLUDED.explanation,
  display_order = EXCLUDED.display_order;

INSERT INTO public.questions (id, exercise_id, prompt, options, correct_option, explanation, display_order) VALUES
  ('6c6ba3a7-e8a9-5001-b9b6-bb801a32018b', '4ba0528f-fd51-5e59-b11b-a61456e4bafb', 'التناظرُ المركزيُّ يوافق دورانًا (نصفَ دورة) قدرُه:', '[{"id":"a","text":"90 درجة"},{"id":"b","text":"180 درجة"},{"id":"c","text":"360 درجة"},{"id":"d","text":"45 درجة"}]'::jsonb, 'b', 'نصفُ الدورة قدرُه 180 درجة: زاويةٌ مستقيمة حول المركز ✓. الخطأُ الشائع: أخذُ ربع دورةٍ (90) أو دورةٍ كاملة (360 التي تُرجع الشكلَ إلى موضعه دون تغيير).', 2)
ON CONFLICT (id) DO UPDATE SET
  exercise_id = EXCLUDED.exercise_id,
  prompt = EXCLUDED.prompt,
  options = EXCLUDED.options,
  correct_option = EXCLUDED.correct_option,
  explanation = EXCLUDED.explanation,
  display_order = EXCLUDED.display_order;

INSERT INTO public.questions (id, exercise_id, prompt, options, correct_option, explanation, display_order) VALUES
  ('480793ba-fdc7-593f-9703-68747ed72bf0', '4ba0528f-fd51-5e59-b11b-a61456e4bafb', 'مستقيمٌ (d) يمرّ بالمركز O. ما مناظرُه بالتناظر المركزي بالنسبة إلى O؟', '[{"id":"a","text":"مستقيمٌ يوازيه ولا ينطبق عليه"},{"id":"b","text":"مستقيمٌ عموديٌّ عليه"},{"id":"c","text":"المستقيمُ (d) نفسُه"},{"id":"d","text":"النقطة O فقط"}]'::jsonb, 'c', 'إذا مرّ المستقيمُ بالمركز فمناظرُه هو المستقيمُ نفسُه (لأنّ مناظرَ كلّ نقطةٍ منه يقع أيضًا عليه) ✓. الخطأُ الشائع: تطبيقُ قاعدة «المستقيمُ يوازي مناظرَه» التي تخصّ فقط مستقيمًا لا يمرّ بالمركز.', 3)
ON CONFLICT (id) DO UPDATE SET
  exercise_id = EXCLUDED.exercise_id,
  prompt = EXCLUDED.prompt,
  options = EXCLUDED.options,
  correct_option = EXCLUDED.correct_option,
  explanation = EXCLUDED.explanation,
  display_order = EXCLUDED.display_order;

INSERT INTO public.questions (id, exercise_id, prompt, options, correct_option, explanation, display_order) VALUES
  ('402b98ea-4021-58c1-a2a3-1eef6626b215', '4ba0528f-fd51-5e59-b11b-a61456e4bafb', 'ما مناظرُ النقطة A(−4, 6) بالنسبة إلى المبدأ O(0, 0)؟', '[{"id":"a","text":"(−4, −6)"},{"id":"b","text":"(4, 6)"},{"id":"c","text":"(6, −4)"},{"id":"d","text":"(4, −6)"}]'::jsonb, 'd', 'نقلب إشارةَ الإحداثيّتَين: مناظرُ A(−4, 6) هو (4, −6) ✓. الخطأُ الشائع: قلبُ إشارة إحداثيّةٍ واحدة فقط ((−4, −6) أو (4, 6))، أو تبديلُ مكان الإحداثيّتَين ((6, −4)).', 4)
ON CONFLICT (id) DO UPDATE SET
  exercise_id = EXCLUDED.exercise_id,
  prompt = EXCLUDED.prompt,
  options = EXCLUDED.options,
  correct_option = EXCLUDED.correct_option,
  explanation = EXCLUDED.explanation,
  display_order = EXCLUDED.display_order;

INSERT INTO public.questions (id, exercise_id, prompt, options, correct_option, explanation, display_order) VALUES
  ('c1fc3708-fe2e-5f9a-b345-b7dcf5b4be69', '4ba0528f-fd51-5e59-b11b-a61456e4bafb', 'أين يقع مركزُ تناظرِ القطعة [AB]؟', '[{"id":"a","text":"في منتصفها"},{"id":"b","text":"في الطرف A"},{"id":"c","text":"في الطرف B"},{"id":"d","text":"لا مركزَ تناظرَ للقطعة"}]'::jsonb, 'a', 'مركزُ تناظر القطعة هو منتصفُها: مناظرُ [AB] بالنسبة إلى منتصفها هو القطعةُ نفسُها (يتبادل الطرفان A وB) ✓. الخطأُ الشائع: اختيارُ أحد الطرفَين، أو الظنُّ أنّه لا مركزَ لها.', 5)
ON CONFLICT (id) DO UPDATE SET
  exercise_id = EXCLUDED.exercise_id,
  prompt = EXCLUDED.prompt,
  options = EXCLUDED.options,
  correct_option = EXCLUDED.correct_option,
  explanation = EXCLUDED.explanation,
  display_order = EXCLUDED.display_order;

INSERT INTO public.questions (id, exercise_id, prompt, options, correct_option, explanation, display_order) VALUES
  ('584f4303-70c3-5f83-ac04-31ce276e1a37', '4ba0528f-fd51-5e59-b11b-a61456e4bafb', 'مستقيمان (d1) و(d2) متوازيان. ماذا نقول عن مناظرَيهما (d1′) و(d2′) بالتناظر المركزي؟', '[{"id":"a","text":"يتقاطعان في نقطة"},{"id":"b","text":"متوازيان أيضًا"},{"id":"c","text":"متعامدان"},{"id":"d","text":"ينطبقان على بعضهما"}]'::jsonb, 'b', 'التناظرُ المركزيُّ يحفظ التوازي: مناظرا مستقيمَين متوازيَين متوازيان ✓. الخطأُ الشائع: الظنُّ أنّ نصف الدورة يجعلهما يتقاطعان أو يتعامدان، بينما يحافظ على العلاقات بين المستقيمات.', 6)
ON CONFLICT (id) DO UPDATE SET
  exercise_id = EXCLUDED.exercise_id,
  prompt = EXCLUDED.prompt,
  options = EXCLUDED.options,
  correct_option = EXCLUDED.correct_option,
  explanation = EXCLUDED.explanation,
  display_order = EXCLUDED.display_order;

INSERT INTO public.exercises (id, chapter_id, subject_id, title, difficulty, xp_reward, reward_coins, mode, source, display_order) VALUES
  ('ac1c08a5-920f-5250-b387-1800a08988c3', '111edeb4-a8c8-52ca-8715-53f7e02b054d', 'math-8eme', '👑 تحدّي النخبة ⭐⭐⭐⭐: عمقُ التناظر المركزي', 4, 300, 60, 'challenge', 'admin', 4)
ON CONFLICT (id) DO UPDATE SET
  chapter_id = EXCLUDED.chapter_id,
  subject_id = EXCLUDED.subject_id,
  title = EXCLUDED.title,
  difficulty = EXCLUDED.difficulty,
  xp_reward = EXCLUDED.xp_reward,
  reward_coins = EXCLUDED.reward_coins,
  mode = EXCLUDED.mode,
  display_order = EXCLUDED.display_order;

INSERT INTO public.questions (id, exercise_id, prompt, options, correct_option, explanation, display_order) VALUES
  ('fb1a5cc3-fcb6-5277-9982-9de03249bb29', 'ac1c08a5-920f-5250-b387-1800a08988c3', 'ما مناظرُ النقطة A(1, 4) بالنسبة إلى المركز C(3, 3)؟', '[{"id":"a","text":"(−1, −4)"},{"id":"b","text":"(2, −1)"},{"id":"c","text":"(5, 2)"},{"id":"d","text":"(4, 7)"}]'::jsonb, 'c', 'بما أنّ C منتصفُ [AA′]: xA′ = 2×3 − 1 = 5، yA′ = 2×3 − 4 = 2، فـ A′(5, 2) ✓. الخطأُ الشائع: تطبيقُ صيغة المبدأ (−x, −y) رغم أنّ المركز ليس المبدأ ((−1, −4))، أو حسابُ المنتصف بدل المناظر ((2, −1) هو منتصفُ [AC] تقريبًا).', 1)
ON CONFLICT (id) DO UPDATE SET
  exercise_id = EXCLUDED.exercise_id,
  prompt = EXCLUDED.prompt,
  options = EXCLUDED.options,
  correct_option = EXCLUDED.correct_option,
  explanation = EXCLUDED.explanation,
  display_order = EXCLUDED.display_order;

INSERT INTO public.questions (id, exercise_id, prompt, options, correct_option, explanation, display_order) VALUES
  ('acd7b679-bea9-5b4b-a296-b9d24413f79c', 'ac1c08a5-920f-5250-b387-1800a08988c3', 'أيُّ الجمل التالية تصف بدقّةٍ الفرقَ بين التناظر المحوري والتناظر المركزي؟', '[{"id":"a","text":"المحوريُّ بالنسبة إلى مستقيم، والمركزيُّ بالنسبة إلى نقطة"},{"id":"b","text":"المحوريُّ يحفظ الأطوال، والمركزيُّ لا يحفظها"},{"id":"c","text":"المحوريُّ بالنسبة إلى نقطة، والمركزيُّ بالنسبة إلى مستقيم"},{"id":"d","text":"لا فرقَ بينهما، مجرّدُ تسميتَين"}]'::jsonb, 'a', 'الفرقُ الجوهريُّ في المرجع: المحوريُّ بالنسبة إلى **مستقيمٍ** (محور، كالمرآة)، والمركزيُّ بالنسبة إلى **نقطةٍ** (مركز، كنصف دورة) ✓. الخطأُ الشائع: عكسُ التعريفَين (c)، أو الظنُّ أنّ المركزيَّ لا يحفظ الأطوال (كلاهما يحفظها).', 2)
ON CONFLICT (id) DO UPDATE SET
  exercise_id = EXCLUDED.exercise_id,
  prompt = EXCLUDED.prompt,
  options = EXCLUDED.options,
  correct_option = EXCLUDED.correct_option,
  explanation = EXCLUDED.explanation,
  display_order = EXCLUDED.display_order;

INSERT INTO public.questions (id, exercise_id, prompt, options, correct_option, explanation, display_order) VALUES
  ('133faad6-cea8-5e98-93d2-8c987b6ca49f', 'ac1c08a5-920f-5250-b387-1800a08988c3', 'كتب تلميذٌ: «مناظرُ A(3, −2) بالنسبة إلى المبدأ هو (−3, −2)». أين الخطأ؟', '[{"id":"a","text":"لا خطأ، الحلُّ صحيح"},{"id":"b","text":"الخطأ في تبديل الإحداثيّتَين، الصحيح (−2, 3)"},{"id":"c","text":"يجب ألّا تتغيّر أيُّ إشارة، الصحيح (3, −2)"},{"id":"d","text":"نسيَ قلبَ إشارة الإحداثيّة الثانية، الصحيح (−3, 2)"}]'::jsonb, 'd', 'المناظرُ بالنسبة إلى المبدأ يقلب إشارةَ **كلتا** الإحداثيّتَين: مناظرُ A(3, −2) هو (−3, 2). التلميذُ قلب الأولى ونسيَ قلبَ الثانية ✓. (سؤالُ اكتشاف خطأ: الخيارُ الصحيح يصف موضعَ الخطأ ويعطي التصحيح.)', 3)
ON CONFLICT (id) DO UPDATE SET
  exercise_id = EXCLUDED.exercise_id,
  prompt = EXCLUDED.prompt,
  options = EXCLUDED.options,
  correct_option = EXCLUDED.correct_option,
  explanation = EXCLUDED.explanation,
  display_order = EXCLUDED.display_order;

INSERT INTO public.questions (id, exercise_id, prompt, options, correct_option, explanation, display_order) VALUES
  ('894b64f6-d07d-51eb-a778-281ac303d228', 'ac1c08a5-920f-5250-b387-1800a08988c3', 'أيُّ الأشكال التالية **له** مركزُ تناظر؟', '[{"id":"a","text":"المثلّثُ القائم"},{"id":"b","text":"شبهُ منحرفٍ عام"},{"id":"c","text":"المعيّن"},{"id":"d","text":"المثلّثُ المتساوي الساقَين"}]'::jsonb, 'c', 'المعيّنُ متوازي أضلاعٍ خاصّ، فله مركزُ تناظرٍ هو نقطةُ تقاطع قطرَيه ✓. أمّا المثلّثاتُ (قائم أو متساوي الساقَين) وشبهُ المنحرف العام فلا مركزَ تناظرَ لها. الخطأُ الشائع: الخلطُ بين وجود محورِ تناظرٍ (لبعضها) ووجود مركزِ تناظر.', 4)
ON CONFLICT (id) DO UPDATE SET
  exercise_id = EXCLUDED.exercise_id,
  prompt = EXCLUDED.prompt,
  options = EXCLUDED.options,
  correct_option = EXCLUDED.correct_option,
  explanation = EXCLUDED.explanation,
  display_order = EXCLUDED.display_order;

INSERT INTO public.questions (id, exercise_id, prompt, options, correct_option, explanation, display_order) VALUES
  ('467234d8-30f0-52d2-bd82-36d3fdb3b929', 'ac1c08a5-920f-5250-b387-1800a08988c3', 'قطعةٌ [AB] طولُها 6 سم ومناظرتُها [A′B′] بالتناظر المركزي. ما طولُ [A′B′] وما علاقةُ المستقيم (A′B′) بالمستقيم (AB)؟', '[{"id":"a","text":"الطولُ 12 سم و(A′B′) عموديٌّ على (AB)"},{"id":"b","text":"الطولُ 6 سم و(A′B′) يوازي (AB)"},{"id":"c","text":"الطولُ 3 سم و(A′B′) ينطبق على (AB)"},{"id":"d","text":"الطولُ 6 سم و(A′B′) عموديٌّ على (AB)"}]'::jsonb, 'b', 'التناظرُ المركزيُّ يحفظ الطول فـ A′B′ = AB = 6 سم، ويحوّل المستقيمَ إلى مستقيمٍ يوازيه (ما لم يمرّ بالمركز) فـ (A′B′) ∥ (AB) ✓. الخطأُ الشائع: مضاعفةُ الطول (12)، أو الظنُّ أنّ المناظرَ عموديٌّ على الأصل.', 5)
ON CONFLICT (id) DO UPDATE SET
  exercise_id = EXCLUDED.exercise_id,
  prompt = EXCLUDED.prompt,
  options = EXCLUDED.options,
  correct_option = EXCLUDED.correct_option,
  explanation = EXCLUDED.explanation,
  display_order = EXCLUDED.display_order;

INSERT INTO public.questions (id, exercise_id, prompt, options, correct_option, explanation, display_order) VALUES
  ('b99703d1-844e-555f-bbbb-95d83f898e25', 'ac1c08a5-920f-5250-b387-1800a08988c3', 'مثلّثٌ ABC محيطُه 12 سم. ما محيطُ مناظرِه A′B′C′ بالتناظر المركزي؟', '[{"id":"a","text":"12 سم"},{"id":"b","text":"24 سم"},{"id":"c","text":"6 سم"},{"id":"d","text":"لا يمكن تحديدُه دون معرفة المركز"}]'::jsonb, 'a', 'التناظرُ المركزيُّ يحفظ الأطوال، فكلُّ ضلعٍ يساوي مناظرَه، ومنه المحيطُ محفوظٌ: محيطُ A′B′C′ = 12 سم مهما كان المركز ✓. الخطأُ الشائع: مضاعفةُ المحيط (24) أو تنصيفُه (6) ظنًّا أنّ نصف الدورة يغيّر الأبعاد.', 6)
ON CONFLICT (id) DO UPDATE SET
  exercise_id = EXCLUDED.exercise_id,
  prompt = EXCLUDED.prompt,
  options = EXCLUDED.options,
  correct_option = EXCLUDED.correct_option,
  explanation = EXCLUDED.explanation,
  display_order = EXCLUDED.display_order;

INSERT INTO public.exercises (id, chapter_id, subject_id, title, difficulty, xp_reward, reward_coins, mode, source, display_order) VALUES
  ('6714716c-67f8-51e3-889e-f70f7f7b59e2', '111edeb4-a8c8-52ca-8715-53f7e02b054d', 'math-8eme', '📝 تدريب ⭐⭐⭐: مراجعةٌ شاملة (تعريفٌ، إحداثياتٌ، خاصياتٌ، مراكز)', 3, 120, 30, 'boss', 'admin', 5)
ON CONFLICT (id) DO UPDATE SET
  chapter_id = EXCLUDED.chapter_id,
  subject_id = EXCLUDED.subject_id,
  title = EXCLUDED.title,
  difficulty = EXCLUDED.difficulty,
  xp_reward = EXCLUDED.xp_reward,
  reward_coins = EXCLUDED.reward_coins,
  mode = EXCLUDED.mode,
  display_order = EXCLUDED.display_order;

INSERT INTO public.questions (id, exercise_id, prompt, options, correct_option, explanation, display_order) VALUES
  ('599af47b-55b0-5055-ad86-9c7dd7d62f2e', '6714716c-67f8-51e3-889e-f70f7f7b59e2', 'هل يحفظ التناظرُ المركزيُّ أطوالَ القطع؟', '[{"id":"a","text":"نعم، القطعةُ ومناظرُها متساويتان طولًا"},{"id":"b","text":"لا، يضاعف الأطوال"},{"id":"c","text":"لا، ينصّف الأطوال"},{"id":"d","text":"يحفظها فقط إذا مرّ المركزُ بالقطعة"}]'::jsonb, 'a', 'من أهمّ خاصيات التناظر المركزي حفظُ الأطوال: A′B′ = AB دائمًا ✓. الخطأُ الشائع: الظنُّ أنّ نصف الدورة يغيّر الأبعاد (يضاعف أو ينصّف)، أو ربطُ الحفظ بموضع المركز.', 1)
ON CONFLICT (id) DO UPDATE SET
  exercise_id = EXCLUDED.exercise_id,
  prompt = EXCLUDED.prompt,
  options = EXCLUDED.options,
  correct_option = EXCLUDED.correct_option,
  explanation = EXCLUDED.explanation,
  display_order = EXCLUDED.display_order;

INSERT INTO public.questions (id, exercise_id, prompt, options, correct_option, explanation, display_order) VALUES
  ('1e681380-3a75-54ea-9b19-6915b0f2054b', '6714716c-67f8-51e3-889e-f70f7f7b59e2', 'ما مناظرُ النقطة B(5, −3) بالنسبة إلى المبدأ O(0, 0)؟', '[{"id":"a","text":"(5, 3)"},{"id":"b","text":"(−3, 5)"},{"id":"c","text":"(−5, 3)"},{"id":"d","text":"(−5, −3)"}]'::jsonb, 'c', 'نقلب إشارةَ الإحداثيّتَين: مناظرُ B(5, −3) هو (−5, 3) ✓. الخطأُ الشائع: قلبُ إشارة إحداثيّةٍ واحدة فقط ((5, 3) أو (−5, −3))، أو تبديلُ الإحداثيّتَين ((−3, 5)).', 2)
ON CONFLICT (id) DO UPDATE SET
  exercise_id = EXCLUDED.exercise_id,
  prompt = EXCLUDED.prompt,
  options = EXCLUDED.options,
  correct_option = EXCLUDED.correct_option,
  explanation = EXCLUDED.explanation,
  display_order = EXCLUDED.display_order;

INSERT INTO public.questions (id, exercise_id, prompt, options, correct_option, explanation, display_order) VALUES
  ('8f414ce1-fc40-571c-b772-c23a24d7d8ad', '6714716c-67f8-51e3-889e-f70f7f7b59e2', 'أين يقع مركزُ تناظرِ مربّعٍ ABCD؟', '[{"id":"a","text":"في الرأس C"},{"id":"b","text":"في نقطة تقاطع قطرَيه"},{"id":"c","text":"في منتصف أحد أضلاعه"},{"id":"d","text":"على أحد محاور تناظره خارج القطرَين"}]'::jsonb, 'b', 'مركزُ تناظر المربّع هو نقطةُ تقاطع قطرَيه (وهي مركزُه) ✓. الخطأُ الشائع: الخلطُ بين محاور تناظر المربّع (أربعةُ مستقيمات) ومركزِ تناظره (نقطةٌ واحدة)، أو اختيارُ رأسٍ أو منتصفِ ضلع.', 3)
ON CONFLICT (id) DO UPDATE SET
  exercise_id = EXCLUDED.exercise_id,
  prompt = EXCLUDED.prompt,
  options = EXCLUDED.options,
  correct_option = EXCLUDED.correct_option,
  explanation = EXCLUDED.explanation,
  display_order = EXCLUDED.display_order;

INSERT INTO public.questions (id, exercise_id, prompt, options, correct_option, explanation, display_order) VALUES
  ('aec50efa-ab52-5bf8-a85d-1fe9467da81f', '6714716c-67f8-51e3-889e-f70f7f7b59e2', 'مستقيمٌ (d) لا يمرّ بالمركز O. ما وضعُ مناظرِه (d′)؟', '[{"id":"a","text":"يتقاطع مع (d) في O"},{"id":"b","text":"عموديٌّ على (d)"},{"id":"c","text":"يوازي (d)"},{"id":"d","text":"ينطبق على (d)"}]'::jsonb, 'c', 'مناظرُ مستقيمٍ لا يمرّ بالمركز مستقيمٌ يوازيه: (d′) ∥ (d) ✓. الخطأُ الشائع: الظنُّ أنّه ينطبق عليه (يصحّ فقط إذا مرّ (d) بالمركز)، أو أنّه يتقاطع معه أو يعامده.', 4)
ON CONFLICT (id) DO UPDATE SET
  exercise_id = EXCLUDED.exercise_id,
  prompt = EXCLUDED.prompt,
  options = EXCLUDED.options,
  correct_option = EXCLUDED.correct_option,
  explanation = EXCLUDED.explanation,
  display_order = EXCLUDED.display_order;

INSERT INTO public.questions (id, exercise_id, prompt, options, correct_option, explanation, display_order) VALUES
  ('45b21e90-412e-5aae-98d9-9be830cccbd0', '6714716c-67f8-51e3-889e-f70f7f7b59e2', 'O(2, 1) منتصفُ [MM′] وM(−1, 4). ما إحداثياتُ M′؟', '[{"id":"a","text":"(5, −2)"},{"id":"b","text":"(1, 5)"},{"id":"c","text":"(−4, 7)"},{"id":"d","text":"(3, 3)"}]'::jsonb, 'a', 'من صيغة المنتصف: xM′ = 2×2 − (−1) = 5 وyM′ = 2×1 − 4 = −2، فـ M′(5, −2) ✓. الخطأُ الشائع: جمعُ الإحداثيّات مباشرةً ((1, 5))، أو طرحُ O من M بدل تطبيق 2O − M ((−4, 7)).', 5)
ON CONFLICT (id) DO UPDATE SET
  exercise_id = EXCLUDED.exercise_id,
  prompt = EXCLUDED.prompt,
  options = EXCLUDED.options,
  correct_option = EXCLUDED.correct_option,
  explanation = EXCLUDED.explanation,
  display_order = EXCLUDED.display_order;

INSERT INTO public.questions (id, exercise_id, prompt, options, correct_option, explanation, display_order) VALUES
  ('dda27967-ae97-5104-b934-2b68c7e23e65', '6714716c-67f8-51e3-889e-f70f7f7b59e2', 'أيُّ الجمل التالية **ليست** خاصيّةً من خاصيات التناظر المركزي؟', '[{"id":"a","text":"يحفظ الأطوال"},{"id":"b","text":"يحفظ الزوايا"},{"id":"c","text":"يحفظ التوازي"},{"id":"d","text":"يجعل مناظرَ المستقيم عموديًّا عليه"}]'::jsonb, 'd', 'التناظرُ المركزيُّ يحوّل المستقيمَ إلى مستقيمٍ **يوازيه** لا يعامده، فالجملةُ (d) خاطئةٌ وليست خاصيّة ✓. أمّا حفظُ الأطوال والزوايا والتوازي فكلُّها خاصياتٌ صحيحة. الخطأُ الشائع: الخلطُ بين خاصية التوازي والتعامد.', 6)
ON CONFLICT (id) DO UPDATE SET
  exercise_id = EXCLUDED.exercise_id,
  prompt = EXCLUDED.prompt,
  options = EXCLUDED.options,
  correct_option = EXCLUDED.correct_option,
  explanation = EXCLUDED.explanation,
  display_order = EXCLUDED.display_order;

INSERT INTO public.exercises (id, chapter_id, subject_id, title, difficulty, xp_reward, reward_coins, mode, source, display_order) VALUES
  ('d143ca95-f7e1-5197-afab-fc3e5d4f14fa', '111edeb4-a8c8-52ca-8715-53f7e02b054d', 'math-8eme', '👑 تحدّي النخبة ⭐⭐⭐⭐: مراكزُ التناظر والإحداثيات المتقدّمة', 4, 300, 60, 'challenge', 'admin', 6)
ON CONFLICT (id) DO UPDATE SET
  chapter_id = EXCLUDED.chapter_id,
  subject_id = EXCLUDED.subject_id,
  title = EXCLUDED.title,
  difficulty = EXCLUDED.difficulty,
  xp_reward = EXCLUDED.xp_reward,
  reward_coins = EXCLUDED.reward_coins,
  mode = EXCLUDED.mode,
  display_order = EXCLUDED.display_order;

INSERT INTO public.questions (id, exercise_id, prompt, options, correct_option, explanation, display_order) VALUES
  ('99d53e17-b9a5-57ac-b3b5-878c30624fb8', 'd143ca95-f7e1-5197-afab-fc3e5d4f14fa', 'ما مناظرُ النقطة A(4, 1) بالنسبة إلى المركز C(1, 2)؟', '[{"id":"a","text":"(−4, −1)"},{"id":"b","text":"(−2, 3)"},{"id":"c","text":"(2, 3)"},{"id":"d","text":"(3, −1)"}]'::jsonb, 'b', 'C منتصفُ [AA′]: xA′ = 2×1 − 4 = −2 وyA′ = 2×2 − 1 = 3، فـ A′(−2, 3) ✓. الخطأُ الشائع: تطبيقُ صيغة المبدأ (−x, −y) رغم أنّ المركز C ليس المبدأ ((−4, −1))، أو نسيانُ مضاعفة إحداثيّة المركز.', 1)
ON CONFLICT (id) DO UPDATE SET
  exercise_id = EXCLUDED.exercise_id,
  prompt = EXCLUDED.prompt,
  options = EXCLUDED.options,
  correct_option = EXCLUDED.correct_option,
  explanation = EXCLUDED.explanation,
  display_order = EXCLUDED.display_order;

INSERT INTO public.questions (id, exercise_id, prompt, options, correct_option, explanation, display_order) VALUES
  ('c12a7633-aa1c-5751-b7c8-e74ee2ba64fb', 'd143ca95-f7e1-5197-afab-fc3e5d4f14fa', 'أيُّ الأشكال التالية **ليس** له مركزُ تناظر؟', '[{"id":"a","text":"متوازي الأضلاع"},{"id":"b","text":"المعيّن"},{"id":"c","text":"شبهُ المنحرف العام"},{"id":"d","text":"المربّع"}]'::jsonb, 'c', 'شبهُ المنحرف العام ليس متوازيَ أضلاع، فلا مركزَ تناظرَ له ✓. أمّا متوازي الأضلاع والمعيّنُ والمربّعُ فلكلٍّ منها مركزٌ هو تقاطعُ القطرَين. الخطأُ الشائع: افتراضُ أنّ كلّ رباعيٍّ له مركزُ تناظر.', 2)
ON CONFLICT (id) DO UPDATE SET
  exercise_id = EXCLUDED.exercise_id,
  prompt = EXCLUDED.prompt,
  options = EXCLUDED.options,
  correct_option = EXCLUDED.correct_option,
  explanation = EXCLUDED.explanation,
  display_order = EXCLUDED.display_order;

INSERT INTO public.questions (id, exercise_id, prompt, options, correct_option, explanation, display_order) VALUES
  ('fe664f2b-a1b1-566d-b327-6f89b3c0614b', 'd143ca95-f7e1-5197-afab-fc3e5d4f14fa', 'أيُّ الجمل التالية **صحيحة**؟', '[{"id":"a","text":"مناظرُ مستقيمٍ بالتناظر المركزي عموديٌّ عليه"},{"id":"b","text":"التناظرُ المركزيُّ يضاعف أطوالَ القطع"},{"id":"c","text":"مناظرُ A(2, −5) بالنسبة إلى المبدأ هو (−2, 5)"},{"id":"d","text":"لكلّ مثلّثٍ عامٍّ مركزُ تناظر"}]'::jsonb, 'c', 'المناظرُ بالنسبة إلى المبدأ يقلب إشارةَ الإحداثيّتَين: مناظرُ (2, −5) هو (−2, 5) ✓. الباقي خاطئ: مناظرُ المستقيم يوازيه لا يعامده؛ التناظرُ يحفظ الأطوال لا يضاعفها؛ المثلّثُ العامُّ لا مركزَ تناظرَ له.', 3)
ON CONFLICT (id) DO UPDATE SET
  exercise_id = EXCLUDED.exercise_id,
  prompt = EXCLUDED.prompt,
  options = EXCLUDED.options,
  correct_option = EXCLUDED.correct_option,
  explanation = EXCLUDED.explanation,
  display_order = EXCLUDED.display_order;

INSERT INTO public.questions (id, exercise_id, prompt, options, correct_option, explanation, display_order) VALUES
  ('25f2f416-353e-579c-b8f5-f8f1f66eeb44', 'd143ca95-f7e1-5197-afab-fc3e5d4f14fa', 'مثلّثٌ ABC مساحتُه 18 سم². ما مساحةُ مناظرِه A′B′C′ بالتناظر المركزي؟', '[{"id":"a","text":"18 سم²"},{"id":"b","text":"36 سم²"},{"id":"c","text":"9 سم²"},{"id":"d","text":"324 سم²"}]'::jsonb, 'a', 'التناظرُ المركزيُّ يحفظ الأطوالَ والزوايا، فمناظرُ المثلّث يقايسه تمامًا ومساحتُه محفوظة: 18 سم² ✓. الخطأُ الشائع: مضاعفةُ المساحة (36)، أو تربيعُ مُعامِلٍ وهميّ (324)، أو تنصيفُها (9).', 4)
ON CONFLICT (id) DO UPDATE SET
  exercise_id = EXCLUDED.exercise_id,
  prompt = EXCLUDED.prompt,
  options = EXCLUDED.options,
  correct_option = EXCLUDED.correct_option,
  explanation = EXCLUDED.explanation,
  display_order = EXCLUDED.display_order;

INSERT INTO public.questions (id, exercise_id, prompt, options, correct_option, explanation, display_order) VALUES
  ('13f5e6dc-08d3-5d6e-b7aa-0fdc4db12234', 'd143ca95-f7e1-5197-afab-fc3e5d4f14fa', 'مناظرُ النقطة A بالنسبة إلى المبدأ هو A′(−6, 8). ما إحداثياتُ A؟', '[{"id":"a","text":"(−6, 8)"},{"id":"b","text":"(8, −6)"},{"id":"c","text":"(−6, −8)"},{"id":"d","text":"(6, −8)"}]'::jsonb, 'd', 'التناظرُ المركزيُّ يعمل في الاتجاهَين: إن كان A′ مناظرَ A فإنّ A مناظرُ A′. نقلب إشارةَ إحداثيّتَي A′(−6, 8) فنحصل على A(6, −8) ✓. الخطأُ الشائع: نسخُ إحداثيّات A′ كما هي ((−6, 8))، أو تبديلُ الإحداثيّتَين ((8, −6)).', 5)
ON CONFLICT (id) DO UPDATE SET
  exercise_id = EXCLUDED.exercise_id,
  prompt = EXCLUDED.prompt,
  options = EXCLUDED.options,
  correct_option = EXCLUDED.correct_option,
  explanation = EXCLUDED.explanation,
  display_order = EXCLUDED.display_order;

INSERT INTO public.questions (id, exercise_id, prompt, options, correct_option, explanation, display_order) VALUES
  ('77f27d4a-b176-51ea-8f13-fdd1aaa2fed0', 'd143ca95-f7e1-5197-afab-fc3e5d4f14fa', 'كم مركزَ تناظرٍ لمستقيمٍ (d)؟', '[{"id":"a","text":"صفر (لا مركزَ له)"},{"id":"b","text":"عددٌ لا نهائيّ: كلُّ نقطةٍ منه مركزُ تناظر"},{"id":"c","text":"واحدٌ فقط: منتصفه"},{"id":"d","text":"اثنان: طرفاه"}]'::jsonb, 'b', 'مناظرُ المستقيم بالنسبة إلى أيّ نقطةٍ **تنتمي إليه** هو المستقيمُ نفسُه، فكلُّ نقطةٍ من (d) مركزُ تناظرٍ له: العددُ لا نهائيّ ✓. الخطأُ الشائع: معاملةُ المستقيم كقطعةٍ لها منتصفٌ وحيدٌ أو طرفان (المستقيمُ غيرُ منتهٍ ولا طرفَ له).', 6)
ON CONFLICT (id) DO UPDATE SET
  exercise_id = EXCLUDED.exercise_id,
  prompt = EXCLUDED.prompt,
  options = EXCLUDED.options,
  correct_option = EXCLUDED.correct_option,
  explanation = EXCLUDED.explanation,
  display_order = EXCLUDED.display_order;

INSERT INTO public.exercises (id, chapter_id, subject_id, title, difficulty, xp_reward, reward_coins, mode, source, display_order) VALUES
  ('6db33607-2209-5b90-a3e1-4a58c78d9e9d', '2ebee8d0-e505-5df8-b6ec-451f668d7838', 'math-8eme', 'اختبار فهم الدرس ⭐', 1, 20, 5, 'quiz', 'admin', 0)
ON CONFLICT (id) DO UPDATE SET
  chapter_id = EXCLUDED.chapter_id,
  subject_id = EXCLUDED.subject_id,
  title = EXCLUDED.title,
  difficulty = EXCLUDED.difficulty,
  xp_reward = EXCLUDED.xp_reward,
  reward_coins = EXCLUDED.reward_coins,
  mode = EXCLUDED.mode,
  display_order = EXCLUDED.display_order;

INSERT INTO public.questions (id, exercise_id, prompt, options, correct_option, explanation, display_order) VALUES
  ('8e6a7493-f4c5-59c6-9710-4e6016cb9ddd', '6db33607-2209-5b90-a3e1-4a58c78d9e9d', 'أيُّ العبارات التالية تُعرّف متوازيَ الأضلاع تعريفًا صحيحًا؟', '[{"id":"a","text":"رباعيٌّ له زوجٌ واحدٌ من الأضلاع المتوازية"},{"id":"b","text":"رباعيٌّ أضلاعُه المتقابلةُ متوازيةٌ مثنى مثنى"},{"id":"c","text":"رباعيٌّ له أربعُ زوايا قائمة"},{"id":"d","text":"رباعيٌّ قطراه متقايسان"}]'::jsonb, 'b', 'متوازي الأضلاع رباعيٌّ ضلعاه المتقابلان متوازيان في **الزوجَين معًا** ✓. زوجٌ واحدٌ متوازٍ فقط يعطي شبهَ منحرف؛ أربعُ زوايا قائمةٍ تخصّ المستطيل؛ وتقايسُ القطرَين خاصيةُ المستطيل لا تعريفٌ لمتوازي الأضلاع.', 1)
ON CONFLICT (id) DO UPDATE SET
  exercise_id = EXCLUDED.exercise_id,
  prompt = EXCLUDED.prompt,
  options = EXCLUDED.options,
  correct_option = EXCLUDED.correct_option,
  explanation = EXCLUDED.explanation,
  display_order = EXCLUDED.display_order;

INSERT INTO public.questions (id, exercise_id, prompt, options, correct_option, explanation, display_order) VALUES
  ('bba882f2-8dc3-5547-99b4-d31f1418cfc0', '6db33607-2209-5b90-a3e1-4a58c78d9e9d', 'في متوازي الأضلاع ABCD كان AB = 8 cm. ما طولُ الضلع DC؟', '[{"id":"a","text":"8 cm"},{"id":"b","text":"4 cm"},{"id":"c","text":"16 cm"},{"id":"d","text":"لا يمكن معرفتُه"}]'::jsonb, 'a', 'AB وDC ضلعان متقابلان، والأضلاعُ المتقابلة في متوازي الأضلاع متقايسة، فـ DC = AB = 8 cm ✓. الخطأُ الشائع: قسمةُ الطول على 2 (4 cm) بالخلط مع خاصية الأقطار المتناصفة، أو مضاعفتُه (16 cm).', 2)
ON CONFLICT (id) DO UPDATE SET
  exercise_id = EXCLUDED.exercise_id,
  prompt = EXCLUDED.prompt,
  options = EXCLUDED.options,
  correct_option = EXCLUDED.correct_option,
  explanation = EXCLUDED.explanation,
  display_order = EXCLUDED.display_order;

INSERT INTO public.questions (id, exercise_id, prompt, options, correct_option, explanation, display_order) VALUES
  ('0995a445-ae92-5304-94ff-6336806d7863', '6db33607-2209-5b90-a3e1-4a58c78d9e9d', 'في متوازي الأضلاع ABCD كانت الزاويةُ Â = 65°. ما قيسُ الزاوية B̂ المجاورةِ لها؟', '[{"id":"a","text":"65°"},{"id":"b","text":"25°"},{"id":"c","text":"115°"},{"id":"d","text":"130°"}]'::jsonb, 'c', 'Â وB̂ زاويتان متتاليتان، ومجموعُ المتتاليتين 180°، فـ B̂ = 180° − 65° = 115° ✓. الخطأُ الشائع: اعتبارُها متقابلةً فتساوي 65°، أو استعمالُ التكامل إلى 90° فيُكتب 25°.', 3)
ON CONFLICT (id) DO UPDATE SET
  exercise_id = EXCLUDED.exercise_id,
  prompt = EXCLUDED.prompt,
  options = EXCLUDED.options,
  correct_option = EXCLUDED.correct_option,
  explanation = EXCLUDED.explanation,
  display_order = EXCLUDED.display_order;

INSERT INTO public.questions (id, exercise_id, prompt, options, correct_option, explanation, display_order) VALUES
  ('382b2aca-186b-5c79-a288-5366973f5930', '6db33607-2209-5b90-a3e1-4a58c78d9e9d', 'ما الخاصيةُ الصحيحةُ لقطرَي متوازي الأضلاع في الحالة العامة؟', '[{"id":"a","text":"متقايسان"},{"id":"b","text":"متعامدان"},{"id":"c","text":"متوازيان"},{"id":"d","text":"متناصفان"}]'::jsonb, 'd', 'قطرا متوازي الأضلاع **متناصفان**: يتقاطعان في منتصفهما المشترك ✓. التقايسُ خاصيةُ المستطيل وحدَه، والتعامدُ خاصيةُ المعيّن وحدَه؛ أمّا التوازي فمستحيلٌ لأنّ القطرَين يتقاطعان في O.', 4)
ON CONFLICT (id) DO UPDATE SET
  exercise_id = EXCLUDED.exercise_id,
  prompt = EXCLUDED.prompt,
  options = EXCLUDED.options,
  correct_option = EXCLUDED.correct_option,
  explanation = EXCLUDED.explanation,
  display_order = EXCLUDED.display_order;

INSERT INTO public.questions (id, exercise_id, prompt, options, correct_option, explanation, display_order) VALUES
  ('3450a81e-b337-5214-9b7a-bdad30cf7d88', '6db33607-2209-5b90-a3e1-4a58c78d9e9d', 'متوازي أضلاعٍ قطراه متقايسان. ما نوعُه بالضرورة؟', '[{"id":"a","text":"معيّن"},{"id":"b","text":"مستطيل"},{"id":"c","text":"شبه منحرف"},{"id":"d","text":"لا شيء إضافيّ؛ يبقى متوازيَ أضلاع عاديًّا"}]'::jsonb, 'b', 'متوازي أضلاعٍ قطراه متقايسان هو مستطيلٌ ✓ (تقايسُ الأقطار يميّز المستطيل). المعيّنُ يُميَّز بتعامد الأقطار لا تقايسِها؛ وشبهُ المنحرف ليس متوازيَ أضلاع أصلًا.', 5)
ON CONFLICT (id) DO UPDATE SET
  exercise_id = EXCLUDED.exercise_id,
  prompt = EXCLUDED.prompt,
  options = EXCLUDED.options,
  correct_option = EXCLUDED.correct_option,
  explanation = EXCLUDED.explanation,
  display_order = EXCLUDED.display_order;

INSERT INTO public.exercises (id, chapter_id, subject_id, title, difficulty, xp_reward, reward_coins, mode, source, display_order) VALUES
  ('a412a117-80eb-5bc8-b792-3d7a9f107b30', '2ebee8d0-e505-5df8-b6ec-451f668d7838', 'math-8eme', '⭐ تمرين: أساسيات متوازي الأضلاع', 1, 50, 10, 'practice', 'admin', 1)
ON CONFLICT (id) DO UPDATE SET
  chapter_id = EXCLUDED.chapter_id,
  subject_id = EXCLUDED.subject_id,
  title = EXCLUDED.title,
  difficulty = EXCLUDED.difficulty,
  xp_reward = EXCLUDED.xp_reward,
  reward_coins = EXCLUDED.reward_coins,
  mode = EXCLUDED.mode,
  display_order = EXCLUDED.display_order;

INSERT INTO public.questions (id, exercise_id, prompt, options, correct_option, explanation, display_order) VALUES
  ('6bcb9123-00f6-50cb-9f31-426a403b9a12', 'a412a117-80eb-5bc8-b792-3d7a9f107b30', 'في متوازي الأضلاع MNPQ كان MN = 6 cm. ما طولُ الضلع المقابل QP؟', '[{"id":"a","text":"3 cm"},{"id":"b","text":"6 cm"},{"id":"c","text":"12 cm"},{"id":"d","text":"لا يمكن تحديدُه"}]'::jsonb, 'b', 'MN وQP ضلعان متقابلان، والأضلاعُ المتقابلة متقايسة، فـ QP = MN = 6 cm ✓. الخطأُ الشائع: قسمةُ الطول على 2 (3 cm) بالخلط مع خاصية الأقطار المتناصفة.', 1)
ON CONFLICT (id) DO UPDATE SET
  exercise_id = EXCLUDED.exercise_id,
  prompt = EXCLUDED.prompt,
  options = EXCLUDED.options,
  correct_option = EXCLUDED.correct_option,
  explanation = EXCLUDED.explanation,
  display_order = EXCLUDED.display_order;

INSERT INTO public.questions (id, exercise_id, prompt, options, correct_option, explanation, display_order) VALUES
  ('03102d56-8853-573f-99f5-32216ebbd37d', 'a412a117-80eb-5bc8-b792-3d7a9f107b30', 'قطرا متوازي الأضلاع ABCD يتقاطعان في O. أيُّ العبارات صحيحة؟', '[{"id":"a","text":"O منتصفُ [AC] ومنتصفُ [BD]"},{"id":"b","text":"O منتصفُ [AC] فقط"},{"id":"c","text":"AC = BD دائمًا"},{"id":"d","text":"O هو الرأس A"}]'::jsonb, 'a', 'قطرا متوازي الأضلاع متناصفان، أي يتقاطعان في منتصفهما المشترك، فـ O منتصفُ [AC] و[BD] معًا ✓. تناصفُ القطرَين لا يعني تقايسَهما (AC = BD) الذي يخصّ المستطيلَ وحدَه.', 2)
ON CONFLICT (id) DO UPDATE SET
  exercise_id = EXCLUDED.exercise_id,
  prompt = EXCLUDED.prompt,
  options = EXCLUDED.options,
  correct_option = EXCLUDED.correct_option,
  explanation = EXCLUDED.explanation,
  display_order = EXCLUDED.display_order;

INSERT INTO public.questions (id, exercise_id, prompt, options, correct_option, explanation, display_order) VALUES
  ('a784ee78-7509-5c45-9d18-5b7728bc6c7a', 'a412a117-80eb-5bc8-b792-3d7a9f107b30', 'في متوازي الأضلاع ABCD كانت الزاويةُ Â = 70°. ما قيسُ الزاوية المقابلة Ĉ؟', '[{"id":"a","text":"110°"},{"id":"b","text":"20°"},{"id":"c","text":"70°"},{"id":"d","text":"90°"}]'::jsonb, 'c', 'Â وĈ زاويتان متقابلتان، والمتقابلتان متقايستان، فـ Ĉ = 70° ✓. الخطأُ الشائع: تطبيقُ التكامل (180° − 70° = 110°) الخاصِّ بالزاويتين المتتاليتين لا المتقابلتين.', 3)
ON CONFLICT (id) DO UPDATE SET
  exercise_id = EXCLUDED.exercise_id,
  prompt = EXCLUDED.prompt,
  options = EXCLUDED.options,
  correct_option = EXCLUDED.correct_option,
  explanation = EXCLUDED.explanation,
  display_order = EXCLUDED.display_order;

INSERT INTO public.questions (id, exercise_id, prompt, options, correct_option, explanation, display_order) VALUES
  ('7b3e2497-af15-5e4a-bd9e-8ac3d9e6432c', 'a412a117-80eb-5bc8-b792-3d7a9f107b30', 'في متوازي الأضلاع ABCD كان AB = 5 cm وBC = 3 cm. ما محيطُه؟', '[{"id":"a","text":"8 cm"},{"id":"b","text":"15 cm"},{"id":"c","text":"11 cm"},{"id":"d","text":"16 cm"}]'::jsonb, 'd', 'الأضلاعُ المتقابلة متقايسة، فالمحيطُ P = 2×(AB + BC) = 2×(5 + 3) = 16 cm ✓. الخطأُ الشائع: جمعُ ضلعَين فقط دون مضاعفة (8 cm)، أو ضربُ الطولَين (15).', 4)
ON CONFLICT (id) DO UPDATE SET
  exercise_id = EXCLUDED.exercise_id,
  prompt = EXCLUDED.prompt,
  options = EXCLUDED.options,
  correct_option = EXCLUDED.correct_option,
  explanation = EXCLUDED.explanation,
  display_order = EXCLUDED.display_order;

INSERT INTO public.questions (id, exercise_id, prompt, options, correct_option, explanation, display_order) VALUES
  ('5aa00963-eb52-5dc7-abd2-03d835580c80', 'a412a117-80eb-5bc8-b792-3d7a9f107b30', 'في متوازي الأضلاع ABCD كان القطرُ AC = 12 cm ويتقاطع مع BD في O. ما طولُ OA؟', '[{"id":"a","text":"12 cm"},{"id":"b","text":"6 cm"},{"id":"c","text":"24 cm"},{"id":"d","text":"يساوي OB"}]'::jsonb, 'b', 'O منتصفُ [AC] لأنّ القطرَين متناصفان، فـ OA = AC ÷ 2 = 12 ÷ 2 = 6 cm ✓. القولُ إنّ OA = OB خطأ: تناصفُ القطرَين لا يجعلهما متقايسَين إلّا في المستطيل.', 5)
ON CONFLICT (id) DO UPDATE SET
  exercise_id = EXCLUDED.exercise_id,
  prompt = EXCLUDED.prompt,
  options = EXCLUDED.options,
  correct_option = EXCLUDED.correct_option,
  explanation = EXCLUDED.explanation,
  display_order = EXCLUDED.display_order;

INSERT INTO public.questions (id, exercise_id, prompt, options, correct_option, explanation, display_order) VALUES
  ('f12e7575-4949-5e03-b596-9762edeee48f', 'a412a117-80eb-5bc8-b792-3d7a9f107b30', 'أيُّ الحالات الخاصة هي متوازي أضلاعٍ له أربعُ زوايا قائمة؟', '[{"id":"a","text":"المستطيل"},{"id":"b","text":"المعيّن"},{"id":"c","text":"شبه المنحرف"},{"id":"d","text":"أيُّ متوازي أضلاع"}]'::jsonb, 'a', 'المستطيلُ هو متوازي الأضلاع الذي له زاويةٌ قائمة (ومنه تصير الأربعُ قائمة) ✓. المعيّنُ يُميَّز بتقايس أضلاعه لا بزواياه؛ وشبهُ المنحرف ليس متوازيَ أضلاع.', 6)
ON CONFLICT (id) DO UPDATE SET
  exercise_id = EXCLUDED.exercise_id,
  prompt = EXCLUDED.prompt,
  options = EXCLUDED.options,
  correct_option = EXCLUDED.correct_option,
  explanation = EXCLUDED.explanation,
  display_order = EXCLUDED.display_order;

INSERT INTO public.exercises (id, chapter_id, subject_id, title, difficulty, xp_reward, reward_coins, mode, source, display_order) VALUES
  ('75223a47-b7d6-5f70-8200-4cb01800df20', '2ebee8d0-e505-5df8-b6ec-451f668d7838', 'math-8eme', '⭐⭐⭐ زعيم: خاصيات متوازي الأضلاع', 3, 120, 30, 'boss', 'admin', 2)
ON CONFLICT (id) DO UPDATE SET
  chapter_id = EXCLUDED.chapter_id,
  subject_id = EXCLUDED.subject_id,
  title = EXCLUDED.title,
  difficulty = EXCLUDED.difficulty,
  xp_reward = EXCLUDED.xp_reward,
  reward_coins = EXCLUDED.reward_coins,
  mode = EXCLUDED.mode,
  display_order = EXCLUDED.display_order;

INSERT INTO public.questions (id, exercise_id, prompt, options, correct_option, explanation, display_order) VALUES
  ('908bb92c-b002-560b-9e5d-e7d7fd59ffea', '75223a47-b7d6-5f70-8200-4cb01800df20', 'في متوازي الأضلاع ABCD كانت الزاويةُ B̂ = 108°. ما قيسُ الزاوية Â؟', '[{"id":"a","text":"108°"},{"id":"b","text":"72°"},{"id":"c","text":"82°"},{"id":"d","text":"36°"}]'::jsonb, 'b', 'Â وB̂ متتاليتان فمجموعهما 180°، إذن Â = 180° − 108° = 72° ✓. الخطأُ الشائع: اعتبارُها متقابلةً لـ B̂ فتساوي 108°، أو الخطأُ في طرح 180 − 108 فيُكتب 82° بدل 72°.', 1)
ON CONFLICT (id) DO UPDATE SET
  exercise_id = EXCLUDED.exercise_id,
  prompt = EXCLUDED.prompt,
  options = EXCLUDED.options,
  correct_option = EXCLUDED.correct_option,
  explanation = EXCLUDED.explanation,
  display_order = EXCLUDED.display_order;

INSERT INTO public.questions (id, exercise_id, prompt, options, correct_option, explanation, display_order) VALUES
  ('740a1a4c-9480-51f1-b6ae-9d52d7030f28', '75223a47-b7d6-5f70-8200-4cb01800df20', 'في متوازي الأضلاع ABCD كان AB = 2x + 1 وDC = x + 5 (بالـ cm). ما قيمةُ x؟', '[{"id":"a","text":"4"},{"id":"b","text":"6"},{"id":"c","text":"2"},{"id":"d","text":"5"}]'::jsonb, 'a', 'AB وDC ضلعان متقابلان فهما متقايسان: 2x + 1 = x + 5، ومنه 2x − x = 5 − 1، أي x = 4 ✓. الخطأُ الشائع: جمعُ الطرفين بدل حلّ المعادلة، أو نسيانُ نقل x.', 2)
ON CONFLICT (id) DO UPDATE SET
  exercise_id = EXCLUDED.exercise_id,
  prompt = EXCLUDED.prompt,
  options = EXCLUDED.options,
  correct_option = EXCLUDED.correct_option,
  explanation = EXCLUDED.explanation,
  display_order = EXCLUDED.display_order;

INSERT INTO public.questions (id, exercise_id, prompt, options, correct_option, explanation, display_order) VALUES
  ('0c0f2040-8b2f-583c-b8b5-12005f0d4244', '75223a47-b7d6-5f70-8200-4cb01800df20', 'متوازي أضلاعٍ محيطُه 30 cm وأحدُ أضلاعه يساوي 8 cm. ما طولُ الضلع المجاور له؟', '[{"id":"a","text":"22 cm"},{"id":"b","text":"11 cm"},{"id":"c","text":"7 cm"},{"id":"d","text":"15 cm"}]'::jsonb, 'c', 'P = 2×(a + b)، فـ 30 = 2×(8 + b)، ومنه 8 + b = 15، أي b = 7 cm ✓. الخطأُ الشائع: طرحُ 8 من 30 مباشرةً (22) بنسيان القسمة على 2، أو قسمةُ المحيط على 2 فقط دون طرح (15).', 3)
ON CONFLICT (id) DO UPDATE SET
  exercise_id = EXCLUDED.exercise_id,
  prompt = EXCLUDED.prompt,
  options = EXCLUDED.options,
  correct_option = EXCLUDED.correct_option,
  explanation = EXCLUDED.explanation,
  display_order = EXCLUDED.display_order;

INSERT INTO public.questions (id, exercise_id, prompt, options, correct_option, explanation, display_order) VALUES
  ('c0df64a7-aa94-587a-ad12-fcb52b201beb', '75223a47-b7d6-5f70-8200-4cb01800df20', 'قطرا رباعيّ ABCD متناصفان (يتقاطعان في منتصفهما المشترك). ما نوعُه؟', '[{"id":"a","text":"مستطيل بالضرورة"},{"id":"b","text":"معيّن بالضرورة"},{"id":"c","text":"لا يمكن استنتاجُ شيء"},{"id":"d","text":"متوازي أضلاع"}]'::jsonb, 'd', 'تناصفُ القطرَين شرطٌ **كافٍ** لكون الرباعيّ متوازيَ أضلاع ✓. لا نستنتج مستطيلًا (يلزم تقايسُ القطرَين) ولا معيّنًا (يلزم تعامدُهما)؛ التناصفُ وحدَه يعطي متوازيَ الأضلاع العامّ.', 4)
ON CONFLICT (id) DO UPDATE SET
  exercise_id = EXCLUDED.exercise_id,
  prompt = EXCLUDED.prompt,
  options = EXCLUDED.options,
  correct_option = EXCLUDED.correct_option,
  explanation = EXCLUDED.explanation,
  display_order = EXCLUDED.display_order;

INSERT INTO public.questions (id, exercise_id, prompt, options, correct_option, explanation, display_order) VALUES
  ('ac97e38d-fb76-5e89-b37f-8eebf3ffaa96', '75223a47-b7d6-5f70-8200-4cb01800df20', 'متوازي أضلاعٍ قطراه متعامدان لكنّهما غيرُ متقايسَين. ما نوعُه بالضبط؟', '[{"id":"a","text":"مربّع"},{"id":"b","text":"مستطيل"},{"id":"c","text":"معيّن"},{"id":"d","text":"متوازي أضلاع عاديّ"}]'::jsonb, 'c', 'تعامدُ القطرَين في متوازي أضلاعٍ يميّز المعيّن ✓. لو كانا متقايسَين أيضًا لكان مربّعًا؛ التقايسُ وحدَه (دون تعامد) يعطي مستطيلًا. غيرُ متقايسَين يستبعد المربّعَ والمستطيل.', 5)
ON CONFLICT (id) DO UPDATE SET
  exercise_id = EXCLUDED.exercise_id,
  prompt = EXCLUDED.prompt,
  options = EXCLUDED.options,
  correct_option = EXCLUDED.correct_option,
  explanation = EXCLUDED.explanation,
  display_order = EXCLUDED.display_order;

INSERT INTO public.questions (id, exercise_id, prompt, options, correct_option, explanation, display_order) VALUES
  ('b12ea9ad-554a-5fbf-ad24-1e518a18a9ea', '75223a47-b7d6-5f70-8200-4cb01800df20', 'في متوازي الأضلاع ABCD كان مجموعُ الزاويتين المتقابلتين Â + Ĉ = 140°. ما قيسُ كلٍّ منهما؟', '[{"id":"a","text":"كلٌّ منهما 140°"},{"id":"b","text":"كلٌّ منهما 70°"},{"id":"c","text":"Â = 40° وĈ = 100°"},{"id":"d","text":"كلٌّ منهما 90°"}]'::jsonb, 'b', 'Â وĈ متقابلتان فهما متقايستان، ومجموعهما 140°، إذن كلٌّ منهما 140° ÷ 2 = 70° ✓. الخطأُ الشائع: توزيعُ المجموع بقيمتين مختلفتين (كـ 40° و100°) رغم أنّ المتقابلتين لا بدّ متساويتان.', 6)
ON CONFLICT (id) DO UPDATE SET
  exercise_id = EXCLUDED.exercise_id,
  prompt = EXCLUDED.prompt,
  options = EXCLUDED.options,
  correct_option = EXCLUDED.correct_option,
  explanation = EXCLUDED.explanation,
  display_order = EXCLUDED.display_order;

INSERT INTO public.exercises (id, chapter_id, subject_id, title, difficulty, xp_reward, reward_coins, mode, source, display_order) VALUES
  ('4006fc58-0a2e-56b3-95df-db1dbe8bef45', '2ebee8d0-e505-5df8-b6ec-451f668d7838', 'math-8eme', '⭐⭐ مراجعة: خاصيات وحالات خاصة', 2, 70, 15, 'practice', 'admin', 3)
ON CONFLICT (id) DO UPDATE SET
  chapter_id = EXCLUDED.chapter_id,
  subject_id = EXCLUDED.subject_id,
  title = EXCLUDED.title,
  difficulty = EXCLUDED.difficulty,
  xp_reward = EXCLUDED.xp_reward,
  reward_coins = EXCLUDED.reward_coins,
  mode = EXCLUDED.mode,
  display_order = EXCLUDED.display_order;

INSERT INTO public.questions (id, exercise_id, prompt, options, correct_option, explanation, display_order) VALUES
  ('598fd29e-4ac7-5834-acbe-5826f71e0d11', '4006fc58-0a2e-56b3-95df-db1dbe8bef45', 'أيُّ زوجٍ من الأضلاع متقابلٌ في متوازي الأضلاع ABCD؟', '[{"id":"a","text":"[AB] و[DC]"},{"id":"b","text":"[AB] و[BC]"},{"id":"c","text":"[AB] و[AD]"},{"id":"d","text":"[AC] و[BD]"}]'::jsonb, 'a', 'في الرباعيّ ABCD الأضلاعُ المتقابلة هي [AB] و[DC] من جهة، و[AD] و[BC] من جهة أخرى ✓. [AB] و[BC] متتاليان؛ و[AC] و[BD] هما القطران لا ضلعان.', 1)
ON CONFLICT (id) DO UPDATE SET
  exercise_id = EXCLUDED.exercise_id,
  prompt = EXCLUDED.prompt,
  options = EXCLUDED.options,
  correct_option = EXCLUDED.correct_option,
  explanation = EXCLUDED.explanation,
  display_order = EXCLUDED.display_order;

INSERT INTO public.questions (id, exercise_id, prompt, options, correct_option, explanation, display_order) VALUES
  ('670ef2a5-2a6f-51f7-b729-4cc2a335747f', '4006fc58-0a2e-56b3-95df-db1dbe8bef45', 'في متوازي الأضلاع ABCD كان OB = 4 cm حيث O مركزُ التقاطع. ما طولُ القطر BD؟', '[{"id":"a","text":"4 cm"},{"id":"b","text":"2 cm"},{"id":"c","text":"8 cm"},{"id":"d","text":"يساوي AC"}]'::jsonb, 'c', 'O منتصفُ [BD] لأنّ القطرَين متناصفان، فـ BD = 2×OB = 2×4 = 8 cm ✓. الخطأُ الشائع: اعتبارُ OB هو القطرَ كلَّه (4 cm)، أو نصفَه (2 cm). القولُ إنّ BD = AC خطأ إلّا في المستطيل.', 2)
ON CONFLICT (id) DO UPDATE SET
  exercise_id = EXCLUDED.exercise_id,
  prompt = EXCLUDED.prompt,
  options = EXCLUDED.options,
  correct_option = EXCLUDED.correct_option,
  explanation = EXCLUDED.explanation,
  display_order = EXCLUDED.display_order;

INSERT INTO public.questions (id, exercise_id, prompt, options, correct_option, explanation, display_order) VALUES
  ('f9fe9f08-3e62-54e0-aa77-1e13f8f655e9', '4006fc58-0a2e-56b3-95df-db1dbe8bef45', 'متوازي أضلاعٍ كلُّ أضلاعه الأربعةُ متقايسة. ما نوعُه؟', '[{"id":"a","text":"مستطيل"},{"id":"b","text":"شبه منحرف"},{"id":"c","text":"متوازي أضلاع عاديّ فقط"},{"id":"d","text":"معيّن"}]'::jsonb, 'd', 'متوازي أضلاعٍ ضلعاه المتتاليان (ومن ثمّ أضلاعُه الأربع) متقايسة هو معيّن ✓. المستطيلُ يُميَّز بزواياه القائمة لا بتقايس أضلاعه.', 3)
ON CONFLICT (id) DO UPDATE SET
  exercise_id = EXCLUDED.exercise_id,
  prompt = EXCLUDED.prompt,
  options = EXCLUDED.options,
  correct_option = EXCLUDED.correct_option,
  explanation = EXCLUDED.explanation,
  display_order = EXCLUDED.display_order;

INSERT INTO public.questions (id, exercise_id, prompt, options, correct_option, explanation, display_order) VALUES
  ('70e99023-7c36-5711-bf14-5414d22dc1ab', '4006fc58-0a2e-56b3-95df-db1dbe8bef45', 'في متوازي الأضلاع ABCD كانت Â = 55°. ما قيسُ الزاوية D̂؟', '[{"id":"a","text":"55°"},{"id":"b","text":"125°"},{"id":"c","text":"35°"},{"id":"d","text":"145°"}]'::jsonb, 'b', 'Â وD̂ زاويتان متتاليتان (متجاورتان على الضلع [AD])، فمجموعهما 180°: D̂ = 180° − 55° = 125° ✓. الخطأُ الشائع: اعتبارُهما متقابلتين فتساويان 55°، أو التكاملُ إلى 90° (35°).', 4)
ON CONFLICT (id) DO UPDATE SET
  exercise_id = EXCLUDED.exercise_id,
  prompt = EXCLUDED.prompt,
  options = EXCLUDED.options,
  correct_option = EXCLUDED.correct_option,
  explanation = EXCLUDED.explanation,
  display_order = EXCLUDED.display_order;

INSERT INTO public.questions (id, exercise_id, prompt, options, correct_option, explanation, display_order) VALUES
  ('f2f05a0c-a130-5fda-8478-deb3c37b9e3a', '4006fc58-0a2e-56b3-95df-db1dbe8bef45', 'ما الشرطُ الكافي وحدَه ليكون رباعيُّ ABCD متوازيَ أضلاع؟', '[{"id":"a","text":"ضلعان متقابلان متقايسان فقط"},{"id":"b","text":"قطران متقايسان فقط"},{"id":"c","text":"ضلعان متقابلان متوازيان ومتقايسان معًا"},{"id":"d","text":"زاويةٌ واحدةٌ قائمة"}]'::jsonb, 'c', 'زوجُ أضلاعٍ متقابلٍ متوازٍ **ومتقايسٍ معًا** يكفي لإثبات متوازي الأضلاع ✓. تقايسُ ضلعَين فقط أو تقايسُ قطرَين فقط لا يكفي (قد يكون شبهَ منحرفٍ متساويَ الساقين)؛ وزاويةٌ قائمةٌ وحدَها لا تعني توازيَ الأضلاع.', 5)
ON CONFLICT (id) DO UPDATE SET
  exercise_id = EXCLUDED.exercise_id,
  prompt = EXCLUDED.prompt,
  options = EXCLUDED.options,
  correct_option = EXCLUDED.correct_option,
  explanation = EXCLUDED.explanation,
  display_order = EXCLUDED.display_order;

INSERT INTO public.questions (id, exercise_id, prompt, options, correct_option, explanation, display_order) VALUES
  ('536e32e7-442a-5c83-9440-80b21680f529', '4006fc58-0a2e-56b3-95df-db1dbe8bef45', 'أيُّ العبارات التالية خاطئةٌ حول متوازي الأضلاع في الحالة العامة؟', '[{"id":"a","text":"أضلاعُه المتقابلة متقايسة"},{"id":"b","text":"قطراه متناصفان"},{"id":"c","text":"زاويتاه المتقابلتان متقايستان"},{"id":"d","text":"قطراه متعامدان"}]'::jsonb, 'd', 'تعامدُ القطرَين ليس خاصيةً عامةً لمتوازي الأضلاع؛ إنّه صفةُ المعيّن وحدَه، فالعبارةُ خاطئة ✓. أمّا تقايسُ الأضلاع المتقابلة وتناصفُ القطرَين وتقايسُ الزاويتين المتقابلتين فكلُّها خاصياتٌ صحيحةٌ لكلّ متوازي أضلاع.', 6)
ON CONFLICT (id) DO UPDATE SET
  exercise_id = EXCLUDED.exercise_id,
  prompt = EXCLUDED.prompt,
  options = EXCLUDED.options,
  correct_option = EXCLUDED.correct_option,
  explanation = EXCLUDED.explanation,
  display_order = EXCLUDED.display_order;

INSERT INTO public.exercises (id, chapter_id, subject_id, title, difficulty, xp_reward, reward_coins, mode, source, display_order) VALUES
  ('09042276-5a6b-5c9d-8dc6-dc1c0222fa86', '2ebee8d0-e505-5df8-b6ec-451f668d7838', 'math-8eme', '👑 تحدّي النخبة ⭐⭐⭐⭐: شروطُ التعرّف والحالات الخاصة', 4, 300, 60, 'challenge', 'admin', 4)
ON CONFLICT (id) DO UPDATE SET
  chapter_id = EXCLUDED.chapter_id,
  subject_id = EXCLUDED.subject_id,
  title = EXCLUDED.title,
  difficulty = EXCLUDED.difficulty,
  xp_reward = EXCLUDED.xp_reward,
  reward_coins = EXCLUDED.reward_coins,
  mode = EXCLUDED.mode,
  display_order = EXCLUDED.display_order;

INSERT INTO public.questions (id, exercise_id, prompt, options, correct_option, explanation, display_order) VALUES
  ('f58bf9eb-9037-5cdc-b9c7-41ae0d20567a', '09042276-5a6b-5c9d-8dc6-dc1c0222fa86', 'متوازي أضلاعٍ قطراه متقايسان ومتعامدان في آنٍ واحد. ما نوعُه بالضبط؟', '[{"id":"a","text":"مستطيل"},{"id":"b","text":"معيّن"},{"id":"c","text":"متوازي أضلاع عاديّ"},{"id":"d","text":"مربّع"}]'::jsonb, 'd', 'تقايسُ الأقطار يعطي مستطيلًا، وتعامدُها يعطي معيّنًا؛ اجتماعُهما معًا يعطي المربّعَ (مستطيلٌ ومعيّنٌ في آن) ✓. أخذُ خاصيةٍ واحدةٍ فقط يعطي المستطيلَ أو المعيّنَ لا المربّع.', 1)
ON CONFLICT (id) DO UPDATE SET
  exercise_id = EXCLUDED.exercise_id,
  prompt = EXCLUDED.prompt,
  options = EXCLUDED.options,
  correct_option = EXCLUDED.correct_option,
  explanation = EXCLUDED.explanation,
  display_order = EXCLUDED.display_order;

INSERT INTO public.questions (id, exercise_id, prompt, options, correct_option, explanation, display_order) VALUES
  ('b0f5fd50-80ef-5ef6-a551-f11a4fe54d59', '09042276-5a6b-5c9d-8dc6-dc1c0222fa86', 'قال تلميذٌ: «في الرباعيّ ABCD كان AB = DC، إذن ABCD متوازي أضلاع.» أين الخطأ؟', '[{"id":"a","text":"لا خطأ؛ الاستنتاج صحيح"},{"id":"b","text":"تقايسُ ضلعَين متقابلَين وحدَه لا يكفي؛ يلزم أيضًا توازيهما (أو تقايسُ الزوج الآخر)"},{"id":"c","text":"الشرطُ الصحيح هو AB = AD"},{"id":"d","text":"يجب أن يكون القطران متعامدَين"}]'::jsonb, 'b', 'تقايسُ زوجٍ واحدٍ من الأضلاع المتقابلة **لا يكفي** وحدَه؛ قد يكون الشكلُ شبهَ منحرفٍ متساويَ الساقَين. الشرطُ الكافي: أن يتقايسا **ويتوازيا** معًا، أو أن يتقايس الزوجان المتقابلان ✓. (سؤالُ اكتشاف خطأ: نصف موضعَ الخطأ لا حلًّا بديلًا.)', 2)
ON CONFLICT (id) DO UPDATE SET
  exercise_id = EXCLUDED.exercise_id,
  prompt = EXCLUDED.prompt,
  options = EXCLUDED.options,
  correct_option = EXCLUDED.correct_option,
  explanation = EXCLUDED.explanation,
  display_order = EXCLUDED.display_order;

INSERT INTO public.questions (id, exercise_id, prompt, options, correct_option, explanation, display_order) VALUES
  ('9277006f-60a5-59b5-b454-79c32b02c549', '09042276-5a6b-5c9d-8dc6-dc1c0222fa86', 'في متوازي الأضلاع ABCD المتقاطعِ قطراه في O، كان OA = 3x − 1 وOC = x + 5 (بالـ cm). ما طولُ القطر AC؟', '[{"id":"a","text":"16 cm"},{"id":"b","text":"8 cm"},{"id":"c","text":"3 cm"},{"id":"d","text":"11 cm"}]'::jsonb, 'a', 'O منتصفُ [AC] فـ OA = OC: 3x − 1 = x + 5، ومنه 2x = 6 أي x = 3. إذن OA = 3×3 − 1 = 8 cm، والقطرُ AC = 2×OA = 16 cm ✓. الخطأُ الشائع: التوقّفُ عند OA = 8 cm دون مضاعفة، أو إعطاءُ قيمة x بدل القطر (3).', 3)
ON CONFLICT (id) DO UPDATE SET
  exercise_id = EXCLUDED.exercise_id,
  prompt = EXCLUDED.prompt,
  options = EXCLUDED.options,
  correct_option = EXCLUDED.correct_option,
  explanation = EXCLUDED.explanation,
  display_order = EXCLUDED.display_order;

INSERT INTO public.questions (id, exercise_id, prompt, options, correct_option, explanation, display_order) VALUES
  ('ba12e55a-74d6-51f0-a97b-95c6bcdd6706', '09042276-5a6b-5c9d-8dc6-dc1c0222fa86', 'ما الشرطُ الذي يجعل متوازيَ الأضلاع مستطيلًا (لا معيّنًا)؟', '[{"id":"a","text":"قطراه متعامدان"},{"id":"b","text":"ضلعان متتاليان متقايسان"},{"id":"c","text":"قطراه متقايسان"},{"id":"d","text":"أضلاعُه المتقابلة متقايسة"}]'::jsonb, 'c', 'متوازي أضلاعٍ قطراه متقايسان هو مستطيل ✓. تعامدُ الأقطار وتقايسُ ضلعَين متتاليَين يميّزان المعيّنَ لا المستطيل؛ وتقايسُ الأضلاع المتقابلة خاصيةٌ عامةٌ لكلّ متوازي أضلاع فلا تميّز شيئًا.', 4)
ON CONFLICT (id) DO UPDATE SET
  exercise_id = EXCLUDED.exercise_id,
  prompt = EXCLUDED.prompt,
  options = EXCLUDED.options,
  correct_option = EXCLUDED.correct_option,
  explanation = EXCLUDED.explanation,
  display_order = EXCLUDED.display_order;

INSERT INTO public.questions (id, exercise_id, prompt, options, correct_option, explanation, display_order) VALUES
  ('82205923-b4c5-5b6a-8ee4-f0cb242adc1e', '09042276-5a6b-5c9d-8dc6-dc1c0222fa86', 'متوازي أضلاعٍ هو مستطيلٌ ومعيّنٌ في آنٍ واحد. ما نوعُه وما خاصيةُ قطرَيه؟', '[{"id":"a","text":"مستطيل؛ قطراه متقايسان فقط"},{"id":"b","text":"مربّع؛ قطراه متقايسان ومتعامدان ويتناصفان"},{"id":"c","text":"معيّن؛ قطراه متعامدان فقط"},{"id":"d","text":"متوازي أضلاع عاديّ؛ قطراه متناصفان فقط"}]'::jsonb, 'b', 'ما هو مستطيلٌ ومعيّنٌ معًا هو المربّع ✓. يرث تقايسَ الأقطار من المستطيل، وتعامدَها من المعيّن، ويبقى التناصفُ لأنّه متوازي أضلاع: فقطراه متقايسان ومتعامدان ويتناصفان.', 5)
ON CONFLICT (id) DO UPDATE SET
  exercise_id = EXCLUDED.exercise_id,
  prompt = EXCLUDED.prompt,
  options = EXCLUDED.options,
  correct_option = EXCLUDED.correct_option,
  explanation = EXCLUDED.explanation,
  display_order = EXCLUDED.display_order;

INSERT INTO public.questions (id, exercise_id, prompt, options, correct_option, explanation, display_order) VALUES
  ('9bb8eeea-7080-57d0-8f38-4d7e387e724b', '09042276-5a6b-5c9d-8dc6-dc1c0222fa86', 'في متوازي الأضلاع ABCD كانت الزاويةُ Â تزيد عن الزاوية المتتاليةِ B̂ بمقدار 40°. ما قيسُ Â؟', '[{"id":"a","text":"110°"},{"id":"b","text":"70°"},{"id":"c","text":"140°"},{"id":"d","text":"90°"}]'::jsonb, 'a', 'Â وB̂ متتاليتان فـ Â + B̂ = 180°، ومع Â − B̂ = 40° نجمع المعادلتين: 2×Â = 220°، إذن Â = 110° (وB̂ = 70°) ✓. الخطأُ الشائع: إعطاءُ قيمة B̂ = 70° بدل Â.', 6)
ON CONFLICT (id) DO UPDATE SET
  exercise_id = EXCLUDED.exercise_id,
  prompt = EXCLUDED.prompt,
  options = EXCLUDED.options,
  correct_option = EXCLUDED.correct_option,
  explanation = EXCLUDED.explanation,
  display_order = EXCLUDED.display_order;

INSERT INTO public.exercises (id, chapter_id, subject_id, title, difficulty, xp_reward, reward_coins, mode, source, display_order) VALUES
  ('45232de4-c65f-5c37-ae63-dd506e5d1800', '2ebee8d0-e505-5df8-b6ec-451f668d7838', 'math-8eme', '⭐⭐⭐ زعيم: تدرّبٌ على البراهين والحالات الخاصة', 3, 120, 30, 'boss', 'admin', 5)
ON CONFLICT (id) DO UPDATE SET
  chapter_id = EXCLUDED.chapter_id,
  subject_id = EXCLUDED.subject_id,
  title = EXCLUDED.title,
  difficulty = EXCLUDED.difficulty,
  xp_reward = EXCLUDED.xp_reward,
  reward_coins = EXCLUDED.reward_coins,
  mode = EXCLUDED.mode,
  display_order = EXCLUDED.display_order;

INSERT INTO public.questions (id, exercise_id, prompt, options, correct_option, explanation, display_order) VALUES
  ('c91c4e1a-6f4d-5791-b773-9b27e4e2bed7', '45232de4-c65f-5c37-ae63-dd506e5d1800', 'في متوازي الأضلاع ABCD كانت الزاويةُ Ĉ = 95°. ما قيسُ الزاوية المتتاليةِ D̂؟', '[{"id":"a","text":"95°"},{"id":"b","text":"85°"},{"id":"c","text":"5°"},{"id":"d","text":"185°"}]'::jsonb, 'b', 'Ĉ وD̂ متتاليتان فمجموعهما 180°: D̂ = 180° − 95° = 85° ✓. الخطأُ الشائع: اعتبارُهما متقابلتين فتساويان 95°، أو التكاملُ إلى 90° (5°).', 1)
ON CONFLICT (id) DO UPDATE SET
  exercise_id = EXCLUDED.exercise_id,
  prompt = EXCLUDED.prompt,
  options = EXCLUDED.options,
  correct_option = EXCLUDED.correct_option,
  explanation = EXCLUDED.explanation,
  display_order = EXCLUDED.display_order;

INSERT INTO public.questions (id, exercise_id, prompt, options, correct_option, explanation, display_order) VALUES
  ('afca41c2-10bb-53c8-9377-fdd4cbb9969e', '45232de4-c65f-5c37-ae63-dd506e5d1800', 'في متوازي الأضلاع ABCD كانت Â = 3x وB̂ = 2x (متتاليتان). ما قيسُ Â؟', '[{"id":"a","text":"108°"},{"id":"b","text":"72°"},{"id":"c","text":"36°"},{"id":"d","text":"90°"}]'::jsonb, 'a', 'المتتاليتان مجموعهما 180°: 3x + 2x = 180°، فـ 5x = 180° أي x = 36°. إذن Â = 3×36° = 108° ✓. الخطأُ الشائع: التوقّفُ عند x = 36°، أو حسابُ B̂ = 2×36° = 72° بدل Â.', 2)
ON CONFLICT (id) DO UPDATE SET
  exercise_id = EXCLUDED.exercise_id,
  prompt = EXCLUDED.prompt,
  options = EXCLUDED.options,
  correct_option = EXCLUDED.correct_option,
  explanation = EXCLUDED.explanation,
  display_order = EXCLUDED.display_order;

INSERT INTO public.questions (id, exercise_id, prompt, options, correct_option, explanation, display_order) VALUES
  ('7227339e-a931-5a50-91e3-665168cb2995', '45232de4-c65f-5c37-ae63-dd506e5d1800', 'متوازي أضلاعٍ له زاويةٌ قائمةٌ وضلعان متتاليان متقايسان في آنٍ واحد. ما نوعُه؟', '[{"id":"a","text":"مستطيل فقط"},{"id":"b","text":"معيّن فقط"},{"id":"c","text":"متوازي أضلاع عاديّ"},{"id":"d","text":"مربّع"}]'::jsonb, 'd', 'الزاويةُ القائمة تجعله مستطيلًا، والضلعان المتتاليان المتقايسان يجعلانه معيّنًا؛ ما هو مستطيلٌ ومعيّنٌ معًا هو المربّع ✓. أخذُ شرطٍ واحدٍ فقط يعطي المستطيلَ أو المعيّنَ.', 3)
ON CONFLICT (id) DO UPDATE SET
  exercise_id = EXCLUDED.exercise_id,
  prompt = EXCLUDED.prompt,
  options = EXCLUDED.options,
  correct_option = EXCLUDED.correct_option,
  explanation = EXCLUDED.explanation,
  display_order = EXCLUDED.display_order;

INSERT INTO public.questions (id, exercise_id, prompt, options, correct_option, explanation, display_order) VALUES
  ('56953f22-d112-56e4-ae91-ea88a13a3d5b', '45232de4-c65f-5c37-ae63-dd506e5d1800', 'أيٌّ من الشروط التالية لا يكفي وحدَه لإثبات أنّ رباعيًّا متوازي أضلاع؟', '[{"id":"a","text":"القطران متناصفان"},{"id":"b","text":"الأضلاعُ المتقابلة متقايسة مثنى مثنى"},{"id":"c","text":"زوجٌ واحدٌ فقط من الأضلاع متوازٍ"},{"id":"d","text":"الزاويتان المتقابلتان متقايستان مثنى مثنى"}]'::jsonb, 'c', 'توازي زوجٍ واحدٍ فقط من الأضلاع يعطي شبهَ منحرفٍ لا متوازيَ أضلاع؛ فهو لا يكفي وحدَه ✓. أمّا تناصفُ القطرَين وتقايسُ الأضلاع المتقابلة وتقايسُ الزاويتين المتقابلتين فكلٌّ منها شرطٌ كافٍ.', 4)
ON CONFLICT (id) DO UPDATE SET
  exercise_id = EXCLUDED.exercise_id,
  prompt = EXCLUDED.prompt,
  options = EXCLUDED.options,
  correct_option = EXCLUDED.correct_option,
  explanation = EXCLUDED.explanation,
  display_order = EXCLUDED.display_order;

INSERT INTO public.questions (id, exercise_id, prompt, options, correct_option, explanation, display_order) VALUES
  ('83854956-2bc4-5bb3-8fd2-d71b8e0033c3', '45232de4-c65f-5c37-ae63-dd506e5d1800', 'في المستطيل ABCD كان القطرُ AC = 10 cm. ما طولُ القطر BD؟', '[{"id":"a","text":"5 cm"},{"id":"b","text":"10 cm"},{"id":"c","text":"20 cm"},{"id":"d","text":"لا يمكن تحديدُه"}]'::jsonb, 'b', 'في المستطيل القطران متقايسان، فـ BD = AC = 10 cm ✓. الخطأُ الشائع: أخذُ نصف القطر (5 cm) بالخلط مع تناصف الأقطار، أو مضاعفتُه (20 cm). المستطيلُ يميّزه تقايسُ الأقطار.', 5)
ON CONFLICT (id) DO UPDATE SET
  exercise_id = EXCLUDED.exercise_id,
  prompt = EXCLUDED.prompt,
  options = EXCLUDED.options,
  correct_option = EXCLUDED.correct_option,
  explanation = EXCLUDED.explanation,
  display_order = EXCLUDED.display_order;

INSERT INTO public.questions (id, exercise_id, prompt, options, correct_option, explanation, display_order) VALUES
  ('d2f69a7e-64f8-595f-b54b-97225a61860a', '45232de4-c65f-5c37-ae63-dd506e5d1800', 'معيّنٌ محيطُه 20 cm. ما طولُ ضلعه الواحد؟', '[{"id":"a","text":"5 cm"},{"id":"b","text":"10 cm"},{"id":"c","text":"4 cm"},{"id":"d","text":"80 cm"}]'::jsonb, 'a', 'أضلاعُ المعيّن الأربعةُ متقايسة، فطولُ الضلع = المحيط ÷ 4 = 20 ÷ 4 = 5 cm ✓. الخطأُ الشائع: القسمةُ على 2 (10 cm) بمعاملة المعيّن معاملةَ متوازي أضلاعٍ بضلعَين مختلفَين، أو ضربُ المحيط في 4 (80 cm).', 6)
ON CONFLICT (id) DO UPDATE SET
  exercise_id = EXCLUDED.exercise_id,
  prompt = EXCLUDED.prompt,
  options = EXCLUDED.options,
  correct_option = EXCLUDED.correct_option,
  explanation = EXCLUDED.explanation,
  display_order = EXCLUDED.display_order;

INSERT INTO public.exercises (id, chapter_id, subject_id, title, difficulty, xp_reward, reward_coins, mode, source, display_order) VALUES
  ('310837f0-97dc-5683-8c7e-625ff55ff507', '2ebee8d0-e505-5df8-b6ec-451f668d7838', 'math-8eme', '👑 تحدّي النخبة ⭐⭐⭐⭐: إتقانُ التمييز والبراهين', 4, 300, 60, 'challenge', 'admin', 6)
ON CONFLICT (id) DO UPDATE SET
  chapter_id = EXCLUDED.chapter_id,
  subject_id = EXCLUDED.subject_id,
  title = EXCLUDED.title,
  difficulty = EXCLUDED.difficulty,
  xp_reward = EXCLUDED.xp_reward,
  reward_coins = EXCLUDED.reward_coins,
  mode = EXCLUDED.mode,
  display_order = EXCLUDED.display_order;

INSERT INTO public.questions (id, exercise_id, prompt, options, correct_option, explanation, display_order) VALUES
  ('694c0085-c8a4-5266-9b55-52daa7267ee8', '310837f0-97dc-5683-8c7e-625ff55ff507', 'متوازي أضلاعٍ قطراه متعامدان ومتناصفان لكنّهما غيرُ متقايسَين. ما نوعُه بالضبط؟', '[{"id":"a","text":"مربّع"},{"id":"b","text":"مستطيل"},{"id":"c","text":"متوازي أضلاع عاديّ"},{"id":"d","text":"معيّن"}]'::jsonb, 'd', 'التناصفُ خاصيةٌ لكلّ متوازي أضلاع، والتعامدُ يميّز المعيّن ✓. لو كان القطران متقايسَين أيضًا لصار مربّعًا؛ لكنّهما غيرُ متقايسَين فهو معيّنٌ لا مربّع.', 1)
ON CONFLICT (id) DO UPDATE SET
  exercise_id = EXCLUDED.exercise_id,
  prompt = EXCLUDED.prompt,
  options = EXCLUDED.options,
  correct_option = EXCLUDED.correct_option,
  explanation = EXCLUDED.explanation,
  display_order = EXCLUDED.display_order;

INSERT INTO public.questions (id, exercise_id, prompt, options, correct_option, explanation, display_order) VALUES
  ('079f825f-ce2d-5b37-a6cc-296e94c44e3f', '310837f0-97dc-5683-8c7e-625ff55ff507', 'قال تلميذٌ: «المستطيلُ قطراه متعامدان.» ما تصحيحُ العبارة؟', '[{"id":"a","text":"العبارةُ صحيحة"},{"id":"b","text":"قطرا المستطيل متقايسان لا متعامدَين؛ التعامدُ صفةُ المعيّن"},{"id":"c","text":"قطرا المستطيل غيرُ متناصفَين"},{"id":"d","text":"المستطيلُ ليس متوازيَ أضلاع"}]'::jsonb, 'b', 'الصحيح: قطرا المستطيل **متقايسان** (ويتناصفان)، أمّا التعامدُ فهو صفةُ المعيّن ✓. قطرا المستطيل متناصفان لأنّه متوازي أضلاع، والمستطيلُ حالةٌ خاصةٌ من متوازي الأضلاع.', 2)
ON CONFLICT (id) DO UPDATE SET
  exercise_id = EXCLUDED.exercise_id,
  prompt = EXCLUDED.prompt,
  options = EXCLUDED.options,
  correct_option = EXCLUDED.correct_option,
  explanation = EXCLUDED.explanation,
  display_order = EXCLUDED.display_order;

INSERT INTO public.questions (id, exercise_id, prompt, options, correct_option, explanation, display_order) VALUES
  ('9f5bafe1-cf4b-5246-934c-02f6b8ec03ca', '310837f0-97dc-5683-8c7e-625ff55ff507', 'متوازي الأضلاع ABCD معيّنٌ، وكان AB = 2x وBC = x + 4 (بالـ cm). ما طولُ ضلعه؟', '[{"id":"a","text":"8 cm"},{"id":"b","text":"4 cm"},{"id":"c","text":"12 cm"},{"id":"d","text":"6 cm"}]'::jsonb, 'a', 'في المعيّن كلُّ الأضلاع متقايسة، والضلعان المتتاليان AB وBC متساويان: 2x = x + 4، ومنه x = 4. فطولُ الضلع = 2×4 = 8 cm ✓. الخطأُ الشائع: التوقّفُ عند x = 4، أو جمعُ الطولَين.', 3)
ON CONFLICT (id) DO UPDATE SET
  exercise_id = EXCLUDED.exercise_id,
  prompt = EXCLUDED.prompt,
  options = EXCLUDED.options,
  correct_option = EXCLUDED.correct_option,
  explanation = EXCLUDED.explanation,
  display_order = EXCLUDED.display_order;

INSERT INTO public.questions (id, exercise_id, prompt, options, correct_option, explanation, display_order) VALUES
  ('ba1b733b-cb31-580e-b58c-08ad410c0c73', '310837f0-97dc-5683-8c7e-625ff55ff507', 'رباعيٌّ قطراه متناصفان ومتقايسان لكنّهما غيرُ متعامدَين. ما نوعُه؟', '[{"id":"a","text":"معيّن"},{"id":"b","text":"مربّع"},{"id":"c","text":"مستطيل"},{"id":"d","text":"شبه منحرف"}]'::jsonb, 'c', 'التناصفُ يجعله متوازيَ أضلاع، والتقايسُ يجعله مستطيلًا ✓. لو كان القطران متعامدَين أيضًا لصار مربّعًا؛ التعامدُ وحدَه (دون تقايس) يعطي معيّنًا. غيرُ متعامدَين يستبعد المربّعَ والمعيّن.', 4)
ON CONFLICT (id) DO UPDATE SET
  exercise_id = EXCLUDED.exercise_id,
  prompt = EXCLUDED.prompt,
  options = EXCLUDED.options,
  correct_option = EXCLUDED.correct_option,
  explanation = EXCLUDED.explanation,
  display_order = EXCLUDED.display_order;

INSERT INTO public.questions (id, exercise_id, prompt, options, correct_option, explanation, display_order) VALUES
  ('af786eab-e136-53f4-bc88-93185f13c2b5', '310837f0-97dc-5683-8c7e-625ff55ff507', 'في متوازي الأضلاع ABCD نسبةُ الزاوية Â إلى الزاوية المتتاليةِ B̂ هي 4 إلى 5. ما قيسُ B̂؟', '[{"id":"a","text":"80°"},{"id":"b","text":"45°"},{"id":"c","text":"90°"},{"id":"d","text":"100°"}]'::jsonb, 'd', 'نضع Â = 4k وB̂ = 5k؛ المتتاليتان مجموعهما 180°: 4k + 5k = 180°، فـ 9k = 180° أي k = 20°. إذن B̂ = 5×20° = 100° (وÂ = 80°) ✓. الخطأُ الشائع: إعطاءُ قيمة Â = 80° بدل B̂.', 5)
ON CONFLICT (id) DO UPDATE SET
  exercise_id = EXCLUDED.exercise_id,
  prompt = EXCLUDED.prompt,
  options = EXCLUDED.options,
  correct_option = EXCLUDED.correct_option,
  explanation = EXCLUDED.explanation,
  display_order = EXCLUDED.display_order;

INSERT INTO public.questions (id, exercise_id, prompt, options, correct_option, explanation, display_order) VALUES
  ('89d6985c-4e41-5722-a01f-44273c7668f8', '310837f0-97dc-5683-8c7e-625ff55ff507', 'أيُّ العبارات التالية صحيحةٌ دائمًا؟', '[{"id":"a","text":"كلُّ مستطيلٍ معيّن"},{"id":"b","text":"كلُّ مربّعٍ مستطيلٌ ومعيّنٌ في آن"},{"id":"c","text":"كلُّ متوازي أضلاعٍ مستطيل"},{"id":"d","text":"كلُّ معيّنٍ مربّع"}]'::jsonb, 'b', 'المربّعُ يجمع صفتَي المستطيل (زوايا قائمة) والمعيّن (أضلاع متقايسة)، فكلُّ مربّعٍ مستطيلٌ ومعيّنٌ معًا ✓. أمّا العكسُ فليس صحيحًا: مستطيلٌ غيرُ مربّعٍ ليس معيّنًا، ومعيّنٌ غيرُ مربّعٍ ليس مربّعًا، ومتوازي الأضلاع العامُّ ليس مستطيلًا.', 6)
ON CONFLICT (id) DO UPDATE SET
  exercise_id = EXCLUDED.exercise_id,
  prompt = EXCLUDED.prompt,
  options = EXCLUDED.options,
  correct_option = EXCLUDED.correct_option,
  explanation = EXCLUDED.explanation,
  display_order = EXCLUDED.display_order;

INSERT INTO public.exercises (id, chapter_id, subject_id, title, difficulty, xp_reward, reward_coins, mode, source, display_order) VALUES
  ('8f2fc61b-3316-5190-bd65-c1ad8d5ebc96', 'dc069921-eb84-505a-94b2-025b1413186e', 'math-8eme', 'اختبار فهم الدرس ⭐', 1, 20, 5, 'quiz', 'admin', 0)
ON CONFLICT (id) DO UPDATE SET
  chapter_id = EXCLUDED.chapter_id,
  subject_id = EXCLUDED.subject_id,
  title = EXCLUDED.title,
  difficulty = EXCLUDED.difficulty,
  xp_reward = EXCLUDED.xp_reward,
  reward_coins = EXCLUDED.reward_coins,
  mode = EXCLUDED.mode,
  display_order = EXCLUDED.display_order;

INSERT INTO public.questions (id, exercise_id, prompt, options, correct_option, explanation, display_order) VALUES
  ('d5230d15-220b-51f5-aee8-3473168c2008', '8f2fc61b-3316-5190-bd65-c1ad8d5ebc96', 'تقاطع مستقيمان، فكانت إحدى الزوايا المتكوّنة قيسها 50°. ما قيس الزاوية المقابلة لها بالرأس؟', '[{"id":"a","text":"40°"},{"id":"b","text":"130°"},{"id":"c","text":"50°"},{"id":"d","text":"100°"}]'::jsonb, 'c', 'الزاويتان المتقابلتان بالرأس متساويتان دائمًا، فالأخرى 50° ✓. الخطأُ الشائع: أخذُ المتمّمة إلى 90° (40°) أو المكمّلة إلى 180° (130°)؛ التقابلُ بالرأس يعني التساوي لا التكامل.', 1)
ON CONFLICT (id) DO UPDATE SET
  exercise_id = EXCLUDED.exercise_id,
  prompt = EXCLUDED.prompt,
  options = EXCLUDED.options,
  correct_option = EXCLUDED.correct_option,
  explanation = EXCLUDED.explanation,
  display_order = EXCLUDED.display_order;

INSERT INTO public.questions (id, exercise_id, prompt, options, correct_option, explanation, display_order) VALUES
  ('980862ec-7785-536d-a1e2-708f4a607f25', '8f2fc61b-3316-5190-bd65-c1ad8d5ebc96', 'زاويتان متكاملتان (متجاورتان على استقامة واحدة)، إحداهما قيسها 110°. ما قيس الأخرى؟', '[{"id":"a","text":"70°"},{"id":"b","text":"110°"},{"id":"c","text":"90°"},{"id":"d","text":"250°"}]'::jsonb, 'a', 'المتكاملتان مجموعهما 180°، فالأخرى 180° − 110° = 70° ✓. الخطأُ الشائع: اعتبارُهما متساويتَين (110°)، أو الخلطُ بالتتام إلى 90°.', 2)
ON CONFLICT (id) DO UPDATE SET
  exercise_id = EXCLUDED.exercise_id,
  prompt = EXCLUDED.prompt,
  options = EXCLUDED.options,
  correct_option = EXCLUDED.correct_option,
  explanation = EXCLUDED.explanation,
  display_order = EXCLUDED.display_order;

INSERT INTO public.questions (id, exercise_id, prompt, options, correct_option, explanation, display_order) VALUES
  ('cd9db75c-08c1-5985-b2d1-5aa3074063ab', '8f2fc61b-3316-5190-bd65-c1ad8d5ebc96', 'مستقيمان متوازيان (d)//(d'') يقطعهما قاطع. زاويتان متبادلتان داخليًّا، إحداهما قيسها 65°. ما قيس الأخرى؟', '[{"id":"a","text":"115°"},{"id":"b","text":"65°"},{"id":"c","text":"25°"},{"id":"d","text":"130°"}]'::jsonb, 'b', 'عند التوازي تكون الزاويتان المتبادلتان داخليًّا متساويتَين، فالأخرى 65° ✓. الخطأُ الأخطر: معاملتُها كأنّها متحالفة داخليًّا فتُطرح من 180° (115°)؛ المتبادلتان متساويتان لا متكاملتان.', 3)
ON CONFLICT (id) DO UPDATE SET
  exercise_id = EXCLUDED.exercise_id,
  prompt = EXCLUDED.prompt,
  options = EXCLUDED.options,
  correct_option = EXCLUDED.correct_option,
  explanation = EXCLUDED.explanation,
  display_order = EXCLUDED.display_order;

INSERT INTO public.questions (id, exercise_id, prompt, options, correct_option, explanation, display_order) VALUES
  ('8f46f1a4-7887-5a58-8e5a-46b903263d3f', '8f2fc61b-3316-5190-bd65-c1ad8d5ebc96', 'في مثلّث، زاويتان قيسهما 40° و75°. ما قيس الزاوية الثالثة؟', '[{"id":"a","text":"65°"},{"id":"b","text":"115°"},{"id":"c","text":"75°"},{"id":"d","text":"245°"}]'::jsonb, 'a', 'مجموع زوايا المثلّث 180°، فالثالثة = 180° − (40° + 75°) = 180° − 115° = 65° ✓. الخطأُ الشائع: إعطاءُ مجموع الزاويتَين 115° بدل الفرق، أو نسيانُ أنّ المجموع 180°.', 4)
ON CONFLICT (id) DO UPDATE SET
  exercise_id = EXCLUDED.exercise_id,
  prompt = EXCLUDED.prompt,
  options = EXCLUDED.options,
  correct_option = EXCLUDED.correct_option,
  explanation = EXCLUDED.explanation,
  display_order = EXCLUDED.display_order;

INSERT INTO public.questions (id, exercise_id, prompt, options, correct_option, explanation, display_order) VALUES
  ('33dd83a9-7dcd-5023-991b-6979fb04b290', '8f2fc61b-3316-5190-bd65-c1ad8d5ebc96', 'مستقيمان متوازيان يقطعهما قاطع. زاويتان متحالفتان داخليًّا (على نفس الجهة)، إحداهما قيسها 70°. ما قيس الأخرى؟', '[{"id":"a","text":"70°"},{"id":"b","text":"110°"},{"id":"c","text":"20°"},{"id":"d","text":"130°"}]'::jsonb, 'b', 'عند التوازي تكون الزاويتان المتحالفتان داخليًّا متكاملتَين، فالأخرى 180° − 70° = 110° ✓. الخطأُ الأشهر: اعتبارُهما متساويتَين (70°) بالخلط مع المتبادلتَين داخليًّا؛ المتحالفتان مجموعهما 180°.', 5)
ON CONFLICT (id) DO UPDATE SET
  exercise_id = EXCLUDED.exercise_id,
  prompt = EXCLUDED.prompt,
  options = EXCLUDED.options,
  correct_option = EXCLUDED.correct_option,
  explanation = EXCLUDED.explanation,
  display_order = EXCLUDED.display_order;

INSERT INTO public.exercises (id, chapter_id, subject_id, title, difficulty, xp_reward, reward_coins, mode, source, display_order) VALUES
  ('e37c0da8-3def-543d-a774-34f96607f45d', 'dc069921-eb84-505a-94b2-025b1413186e', 'math-8eme', '⭐ تمرين: أساسيات الزوايا والتوازي', 1, 50, 10, 'practice', 'admin', 1)
ON CONFLICT (id) DO UPDATE SET
  chapter_id = EXCLUDED.chapter_id,
  subject_id = EXCLUDED.subject_id,
  title = EXCLUDED.title,
  difficulty = EXCLUDED.difficulty,
  xp_reward = EXCLUDED.xp_reward,
  reward_coins = EXCLUDED.reward_coins,
  mode = EXCLUDED.mode,
  display_order = EXCLUDED.display_order;

INSERT INTO public.questions (id, exercise_id, prompt, options, correct_option, explanation, display_order) VALUES
  ('720d54d4-ef52-5f2b-bb7a-8f3ab330e24a', 'e37c0da8-3def-543d-a774-34f96607f45d', 'زاويتان متقابلتان بالرأس، إحداهما قيسها 80°. ما قيس الأخرى؟', '[{"id":"a","text":"100°"},{"id":"b","text":"10°"},{"id":"c","text":"80°"},{"id":"d","text":"160°"}]'::jsonb, 'c', 'المتقابلتان بالرأس متساويتان، فالأخرى 80° ✓. الخطأُ الشائع: أخذُ المكمّلة إلى 180° (100°) أو المتمّمة إلى 90° (10°)؛ التقابلُ بالرأس تساوٍ لا تكامل.', 1)
ON CONFLICT (id) DO UPDATE SET
  exercise_id = EXCLUDED.exercise_id,
  prompt = EXCLUDED.prompt,
  options = EXCLUDED.options,
  correct_option = EXCLUDED.correct_option,
  explanation = EXCLUDED.explanation,
  display_order = EXCLUDED.display_order;

INSERT INTO public.questions (id, exercise_id, prompt, options, correct_option, explanation, display_order) VALUES
  ('31ef0a87-1976-55cb-83fc-562d6dfcda3a', 'e37c0da8-3def-543d-a774-34f96607f45d', 'زاويتان متكاملتان، إحداهما قيسها 120°. ما قيس الأخرى؟', '[{"id":"a","text":"60°"},{"id":"b","text":"120°"},{"id":"c","text":"240°"},{"id":"d","text":"80°"}]'::jsonb, 'a', 'المتكاملتان مجموعهما 180°، فالأخرى 180° − 120° = 60° ✓. الخطأُ الشائع: اعتبارُهما متساويتَين (120°) أو جمعُهما بدل طرحهما (240°).', 2)
ON CONFLICT (id) DO UPDATE SET
  exercise_id = EXCLUDED.exercise_id,
  prompt = EXCLUDED.prompt,
  options = EXCLUDED.options,
  correct_option = EXCLUDED.correct_option,
  explanation = EXCLUDED.explanation,
  display_order = EXCLUDED.display_order;

INSERT INTO public.questions (id, exercise_id, prompt, options, correct_option, explanation, display_order) VALUES
  ('c421fd3b-0805-57fb-8d79-ead50f372a25', 'e37c0da8-3def-543d-a774-34f96607f45d', 'مستقيمان متوازيان يقطعهما قاطع. زاويتان متناظرتان، إحداهما قيسها 45°. ما قيس الأخرى؟', '[{"id":"a","text":"135°"},{"id":"b","text":"55°"},{"id":"c","text":"90°"},{"id":"d","text":"45°"}]'::jsonb, 'd', 'عند التوازي تكون الزاويتان المتناظرتان متساويتَين، فالأخرى 45° ✓. الخطأُ الشائع: طرحُها من 180° (135°) كأنّها متكاملة؛ المتناظرتان عند التوازي متساويتان.', 3)
ON CONFLICT (id) DO UPDATE SET
  exercise_id = EXCLUDED.exercise_id,
  prompt = EXCLUDED.prompt,
  options = EXCLUDED.options,
  correct_option = EXCLUDED.correct_option,
  explanation = EXCLUDED.explanation,
  display_order = EXCLUDED.display_order;

INSERT INTO public.questions (id, exercise_id, prompt, options, correct_option, explanation, display_order) VALUES
  ('619233d2-e695-5e77-964d-2982ac58f2b2', 'e37c0da8-3def-543d-a774-34f96607f45d', 'في مثلّث زاويتاه قيسهما 60° و60°. ما قيس الزاوية الثالثة؟', '[{"id":"a","text":"120°"},{"id":"b","text":"60°"},{"id":"c","text":"90°"},{"id":"d","text":"30°"}]'::jsonb, 'b', 'المجموع 180°، فالثالثة = 180° − (60° + 60°) = 60° ✓ (مثلّث متساوي الأضلاع). الخطأُ الشائع: إعطاءُ مجموع الزاويتَين 120° بدل الفرق.', 4)
ON CONFLICT (id) DO UPDATE SET
  exercise_id = EXCLUDED.exercise_id,
  prompt = EXCLUDED.prompt,
  options = EXCLUDED.options,
  correct_option = EXCLUDED.correct_option,
  explanation = EXCLUDED.explanation,
  display_order = EXCLUDED.display_order;

INSERT INTO public.questions (id, exercise_id, prompt, options, correct_option, explanation, display_order) VALUES
  ('69305df2-f936-5913-83aa-4832abb35885', 'e37c0da8-3def-543d-a774-34f96607f45d', 'مستقيمان متوازيان يقطعهما قاطع. زاويتان متبادلتان داخليًّا، إحداهما قيسها 105°. ما قيس الأخرى؟', '[{"id":"a","text":"75°"},{"id":"b","text":"15°"},{"id":"c","text":"105°"},{"id":"d","text":"165°"}]'::jsonb, 'c', 'عند التوازي تكون المتبادلتان داخليًّا متساويتَين، فالأخرى 105° ✓. الخطأُ الأخطر: طرحُها من 180° (75°) بالخلط مع المتحالفتَين داخليًّا؛ المتبادلتان متساويتان.', 5)
ON CONFLICT (id) DO UPDATE SET
  exercise_id = EXCLUDED.exercise_id,
  prompt = EXCLUDED.prompt,
  options = EXCLUDED.options,
  correct_option = EXCLUDED.correct_option,
  explanation = EXCLUDED.explanation,
  display_order = EXCLUDED.display_order;

INSERT INTO public.questions (id, exercise_id, prompt, options, correct_option, explanation, display_order) VALUES
  ('ea8cf050-1fa5-590d-bb6f-ac557aba5075', 'e37c0da8-3def-543d-a774-34f96607f45d', 'مثلّث قائم الزاوية، إحدى زاويتيه الحادّتَين قيسها 35°. ما قيس الزاوية الحادّة الأخرى؟', '[{"id":"a","text":"55°"},{"id":"b","text":"65°"},{"id":"c","text":"145°"},{"id":"d","text":"35°"}]'::jsonb, 'a', 'في المثلّث القائم الزاويتان الحادّتان متتامّتان (مجموعهما 90°)، فالأخرى 90° − 35° = 55° ✓. الخطأُ الشائع: الطرحُ من 180° بدل 90° (145°)، أو نسيانُ الزاوية القائمة.', 6)
ON CONFLICT (id) DO UPDATE SET
  exercise_id = EXCLUDED.exercise_id,
  prompt = EXCLUDED.prompt,
  options = EXCLUDED.options,
  correct_option = EXCLUDED.correct_option,
  explanation = EXCLUDED.explanation,
  display_order = EXCLUDED.display_order;

INSERT INTO public.exercises (id, chapter_id, subject_id, title, difficulty, xp_reward, reward_coins, mode, source, display_order) VALUES
  ('4234ec21-6cc2-5ad3-8c8e-bb6e0d64e18d', 'dc069921-eb84-505a-94b2-025b1413186e', 'math-8eme', '⚔️ زعيم الفصل ⭐⭐⭐: الزوايا والتوازي ومجموع الزوايا', 3, 120, 30, 'boss', 'admin', 2)
ON CONFLICT (id) DO UPDATE SET
  chapter_id = EXCLUDED.chapter_id,
  subject_id = EXCLUDED.subject_id,
  title = EXCLUDED.title,
  difficulty = EXCLUDED.difficulty,
  xp_reward = EXCLUDED.xp_reward,
  reward_coins = EXCLUDED.reward_coins,
  mode = EXCLUDED.mode,
  display_order = EXCLUDED.display_order;

INSERT INTO public.questions (id, exercise_id, prompt, options, correct_option, explanation, display_order) VALUES
  ('797d3677-24d2-5a22-a349-a527311b7a7e', '4234ec21-6cc2-5ad3-8c8e-bb6e0d64e18d', 'زاويتان متقابلتان بالرأس، إحداهما قيسها 125°. ما قيس الأخرى؟', '[{"id":"a","text":"55°"},{"id":"b","text":"125°"},{"id":"c","text":"35°"},{"id":"d","text":"65°"}]'::jsonb, 'b', 'المتقابلتان بالرأس متساويتان، فالأخرى 125° ✓. الخطأُ الشائع: أخذُ المكمّلة إلى 180° (55°) بالخلط بين التقابل بالرأس والتكامل.', 1)
ON CONFLICT (id) DO UPDATE SET
  exercise_id = EXCLUDED.exercise_id,
  prompt = EXCLUDED.prompt,
  options = EXCLUDED.options,
  correct_option = EXCLUDED.correct_option,
  explanation = EXCLUDED.explanation,
  display_order = EXCLUDED.display_order;

INSERT INTO public.questions (id, exercise_id, prompt, options, correct_option, explanation, display_order) VALUES
  ('1ceb366b-7824-5ae1-b69d-569990e1cba1', '4234ec21-6cc2-5ad3-8c8e-bb6e0d64e18d', 'مستقيمان متوازيان يقطعهما قاطع. زاويتان متحالفتان داخليًّا (على نفس الجهة)، إحداهما قيسها 130°. ما قيس الأخرى؟', '[{"id":"a","text":"130°"},{"id":"b","text":"40°"},{"id":"c","text":"230°"},{"id":"d","text":"50°"}]'::jsonb, 'd', 'المتحالفتان داخليًّا عند التوازي متكاملتان، فالأخرى 180° − 130° = 50° ✓. الخطأُ الأشهر: اعتبارُهما متساويتَين (130°) بالخلط مع المتبادلتَين داخليًّا.', 2)
ON CONFLICT (id) DO UPDATE SET
  exercise_id = EXCLUDED.exercise_id,
  prompt = EXCLUDED.prompt,
  options = EXCLUDED.options,
  correct_option = EXCLUDED.correct_option,
  explanation = EXCLUDED.explanation,
  display_order = EXCLUDED.display_order;

INSERT INTO public.questions (id, exercise_id, prompt, options, correct_option, explanation, display_order) VALUES
  ('244a7997-5637-542a-ac41-f2e4864ea489', '4234ec21-6cc2-5ad3-8c8e-bb6e0d64e18d', 'رباعي زواياه الثلاث قيسها 100° و80° و90°. ما قيس الزاوية الرابعة؟', '[{"id":"a","text":"80°"},{"id":"b","text":"180°"},{"id":"c","text":"90°"},{"id":"d","text":"100°"}]'::jsonb, 'c', 'مجموع زوايا الرباعي (4 − 2)×180° = 360°، فالرابعة = 360° − (100° + 80° + 90°) = 360° − 270° = 90° ✓. الخطأُ الشائع: استعمالُ 180° كمجموع (فتظهر نتيجة سالبة) أو 540° بدل 360°.', 3)
ON CONFLICT (id) DO UPDATE SET
  exercise_id = EXCLUDED.exercise_id,
  prompt = EXCLUDED.prompt,
  options = EXCLUDED.options,
  correct_option = EXCLUDED.correct_option,
  explanation = EXCLUDED.explanation,
  display_order = EXCLUDED.display_order;

INSERT INTO public.questions (id, exercise_id, prompt, options, correct_option, explanation, display_order) VALUES
  ('92278053-3f8a-5ad0-9aa7-93874f7a3173', '4234ec21-6cc2-5ad3-8c8e-bb6e0d64e18d', 'في مثلّث ABC، الزاوية Â قيسها 50°، والزاوية الخارجية عند الرأس C قيسها 120°. ما قيس الزاوية B̂؟', '[{"id":"a","text":"70°"},{"id":"b","text":"60°"},{"id":"c","text":"130°"},{"id":"d","text":"10°"}]'::jsonb, 'a', 'الزاوية الخارجية تساوي مجموع الزاويتَين الداخليّتَين غير المجاورتَين لها: 120° = Â + B̂ = 50° + B̂، فـ B̂ = 70° ✓. الخطأُ الشائع: طرحُ 120° من 180° ثمّ من Â، أو معاملةُ الخارجية كأنّها داخلية.', 4)
ON CONFLICT (id) DO UPDATE SET
  exercise_id = EXCLUDED.exercise_id,
  prompt = EXCLUDED.prompt,
  options = EXCLUDED.options,
  correct_option = EXCLUDED.correct_option,
  explanation = EXCLUDED.explanation,
  display_order = EXCLUDED.display_order;

INSERT INTO public.questions (id, exercise_id, prompt, options, correct_option, explanation, display_order) VALUES
  ('f87aa9fe-5034-5b36-9607-ebd5349eea9d', '4234ec21-6cc2-5ad3-8c8e-bb6e0d64e18d', 'قاطعٌ يقطع مستقيمَين (d) و(d'') فيكوّن زاويتَين متناظرتَين قيسهما 3x و(x + 40) بالدرجات. إذا كان (d)//(d'')، فما قيس كلّ زاوية؟', '[{"id":"a","text":"20°"},{"id":"b","text":"60°"},{"id":"c","text":"70°"},{"id":"d","text":"40°"}]'::jsonb, 'b', 'المتناظرتان عند التوازي متساويتان: 3x = x + 40، فـ 2x = 40 و x = 20، وقيس كلّ زاوية 3×20 = 60° (أو 20 + 40 = 60°) ✓. الخطأُ الشائع: التوقّفُ عند x = 20 وتقديمُه كقيس الزاوية بدل حسابها.', 5)
ON CONFLICT (id) DO UPDATE SET
  exercise_id = EXCLUDED.exercise_id,
  prompt = EXCLUDED.prompt,
  options = EXCLUDED.options,
  correct_option = EXCLUDED.correct_option,
  explanation = EXCLUDED.explanation,
  display_order = EXCLUDED.display_order;

INSERT INTO public.questions (id, exercise_id, prompt, options, correct_option, explanation, display_order) VALUES
  ('d36304e6-e782-5640-933a-6e84ede88533', '4234ec21-6cc2-5ad3-8c8e-bb6e0d64e18d', 'ما مجموع الزوايا الداخلية لمضلّع خماسي (5 أضلاع)؟', '[{"id":"a","text":"360°"},{"id":"b","text":"900°"},{"id":"c","text":"720°"},{"id":"d","text":"540°"}]'::jsonb, 'd', 'المجموع = (n − 2)×180° = (5 − 2)×180° = 3×180° = 540° ✓. الخطأُ الأشهر: استعمالُ n×180° = 900° بنسيان طرح 2، أو الخلطُ بالرباعي 360° أو السداسي 720°.', 6)
ON CONFLICT (id) DO UPDATE SET
  exercise_id = EXCLUDED.exercise_id,
  prompt = EXCLUDED.prompt,
  options = EXCLUDED.options,
  correct_option = EXCLUDED.correct_option,
  explanation = EXCLUDED.explanation,
  display_order = EXCLUDED.display_order;

INSERT INTO public.exercises (id, chapter_id, subject_id, title, difficulty, xp_reward, reward_coins, mode, source, display_order) VALUES
  ('d22ae00e-755d-5e63-8c0d-a3ff8a2e4b04', 'dc069921-eb84-505a-94b2-025b1413186e', 'math-8eme', '⭐⭐ تمرين مراجعة (نمط امتحان): زوايا وتوازٍ ومضلّعات', 2, 70, 15, 'practice', 'admin', 3)
ON CONFLICT (id) DO UPDATE SET
  chapter_id = EXCLUDED.chapter_id,
  subject_id = EXCLUDED.subject_id,
  title = EXCLUDED.title,
  difficulty = EXCLUDED.difficulty,
  xp_reward = EXCLUDED.xp_reward,
  reward_coins = EXCLUDED.reward_coins,
  mode = EXCLUDED.mode,
  display_order = EXCLUDED.display_order;

INSERT INTO public.questions (id, exercise_id, prompt, options, correct_option, explanation, display_order) VALUES
  ('cdb1299d-4797-544d-9e7b-a8839cb1c19f', 'd22ae00e-755d-5e63-8c0d-a3ff8a2e4b04', 'زاويتان متكاملتان، إحداهما قيسها 45°. ما قيس الأخرى؟', '[{"id":"a","text":"45°"},{"id":"b","text":"135°"},{"id":"c","text":"55°"},{"id":"d","text":"315°"}]'::jsonb, 'b', 'المتكاملتان مجموعهما 180°، فالأخرى 180° − 45° = 135° ✓. الخطأُ الشائع: اعتبارُهما متساويتَين (45°) أو الخلطُ بالتتام إلى 90° (45°).', 1)
ON CONFLICT (id) DO UPDATE SET
  exercise_id = EXCLUDED.exercise_id,
  prompt = EXCLUDED.prompt,
  options = EXCLUDED.options,
  correct_option = EXCLUDED.correct_option,
  explanation = EXCLUDED.explanation,
  display_order = EXCLUDED.display_order;

INSERT INTO public.questions (id, exercise_id, prompt, options, correct_option, explanation, display_order) VALUES
  ('cebf2d16-f13c-54f4-9b91-210fdb7e0384', 'd22ae00e-755d-5e63-8c0d-a3ff8a2e4b04', 'مستقيمان متوازيان يقطعهما قاطع. زاويتان متناظرتان، إحداهما قيسها 72°. ما قيس الأخرى؟', '[{"id":"a","text":"72°"},{"id":"b","text":"108°"},{"id":"c","text":"18°"},{"id":"d","text":"90°"}]'::jsonb, 'a', 'المتناظرتان عند التوازي متساويتان، فالأخرى 72° ✓. الخطأُ الشائع: طرحُها من 180° (108°) كأنّها متكاملة، أو من 90° (18°).', 2)
ON CONFLICT (id) DO UPDATE SET
  exercise_id = EXCLUDED.exercise_id,
  prompt = EXCLUDED.prompt,
  options = EXCLUDED.options,
  correct_option = EXCLUDED.correct_option,
  explanation = EXCLUDED.explanation,
  display_order = EXCLUDED.display_order;

INSERT INTO public.questions (id, exercise_id, prompt, options, correct_option, explanation, display_order) VALUES
  ('f23f4db5-f6f3-5461-8b9c-0db420c34de1', 'd22ae00e-755d-5e63-8c0d-a3ff8a2e4b04', 'مثلّث متساوي الساقَين، زاوية رأسه قيسها 40°. ما قيس كلّ زاوية من زاويتي القاعدة؟', '[{"id":"a","text":"140°"},{"id":"b","text":"40°"},{"id":"c","text":"70°"},{"id":"d","text":"100°"}]'::jsonb, 'c', 'زاويتا القاعدة متساويتان ومجموعهما 180° − 40° = 140°، فكلٌّ منهما 140° ÷ 2 = 70° ✓. الخطأُ الشائع: نسيانُ القسمة على 2 (140°) أو استعمالُ زاوية الرأس نفسها (40°).', 3)
ON CONFLICT (id) DO UPDATE SET
  exercise_id = EXCLUDED.exercise_id,
  prompt = EXCLUDED.prompt,
  options = EXCLUDED.options,
  correct_option = EXCLUDED.correct_option,
  explanation = EXCLUDED.explanation,
  display_order = EXCLUDED.display_order;

INSERT INTO public.questions (id, exercise_id, prompt, options, correct_option, explanation, display_order) VALUES
  ('3b66d556-12a3-5043-a4fb-784b2abf6558', 'd22ae00e-755d-5e63-8c0d-a3ff8a2e4b04', 'ما مجموع الزوايا الداخلية لمضلّع سداسي (6 أضلاع)؟', '[{"id":"a","text":"540°"},{"id":"b","text":"720°"},{"id":"c","text":"1080°"},{"id":"d","text":"360°"}]'::jsonb, 'b', 'المجموع = (6 − 2)×180° = 4×180° = 720° ✓. الخطأُ الأشهر: استعمالُ 6×180° = 1080° بنسيان طرح 2، أو الخلطُ بالخماسي 540°.', 4)
ON CONFLICT (id) DO UPDATE SET
  exercise_id = EXCLUDED.exercise_id,
  prompt = EXCLUDED.prompt,
  options = EXCLUDED.options,
  correct_option = EXCLUDED.correct_option,
  explanation = EXCLUDED.explanation,
  display_order = EXCLUDED.display_order;

INSERT INTO public.questions (id, exercise_id, prompt, options, correct_option, explanation, display_order) VALUES
  ('29dcf472-398e-54ba-a0ca-806b3b270af3', 'd22ae00e-755d-5e63-8c0d-a3ff8a2e4b04', 'مستقيمان متوازيان يقطعهما قاطع. زاويتان متبادلتان داخليًّا، قيس إحداهما 3x وقيس الأخرى 66°. ما قيمة x؟', '[{"id":"a","text":"66"},{"id":"b","text":"33"},{"id":"c","text":"198"},{"id":"d","text":"22"}]'::jsonb, 'd', 'المتبادلتان داخليًّا عند التوازي متساويتان: 3x = 66، فـ x = 66 ÷ 3 = 22 ✓. الخطأُ الشائع: أخذُ x = 66 دون قسمة، أو ضربُ 3×66 = 198 بدل القسمة.', 5)
ON CONFLICT (id) DO UPDATE SET
  exercise_id = EXCLUDED.exercise_id,
  prompt = EXCLUDED.prompt,
  options = EXCLUDED.options,
  correct_option = EXCLUDED.correct_option,
  explanation = EXCLUDED.explanation,
  display_order = EXCLUDED.display_order;

INSERT INTO public.questions (id, exercise_id, prompt, options, correct_option, explanation, display_order) VALUES
  ('46474ae1-6cc0-5baf-9050-55a6c5859769', 'd22ae00e-755d-5e63-8c0d-a3ff8a2e4b04', 'زاويتان متتامّتان، إحداهما قيسها 30°. ما قيس الأخرى؟', '[{"id":"a","text":"60°"},{"id":"b","text":"150°"},{"id":"c","text":"70°"},{"id":"d","text":"90°"}]'::jsonb, 'a', 'المتتامّتان مجموعهما 90°، فالأخرى 90° − 30° = 60° ✓. الخطأُ الأشهر: الخلطُ بالمتكاملتَين والطرحُ من 180° (150°)؛ التتامّ إلى 90° لا 180°.', 6)
ON CONFLICT (id) DO UPDATE SET
  exercise_id = EXCLUDED.exercise_id,
  prompt = EXCLUDED.prompt,
  options = EXCLUDED.options,
  correct_option = EXCLUDED.correct_option,
  explanation = EXCLUDED.explanation,
  display_order = EXCLUDED.display_order;

INSERT INTO public.exercises (id, chapter_id, subject_id, title, difficulty, xp_reward, reward_coins, mode, source, display_order) VALUES
  ('d2883264-6d36-5d98-a586-01ec33362bd5', 'dc069921-eb84-505a-94b2-025b1413186e', 'math-8eme', '👑 تحدّي النخبة ⭐⭐⭐⭐: عمقُ الزوايا والتوازي', 4, 300, 60, 'challenge', 'admin', 4)
ON CONFLICT (id) DO UPDATE SET
  chapter_id = EXCLUDED.chapter_id,
  subject_id = EXCLUDED.subject_id,
  title = EXCLUDED.title,
  difficulty = EXCLUDED.difficulty,
  xp_reward = EXCLUDED.xp_reward,
  reward_coins = EXCLUDED.reward_coins,
  mode = EXCLUDED.mode,
  display_order = EXCLUDED.display_order;

INSERT INTO public.questions (id, exercise_id, prompt, options, correct_option, explanation, display_order) VALUES
  ('92082649-95a6-581f-bb1e-3d170282103b', 'd2883264-6d36-5d98-a586-01ec33362bd5', 'مستقيمان متوازيان يقطعهما قاطع. زاويتان متحالفتان داخليًّا قيسهما (2x + 10) و(x + 20) بالدرجات. ما قيمة x؟', '[{"id":"a","text":"10"},{"id":"b","text":"50"},{"id":"c","text":"150"},{"id":"d","text":"30"}]'::jsonb, 'b', 'المتحالفتان داخليًّا عند التوازي متكاملتان: (2x + 10) + (x + 20) = 180، فـ 3x + 30 = 180 و 3x = 150 و x = 50 ✓ (الزاويتان 110° و70°، مجموعهما 180°). الخطأُ الأخطر: مساواةُ الزاويتَين 2x + 10 = x + 20 → x = 10 بالخلط مع المتبادلتَين.', 1)
ON CONFLICT (id) DO UPDATE SET
  exercise_id = EXCLUDED.exercise_id,
  prompt = EXCLUDED.prompt,
  options = EXCLUDED.options,
  correct_option = EXCLUDED.correct_option,
  explanation = EXCLUDED.explanation,
  display_order = EXCLUDED.display_order;

INSERT INTO public.questions (id, exercise_id, prompt, options, correct_option, explanation, display_order) VALUES
  ('4650f1ce-b41f-5080-9f44-9f620880eab5', 'd2883264-6d36-5d98-a586-01ec33362bd5', 'في مثلّث ABC، الزاوية Â تساوي ضعف الزاوية B̂، والزاوية Ĉ قيسها 60°. ما قيس الزاوية Â؟', '[{"id":"a","text":"40°"},{"id":"b","text":"120°"},{"id":"c","text":"80°"},{"id":"d","text":"60°"}]'::jsonb, 'c', 'المجموع 180°: 2B̂ + B̂ + 60° = 180°، فـ 3B̂ = 120° و B̂ = 40°، ومنه Â = 2×40° = 80° ✓. الخطأُ الشائع: التوقّفُ عند B̂ = 40° وتقديمُه كجواب بدل حساب Â.', 2)
ON CONFLICT (id) DO UPDATE SET
  exercise_id = EXCLUDED.exercise_id,
  prompt = EXCLUDED.prompt,
  options = EXCLUDED.options,
  correct_option = EXCLUDED.correct_option,
  explanation = EXCLUDED.explanation,
  display_order = EXCLUDED.display_order;

INSERT INTO public.questions (id, exercise_id, prompt, options, correct_option, explanation, display_order) VALUES
  ('9e82ff49-40f4-57b7-9b33-e5e7a016f9ad', 'd2883264-6d36-5d98-a586-01ec33362bd5', 'مضلّع منتظم مجموع زواياه الداخلية 1080°. كم عدد أضلاعه؟', '[{"id":"a","text":"8"},{"id":"b","text":"6"},{"id":"c","text":"10"},{"id":"d","text":"7"}]'::jsonb, 'a', '(n − 2)×180° = 1080°، فـ n − 2 = 1080 ÷ 180 = 6، ومنه n = 8 ✓. الخطأُ الشائع: قسمةُ 1080 ÷ 180 = 6 وتقديمُ 6 كجواب بنسيان إضافة 2.', 3)
ON CONFLICT (id) DO UPDATE SET
  exercise_id = EXCLUDED.exercise_id,
  prompt = EXCLUDED.prompt,
  options = EXCLUDED.options,
  correct_option = EXCLUDED.correct_option,
  explanation = EXCLUDED.explanation,
  display_order = EXCLUDED.display_order;

INSERT INTO public.questions (id, exercise_id, prompt, options, correct_option, explanation, display_order) VALUES
  ('7cf4a250-0bcd-5e7f-8380-5d8193cb1b75', 'd2883264-6d36-5d98-a586-01ec33362bd5', 'ما قيس كلّ زاوية داخلية في مضلّع سداسي منتظم (6 أضلاع)؟', '[{"id":"a","text":"720°"},{"id":"b","text":"108°"},{"id":"c","text":"60°"},{"id":"d","text":"120°"}]'::jsonb, 'd', 'الزاوية الواحدة = (n − 2)×180° ÷ n = 720° ÷ 6 = 120° ✓. الخطأُ الأشهر: تقديمُ المجموع 720° كزاوية واحدة، أو استعمالُ صيغة الخماسي 108°.', 4)
ON CONFLICT (id) DO UPDATE SET
  exercise_id = EXCLUDED.exercise_id,
  prompt = EXCLUDED.prompt,
  options = EXCLUDED.options,
  correct_option = EXCLUDED.correct_option,
  explanation = EXCLUDED.explanation,
  display_order = EXCLUDED.display_order;

INSERT INTO public.questions (id, exercise_id, prompt, options, correct_option, explanation, display_order) VALUES
  ('bb40751b-7f91-5029-a51f-0e9aa865cb58', 'd2883264-6d36-5d98-a586-01ec33362bd5', 'كتب تلميذٌ: «مجموع الزوايا الداخلية لمضلّع خماسي = 5×180° = 900°». أين الخطأ؟', '[{"id":"a","text":"لا خطأ، الحساب صحيح"},{"id":"b","text":"الخطأ في القاعدة: المجموع = (n − 2)×180° = 3×180° = 540°، لا n×180°"},{"id":"c","text":"الخطأ في الضرب: 5×180 = 850"},{"id":"d","text":"المجموع الصحيح 360°"}]'::jsonb, 'b', 'القاعدةُ الصحيحة (n − 2)×180°، فالمجموع = (5 − 2)×180° = 3×180° = 540° لا 900° ✓. الخطأُ هو استعمالُ n×180° بنسيان طرح 2. (سؤالُ اكتشاف خطأ: الخيارُ الصحيح يصف موضعَ الخطأ.)', 5)
ON CONFLICT (id) DO UPDATE SET
  exercise_id = EXCLUDED.exercise_id,
  prompt = EXCLUDED.prompt,
  options = EXCLUDED.options,
  correct_option = EXCLUDED.correct_option,
  explanation = EXCLUDED.explanation,
  display_order = EXCLUDED.display_order;

INSERT INTO public.questions (id, exercise_id, prompt, options, correct_option, explanation, display_order) VALUES
  ('8e796157-b7f8-5822-b466-086e2a50afdf', 'd2883264-6d36-5d98-a586-01ec33362bd5', 'المستقيمان (d) و(d'') متوازيان ويقطعهما قاطع. زاويةٌ على (d) قيسها 110°؛ نأخذ الزاوية المتناظرة معها على (d'') ثمّ الزاوية المجاورة لها المتكاملة معها على (d''). ما قيس هذه الأخيرة؟', '[{"id":"a","text":"110°"},{"id":"b","text":"35°"},{"id":"c","text":"70°"},{"id":"d","text":"55°"}]'::jsonb, 'c', 'المتناظرة عند التوازي تساوي 110°، ثمّ المجاورة لها المتكاملة معها = 180° − 110° = 70° ✓. الخطأُ الشائع: التوقّفُ عند 110° (نسيانُ خطوة التكامل)، أو خلطُ التكامل بالتتام.', 6)
ON CONFLICT (id) DO UPDATE SET
  exercise_id = EXCLUDED.exercise_id,
  prompt = EXCLUDED.prompt,
  options = EXCLUDED.options,
  correct_option = EXCLUDED.correct_option,
  explanation = EXCLUDED.explanation,
  display_order = EXCLUDED.display_order;

INSERT INTO public.exercises (id, chapter_id, subject_id, title, difficulty, xp_reward, reward_coins, mode, source, display_order) VALUES
  ('8faba87a-8ce2-597c-9538-467a84f65d1b', 'dc069921-eb84-505a-94b2-025b1413186e', 'math-8eme', '⚔️ زعيم الفصل ⭐⭐⭐: تدريبٌ على المعادلات الزاويّة', 3, 120, 30, 'boss', 'admin', 5)
ON CONFLICT (id) DO UPDATE SET
  chapter_id = EXCLUDED.chapter_id,
  subject_id = EXCLUDED.subject_id,
  title = EXCLUDED.title,
  difficulty = EXCLUDED.difficulty,
  xp_reward = EXCLUDED.xp_reward,
  reward_coins = EXCLUDED.reward_coins,
  mode = EXCLUDED.mode,
  display_order = EXCLUDED.display_order;

INSERT INTO public.questions (id, exercise_id, prompt, options, correct_option, explanation, display_order) VALUES
  ('ec04c6d8-584e-5a45-a65f-128997223500', '8faba87a-8ce2-597c-9538-467a84f65d1b', 'مستقيمان متوازيان يقطعهما قاطع. زاويتان متناظرتان، إحداهما قيسها 88°. ما قيس الأخرى؟', '[{"id":"a","text":"92°"},{"id":"b","text":"88°"},{"id":"c","text":"2°"},{"id":"d","text":"178°"}]'::jsonb, 'b', 'المتناظرتان عند التوازي متساويتان، فالأخرى 88° ✓. الخطأُ الشائع: طرحُها من 180° (92°) كأنّها متكاملة.', 1)
ON CONFLICT (id) DO UPDATE SET
  exercise_id = EXCLUDED.exercise_id,
  prompt = EXCLUDED.prompt,
  options = EXCLUDED.options,
  correct_option = EXCLUDED.correct_option,
  explanation = EXCLUDED.explanation,
  display_order = EXCLUDED.display_order;

INSERT INTO public.questions (id, exercise_id, prompt, options, correct_option, explanation, display_order) VALUES
  ('e82a3ccc-6805-5517-85c6-12f404f6b9e5', '8faba87a-8ce2-597c-9538-467a84f65d1b', 'زاويتان متقابلتان بالرأس قيسهما (x + 30) و(2x) بالدرجات. ما قيمة x؟', '[{"id":"a","text":"10"},{"id":"b","text":"15"},{"id":"c","text":"60"},{"id":"d","text":"30"}]'::jsonb, 'd', 'المتقابلتان بالرأس متساويتان: x + 30 = 2x، فـ x = 30 ✓ (كلٌّ منهما 60°). الخطأُ الشائع: مساواةُ مجموعهما بـ 180° (كأنّهما متكاملتان) بدل تساويهما.', 2)
ON CONFLICT (id) DO UPDATE SET
  exercise_id = EXCLUDED.exercise_id,
  prompt = EXCLUDED.prompt,
  options = EXCLUDED.options,
  correct_option = EXCLUDED.correct_option,
  explanation = EXCLUDED.explanation,
  display_order = EXCLUDED.display_order;

INSERT INTO public.questions (id, exercise_id, prompt, options, correct_option, explanation, display_order) VALUES
  ('376f7a97-7863-56bf-849a-48f9311991af', '8faba87a-8ce2-597c-9538-467a84f65d1b', 'رباعي زواياه قيسها 3x و2x و4x و3x بالدرجات. ما قيمة x؟', '[{"id":"a","text":"30"},{"id":"b","text":"45"},{"id":"c","text":"36"},{"id":"d","text":"90"}]'::jsonb, 'a', 'مجموع زوايا الرباعي 360°: 3x + 2x + 4x + 3x = 12x = 360، فـ x = 30 ✓. الخطأُ الشائع: استعمالُ 180° كمجموع (12x = 180 → x = 15) بالخلط مع المثلّث.', 3)
ON CONFLICT (id) DO UPDATE SET
  exercise_id = EXCLUDED.exercise_id,
  prompt = EXCLUDED.prompt,
  options = EXCLUDED.options,
  correct_option = EXCLUDED.correct_option,
  explanation = EXCLUDED.explanation,
  display_order = EXCLUDED.display_order;

INSERT INTO public.questions (id, exercise_id, prompt, options, correct_option, explanation, display_order) VALUES
  ('94944f6e-623f-5759-ade9-869bb23926aa', '8faba87a-8ce2-597c-9538-467a84f65d1b', 'قاطعٌ يقطع مستقيمَين (d) و(d'') فيكوّن زاويتَين متبادلتَين داخليًّا قيسهما (4x − 10) و(2x + 30) بالدرجات. إذا كان (d)//(d'')، فما قيمة x؟', '[{"id":"a","text":"10"},{"id":"b","text":"40"},{"id":"c","text":"20"},{"id":"d","text":"5"}]'::jsonb, 'c', 'المتبادلتان داخليًّا عند التوازي متساويتان: 4x − 10 = 2x + 30، فـ 2x = 40 و x = 20 ✓ (كلّ زاوية 70°). الخطأُ الشائع: جعلُ مجموعهما 180° (كأنّهما متحالفتان) بدل تساويهما.', 4)
ON CONFLICT (id) DO UPDATE SET
  exercise_id = EXCLUDED.exercise_id,
  prompt = EXCLUDED.prompt,
  options = EXCLUDED.options,
  correct_option = EXCLUDED.correct_option,
  explanation = EXCLUDED.explanation,
  display_order = EXCLUDED.display_order;

INSERT INTO public.questions (id, exercise_id, prompt, options, correct_option, explanation, display_order) VALUES
  ('44132f8c-4030-527d-ad30-3815df50a20a', '8faba87a-8ce2-597c-9538-467a84f65d1b', 'مثلّث زواياه بالنسبة 1 : 2 : 3. ما قيس الزاوية الكبرى؟', '[{"id":"a","text":"60°"},{"id":"b","text":"90°"},{"id":"c","text":"30°"},{"id":"d","text":"120°"}]'::jsonb, 'b', 'مجموع الأجزاء 1 + 2 + 3 = 6، والمجموع 180°، فقيمة الجزء الواحد 180° ÷ 6 = 30°؛ الكبرى = 3×30° = 90° ✓. الخطأُ الشائع: أخذُ الجزء الأوسط 60° كأكبر، أو تجاوزُ 180° بجمع خاطئ (120°).', 5)
ON CONFLICT (id) DO UPDATE SET
  exercise_id = EXCLUDED.exercise_id,
  prompt = EXCLUDED.prompt,
  options = EXCLUDED.options,
  correct_option = EXCLUDED.correct_option,
  explanation = EXCLUDED.explanation,
  display_order = EXCLUDED.display_order;

INSERT INTO public.questions (id, exercise_id, prompt, options, correct_option, explanation, display_order) VALUES
  ('3eba17e3-cca2-51cb-8ba4-203d66109a81', '8faba87a-8ce2-597c-9538-467a84f65d1b', 'ما قيس كلّ زاوية داخلية في مضلّع منتظم ثُماني (8 أضلاع)؟', '[{"id":"a","text":"135°"},{"id":"b","text":"1080°"},{"id":"c","text":"45°"},{"id":"d","text":"120°"}]'::jsonb, 'a', 'الزاوية الواحدة = (n − 2)×180° ÷ n = (8 − 2)×180° ÷ 8 = 1080° ÷ 8 = 135° ✓. الخطأُ الأشهر: تقديمُ المجموع 1080° كزاوية واحدة، أو استعمالُ صيغة السداسي 120°.', 6)
ON CONFLICT (id) DO UPDATE SET
  exercise_id = EXCLUDED.exercise_id,
  prompt = EXCLUDED.prompt,
  options = EXCLUDED.options,
  correct_option = EXCLUDED.correct_option,
  explanation = EXCLUDED.explanation,
  display_order = EXCLUDED.display_order;

INSERT INTO public.exercises (id, chapter_id, subject_id, title, difficulty, xp_reward, reward_coins, mode, source, display_order) VALUES
  ('414d836a-8afb-526a-bb45-25d32a990874', 'dc069921-eb84-505a-94b2-025b1413186e', 'math-8eme', '👑 تحدّي النخبة ⭐⭐⭐⭐: مضلّعات ومثلّثات متقدّمة', 4, 300, 60, 'challenge', 'admin', 6)
ON CONFLICT (id) DO UPDATE SET
  chapter_id = EXCLUDED.chapter_id,
  subject_id = EXCLUDED.subject_id,
  title = EXCLUDED.title,
  difficulty = EXCLUDED.difficulty,
  xp_reward = EXCLUDED.xp_reward,
  reward_coins = EXCLUDED.reward_coins,
  mode = EXCLUDED.mode,
  display_order = EXCLUDED.display_order;

INSERT INTO public.questions (id, exercise_id, prompt, options, correct_option, explanation, display_order) VALUES
  ('8e0426af-2ec2-53be-baeb-2ab34bd35c87', '414d836a-8afb-526a-bb45-25d32a990874', 'مستقيمان متوازيان يقطعهما قاطع. زاويتان متحالفتان داخليًّا، الصغرى قيسها x والكبرى (x + 40) بالدرجات. ما قيس الكبرى؟', '[{"id":"a","text":"70°"},{"id":"b","text":"110°"},{"id":"c","text":"90°"},{"id":"d","text":"140°"}]'::jsonb, 'b', 'المتحالفتان داخليًّا عند التوازي متكاملتان: x + (x + 40) = 180، فـ 2x = 140 و x = 70؛ الكبرى = 70 + 40 = 110° ✓. الخطأُ الشائع: تقديمُ الصغرى 70° كجواب، أو مساواةُ الزاويتَين بالخلط مع المتبادلتَين.', 1)
ON CONFLICT (id) DO UPDATE SET
  exercise_id = EXCLUDED.exercise_id,
  prompt = EXCLUDED.prompt,
  options = EXCLUDED.options,
  correct_option = EXCLUDED.correct_option,
  explanation = EXCLUDED.explanation,
  display_order = EXCLUDED.display_order;

INSERT INTO public.questions (id, exercise_id, prompt, options, correct_option, explanation, display_order) VALUES
  ('5c2de966-f89b-53f2-8ca1-49b0a9a4192c', '414d836a-8afb-526a-bb45-25d32a990874', 'مثلّث ABC قائم في A. الزاوية الخارجية عند الرأس B قيسها 145°. ما قيس الزاوية Ĉ؟', '[{"id":"a","text":"55°"},{"id":"b","text":"35°"},{"id":"c","text":"90°"},{"id":"d","text":"145°"}]'::jsonb, 'a', 'الزاوية الخارجية عند B تساوي مجموع الزاويتَين غير المجاورتَين: 145° = Â + Ĉ = 90° + Ĉ، فـ Ĉ = 55° ✓ (أو: الزاوية الداخلية B̂ = 180° − 145° = 35°، ثمّ Ĉ = 180° − 90° − 35° = 55°). الخطأُ الشائع: أخذُ B̂ = 35° كجواب.', 2)
ON CONFLICT (id) DO UPDATE SET
  exercise_id = EXCLUDED.exercise_id,
  prompt = EXCLUDED.prompt,
  options = EXCLUDED.options,
  correct_option = EXCLUDED.correct_option,
  explanation = EXCLUDED.explanation,
  display_order = EXCLUDED.display_order;

INSERT INTO public.questions (id, exercise_id, prompt, options, correct_option, explanation, display_order) VALUES
  ('85b7efff-2eeb-55b6-b721-5b65b380092d', '414d836a-8afb-526a-bb45-25d32a990874', 'مضلّع منتظم مجموع زواياه الداخلية 1440°. كم عدد أضلاعه؟', '[{"id":"a","text":"8"},{"id":"b","text":"10"},{"id":"c","text":"12"},{"id":"d","text":"9"}]'::jsonb, 'b', '(n − 2)×180° = 1440°، فـ n − 2 = 1440 ÷ 180 = 8، ومنه n = 10 ✓. الخطأُ الشائع: تقديمُ 8 (ناتج القسمة) كجواب بنسيان إضافة 2.', 3)
ON CONFLICT (id) DO UPDATE SET
  exercise_id = EXCLUDED.exercise_id,
  prompt = EXCLUDED.prompt,
  options = EXCLUDED.options,
  correct_option = EXCLUDED.correct_option,
  explanation = EXCLUDED.explanation,
  display_order = EXCLUDED.display_order;

INSERT INTO public.questions (id, exercise_id, prompt, options, correct_option, explanation, display_order) VALUES
  ('47557eff-85a9-5c21-83ec-d2e52d3069cd', '414d836a-8afb-526a-bb45-25d32a990874', 'مضلّع منتظم قيس كلّ زاوية داخلية فيه 150°. كم عدد أضلاعه؟', '[{"id":"a","text":"6"},{"id":"b","text":"10"},{"id":"c","text":"12"},{"id":"d","text":"8"}]'::jsonb, 'c', 'كلّ زاوية خارجية = 180° − 150° = 30°، ومجموع الزوايا الخارجية 360°، فعدد الأضلاع = 360° ÷ 30° = 12 ✓ (أو حلّ (n − 2)×180° ÷ n = 150 يعطي n = 12). الخطأُ الشائع: قسمةُ 360 ÷ 150 أو خلطُ الداخلية بالخارجية.', 4)
ON CONFLICT (id) DO UPDATE SET
  exercise_id = EXCLUDED.exercise_id,
  prompt = EXCLUDED.prompt,
  options = EXCLUDED.options,
  correct_option = EXCLUDED.correct_option,
  explanation = EXCLUDED.explanation,
  display_order = EXCLUDED.display_order;

INSERT INTO public.questions (id, exercise_id, prompt, options, correct_option, explanation, display_order) VALUES
  ('cb839d84-06b4-5682-a675-f250d053055a', '414d836a-8afb-526a-bb45-25d32a990874', 'كتب تلميذٌ: «كلّ زاوية في مضلّع منتظم خماسي تساوي 540°». أين الخطأ؟', '[{"id":"a","text":"لا خطأ، القيمة صحيحة"},{"id":"b","text":"المجموع الصحيح 360°"},{"id":"c","text":"540° هو مجموع الزوايا كلِّها؛ الزاوية الواحدة = 540° ÷ 5 = 108°"},{"id":"d","text":"كلّ زاوية تساوي 90°"}]'::jsonb, 'c', '540° هو مجموعُ زوايا الخماسي كلِّها ((5 − 2)×180°)، أمّا الزاوية الواحدة في المنتظم فهي 540° ÷ 5 = 108° ✓. الخطأُ هو الخلطُ بين المجموع الكلّي والزاوية الواحدة.', 5)
ON CONFLICT (id) DO UPDATE SET
  exercise_id = EXCLUDED.exercise_id,
  prompt = EXCLUDED.prompt,
  options = EXCLUDED.options,
  correct_option = EXCLUDED.correct_option,
  explanation = EXCLUDED.explanation,
  display_order = EXCLUDED.display_order;

INSERT INTO public.questions (id, exercise_id, prompt, options, correct_option, explanation, display_order) VALUES
  ('00063780-71fc-56d5-8785-f2c0791fdaef', '414d836a-8afb-526a-bb45-25d32a990874', 'مثلّث زواياه قيسها 2x و3x و4x بالدرجات. ما نوع هذا المثلّث حسب زواياه؟', '[{"id":"a","text":"حادّ الزوايا"},{"id":"b","text":"قائم الزاوية"},{"id":"c","text":"منفرج الزاوية"},{"id":"d","text":"متساوي الأضلاع"}]'::jsonb, 'a', 'المجموع 180°: 2x + 3x + 4x = 9x = 180، فـ x = 20؛ الزوايا 40° و60° و80° كلُّها أصغر من 90°، فالمثلّث حادّ الزوايا ✓. الخطأُ الشائع: عدمُ حساب الزوايا والحكمُ من الأعداد 2 و3 و4 مباشرةً.', 6)
ON CONFLICT (id) DO UPDATE SET
  exercise_id = EXCLUDED.exercise_id,
  prompt = EXCLUDED.prompt,
  options = EXCLUDED.options,
  correct_option = EXCLUDED.correct_option,
  explanation = EXCLUDED.explanation,
  display_order = EXCLUDED.display_order;

INSERT INTO public.exercises (id, chapter_id, subject_id, title, difficulty, xp_reward, reward_coins, mode, source, display_order) VALUES
  ('950c4d0c-c544-56e2-b5d7-3d52044d6b50', 'c8c10e2d-2106-59cb-b4a1-05920b7c30c6', 'math-8eme', 'اختبار فهم الدرس ⭐', 1, 20, 5, 'quiz', 'admin', 0)
ON CONFLICT (id) DO UPDATE SET
  chapter_id = EXCLUDED.chapter_id,
  subject_id = EXCLUDED.subject_id,
  title = EXCLUDED.title,
  difficulty = EXCLUDED.difficulty,
  xp_reward = EXCLUDED.xp_reward,
  reward_coins = EXCLUDED.reward_coins,
  mode = EXCLUDED.mode,
  display_order = EXCLUDED.display_order;

INSERT INTO public.questions (id, exercise_id, prompt, options, correct_option, explanation, display_order) VALUES
  ('af778635-cbb6-5c02-8b92-493b46838719', '950c4d0c-c544-56e2-b5d7-3d52044d6b50', 'مثلثان متقايسان (isométriques) هما مثلثان:', '[{"id":"a","text":"لهما نفس الشكل ونفس الحجم، وينطبق أحدهما تمامًا على الآخر"},{"id":"b","text":"لهما نفس الشكل مع إمكان اختلاف الحجم"},{"id":"c","text":"لهما نفس المحيط فقط دون شرطٍ على الزوايا"},{"id":"d","text":"لهما ضلعٌ واحدٌ مشترك على الأقلّ"}]'::jsonb, 'a', 'التقايسُ هو الانطباقُ التامّ: الأضلاعُ المتناظرة متقايسة والزوايا المتناظرة متقايسة ✓. نفسُ الشكل مع اختلاف الحجم هو التشابهُ لا التقايس؛ وتساوي المحيط أو وجودُ ضلعٍ مشترك لا يكفيان.', 1)
ON CONFLICT (id) DO UPDATE SET
  exercise_id = EXCLUDED.exercise_id,
  prompt = EXCLUDED.prompt,
  options = EXCLUDED.options,
  correct_option = EXCLUDED.correct_option,
  explanation = EXCLUDED.explanation,
  display_order = EXCLUDED.display_order;

INSERT INTO public.questions (id, exercise_id, prompt, options, correct_option, explanation, display_order) VALUES
  ('539b962f-9200-5937-b404-ca50c1b4134b', '950c4d0c-c544-56e2-b5d7-3d52044d6b50', 'في المثلث ABC، ما هي الزاوية المحصورة بين الضلعين [AB] و[BC]؟', '[{"id":"a","text":"الزاوية A"},{"id":"b","text":"الزاوية B"},{"id":"c","text":"الزاوية C"},{"id":"d","text":"لا توجد زاوية محصورة"}]'::jsonb, 'b', 'الزاويةُ المحصورةُ بين ضلعين رأسُها هو الرأسُ المشترك بينهما؛ والرأسُ المشترك بين [AB] و[BC] هو B، فالزاويةُ المحصورةُ هي B ✓ (الحرفُ المتكرّر في اسمَي الضلعين).', 2)
ON CONFLICT (id) DO UPDATE SET
  exercise_id = EXCLUDED.exercise_id,
  prompt = EXCLUDED.prompt,
  options = EXCLUDED.options,
  correct_option = EXCLUDED.correct_option,
  explanation = EXCLUDED.explanation,
  display_order = EXCLUDED.display_order;

INSERT INTO public.questions (id, exercise_id, prompt, options, correct_option, explanation, display_order) VALUES
  ('873a4b86-32ad-5b55-9c68-e1dfbbba6bff', '950c4d0c-c544-56e2-b5d7-3d52044d6b50', 'في مثلثين ABC و A''B''C'' لدينا: AB = A''B'' ; BC = B''C''، والزاوية B = الزاوية B''. بأيّة حالةٍ نستنتج تقايسهما؟', '[{"id":"a","text":"الحالة الأولى: ضلعان والزاوية المحصورة بينهما (ض ـ ز ـ ض)"},{"id":"b","text":"الحالة الثانية: ضلعٌ والزاويتان المجاورتان له (ز ـ ض ـ ز)"},{"id":"c","text":"الحالة الثالثة: الأضلاع الثلاثة (ض ـ ض ـ ض)"},{"id":"d","text":"لا تنطبق أيّ حالة"}]'::jsonb, 'a', 'الزاوية B محصورةٌ بين الضلعين [AB] و[BC] (رأسُها B المشترك بينهما)، ولدينا هذان الضلعان متقايسان، فتنطبق الحالةُ الأولى (ضلعان والزاوية المحصورة بينهما) ✓.', 3)
ON CONFLICT (id) DO UPDATE SET
  exercise_id = EXCLUDED.exercise_id,
  prompt = EXCLUDED.prompt,
  options = EXCLUDED.options,
  correct_option = EXCLUDED.correct_option,
  explanation = EXCLUDED.explanation,
  display_order = EXCLUDED.display_order;

INSERT INTO public.questions (id, exercise_id, prompt, options, correct_option, explanation, display_order) VALUES
  ('76738366-f347-5ab8-913e-b4612e55a164', '950c4d0c-c544-56e2-b5d7-3d52044d6b50', 'المثلثان MNP و M''N''P'' متقايسان بالتناظر M↔M'' ; N↔N'' ; P↔P''. إذا كان MN = 8 cm فما طول [M''N'']؟', '[{"id":"a","text":"4 cm"},{"id":"b","text":"لا يمكن معرفته"},{"id":"c","text":"8 cm"},{"id":"d","text":"16 cm"}]'::jsonb, 'c', '[MN] و[M''N''] ضلعان متناظران (M↔M'' و N↔N'')، وفي المثلثين المتقايسين تتساوى الأضلاعُ المتناظرة، فـ M''N'' = MN = 8 cm ✓.', 4)
ON CONFLICT (id) DO UPDATE SET
  exercise_id = EXCLUDED.exercise_id,
  prompt = EXCLUDED.prompt,
  options = EXCLUDED.options,
  correct_option = EXCLUDED.correct_option,
  explanation = EXCLUDED.explanation,
  display_order = EXCLUDED.display_order;

INSERT INTO public.questions (id, exercise_id, prompt, options, correct_option, explanation, display_order) VALUES
  ('0d8c10d8-72c3-5e7b-b561-43e57145bc0a', '950c4d0c-c544-56e2-b5d7-3d52044d6b50', 'قال تلميذ: «إذا تساوت زوايا مثلثٍ مع زوايا مثلثٍ آخر مثنى مثنى فالمثلثان متقايسان.» هل قولُه صحيح؟', '[{"id":"a","text":"صحيح، تساوي الزوايا يكفي للتقايس"},{"id":"b","text":"خطأ، تساوي الزوايا يعطي التشابهَ فقط؛ قد يكون لأحدهما حجمٌ أكبر"},{"id":"c","text":"صحيح فقط إذا كان المثلثان قائمين"},{"id":"d","text":"خطأ، لأنّ مجموع الزوايا لا يساوي 180°"}]'::jsonb, 'b', 'الزوايا المتقايسة مثنى مثنى تعطي مثلثين متشابهين (نفسُ الشكل) لكنْ قد يختلف حجمُهما، فليسا بالضرورة متقايسين ✓. يلزم معطًى واحدٌ على الأقلّ عن طول ضلع. (مجموعُ الزوايا يبقى 180° في كليهما.)', 5)
ON CONFLICT (id) DO UPDATE SET
  exercise_id = EXCLUDED.exercise_id,
  prompt = EXCLUDED.prompt,
  options = EXCLUDED.options,
  correct_option = EXCLUDED.correct_option,
  explanation = EXCLUDED.explanation,
  display_order = EXCLUDED.display_order;

INSERT INTO public.exercises (id, chapter_id, subject_id, title, difficulty, xp_reward, reward_coins, mode, source, display_order) VALUES
  ('07b610bf-6b0e-59b6-9ffa-1eff69efacc4', 'c8c10e2d-2106-59cb-b4a1-05920b7c30c6', 'math-8eme', '⭐ تمرين: أساسيات تقايس المثلثات', 1, 50, 10, 'practice', 'admin', 1)
ON CONFLICT (id) DO UPDATE SET
  chapter_id = EXCLUDED.chapter_id,
  subject_id = EXCLUDED.subject_id,
  title = EXCLUDED.title,
  difficulty = EXCLUDED.difficulty,
  xp_reward = EXCLUDED.xp_reward,
  reward_coins = EXCLUDED.reward_coins,
  mode = EXCLUDED.mode,
  display_order = EXCLUDED.display_order;

INSERT INTO public.questions (id, exercise_id, prompt, options, correct_option, explanation, display_order) VALUES
  ('99a4e938-c722-5b37-8f5c-3d90b4174669', '07b610bf-6b0e-59b6-9ffa-1eff69efacc4', 'المثلثان ABC و A''B''C'' متقايسان بالتناظر A↔A'' ; B↔B'' ; C↔C''. أيّ العبارات صحيحة؟', '[{"id":"a","text":"الأضلاع المتناظرة متقايسة والزوايا المتناظرة متقايسة"},{"id":"b","text":"الأضلاع فقط متقايسة أمّا الزوايا فقد تختلف"},{"id":"c","text":"الزوايا فقط متقايسة أمّا الأضلاع فقد تختلف"},{"id":"d","text":"المحيطان مختلفان بالضرورة"}]'::jsonb, 'a', 'في مثلثين متقايسين ينطبق أحدهما على الآخر تمامًا، فتتقايس الأضلاعُ المتناظرة **و** الزوايا المتناظرة معًا ✓ (ويكون المحيطان متساويين).', 1)
ON CONFLICT (id) DO UPDATE SET
  exercise_id = EXCLUDED.exercise_id,
  prompt = EXCLUDED.prompt,
  options = EXCLUDED.options,
  correct_option = EXCLUDED.correct_option,
  explanation = EXCLUDED.explanation,
  display_order = EXCLUDED.display_order;

INSERT INTO public.questions (id, exercise_id, prompt, options, correct_option, explanation, display_order) VALUES
  ('cdf2eff1-b0c2-5bd7-aa08-363af6c216ad', '07b610bf-6b0e-59b6-9ffa-1eff69efacc4', 'الزاوية المحصورة بين الضلعين [CA] و[CB] في المثلث ABC هي:', '[{"id":"a","text":"الزاوية A"},{"id":"b","text":"الزاوية B"},{"id":"c","text":"الزاوية C"},{"id":"d","text":"لا يمكن تحديدها دون معرفة أطوال الأضلاع"}]'::jsonb, 'c', 'رأسُ الزاوية المحصورة هو الرأسُ المشترك بين الضلعين؛ والحرفُ المتكرّر في [CA] و[CB] هو C، فالزاويةُ المحصورةُ هي C ✓. وتُحدَّد من الرأس المشترك وحده، دون حاجةٍ إلى أطوال الأضلاع.', 2)
ON CONFLICT (id) DO UPDATE SET
  exercise_id = EXCLUDED.exercise_id,
  prompt = EXCLUDED.prompt,
  options = EXCLUDED.options,
  correct_option = EXCLUDED.correct_option,
  explanation = EXCLUDED.explanation,
  display_order = EXCLUDED.display_order;

INSERT INTO public.questions (id, exercise_id, prompt, options, correct_option, explanation, display_order) VALUES
  ('544452fc-d3f0-5e93-97ad-dcf470f8b676', '07b610bf-6b0e-59b6-9ffa-1eff69efacc4', 'مثلثان ABC و A''B''C'': AB = A''B'' ; BC = B''C'' ; CA = C''A''. الحالة التي تُثبت تقايسهما هي:', '[{"id":"a","text":"الحالة الأولى (ض ـ ز ـ ض)"},{"id":"b","text":"الحالة الثانية (ز ـ ض ـ ز)"},{"id":"c","text":"لا تنطبق أيّ حالة"},{"id":"d","text":"الحالة الثالثة: الأضلاع الثلاثة (ض ـ ض ـ ض)"}]'::jsonb, 'd', 'الأضلاعُ الثلاثة متقايسةٌ مثنى مثنى، فهذه هي الحالةُ الثالثة (ض ـ ض ـ ض) ✓.', 3)
ON CONFLICT (id) DO UPDATE SET
  exercise_id = EXCLUDED.exercise_id,
  prompt = EXCLUDED.prompt,
  options = EXCLUDED.options,
  correct_option = EXCLUDED.correct_option,
  explanation = EXCLUDED.explanation,
  display_order = EXCLUDED.display_order;

INSERT INTO public.questions (id, exercise_id, prompt, options, correct_option, explanation, display_order) VALUES
  ('2a566812-0d5f-5538-bd22-8a789de3c2ad', '07b610bf-6b0e-59b6-9ffa-1eff69efacc4', 'المثلثان RST و R''S''T'' متقايسان (R↔R'' ; S↔S'' ; T↔T''). إذا كانت الزاوية S = 55° فما قياس الزاوية S''؟', '[{"id":"a","text":"35°"},{"id":"b","text":"55°"},{"id":"c","text":"125°"},{"id":"d","text":"لا يمكن معرفته"}]'::jsonb, 'b', 'الزاويتان S و S'' متناظرتان، وفي المثلثين المتقايسين تتقايس الزوايا المتناظرة، فـ S'' = S = 55° ✓.', 4)
ON CONFLICT (id) DO UPDATE SET
  exercise_id = EXCLUDED.exercise_id,
  prompt = EXCLUDED.prompt,
  options = EXCLUDED.options,
  correct_option = EXCLUDED.correct_option,
  explanation = EXCLUDED.explanation,
  display_order = EXCLUDED.display_order;

INSERT INTO public.questions (id, exercise_id, prompt, options, correct_option, explanation, display_order) VALUES
  ('6d5e3172-6aff-5b41-a365-fcc131bbcad2', '07b610bf-6b0e-59b6-9ffa-1eff69efacc4', 'مثلثان ABC و A''B''C'': الزاوية B = الزاوية B'' ; BC = B''C''، الزاوية C = الزاوية C''. أيّ حالةٍ تنطبق؟', '[{"id":"a","text":"الحالة الأولى (ض ـ ز ـ ض)"},{"id":"b","text":"الحالة الثانية: ضلعٌ محصورٌ بين زاويتين (ز ـ ض ـ ز)"},{"id":"c","text":"الحالة الثالثة (ض ـ ض ـ ض)"},{"id":"d","text":"لا تنطبق أيّ حالة"}]'::jsonb, 'b', 'الضلع [BC] محصورٌ بين الزاويتين B و C (هما على طرفيه)، ولدينا الضلعُ والزاويتان متقايسة، فتنطبق الحالةُ الثانية (ز ـ ض ـ ز) ✓.', 5)
ON CONFLICT (id) DO UPDATE SET
  exercise_id = EXCLUDED.exercise_id,
  prompt = EXCLUDED.prompt,
  options = EXCLUDED.options,
  correct_option = EXCLUDED.correct_option,
  explanation = EXCLUDED.explanation,
  display_order = EXCLUDED.display_order;

INSERT INTO public.questions (id, exercise_id, prompt, options, correct_option, explanation, display_order) VALUES
  ('f84df874-0cce-57da-9464-837d43d7bf6a', '07b610bf-6b0e-59b6-9ffa-1eff69efacc4', 'مثلثان لهما ضلعان متقايسان طولاهما 5 cm و7 cm، والزاوية المحصورة بينهما متقايسة وقياسها 60°. المثلثان:', '[{"id":"a","text":"متشابهان لا متقايسان"},{"id":"b","text":"لا يمكن الحكم عليهما"},{"id":"c","text":"متقايسان بالحالة الأولى (ض ـ ز ـ ض)"},{"id":"d","text":"متقايسان بالحالة الثالثة (ض ـ ض ـ ض)"}]'::jsonb, 'c', 'لدينا ضلعان متقايسان (5 cm و7 cm) والزاويةُ المحصورةُ بينهما متقايسة (60°)، وهذا بالضبط شرطُ الحالة الأولى (ض ـ ز ـ ض)، فالمثلثان متقايسان ✓.', 6)
ON CONFLICT (id) DO UPDATE SET
  exercise_id = EXCLUDED.exercise_id,
  prompt = EXCLUDED.prompt,
  options = EXCLUDED.options,
  correct_option = EXCLUDED.correct_option,
  explanation = EXCLUDED.explanation,
  display_order = EXCLUDED.display_order;

INSERT INTO public.exercises (id, chapter_id, subject_id, title, difficulty, xp_reward, reward_coins, mode, source, display_order) VALUES
  ('899ced15-50c9-52b5-a8fe-9702a7411439', 'c8c10e2d-2106-59cb-b4a1-05920b7c30c6', 'math-8eme', '⚔️ زعيم الفصل ⭐⭐⭐: الحالات والتطبيقات', 3, 120, 30, 'boss', 'admin', 2)
ON CONFLICT (id) DO UPDATE SET
  chapter_id = EXCLUDED.chapter_id,
  subject_id = EXCLUDED.subject_id,
  title = EXCLUDED.title,
  difficulty = EXCLUDED.difficulty,
  xp_reward = EXCLUDED.xp_reward,
  reward_coins = EXCLUDED.reward_coins,
  mode = EXCLUDED.mode,
  display_order = EXCLUDED.display_order;

INSERT INTO public.questions (id, exercise_id, prompt, options, correct_option, explanation, display_order) VALUES
  ('d9c08adf-135f-59c5-9e14-d05c01ace01c', '899ced15-50c9-52b5-a8fe-9702a7411439', 'لاستعمال الحالة الأولى (ضلع ـ زاوية ـ ضلع) يجب أن تكون الزاوية المتقايسة:', '[{"id":"a","text":"محصورةً بين الضلعين المتقايسين"},{"id":"b","text":"مقابلةً لأكبر ضلع"},{"id":"c","text":"قائمةً دائمًا"},{"id":"d","text":"أيّ زاويةٍ في المثلث"}]'::jsonb, 'a', 'شرطُ الحالة الأولى أن تكون الزاويةُ المتقايسةُ **محصورةً** بين الضلعين المتقايسين (رأسُها هو الرأسُ المشترك بينهما) ✓. إن كانت غيرَ محصورةٍ فالحالةُ لا تنطبق.', 1)
ON CONFLICT (id) DO UPDATE SET
  exercise_id = EXCLUDED.exercise_id,
  prompt = EXCLUDED.prompt,
  options = EXCLUDED.options,
  correct_option = EXCLUDED.correct_option,
  explanation = EXCLUDED.explanation,
  display_order = EXCLUDED.display_order;

INSERT INTO public.questions (id, exercise_id, prompt, options, correct_option, explanation, display_order) VALUES
  ('4251c806-eb9f-5eac-9712-0b95418108da', '899ced15-50c9-52b5-a8fe-9702a7411439', 'مثلثان ABC و A''B''C'': AB = A''B'' ; AC = A''C''، والزاوية B = الزاوية B''. هل تنطبق الحالة الأولى (ض ـ ز ـ ض)؟', '[{"id":"a","text":"نعم، يكفي وجود ضلعين وزاوية"},{"id":"b","text":"لا، لأنّ الزاوية B ليست محصورةً بين الضلعين [AB] و[AC] (المحصورة بينهما هي A)"},{"id":"c","text":"نعم، بالحالة الثانية (ز ـ ض ـ ز)"},{"id":"d","text":"لا، لأنّ الضلعين غير متقايسين"}]'::jsonb, 'b', 'الضلعان المتقايسان هما [AB] و[AC]، والزاويةُ المحصورةُ بينهما هي A لا B. المعطاةُ هي B، فهذه حالةُ «ضلعان وزاويةٌ غيرُ محصورة» وهي لا تضمن التقايس ✓.', 2)
ON CONFLICT (id) DO UPDATE SET
  exercise_id = EXCLUDED.exercise_id,
  prompt = EXCLUDED.prompt,
  options = EXCLUDED.options,
  correct_option = EXCLUDED.correct_option,
  explanation = EXCLUDED.explanation,
  display_order = EXCLUDED.display_order;

INSERT INTO public.questions (id, exercise_id, prompt, options, correct_option, explanation, display_order) VALUES
  ('edd7dc55-bc3b-5ff7-aaf2-7727d1737f0a', '899ced15-50c9-52b5-a8fe-9702a7411439', 'المثلثان ABC و A''B''C'' متقايسان (A↔A'' ; B↔B'' ; C↔C''). علمنا AB = 6 cm ; BC = 9 cm ; CA = 7 cm. ما محيط المثلث A''B''C''؟', '[{"id":"a","text":"11 cm"},{"id":"b","text":"21 cm"},{"id":"c","text":"22 cm"},{"id":"d","text":"لا يمكن معرفته"}]'::jsonb, 'c', 'الأضلاعُ المتناظرة متقايسة، فأضلاعُ A''B''C'' هي أيضًا 6 و9 و7؛ ومحيطُه = 6 + 9 + 7 = 22 cm ✓ (المثلثان المتقايسان لهما نفسُ المحيط).', 3)
ON CONFLICT (id) DO UPDATE SET
  exercise_id = EXCLUDED.exercise_id,
  prompt = EXCLUDED.prompt,
  options = EXCLUDED.options,
  correct_option = EXCLUDED.correct_option,
  explanation = EXCLUDED.explanation,
  display_order = EXCLUDED.display_order;

INSERT INTO public.questions (id, exercise_id, prompt, options, correct_option, explanation, display_order) VALUES
  ('f862d945-e506-5c3f-b06a-a4a4bf37d20d', '899ced15-50c9-52b5-a8fe-9702a7411439', 'مثلثان لهما ضلعٌ متقايس طولُه 8 cm والزاويتان الواقعتان على طرفيه متقايستان. الحالة المستعملة هي:', '[{"id":"a","text":"الأولى (ض ـ ز ـ ض)"},{"id":"b","text":"الثالثة (ض ـ ض ـ ض)"},{"id":"c","text":"لا تنطبق أيّ حالة"},{"id":"d","text":"الثانية (ز ـ ض ـ ز): ضلعٌ محصورٌ بين زاويتين متقايستين"}]'::jsonb, 'd', 'لدينا ضلعٌ متقايس والزاويتان الواقعتان على طرفيه (المجاورتان له) متقايستان، وهذا شرطُ الحالة الثانية (ز ـ ض ـ ز) ✓.', 4)
ON CONFLICT (id) DO UPDATE SET
  exercise_id = EXCLUDED.exercise_id,
  prompt = EXCLUDED.prompt,
  options = EXCLUDED.options,
  correct_option = EXCLUDED.correct_option,
  explanation = EXCLUDED.explanation,
  display_order = EXCLUDED.display_order;

INSERT INTO public.questions (id, exercise_id, prompt, options, correct_option, explanation, display_order) VALUES
  ('8f1d27b3-2c8e-5e10-90b0-857946a35645', '899ced15-50c9-52b5-a8fe-9702a7411439', 'في مثلثٍ ABC حيث AB = AC، لتكن M منتصف [BC]. نقارن المثلثين ABM و ACM. أيّ المعطيات تُثبت تقايسهما بالحالة الثالثة (ض ـ ض ـ ض)؟', '[{"id":"a","text":"AB = AC ; BM = CM، والضلع [AM] مشترك"},{"id":"b","text":"الزاوية A مشتركة فقط"},{"id":"c","text":"BM = CM فقط"},{"id":"d","text":"لا يمكن إثبات التقايس"}]'::jsonb, 'a', 'AB = AC (الساقان) ; BM = CM (لأنّ M منتصفُ [BC])، و[AM] ضلعٌ مشترك بين المثلثين: ثلاثةُ أضلاعٍ متقايسة مثنى مثنى ⇐ الحالة الثالثة (ض ـ ض ـ ض) ✓.', 5)
ON CONFLICT (id) DO UPDATE SET
  exercise_id = EXCLUDED.exercise_id,
  prompt = EXCLUDED.prompt,
  options = EXCLUDED.options,
  correct_option = EXCLUDED.correct_option,
  explanation = EXCLUDED.explanation,
  display_order = EXCLUDED.display_order;

INSERT INTO public.questions (id, exercise_id, prompt, options, correct_option, explanation, display_order) VALUES
  ('823b55ff-fc42-5650-b2b9-4a741d46f8eb', '899ced15-50c9-52b5-a8fe-9702a7411439', 'من تقايس المثلثين ABM و ACM في السؤال السابق (A↔A ; B↔C ; M↔M)، ماذا نستنتج؟', '[{"id":"a","text":"الزاوية B = الزاوية A"},{"id":"b","text":"AB = BC"},{"id":"c","text":"الزاوية B = الزاوية C، و[AM] عموديٌّ على [BC]"},{"id":"d","text":"لا نستنتج شيئًا عن الزوايا"}]'::jsonb, 'c', 'من تناظر الزوايا: B ↔ C فـ الزاوية B = الزاوية C (زاويتا القاعدة في المثلث المتساوي الساقين). والزاويتان AMB و AMC متناظرتان ومتقايستان ومجموعُهما 180°، فكلٌّ منهما 90° ⇐ [AM] عموديٌّ على [BC] ✓.', 6)
ON CONFLICT (id) DO UPDATE SET
  exercise_id = EXCLUDED.exercise_id,
  prompt = EXCLUDED.prompt,
  options = EXCLUDED.options,
  correct_option = EXCLUDED.correct_option,
  explanation = EXCLUDED.explanation,
  display_order = EXCLUDED.display_order;

INSERT INTO public.exercises (id, chapter_id, subject_id, title, difficulty, xp_reward, reward_coins, mode, source, display_order) VALUES
  ('a6640f80-8754-5c9a-9d2a-4b8f1db750c0', 'c8c10e2d-2106-59cb-b4a1-05920b7c30c6', 'math-8eme', '⭐⭐ تمرين مراجعة (نمط امتحان): الحالات والنتائج', 2, 70, 15, 'practice', 'admin', 3)
ON CONFLICT (id) DO UPDATE SET
  chapter_id = EXCLUDED.chapter_id,
  subject_id = EXCLUDED.subject_id,
  title = EXCLUDED.title,
  difficulty = EXCLUDED.difficulty,
  xp_reward = EXCLUDED.xp_reward,
  reward_coins = EXCLUDED.reward_coins,
  mode = EXCLUDED.mode,
  display_order = EXCLUDED.display_order;

INSERT INTO public.questions (id, exercise_id, prompt, options, correct_option, explanation, display_order) VALUES
  ('748d2ff7-0748-5788-bbf7-dbd8a6863634', 'a6640f80-8754-5c9a-9d2a-4b8f1db750c0', 'مثلثان لهما نفس الشكل لكنّ حجم أحدهما ضعف الآخر. هما:', '[{"id":"a","text":"متشابهان لا متقايسان"},{"id":"b","text":"متقايسان"},{"id":"c","text":"متقايسان ومتشابهان معًا"},{"id":"d","text":"لا علاقة بينهما"}]'::jsonb, 'a', 'نفسُ الشكل مع اختلاف الحجم = تشابهٌ فقط. التقايسُ يشترط نفسَ الحجم أيضًا (انطباقٌ تامّ)، وهو غيرُ متحقّقٍ هنا ✓.', 1)
ON CONFLICT (id) DO UPDATE SET
  exercise_id = EXCLUDED.exercise_id,
  prompt = EXCLUDED.prompt,
  options = EXCLUDED.options,
  correct_option = EXCLUDED.correct_option,
  explanation = EXCLUDED.explanation,
  display_order = EXCLUDED.display_order;

INSERT INTO public.questions (id, exercise_id, prompt, options, correct_option, explanation, display_order) VALUES
  ('0b0bc81b-278f-571f-8050-03436336bce7', 'a6640f80-8754-5c9a-9d2a-4b8f1db750c0', 'في المثلث DEF، الزاوية المحصورة بين الضلعين [ED] و[EF] هي:', '[{"id":"a","text":"الزاوية D"},{"id":"b","text":"الزاوية F"},{"id":"c","text":"الزاوية E"},{"id":"d","text":"لا توجد زاوية محصورة"}]'::jsonb, 'c', 'الحرفُ المتكرّر في [ED] و[EF] هو E، وهو الرأسُ المشترك، فالزاويةُ المحصورةُ بينهما هي E ✓.', 2)
ON CONFLICT (id) DO UPDATE SET
  exercise_id = EXCLUDED.exercise_id,
  prompt = EXCLUDED.prompt,
  options = EXCLUDED.options,
  correct_option = EXCLUDED.correct_option,
  explanation = EXCLUDED.explanation,
  display_order = EXCLUDED.display_order;

INSERT INTO public.questions (id, exercise_id, prompt, options, correct_option, explanation, display_order) VALUES
  ('065d1bc6-39e7-5dfc-a28d-12ac418cb31c', 'a6640f80-8754-5c9a-9d2a-4b8f1db750c0', 'مثلثان ABC و A''B''C'': AB = A''B'' = 5 cm ; BC = B''C'' = 6 cm ; AC = A''C'' = 4 cm. المثلثان متقايسان بالحالة:', '[{"id":"a","text":"الأولى (ض ـ ز ـ ض)"},{"id":"b","text":"الثانية (ز ـ ض ـ ز)"},{"id":"c","text":"غير متقايسين"},{"id":"d","text":"الثالثة: الأضلاع الثلاثة (ض ـ ض ـ ض)"}]'::jsonb, 'd', 'المعطياتُ الثلاث كلُّها أطوالُ أضلاعٍ متقايسة مثنى مثنى (5 ; 6 ; 4)، فهي الحالةُ الثالثة (ض ـ ض ـ ض) ✓.', 3)
ON CONFLICT (id) DO UPDATE SET
  exercise_id = EXCLUDED.exercise_id,
  prompt = EXCLUDED.prompt,
  options = EXCLUDED.options,
  correct_option = EXCLUDED.correct_option,
  explanation = EXCLUDED.explanation,
  display_order = EXCLUDED.display_order;

INSERT INTO public.questions (id, exercise_id, prompt, options, correct_option, explanation, display_order) VALUES
  ('4db58d30-bc41-5d9f-9361-047bb2f3c913', 'a6640f80-8754-5c9a-9d2a-4b8f1db750c0', 'مثلثان GHI و G''H''I'': GH = G''H'' ; HI = H''I''، والزاوية H = الزاوية H''. الحالة المستعملة هي:', '[{"id":"a","text":"الثانية (ز ـ ض ـ ز)"},{"id":"b","text":"الأولى (ض ـ ز ـ ض): ضلعان والزاوية المحصورة بينهما"},{"id":"c","text":"الثالثة (ض ـ ض ـ ض)"},{"id":"d","text":"لا تنطبق أيّ حالة"}]'::jsonb, 'b', 'الزاوية H محصورةٌ بين الضلعين [GH] و[HI] (رأسُها H المشترك بينهما)، وهذان الضلعان متقايسان، فتنطبق الحالةُ الأولى (ض ـ ز ـ ض) ✓.', 4)
ON CONFLICT (id) DO UPDATE SET
  exercise_id = EXCLUDED.exercise_id,
  prompt = EXCLUDED.prompt,
  options = EXCLUDED.options,
  correct_option = EXCLUDED.correct_option,
  explanation = EXCLUDED.explanation,
  display_order = EXCLUDED.display_order;

INSERT INTO public.questions (id, exercise_id, prompt, options, correct_option, explanation, display_order) VALUES
  ('b2432cfd-6c18-5546-95ad-a8e33d4bb988', 'a6640f80-8754-5c9a-9d2a-4b8f1db750c0', 'المثلثان KLM و K''L''M'' متقايسان (K↔K'' ; L↔L'' ; M↔M''). الزاوية K = 70° والزاوية L = 60°. ما قياس الزاوية M''؟', '[{"id":"a","text":"130°"},{"id":"b","text":"70°"},{"id":"c","text":"50°"},{"id":"d","text":"60°"}]'::jsonb, 'c', 'في المثلث KLM: الزاوية M = 180° − 70° − 60° = 50°. والزاويتان M و M'' متناظرتان في مثلثين متقايسين، فـ M'' = M = 50° ✓.', 5)
ON CONFLICT (id) DO UPDATE SET
  exercise_id = EXCLUDED.exercise_id,
  prompt = EXCLUDED.prompt,
  options = EXCLUDED.options,
  correct_option = EXCLUDED.correct_option,
  explanation = EXCLUDED.explanation,
  display_order = EXCLUDED.display_order;

INSERT INTO public.questions (id, exercise_id, prompt, options, correct_option, explanation, display_order) VALUES
  ('d2b18d04-4286-5b85-b26c-63490f715837', 'a6640f80-8754-5c9a-9d2a-4b8f1db750c0', 'مثلثان زواياهما متقايسة مثنى مثنى (60° ; 60° ; 60°) لكنّنا لا نعرف أضلاعهما. هل هما بالضرورة متقايسان؟', '[{"id":"a","text":"لا، فقد يختلف الحجم؛ هما متشابهان وليسا بالضرورة متقايسين"},{"id":"b","text":"نعم، تساوي الزوايا كافٍ"},{"id":"c","text":"نعم، لأنّهما متساويا الأضلاع"},{"id":"d","text":"لا يمكن الجزم بأيّ شيء إطلاقًا"}]'::jsonb, 'a', 'تساوي الزوايا مثنى مثنى يعطي التشابهَ فقط؛ يمكن أن يكون أحدُ المثلثين المتساويي الأضلاع أكبرَ من الآخر. بلا معطًى عن طولٍ لا نضمن التقايس ✓.', 6)
ON CONFLICT (id) DO UPDATE SET
  exercise_id = EXCLUDED.exercise_id,
  prompt = EXCLUDED.prompt,
  options = EXCLUDED.options,
  correct_option = EXCLUDED.correct_option,
  explanation = EXCLUDED.explanation,
  display_order = EXCLUDED.display_order;

INSERT INTO public.exercises (id, chapter_id, subject_id, title, difficulty, xp_reward, reward_coins, mode, source, display_order) VALUES
  ('2734d311-f733-522b-9ce5-776f6a462d64', 'c8c10e2d-2106-59cb-b4a1-05920b7c30c6', 'math-8eme', '👑 تحدّي النخبة ⭐⭐⭐⭐: تمييز الحالات والبراهين', 4, 300, 60, 'challenge', 'admin', 4)
ON CONFLICT (id) DO UPDATE SET
  chapter_id = EXCLUDED.chapter_id,
  subject_id = EXCLUDED.subject_id,
  title = EXCLUDED.title,
  difficulty = EXCLUDED.difficulty,
  xp_reward = EXCLUDED.xp_reward,
  reward_coins = EXCLUDED.reward_coins,
  mode = EXCLUDED.mode,
  display_order = EXCLUDED.display_order;

INSERT INTO public.questions (id, exercise_id, prompt, options, correct_option, explanation, display_order) VALUES
  ('3a3ab840-09e1-5cb4-9fa4-0032de40bdd7', '2734d311-f733-522b-9ce5-776f6a462d64', 'مثلثان ABC و A''B''C'': AB = A''B'' = 5 cm ; AC = A''C'' = 7 cm، والزاوية C = الزاوية C'' = 30°. هل نستطيع الجزم بتقايسهما بالحالة الأولى؟', '[{"id":"a","text":"نعم، لدينا ضلعان وزاوية فتنطبق الحالة الأولى"},{"id":"b","text":"لا، لأنّ الزاوية C ليست محصورةً بين الضلعين [AB] و[AC]؛ فهذه حالةُ «ضلعان وزاوية غير محصورة» ولا تضمن التقايس"},{"id":"c","text":"نعم، بالحالة الثالثة (ض ـ ض ـ ض)"},{"id":"d","text":"لا، لأنّ الأطوال مختلفة"}]'::jsonb, 'b', 'الضلعان المتقايسان هما [AB] و[AC]، والزاويةُ المحصورةُ بينهما هي A لا C. الزاويةُ المعطاة C غيرُ محصورةٍ بينهما، فالحالةُ الأولى لا تنطبق ولا تُضمن النتيجة ✓ (الأطوالُ المختلفة لا علاقة لها بالسبب).', 1)
ON CONFLICT (id) DO UPDATE SET
  exercise_id = EXCLUDED.exercise_id,
  prompt = EXCLUDED.prompt,
  options = EXCLUDED.options,
  correct_option = EXCLUDED.correct_option,
  explanation = EXCLUDED.explanation,
  display_order = EXCLUDED.display_order;

INSERT INTO public.questions (id, exercise_id, prompt, options, correct_option, explanation, display_order) VALUES
  ('b7aa06ed-aded-5bfa-b6c6-608325a7f2f3', '2734d311-f733-522b-9ce5-776f6a462d64', 'كُتِب أنّ المثلث ABC يقايس المثلث A''B''C'' (بهذا الترتيب). أيّ تساوٍ صحيح؟', '[{"id":"a","text":"AB = B''C''"},{"id":"b","text":"الزاوية A = الزاوية B''"},{"id":"c","text":"AB = A''B'' والزاوية A = الزاوية A''"},{"id":"d","text":"AC = B''C''"}]'::jsonb, 'c', 'ترتيبُ الرؤوس يعطي التناظر A↔A'' ; B↔B'' ; C↔C''؛ ومنه [AB] يناظر [A''B''] والزاوية A تناظر A''، فـ AB = A''B'' والزاوية A = الزاوية A'' ✓. المطابقاتُ الأخرى تخلط بين رؤوسٍ غير متناظرة.', 2)
ON CONFLICT (id) DO UPDATE SET
  exercise_id = EXCLUDED.exercise_id,
  prompt = EXCLUDED.prompt,
  options = EXCLUDED.options,
  correct_option = EXCLUDED.correct_option,
  explanation = EXCLUDED.explanation,
  display_order = EXCLUDED.display_order;

INSERT INTO public.questions (id, exercise_id, prompt, options, correct_option, explanation, display_order) VALUES
  ('82313c76-a678-5da6-993d-30cea0c3a209', '2734d311-f733-522b-9ce5-776f6a462d64', 'تتقاطع القطعتان [AC] و[BD] في نقطة O منتصفٍ لكلٍّ منهما. نقارن المثلثين OAB و OCD. ما الحالة، وماذا نستنتج؟', '[{"id":"a","text":"الحالة الأولى (ض ـ ز ـ ض) بزاويتين متقابلتين بالرأس، ونستنتج AB = CD"},{"id":"b","text":"الحالة الثالثة (ض ـ ض ـ ض)، ونستنتج AB = CD"},{"id":"c","text":"لا تنطبق أيّ حالة لأنّ الزاويتين مجهولتان"},{"id":"d","text":"الحالة الثانية (ز ـ ض ـ ز)، ونستنتج AB = AC"}]'::jsonb, 'a', 'OA = OC (O منتصفُ [AC]) و OB = OD (O منتصفُ [BD])، والزاويتان AOB و COD متقابلتان بالرأس فمتقايستان، وهي محصورةٌ بين الضلعين في كلّ مثلث ⇐ الحالة الأولى (ض ـ ز ـ ض) ⇐ الضلعان المتناظران AB و CD متقايسان ✓.', 3)
ON CONFLICT (id) DO UPDATE SET
  exercise_id = EXCLUDED.exercise_id,
  prompt = EXCLUDED.prompt,
  options = EXCLUDED.options,
  correct_option = EXCLUDED.correct_option,
  explanation = EXCLUDED.explanation,
  display_order = EXCLUDED.display_order;

INSERT INTO public.questions (id, exercise_id, prompt, options, correct_option, explanation, display_order) VALUES
  ('fdab0d13-8000-5cb8-9fb5-ad7fb8d1ca5b', '2734d311-f733-522b-9ce5-776f6a462d64', 'قال تلميذ: «المثلثان متساويا الزوايا (45° ; 60° ; 75° لكليهما) إذن هما متقايسان.» أين الخطأ في استدلاله؟', '[{"id":"a","text":"لا خطأ، الاستدلال صحيح"},{"id":"b","text":"الخطأ: تساوي الزوايا يعطي التشابهَ فقط؛ يلزم تساوي طول ضلعٍ متناظرٍ على الأقلّ للتقايس"},{"id":"c","text":"الخطأ: مجموع الزوايا ليس 180°"},{"id":"d","text":"الخطأ: يجب أن تكون إحدى الزوايا قائمة"}]'::jsonb, 'b', 'مجموعُ الزوايا صحيحٌ (45 + 60 + 75 = 180)، لكنّ تساوي الزوايا وحده يعطي التشابهَ لا التقايس؛ قد يختلف الحجمُ ما لم يُعطَ طولُ ضلعٍ متناظر ✓.', 4)
ON CONFLICT (id) DO UPDATE SET
  exercise_id = EXCLUDED.exercise_id,
  prompt = EXCLUDED.prompt,
  options = EXCLUDED.options,
  correct_option = EXCLUDED.correct_option,
  explanation = EXCLUDED.explanation,
  display_order = EXCLUDED.display_order;

INSERT INTO public.questions (id, exercise_id, prompt, options, correct_option, explanation, display_order) VALUES
  ('dba93b5e-c230-5fb0-b39a-4d998e4c78b1', '2734d311-f733-522b-9ce5-776f6a462d64', 'المثلثان ABC و A''B''C'' متقايسان (A↔A'' ; B↔B'' ; C↔C''). في ABC: الزاوية A = 40°، الزاوية B = 75°. ما قياس الزاوية C''؟', '[{"id":"a","text":"115°"},{"id":"b","text":"40°"},{"id":"c","text":"75°"},{"id":"d","text":"65°"}]'::jsonb, 'd', 'في المثلث ABC: الزاوية C = 180° − 40° − 75° = 65°. وبالتناظر C ↔ C'' فـ C'' = C = 65° ✓ (لا نجمع 40 و75 معًا لنحصل على 115).', 5)
ON CONFLICT (id) DO UPDATE SET
  exercise_id = EXCLUDED.exercise_id,
  prompt = EXCLUDED.prompt,
  options = EXCLUDED.options,
  correct_option = EXCLUDED.correct_option,
  explanation = EXCLUDED.explanation,
  display_order = EXCLUDED.display_order;

INSERT INTO public.questions (id, exercise_id, prompt, options, correct_option, explanation, display_order) VALUES
  ('5de96052-ceb2-5fad-b8fa-ed714c5b8cc9', '2734d311-f733-522b-9ce5-776f6a462d64', 'نريد إثبات تقايس مثلثين بالحالة الثانية (ز ـ ض ـ ز). لدينا الزاوية B = الزاوية B'' والزاوية C = الزاوية C''. أيّ ضلعٍ يجب أن يكون متقايسًا لتطبيق الحالة مباشرةً؟', '[{"id":"a","text":"[AB]"},{"id":"b","text":"[AC]"},{"id":"c","text":"[BC] المحصور بين الزاويتين B و C"},{"id":"d","text":"أيّ ضلعٍ لا يهمّ الموضع"}]'::jsonb, 'c', 'الحالةُ الثانية تشترط ضلعًا محصورًا **بين** الزاويتين المتقايستين؛ والضلعُ الواقع بين B و C هو [BC]، فيجب أن يكون BC = B''C'' ✓.', 6)
ON CONFLICT (id) DO UPDATE SET
  exercise_id = EXCLUDED.exercise_id,
  prompt = EXCLUDED.prompt,
  options = EXCLUDED.options,
  correct_option = EXCLUDED.correct_option,
  explanation = EXCLUDED.explanation,
  display_order = EXCLUDED.display_order;

INSERT INTO public.exercises (id, chapter_id, subject_id, title, difficulty, xp_reward, reward_coins, mode, source, display_order) VALUES
  ('825acbaa-afd1-535d-9888-eeb275ce7829', 'c8c10e2d-2106-59cb-b4a1-05920b7c30c6', 'math-8eme', '📝 تدريب ⭐⭐⭐: مراجعةٌ شاملة للحالات الثلاث', 3, 120, 30, 'boss', 'admin', 5)
ON CONFLICT (id) DO UPDATE SET
  chapter_id = EXCLUDED.chapter_id,
  subject_id = EXCLUDED.subject_id,
  title = EXCLUDED.title,
  difficulty = EXCLUDED.difficulty,
  xp_reward = EXCLUDED.xp_reward,
  reward_coins = EXCLUDED.reward_coins,
  mode = EXCLUDED.mode,
  display_order = EXCLUDED.display_order;

INSERT INTO public.questions (id, exercise_id, prompt, options, correct_option, explanation, display_order) VALUES
  ('42add603-7c40-5ee4-95da-3a40fe6c5277', '825acbaa-afd1-535d-9888-eeb275ce7829', 'حالات تقايس المثلثات الثلاث هي:', '[{"id":"a","text":"(ض ـ ز ـ ض)، (ز ـ ض ـ ز)، (ض ـ ض ـ ض)"},{"id":"b","text":"(ز ـ ز ـ ز)، (ض ـ ض ـ ض)، (ض ـ ز ـ ض)"},{"id":"c","text":"(ض ـ ز ـ ض) فقط"},{"id":"d","text":"(ز ـ ز ـ ز) و(ض ـ ض ـ ض)"}]'::jsonb, 'a', 'الحالاتُ الثلاث هي: ضلعان والزاوية المحصورة (ض ـ ز ـ ض)، ضلعٌ وزاويتاه المجاورتان (ز ـ ض ـ ز)، والأضلاع الثلاثة (ض ـ ض ـ ض) ✓. أمّا (ز ـ ز ـ ز) أي الزوايا الثلاث فليست حالةَ تقايس (تعطي تشابهًا فقط).', 1)
ON CONFLICT (id) DO UPDATE SET
  exercise_id = EXCLUDED.exercise_id,
  prompt = EXCLUDED.prompt,
  options = EXCLUDED.options,
  correct_option = EXCLUDED.correct_option,
  explanation = EXCLUDED.explanation,
  display_order = EXCLUDED.display_order;

INSERT INTO public.questions (id, exercise_id, prompt, options, correct_option, explanation, display_order) VALUES
  ('1481373e-d936-5ea9-9aec-dda0900fcb92', '825acbaa-afd1-535d-9888-eeb275ce7829', 'في أيّ الحالتين نضمن التقايس؟ (1) ضلعان متقايسان والزاوية المحصورة بينهما متقايسة. (2) ضلعان متقايسان وزاويةٌ غير محصورة بينهما متقايسة.', '[{"id":"a","text":"(2) فقط"},{"id":"b","text":"(1) فقط"},{"id":"c","text":"كلتاهما"},{"id":"d","text":"لا شيء منهما"}]'::jsonb, 'b', 'الحالةُ (1) هي بالضبط الحالة الأولى (ض ـ ز ـ ض) وتضمن التقايس. أمّا (2) فالزاويةُ غيرُ محصورة، وهذه المعطياتُ لا تضمن التقايس، فالجوابُ (1) فقط ✓.', 2)
ON CONFLICT (id) DO UPDATE SET
  exercise_id = EXCLUDED.exercise_id,
  prompt = EXCLUDED.prompt,
  options = EXCLUDED.options,
  correct_option = EXCLUDED.correct_option,
  explanation = EXCLUDED.explanation,
  display_order = EXCLUDED.display_order;

INSERT INTO public.questions (id, exercise_id, prompt, options, correct_option, explanation, display_order) VALUES
  ('4f02747c-2324-5529-85e8-cc25a2bb63d2', '825acbaa-afd1-535d-9888-eeb275ce7829', 'مثلثان ABC و A''B''C'': الزاوية A = الزاوية A'' = 50° ; AB = A''B'' = 6 cm، الزاوية B = الزاوية B'' = 60°. الحالة المستعملة:', '[{"id":"a","text":"الأولى (ض ـ ز ـ ض)"},{"id":"b","text":"الثانية (ز ـ ض ـ ز): الضلع [AB] محصورٌ بين الزاويتين A و B"},{"id":"c","text":"الثالثة (ض ـ ض ـ ض)"},{"id":"d","text":"لا تنطبق أيّ حالة"}]'::jsonb, 'b', 'الضلع [AB] محصورٌ بين الزاويتين A و B، والزاويتان والضلعُ متقايسة، فتنطبق الحالةُ الثانية (ز ـ ض ـ ز) ✓.', 3)
ON CONFLICT (id) DO UPDATE SET
  exercise_id = EXCLUDED.exercise_id,
  prompt = EXCLUDED.prompt,
  options = EXCLUDED.options,
  correct_option = EXCLUDED.correct_option,
  explanation = EXCLUDED.explanation,
  display_order = EXCLUDED.display_order;

INSERT INTO public.questions (id, exercise_id, prompt, options, correct_option, explanation, display_order) VALUES
  ('8ee7e385-bf74-52b7-acf9-3a573bba5b87', '825acbaa-afd1-535d-9888-eeb275ce7829', 'المثلثان PQR و P''Q''R'' متقايسان (P↔P'' ; Q↔Q'' ; R↔R''). إذا كان PQ = 4 cm ; QR = 5 cm ; RP = 6 cm، فما طول [Q''R'']؟', '[{"id":"a","text":"4 cm"},{"id":"b","text":"6 cm"},{"id":"c","text":"5 cm"},{"id":"d","text":"15 cm"}]'::jsonb, 'c', '[QR] يناظر [Q''R''] (Q↔Q'' ; R↔R'')، وفي المثلثين المتقايسين تتقايس الأضلاعُ المتناظرة، فـ Q''R'' = QR = 5 cm ✓.', 4)
ON CONFLICT (id) DO UPDATE SET
  exercise_id = EXCLUDED.exercise_id,
  prompt = EXCLUDED.prompt,
  options = EXCLUDED.options,
  correct_option = EXCLUDED.correct_option,
  explanation = EXCLUDED.explanation,
  display_order = EXCLUDED.display_order;

INSERT INTO public.questions (id, exercise_id, prompt, options, correct_option, explanation, display_order) VALUES
  ('8f291ce2-059e-544b-a772-4dfb985721a2', '825acbaa-afd1-535d-9888-eeb275ce7829', '[AM] منصّف الزاوية A في مثلثٍ ABC، وعلمنا AB = AC. نقارن ABM و ACM. ما المعطيات التي تعطي الحالة الأولى (ض ـ ز ـ ض)؟', '[{"id":"a","text":"BM = CM فقط"},{"id":"b","text":"الزاويتان B و C متقايستان فقط"},{"id":"c","text":"AB = AC، الزاوية BAM = الزاوية CAM، والضلع [AM] مشترك"},{"id":"d","text":"لا يمكن إثبات التقايس"}]'::jsonb, 'c', 'الضلعان [AB] و[AC] متقايسان (معطى)، والزاويةُ المحصورةُ بينهما عند A منصّفةٌ فـ الزاوية BAM = الزاوية CAM، و[AM] مشترك ⇐ ضلعان والزاوية المحصورة بينهما = الحالة الأولى (ض ـ ز ـ ض) ✓.', 5)
ON CONFLICT (id) DO UPDATE SET
  exercise_id = EXCLUDED.exercise_id,
  prompt = EXCLUDED.prompt,
  options = EXCLUDED.options,
  correct_option = EXCLUDED.correct_option,
  explanation = EXCLUDED.explanation,
  display_order = EXCLUDED.display_order;

INSERT INTO public.questions (id, exercise_id, prompt, options, correct_option, explanation, display_order) VALUES
  ('35994069-1bfc-5513-a276-3c26fecab177', '825acbaa-afd1-535d-9888-eeb275ce7829', 'من تقايس ABM و ACM في السؤال السابق، ماذا نستنتج مباشرةً؟', '[{"id":"a","text":"AB = BM"},{"id":"b","text":"الزاوية B = الزاوية A"},{"id":"c","text":"لا نستنتج شيئًا"},{"id":"d","text":"BM = CM والزاوية AMB = الزاوية AMC = 90°"}]'::jsonb, 'd', 'من تناظر الأضلاع: [BM] يناظر [CM] فـ BM = CM (المنصّفُ من الرأس متوسّطٌ أيضًا). والزاويتان AMB و AMC متناظرتان ومتقايستان ومجموعُهما 180°، فكلٌّ منهما 90° ⇐ [AM] عموديٌّ على [BC] ✓.', 6)
ON CONFLICT (id) DO UPDATE SET
  exercise_id = EXCLUDED.exercise_id,
  prompt = EXCLUDED.prompt,
  options = EXCLUDED.options,
  correct_option = EXCLUDED.correct_option,
  explanation = EXCLUDED.explanation,
  display_order = EXCLUDED.display_order;

INSERT INTO public.exercises (id, chapter_id, subject_id, title, difficulty, xp_reward, reward_coins, mode, source, display_order) VALUES
  ('3e50939b-8769-5875-ac6c-cbf624313670', 'c8c10e2d-2106-59cb-b4a1-05920b7c30c6', 'math-8eme', '👑 تحدّي النخبة ⭐⭐⭐⭐: البراهين المركّبة والحالات المزيّفة', 4, 300, 60, 'challenge', 'admin', 6)
ON CONFLICT (id) DO UPDATE SET
  chapter_id = EXCLUDED.chapter_id,
  subject_id = EXCLUDED.subject_id,
  title = EXCLUDED.title,
  difficulty = EXCLUDED.difficulty,
  xp_reward = EXCLUDED.xp_reward,
  reward_coins = EXCLUDED.reward_coins,
  mode = EXCLUDED.mode,
  display_order = EXCLUDED.display_order;

INSERT INTO public.questions (id, exercise_id, prompt, options, correct_option, explanation, display_order) VALUES
  ('5a014eac-a463-563c-987d-b5cecddbe103', '3e50939b-8769-5875-ac6c-cbf624313670', 'يتقاطع المستقيمان (AB) و(CD) في نقطة I منتصفٍ لكلٍّ من [AB] و[CD]. لإثبات تقايس المثلثين IAC و IBD نستعمل:', '[{"id":"a","text":"الحالة الأولى (ض ـ ز ـ ض) بزاويتين متقابلتين بالرأس"},{"id":"b","text":"الحالة الثانية (ز ـ ض ـ ز)"},{"id":"c","text":"الحالة الثالثة (ض ـ ض ـ ض)"},{"id":"d","text":"لا تنطبق أيّ حالة"}]'::jsonb, 'a', 'IA = IB (I منتصفُ [AB]) و IC = ID (I منتصفُ [CD])، والزاويتان AIC و BID متقابلتان بالرأس فمتقايستان ومحصورتان بين الضلعين ⇐ الحالة الأولى (ض ـ ز ـ ض) ✓ (ومنه AC = BD).', 1)
ON CONFLICT (id) DO UPDATE SET
  exercise_id = EXCLUDED.exercise_id,
  prompt = EXCLUDED.prompt,
  options = EXCLUDED.options,
  correct_option = EXCLUDED.correct_option,
  explanation = EXCLUDED.explanation,
  display_order = EXCLUDED.display_order;

INSERT INTO public.questions (id, exercise_id, prompt, options, correct_option, explanation, display_order) VALUES
  ('dc3dd5ae-b896-507c-ad9e-6a819c31b0eb', '3e50939b-8769-5875-ac6c-cbf624313670', 'أيُّ مجموعةٍ من المعطيات لا تكفي وحدها لإثبات تقايس مثلثين؟', '[{"id":"a","text":"الأضلاع الثلاثة متقايسة مثنى مثنى"},{"id":"b","text":"ضلعان والزاوية المحصورة بينهما"},{"id":"c","text":"ثلاث زوايا متقايسة مثنى مثنى (فقط)"},{"id":"d","text":"ضلعٌ والزاويتان المجاورتان له"}]'::jsonb, 'c', 'الخيارات (a) و(b) و(d) هي الحالاتُ الثلاث المعتمدة وتضمن التقايس. أمّا الزوايا الثلاث وحدها (c) فتعطي التشابهَ لا التقايس، فهي لا تكفي ✓.', 2)
ON CONFLICT (id) DO UPDATE SET
  exercise_id = EXCLUDED.exercise_id,
  prompt = EXCLUDED.prompt,
  options = EXCLUDED.options,
  correct_option = EXCLUDED.correct_option,
  explanation = EXCLUDED.explanation,
  display_order = EXCLUDED.display_order;

INSERT INTO public.questions (id, exercise_id, prompt, options, correct_option, explanation, display_order) VALUES
  ('257edf76-ed85-56c3-bbeb-1863515a2189', '3e50939b-8769-5875-ac6c-cbf624313670', 'في مثلثٍ متساوي الساقين ABC (AB = AC)، أُخِذت E على [AB] و F على [AC] بحيث AE = AF. نقارن AEC و AFB. ما الحالة، وماذا نستنتج عن [EC] و[FB]؟', '[{"id":"a","text":"الحالة الثالثة (ض ـ ض ـ ض)، ونستنتج EC = FB"},{"id":"b","text":"لا تنطبق أيّ حالة"},{"id":"c","text":"الحالة الثانية (ز ـ ض ـ ز)، ونستنتج AE = AC"},{"id":"d","text":"الحالة الأولى (ض ـ ز ـ ض) بالزاوية A المشتركة، ونستنتج EC = FB"}]'::jsonb, 'd', 'في المثلثين AEC و AFB: AE = AF (معطى) ; AC = AB (معطى)، والزاوية A مشتركةٌ ومحصورةٌ بين هذين الضلعين في كلٍّ منهما ⇐ الحالة الأولى (ض ـ ز ـ ض)؛ ومنه الضلعان المتناظران EC و FB متقايسان: EC = FB ✓.', 3)
ON CONFLICT (id) DO UPDATE SET
  exercise_id = EXCLUDED.exercise_id,
  prompt = EXCLUDED.prompt,
  options = EXCLUDED.options,
  correct_option = EXCLUDED.correct_option,
  explanation = EXCLUDED.explanation,
  display_order = EXCLUDED.display_order;

INSERT INTO public.questions (id, exercise_id, prompt, options, correct_option, explanation, display_order) VALUES
  ('36997480-95ac-5e22-bb52-108b8ce5e462', '3e50939b-8769-5875-ac6c-cbf624313670', '«مثلثان لهما ضلعان متقايسان (6 cm و9 cm) وزاويةٌ متقايسة (40°) مقابلةٌ للضلع 6 cm، إذن هما متقايسان.» قيّم العبارة.', '[{"id":"a","text":"صحيحة، فلدينا ضلعان وزاوية"},{"id":"b","text":"خاطئة، لأنّ الزاوية غير محصورةٍ بين الضلعين؛ فحالةُ «ضلعان وزاوية غير محصورة» لا تضمن التقايس"},{"id":"c","text":"خاطئة، لأنّ الزاوية 40° صغيرةٌ جدًّا"},{"id":"d","text":"صحيحة بالحالة الثالثة (ض ـ ض ـ ض)"}]'::jsonb, 'b', 'الزاويةُ 40° مقابلةٌ لأحد الضلعين، أي **غيرُ محصورةٍ** بين الضلعين المتقايسين؛ ومعطياتُ «ضلعان وزاوية غير محصورة» لا تضمن التقايس ✓ (قياسُ الزاوية بحدّ ذاته ليس هو السبب).', 4)
ON CONFLICT (id) DO UPDATE SET
  exercise_id = EXCLUDED.exercise_id,
  prompt = EXCLUDED.prompt,
  options = EXCLUDED.options,
  correct_option = EXCLUDED.correct_option,
  explanation = EXCLUDED.explanation,
  display_order = EXCLUDED.display_order;

INSERT INTO public.questions (id, exercise_id, prompt, options, correct_option, explanation, display_order) VALUES
  ('3c16547d-a5ea-5dc1-b274-da7eaf7a47c4', '3e50939b-8769-5875-ac6c-cbf624313670', 'لدينا مثلثان ABC و A''B''C'' مع AB = A''B'' = 5 cm والزاوية A = الزاوية A'' = 60°. ما المعطى الإضافي الذي يجعلهما متقايسين بالحالة الأولى (ض ـ ز ـ ض) مباشرةً؟', '[{"id":"a","text":"BC = B''C''"},{"id":"b","text":"الزاوية B = الزاوية B''"},{"id":"c","text":"AC = A''C'' (الضلع الثاني المحصور مع [AB] حول الزاوية A)"},{"id":"d","text":"المحيطان متساويان"}]'::jsonb, 'c', 'الزاوية A محصورةٌ بين الضلعين [AB] و[AC]؛ ولدينا AB = A''B'' والزاوية A = الزاوية A''، فيكفي أن يتقايس الضلعُ الثاني المحيطُ بالزاوية أي AC = A''C'' لتكتمل الحالةُ الأولى (ض ـ ز ـ ض) ✓. (BC غيرُ محصورٍ مع [AB] حول A، والزاوية B تقود لحالةٍ أخرى.)', 5)
ON CONFLICT (id) DO UPDATE SET
  exercise_id = EXCLUDED.exercise_id,
  prompt = EXCLUDED.prompt,
  options = EXCLUDED.options,
  correct_option = EXCLUDED.correct_option,
  explanation = EXCLUDED.explanation,
  display_order = EXCLUDED.display_order;

INSERT INTO public.questions (id, exercise_id, prompt, options, correct_option, explanation, display_order) VALUES
  ('2a50906c-011a-56be-a32d-30f37dba144a', '3e50939b-8769-5875-ac6c-cbf624313670', 'أيُّ العبارات التالية صحيحةٌ دائمًا؟', '[{"id":"a","text":"المثلثان المتشابهان متقايسان دائمًا"},{"id":"b","text":"المثلثان المتقايسان متشابهان (نفس الشكل) وبنفس الحجم"},{"id":"c","text":"تساوي زاويتين يكفي للتقايس"},{"id":"d","text":"حالةُ «ضلعان وزاوية غير محصورة» تضمن التقايس"}]'::jsonb, 'b', 'كلُّ مثلثين متقايسين هما متشابهان أيضًا (نفسُ الشكل) وبنفس الحجم ✓. أمّا العكسُ فخطأ (المتشابهان قد يختلفان حجمًا)، وتساوي زاويتين أو «ضلعان وزاوية غير محصورة» لا يضمنان التقايس.', 6)
ON CONFLICT (id) DO UPDATE SET
  exercise_id = EXCLUDED.exercise_id,
  prompt = EXCLUDED.prompt,
  options = EXCLUDED.options,
  correct_option = EXCLUDED.correct_option,
  explanation = EXCLUDED.explanation,
  display_order = EXCLUDED.display_order;

INSERT INTO public.exercises (id, chapter_id, subject_id, title, difficulty, xp_reward, reward_coins, mode, source, display_order) VALUES
  ('b0586565-2a16-5b5d-9364-740536276dc2', 'b98c1b4f-93c6-5efb-a388-9841b4c25226', 'math-8eme', 'اختبار فهم الدرس ⭐', 1, 20, 5, 'quiz', 'admin', 0)
ON CONFLICT (id) DO UPDATE SET
  chapter_id = EXCLUDED.chapter_id,
  subject_id = EXCLUDED.subject_id,
  title = EXCLUDED.title,
  difficulty = EXCLUDED.difficulty,
  xp_reward = EXCLUDED.xp_reward,
  reward_coins = EXCLUDED.reward_coins,
  mode = EXCLUDED.mode,
  display_order = EXCLUDED.display_order;

INSERT INTO public.questions (id, exercise_id, prompt, options, correct_option, explanation, display_order) VALUES
  ('0ac336c4-d858-5437-9bac-79ee96307e65', 'b0586565-2a16-5b5d-9364-740536276dc2', 'المثلثُ ABC قائمُ الزاوية في A. ما هو الوتر؟', '[{"id":"a","text":"الضلع [BC]"},{"id":"b","text":"الضلع [AB]"},{"id":"c","text":"الضلع [AC]"},{"id":"d","text":"الرأس A"}]'::jsonb, 'a', 'الوترُ هو الضلعُ الذي يقابل الزاوية القائمة وهو أطولُ الأضلاع. الزاويةُ القائمة في A فالوترُ هو الضلعُ المقابلُ له [BC] ✓. الضلعان [AB] و[AC] هما الضلعان القائمان اللذان يكوّنان الزاوية القائمة.', 1)
ON CONFLICT (id) DO UPDATE SET
  exercise_id = EXCLUDED.exercise_id,
  prompt = EXCLUDED.prompt,
  options = EXCLUDED.options,
  correct_option = EXCLUDED.correct_option,
  explanation = EXCLUDED.explanation,
  display_order = EXCLUDED.display_order;

INSERT INTO public.questions (id, exercise_id, prompt, options, correct_option, explanation, display_order) VALUES
  ('6aa48013-6828-5cf3-9221-e59ac2a0c1ba', 'b0586565-2a16-5b5d-9364-740536276dc2', 'مثلثٌ ABC قائمٌ في A، حيث AB = 3 وAC = 4. احسب طول الوتر BC.', '[{"id":"a","text":"7"},{"id":"b","text":"5"},{"id":"c","text":"25"},{"id":"d","text":"12"}]'::jsonb, 'b', 'بالنصّ المباشر: BC² = AB² + AC² = 3² + 4² = 9 + 16 = 25، فـ BC = √25 = 5 ✓. الأخطاءُ الشائعة: جمعُ الأطوال 3 + 4 = 7، أو نسيانُ الجذر (BC = 25)، أو ضربُ الطولين 3 × 4 = 12.', 2)
ON CONFLICT (id) DO UPDATE SET
  exercise_id = EXCLUDED.exercise_id,
  prompt = EXCLUDED.prompt,
  options = EXCLUDED.options,
  correct_option = EXCLUDED.correct_option,
  explanation = EXCLUDED.explanation,
  display_order = EXCLUDED.display_order;

INSERT INTO public.questions (id, exercise_id, prompt, options, correct_option, explanation, display_order) VALUES
  ('a48e4fee-2805-5adc-959c-eebc829239ab', 'b0586565-2a16-5b5d-9364-740536276dc2', 'مثلثٌ ABC قائمٌ في A، وترُه BC = 13 وأحدُ ضلعيه القائمين AB = 5. احسب AC.', '[{"id":"a","text":"8"},{"id":"b","text":"144"},{"id":"c","text":"12"},{"id":"d","text":"18"}]'::jsonb, 'c', 'المجهولُ ضلعٌ قائم فنطرح: AC² = BC² − AB² = 13² − 5² = 169 − 25 = 144، فـ AC = √144 = 12 ✓. الأخطاءُ الشائعة: طرحُ الأطوال مباشرةً 13 − 5 = 8، أو نسيانُ الجذر (144)، أو الجمعُ بدل الطرح ثمّ جمعُ الأطوال 13 + 5 = 18.', 3)
ON CONFLICT (id) DO UPDATE SET
  exercise_id = EXCLUDED.exercise_id,
  prompt = EXCLUDED.prompt,
  options = EXCLUDED.options,
  correct_option = EXCLUDED.correct_option,
  explanation = EXCLUDED.explanation,
  display_order = EXCLUDED.display_order;

INSERT INTO public.questions (id, exercise_id, prompt, options, correct_option, explanation, display_order) VALUES
  ('67c47c3a-066e-571b-8fe0-56407279a9e8', 'b0586565-2a16-5b5d-9364-740536276dc2', 'أيُّ ثلاثيّةِ أطوالٍ (بالـ cm) تكوّنُ مثلثًا قائمَ الزاوية؟', '[{"id":"a","text":"6, 8, 10"},{"id":"b","text":"4, 5, 6"},{"id":"c","text":"5, 6, 7"},{"id":"d","text":"2, 3, 4"}]'::jsonb, 'a', 'بالنصّ العكسي نقارن مربّعَ أطولِ ضلعٍ بمجموع مربّعَي الآخرين: 10² = 100 و6² + 8² = 36 + 64 = 100، متساويان ⇒ قائم ✓. أمّا 6² = 36 ≠ 4² + 5² = 41، و7² = 49 ≠ 5² + 6² = 61، و4² = 16 ≠ 2² + 3² = 13، فليست قائمة.', 4)
ON CONFLICT (id) DO UPDATE SET
  exercise_id = EXCLUDED.exercise_id,
  prompt = EXCLUDED.prompt,
  options = EXCLUDED.options,
  correct_option = EXCLUDED.correct_option,
  explanation = EXCLUDED.explanation,
  display_order = EXCLUDED.display_order;

INSERT INTO public.questions (id, exercise_id, prompt, options, correct_option, explanation, display_order) VALUES
  ('5db9d27a-faca-5e12-9047-8de6bdb42b42', 'b0586565-2a16-5b5d-9364-740536276dc2', 'مثلثٌ ABC قائمٌ في A، حيث AB = 6 وAC = 8. احسب الوتر BC.', '[{"id":"a","text":"14"},{"id":"b","text":"100"},{"id":"c","text":"48"},{"id":"d","text":"10"}]'::jsonb, 'd', 'BC² = 6² + 8² = 36 + 64 = 100، فـ BC = √100 = 10 ✓. الأخطاءُ الشائعة: جمعُ الأطوال 6 + 8 = 14، أو نسيانُ الجذر (100)، أو ضربُ الطولين 6 × 8 = 48.', 5)
ON CONFLICT (id) DO UPDATE SET
  exercise_id = EXCLUDED.exercise_id,
  prompt = EXCLUDED.prompt,
  options = EXCLUDED.options,
  correct_option = EXCLUDED.correct_option,
  explanation = EXCLUDED.explanation,
  display_order = EXCLUDED.display_order;

INSERT INTO public.exercises (id, chapter_id, subject_id, title, difficulty, xp_reward, reward_coins, mode, source, display_order) VALUES
  ('62106dd1-bc9d-5609-9142-1cd0d7fa6d00', 'b98c1b4f-93c6-5efb-a388-9841b4c25226', 'math-8eme', '⭐ تمرين: أساسيات مبرهنة فيثاغور', 1, 50, 10, 'practice', 'admin', 1)
ON CONFLICT (id) DO UPDATE SET
  chapter_id = EXCLUDED.chapter_id,
  subject_id = EXCLUDED.subject_id,
  title = EXCLUDED.title,
  difficulty = EXCLUDED.difficulty,
  xp_reward = EXCLUDED.xp_reward,
  reward_coins = EXCLUDED.reward_coins,
  mode = EXCLUDED.mode,
  display_order = EXCLUDED.display_order;

INSERT INTO public.questions (id, exercise_id, prompt, options, correct_option, explanation, display_order) VALUES
  ('7350f25c-8073-555e-a82a-582fe8683f34', '62106dd1-bc9d-5609-9142-1cd0d7fa6d00', 'في مثلثٍ قائم الزاوية، ما هو الوتر؟', '[{"id":"a","text":"أقصرُ ضلعٍ في المثلث"},{"id":"b","text":"الضلعُ المقابلُ للزاوية القائمة، وهو أطولُ الأضلاع"},{"id":"c","text":"أحدُ الضلعين المكوّنين للزاوية القائمة"},{"id":"d","text":"الضلعُ الأفقيّ دائمًا"}]'::jsonb, 'b', 'الوترُ يُعرَّف بأنّه الضلعُ المقابلُ للزاوية القائمة، وهو أطولُ الأضلاع الثلاثة ✓. الضلعان المكوّنان للزاوية القائمة هما الضلعان القائمان، وموضعُ الوتر لا علاقةَ له باتجاه الرسم (أفقيّ أو غيره).', 1)
ON CONFLICT (id) DO UPDATE SET
  exercise_id = EXCLUDED.exercise_id,
  prompt = EXCLUDED.prompt,
  options = EXCLUDED.options,
  correct_option = EXCLUDED.correct_option,
  explanation = EXCLUDED.explanation,
  display_order = EXCLUDED.display_order;

INSERT INTO public.questions (id, exercise_id, prompt, options, correct_option, explanation, display_order) VALUES
  ('dfa1eeb2-3ab6-5e81-83c2-f9e175b9fd9f', '62106dd1-bc9d-5609-9142-1cd0d7fa6d00', 'مثلثٌ ABC قائمٌ في A، AB = 5 وAC = 12. احسب الوتر BC.', '[{"id":"a","text":"13"},{"id":"b","text":"17"},{"id":"c","text":"169"},{"id":"d","text":"60"}]'::jsonb, 'a', 'BC² = AB² + AC² = 5² + 12² = 25 + 144 = 169، فـ BC = √169 = 13 ✓. الأخطاءُ الشائعة: جمعُ الأطوال 5 + 12 = 17، أو نسيانُ الجذر (169)، أو ضربُ الطولين 5 × 12 = 60.', 2)
ON CONFLICT (id) DO UPDATE SET
  exercise_id = EXCLUDED.exercise_id,
  prompt = EXCLUDED.prompt,
  options = EXCLUDED.options,
  correct_option = EXCLUDED.correct_option,
  explanation = EXCLUDED.explanation,
  display_order = EXCLUDED.display_order;

INSERT INTO public.questions (id, exercise_id, prompt, options, correct_option, explanation, display_order) VALUES
  ('4d559d4c-341d-5c94-b71a-10b428e5e634', '62106dd1-bc9d-5609-9142-1cd0d7fa6d00', 'مثلثٌ MNP قائمُ الزاوية في N. أيُّ ضلعٍ هو الوتر؟', '[{"id":"a","text":"الضلع [MN]"},{"id":"b","text":"الضلع [NP]"},{"id":"c","text":"الضلعان [MN] و[NP] معًا"},{"id":"d","text":"الضلع [MP]"}]'::jsonb, 'd', 'الوترُ يقابل الزاوية القائمة. الزاويةُ القائمة في N، فالوترُ هو الضلعُ المقابلُ للرأس N، أي [MP] ✓. الضلعان [MN] و[NP] يكوّنان الزاوية القائمة فهما الضلعان القائمان لا الوتر.', 3)
ON CONFLICT (id) DO UPDATE SET
  exercise_id = EXCLUDED.exercise_id,
  prompt = EXCLUDED.prompt,
  options = EXCLUDED.options,
  correct_option = EXCLUDED.correct_option,
  explanation = EXCLUDED.explanation,
  display_order = EXCLUDED.display_order;

INSERT INTO public.questions (id, exercise_id, prompt, options, correct_option, explanation, display_order) VALUES
  ('60d19ffd-0720-5351-93c3-51c990dde334', '62106dd1-bc9d-5609-9142-1cd0d7fa6d00', 'مثلثٌ ABC قائمٌ في A. أيُّ علاقةٍ صحيحةٌ حسب مبرهنة فيثاغور؟', '[{"id":"a","text":"AB² = BC² + AC²"},{"id":"b","text":"BC = AB + AC"},{"id":"c","text":"BC² = AB² + AC²"},{"id":"d","text":"BC² = AB² − AC²"}]'::jsonb, 'c', 'الزاويةُ القائمة في A فالوترُ [BC]، والنصُّ المباشر يقول مربّعُ الوتر = مجموعُ مربّعَي الضلعين القائمين: BC² = AB² + AC² ✓. العلاقةُ BC = AB + AC خطأٌ (الأطوالُ لا تُجمع بل مربّعاتُها)، وBC² = AB² − AC² قلبٌ للعملية.', 4)
ON CONFLICT (id) DO UPDATE SET
  exercise_id = EXCLUDED.exercise_id,
  prompt = EXCLUDED.prompt,
  options = EXCLUDED.options,
  correct_option = EXCLUDED.correct_option,
  explanation = EXCLUDED.explanation,
  display_order = EXCLUDED.display_order;

INSERT INTO public.questions (id, exercise_id, prompt, options, correct_option, explanation, display_order) VALUES
  ('9fb75cd8-d923-54a8-920c-d1689ff721d5', '62106dd1-bc9d-5609-9142-1cd0d7fa6d00', 'مثلثٌ ABC قائمٌ في A، الوتر BC = 5 والضلع AB = 3. احسب AC.', '[{"id":"a","text":"8"},{"id":"b","text":"4"},{"id":"c","text":"16"},{"id":"d","text":"2"}]'::jsonb, 'b', 'المجهولُ ضلعٌ قائم فنطرح: AC² = BC² − AB² = 5² − 3² = 25 − 9 = 16، فـ AC = √16 = 4 ✓. الأخطاءُ الشائعة: جمعُ الأطوال 5 + 3 = 8، أو نسيانُ الجذر (16)، أو طرحُ الأطوال مباشرةً 5 − 3 = 2.', 5)
ON CONFLICT (id) DO UPDATE SET
  exercise_id = EXCLUDED.exercise_id,
  prompt = EXCLUDED.prompt,
  options = EXCLUDED.options,
  correct_option = EXCLUDED.correct_option,
  explanation = EXCLUDED.explanation,
  display_order = EXCLUDED.display_order;

INSERT INTO public.questions (id, exercise_id, prompt, options, correct_option, explanation, display_order) VALUES
  ('12aa80c6-6405-5437-b768-8dbc267ecc26', '62106dd1-bc9d-5609-9142-1cd0d7fa6d00', 'أطوالُ أضلاعِ مثلثٍ هي 3 cm و4 cm و5 cm. هل هو قائمُ الزاوية؟', '[{"id":"a","text":"نعم، لأنّ 5² = 3² + 4² أي 25 = 9 + 16"},{"id":"b","text":"لا، لأنّ 5 ≠ 3 + 4"},{"id":"c","text":"نعم، لأنّ 3 + 4 = 7 أكبر من 5"},{"id":"d","text":"لا يمكن معرفةُ ذلك دون رسم المثلث"}]'::jsonb, 'a', 'بالنصّ العكسي نقارن مربّعَ أطولِ ضلعٍ (5) بمجموع مربّعَي الآخرين: 5² = 25 و3² + 4² = 9 + 16 = 25، متساويان ⇒ المثلثُ قائمُ الزاوية ✓. المقارنةُ يجب أن تكون على المربّعات لا على الأطوال، والنصُّ العكسي يُغني عن الرسم.', 6)
ON CONFLICT (id) DO UPDATE SET
  exercise_id = EXCLUDED.exercise_id,
  prompt = EXCLUDED.prompt,
  options = EXCLUDED.options,
  correct_option = EXCLUDED.correct_option,
  explanation = EXCLUDED.explanation,
  display_order = EXCLUDED.display_order;

INSERT INTO public.exercises (id, chapter_id, subject_id, title, difficulty, xp_reward, reward_coins, mode, source, display_order) VALUES
  ('f8a20b88-ee46-5389-bbd1-9f450e0a862f', 'b98c1b4f-93c6-5efb-a388-9841b4c25226', 'math-8eme', '⚔️ زعيم الفصل ⭐⭐⭐: حسابُ الأطوال والنصّ العكسي', 3, 120, 30, 'boss', 'admin', 2)
ON CONFLICT (id) DO UPDATE SET
  chapter_id = EXCLUDED.chapter_id,
  subject_id = EXCLUDED.subject_id,
  title = EXCLUDED.title,
  difficulty = EXCLUDED.difficulty,
  xp_reward = EXCLUDED.xp_reward,
  reward_coins = EXCLUDED.reward_coins,
  mode = EXCLUDED.mode,
  display_order = EXCLUDED.display_order;

INSERT INTO public.questions (id, exercise_id, prompt, options, correct_option, explanation, display_order) VALUES
  ('b6422d36-244a-52ae-9d9a-3973b68cb68c', 'f8a20b88-ee46-5389-bbd1-9f450e0a862f', 'مثلثٌ ABC قائمٌ في A، AB = 8 وAC = 15. احسب الوتر BC.', '[{"id":"a","text":"23"},{"id":"b","text":"17"},{"id":"c","text":"289"},{"id":"d","text":"120"}]'::jsonb, 'b', 'BC² = 8² + 15² = 64 + 225 = 289، فـ BC = √289 = 17 ✓. الأخطاءُ الشائعة: جمعُ الأطوال 8 + 15 = 23، أو نسيانُ الجذر (289)، أو ضربُ الطولين 8 × 15 = 120.', 1)
ON CONFLICT (id) DO UPDATE SET
  exercise_id = EXCLUDED.exercise_id,
  prompt = EXCLUDED.prompt,
  options = EXCLUDED.options,
  correct_option = EXCLUDED.correct_option,
  explanation = EXCLUDED.explanation,
  display_order = EXCLUDED.display_order;

INSERT INTO public.questions (id, exercise_id, prompt, options, correct_option, explanation, display_order) VALUES
  ('8941f387-766d-5d51-999a-8b85d9511650', 'f8a20b88-ee46-5389-bbd1-9f450e0a862f', 'مثلثٌ ABC قائمٌ في A، BC = 17 وAB = 8. احسب AC.', '[{"id":"a","text":"25"},{"id":"b","text":"225"},{"id":"c","text":"9"},{"id":"d","text":"15"}]'::jsonb, 'd', 'المجهولُ ضلعٌ قائم فنطرح: AC² = BC² − AB² = 17² − 8² = 289 − 64 = 225، فـ AC = √225 = 15 ✓. الأخطاءُ الشائعة: جمعُ الأطوال 17 + 8 = 25، أو نسيانُ الجذر (225)، أو طرحُ الأطوال مباشرةً 17 − 8 = 9.', 2)
ON CONFLICT (id) DO UPDATE SET
  exercise_id = EXCLUDED.exercise_id,
  prompt = EXCLUDED.prompt,
  options = EXCLUDED.options,
  correct_option = EXCLUDED.correct_option,
  explanation = EXCLUDED.explanation,
  display_order = EXCLUDED.display_order;

INSERT INTO public.questions (id, exercise_id, prompt, options, correct_option, explanation, display_order) VALUES
  ('d392b77f-a9f2-5ef3-8f31-8fb5f58d0710', 'f8a20b88-ee46-5389-bbd1-9f450e0a862f', 'مثلثٌ ABC أطوالُ أضلاعه AB = 9، AC = 12، BC = 15. بيّن نوعَه ومكانَ الزاوية القائمة إن وُجدت.', '[{"id":"a","text":"قائمُ الزاوية في A"},{"id":"b","text":"قائمُ الزاوية في B"},{"id":"c","text":"قائمُ الزاوية في C"},{"id":"d","text":"ليس قائمَ الزاوية"}]'::jsonb, 'a', 'أطولُ ضلعٍ هو BC = 15: نقارن 15² = 225 بمجموع مربّعَي الآخرين 9² + 12² = 81 + 144 = 225، متساويان ⇒ المثلثُ قائم، وزاويتُه القائمة تقابل أطولَ ضلعٍ [BC] أي عند الرأس A ✓. الخطأُ الشائع: وضعُ الزاوية القائمة عند رأسٍ يقابل ضلعًا أقصر.', 3)
ON CONFLICT (id) DO UPDATE SET
  exercise_id = EXCLUDED.exercise_id,
  prompt = EXCLUDED.prompt,
  options = EXCLUDED.options,
  correct_option = EXCLUDED.correct_option,
  explanation = EXCLUDED.explanation,
  display_order = EXCLUDED.display_order;

INSERT INTO public.questions (id, exercise_id, prompt, options, correct_option, explanation, display_order) VALUES
  ('35a2ff4b-8310-54a5-b4ed-5992880661e4', 'f8a20b88-ee46-5389-bbd1-9f450e0a862f', 'مثلثٌ ABC قائمٌ في A، AB = 2 وAC = 3. احسب الوتر BC.', '[{"id":"a","text":"√5"},{"id":"b","text":"√13"},{"id":"c","text":"13"},{"id":"d","text":"5"}]'::jsonb, 'b', 'BC² = 2² + 3² = 4 + 9 = 13، فـ BC = √13 (العددُ 13 ليس مربّعًا كاملًا فنترك الجواب بالصورة الجذرية) ✓. الأخطاءُ الشائعة: الطرحُ بدل الجمع 9 − 4 = 5 فيُكتب √5، أو نسيانُ الجذر (13)، أو جمعُ الأطوال 2 + 3 = 5.', 4)
ON CONFLICT (id) DO UPDATE SET
  exercise_id = EXCLUDED.exercise_id,
  prompt = EXCLUDED.prompt,
  options = EXCLUDED.options,
  correct_option = EXCLUDED.correct_option,
  explanation = EXCLUDED.explanation,
  display_order = EXCLUDED.display_order;

INSERT INTO public.questions (id, exercise_id, prompt, options, correct_option, explanation, display_order) VALUES
  ('cc6f882f-9507-57a7-bbab-75d46512bb62', 'f8a20b88-ee46-5389-bbd1-9f450e0a862f', 'مستطيلٌ طولُه 12 cm وعرضُه 5 cm. احسب طولَ قُطره.', '[{"id":"a","text":"17"},{"id":"b","text":"169"},{"id":"c","text":"13"},{"id":"d","text":"60"}]'::jsonb, 'c', 'القُطرُ وترُ مثلثٍ قائمٍ ضِلعاه القائمان هما الطول والعرض: d² = 12² + 5² = 144 + 25 = 169، فـ d = √169 = 13 ✓. الأخطاءُ الشائعة: جمعُ البُعدين 12 + 5 = 17، أو نسيانُ الجذر (169)، أو ضربُ البُعدين 12 × 5 = 60 (وهي المساحةُ لا القُطر).', 5)
ON CONFLICT (id) DO UPDATE SET
  exercise_id = EXCLUDED.exercise_id,
  prompt = EXCLUDED.prompt,
  options = EXCLUDED.options,
  correct_option = EXCLUDED.correct_option,
  explanation = EXCLUDED.explanation,
  display_order = EXCLUDED.display_order;

INSERT INTO public.questions (id, exercise_id, prompt, options, correct_option, explanation, display_order) VALUES
  ('7a8f5d2a-2ec7-59eb-94c1-3d70e838e2ed', 'f8a20b88-ee46-5389-bbd1-9f450e0a862f', 'مثلثٌ ABC قائمٌ في A، الوتر BC = 6 والضلع AB = 4. احسب AC.', '[{"id":"a","text":"2"},{"id":"b","text":"20"},{"id":"c","text":"√20"},{"id":"d","text":"√52"}]'::jsonb, 'c', 'المجهولُ ضلعٌ قائم فنطرح: AC² = BC² − AB² = 6² − 4² = 36 − 16 = 20، فـ AC = √20 ✓. الأخطاءُ الشائعة: طرحُ الأطوال مباشرةً 6 − 4 = 2، أو نسيانُ الجذر (20)، أو الجمعُ بدل الطرح 36 + 16 = 52 فيُكتب √52.', 6)
ON CONFLICT (id) DO UPDATE SET
  exercise_id = EXCLUDED.exercise_id,
  prompt = EXCLUDED.prompt,
  options = EXCLUDED.options,
  correct_option = EXCLUDED.correct_option,
  explanation = EXCLUDED.explanation,
  display_order = EXCLUDED.display_order;

INSERT INTO public.exercises (id, chapter_id, subject_id, title, difficulty, xp_reward, reward_coins, mode, source, display_order) VALUES
  ('77f3a946-050c-5172-a282-a67923c9d7ba', 'b98c1b4f-93c6-5efb-a388-9841b4c25226', 'math-8eme', '⭐⭐ تمرين مراجعة (نمط امتحان): المباشر والعكسي والأطوال', 2, 70, 15, 'practice', 'admin', 3)
ON CONFLICT (id) DO UPDATE SET
  chapter_id = EXCLUDED.chapter_id,
  subject_id = EXCLUDED.subject_id,
  title = EXCLUDED.title,
  difficulty = EXCLUDED.difficulty,
  xp_reward = EXCLUDED.xp_reward,
  reward_coins = EXCLUDED.reward_coins,
  mode = EXCLUDED.mode,
  display_order = EXCLUDED.display_order;

INSERT INTO public.questions (id, exercise_id, prompt, options, correct_option, explanation, display_order) VALUES
  ('99483ba7-8644-5a4b-b174-a63c6e958005', '77f3a946-050c-5172-a282-a67923c9d7ba', 'مثلثٌ ABC قائمٌ في A، AB = 6 وAC = 8. احسب BC.', '[{"id":"a","text":"14"},{"id":"b","text":"10"},{"id":"c","text":"100"},{"id":"d","text":"48"}]'::jsonb, 'b', 'BC² = 6² + 8² = 36 + 64 = 100، فـ BC = √100 = 10 ✓. الأخطاءُ الشائعة: جمعُ الأطوال 6 + 8 = 14، أو نسيانُ الجذر (100)، أو ضربُ الطولين 6 × 8 = 48.', 1)
ON CONFLICT (id) DO UPDATE SET
  exercise_id = EXCLUDED.exercise_id,
  prompt = EXCLUDED.prompt,
  options = EXCLUDED.options,
  correct_option = EXCLUDED.correct_option,
  explanation = EXCLUDED.explanation,
  display_order = EXCLUDED.display_order;

INSERT INTO public.questions (id, exercise_id, prompt, options, correct_option, explanation, display_order) VALUES
  ('ac12e6e2-36d5-570d-bbff-898bcc3de310', '77f3a946-050c-5172-a282-a67923c9d7ba', 'ما نصُّ المبرهنة العكسية لفيثاغور؟', '[{"id":"a","text":"إذا كان مربّعُ أطولِ ضلعٍ يساوي مجموعَ مربّعَي الضلعين الآخرين، فالمثلثُ قائمُ الزاوية"},{"id":"b","text":"إذا كان المثلثُ قائمًا، فمربّعُ الوتر يساوي مجموعَ مربّعَي الضلعين القائمين"},{"id":"c","text":"إذا تساوت أضلاعُ المثلث، فهو قائمُ الزاوية"},{"id":"d","text":"إذا كان أطولُ ضلعٍ يساوي مجموعَ الضلعين الآخرين، فالمثلثُ قائمُ الزاوية"}]'::jsonb, 'a', 'النصُّ العكسي ينطلق من الأطوال ليُثبت الزاوية القائمة: إن كان مربّعُ أطولِ ضلعٍ = مجموعَ مربّعَي الآخرين فالمثلثُ قائم ✓. الخيار (b) هو النصُّ المباشر (العكس)، والمقارنةُ تكون على المربّعات لا على الأطوال كما في (d)، وتساوي الأضلاع لا يدلّ على زاويةٍ قائمة.', 2)
ON CONFLICT (id) DO UPDATE SET
  exercise_id = EXCLUDED.exercise_id,
  prompt = EXCLUDED.prompt,
  options = EXCLUDED.options,
  correct_option = EXCLUDED.correct_option,
  explanation = EXCLUDED.explanation,
  display_order = EXCLUDED.display_order;

INSERT INTO public.questions (id, exercise_id, prompt, options, correct_option, explanation, display_order) VALUES
  ('a8d230b5-dc93-5aac-af7e-2b11a9ebbdd0', '77f3a946-050c-5172-a282-a67923c9d7ba', 'مثلثٌ ABC قائمٌ في A، BC = 17 وAC = 15. احسب AB.', '[{"id":"a","text":"2"},{"id":"b","text":"64"},{"id":"c","text":"8"},{"id":"d","text":"32"}]'::jsonb, 'c', 'المجهولُ ضلعٌ قائم فنطرح: AB² = BC² − AC² = 17² − 15² = 289 − 225 = 64، فـ AB = √64 = 8 ✓. الأخطاءُ الشائعة: طرحُ الأطوال مباشرةً 17 − 15 = 2، أو نسيانُ الجذر (64)، أو جمعُ الأطوال 17 + 15 = 32.', 3)
ON CONFLICT (id) DO UPDATE SET
  exercise_id = EXCLUDED.exercise_id,
  prompt = EXCLUDED.prompt,
  options = EXCLUDED.options,
  correct_option = EXCLUDED.correct_option,
  explanation = EXCLUDED.explanation,
  display_order = EXCLUDED.display_order;

INSERT INTO public.questions (id, exercise_id, prompt, options, correct_option, explanation, display_order) VALUES
  ('cf182abd-0845-591c-87ba-139b6b7e020c', '77f3a946-050c-5172-a282-a67923c9d7ba', 'أطوالُ مثلثٍ هي 4 cm و6 cm و8 cm. هل هو قائمُ الزاوية؟', '[{"id":"a","text":"نعم، لأنّ 8² = 4² + 6²"},{"id":"b","text":"لا، لأنّ 8² = 64 لا يساوي 4² + 6² = 52"},{"id":"c","text":"نعم، لأنّ 4 + 6 = 10 أكبر من 8"},{"id":"d","text":"لا، لأنّ 8 ≠ 4 + 6"}]'::jsonb, 'b', 'بالنصّ العكسي نقارن مربّعَ أطولِ ضلعٍ (8) بمجموع مربّعَي الآخرين: 8² = 64 و4² + 6² = 16 + 36 = 52، وبما أنّ 64 ≠ 52 فالمثلثُ ليس قائمَ الزاوية ✓. المقارنةُ تكون على المربّعات لا على الأطوال، وكونُ مجموعِ ضلعين أكبرَ من الثالث شرطُ وجودِ المثلث لا شرطَ كونِه قائمًا.', 4)
ON CONFLICT (id) DO UPDATE SET
  exercise_id = EXCLUDED.exercise_id,
  prompt = EXCLUDED.prompt,
  options = EXCLUDED.options,
  correct_option = EXCLUDED.correct_option,
  explanation = EXCLUDED.explanation,
  display_order = EXCLUDED.display_order;

INSERT INTO public.questions (id, exercise_id, prompt, options, correct_option, explanation, display_order) VALUES
  ('8c471a4e-7dbb-516b-9de5-7d6d19390937', '77f3a946-050c-5172-a282-a67923c9d7ba', 'سُلّمٌ طولُه 10 m مُسنَدٌ إلى جدارٍ عموديّ، وتبعُد قاعدتُه عن الجدار بـ 6 m. ما ارتفاعُ نقطةِ ملامسته للجدار؟', '[{"id":"a","text":"8"},{"id":"b","text":"4"},{"id":"c","text":"64"},{"id":"d","text":"16"}]'::jsonb, 'a', 'السُّلّمُ هو الوتر، والأرضُ والجدارُ ضلعان قائمان. الارتفاع h يحقّق h² = 10² − 6² = 100 − 36 = 64، فـ h = √64 = 8 ✓. الأخطاءُ الشائعة: طرحُ الأطوال 10 − 6 = 4، أو نسيانُ الجذر (64)، أو جمعُ الأطوال 10 + 6 = 16.', 5)
ON CONFLICT (id) DO UPDATE SET
  exercise_id = EXCLUDED.exercise_id,
  prompt = EXCLUDED.prompt,
  options = EXCLUDED.options,
  correct_option = EXCLUDED.correct_option,
  explanation = EXCLUDED.explanation,
  display_order = EXCLUDED.display_order;

INSERT INTO public.questions (id, exercise_id, prompt, options, correct_option, explanation, display_order) VALUES
  ('928ae4c9-2088-5470-bab2-917028dd1c37', '77f3a946-050c-5172-a282-a67923c9d7ba', 'مثلثٌ ABC قائمٌ في A، AB = 7 وAC = 24. احسب الوتر BC.', '[{"id":"a","text":"31"},{"id":"b","text":"625"},{"id":"c","text":"168"},{"id":"d","text":"25"}]'::jsonb, 'd', 'BC² = 7² + 24² = 49 + 576 = 625، فـ BC = √625 = 25 ✓. الأخطاءُ الشائعة: جمعُ الأطوال 7 + 24 = 31، أو نسيانُ الجذر (625)، أو ضربُ الطولين 7 × 24 = 168.', 6)
ON CONFLICT (id) DO UPDATE SET
  exercise_id = EXCLUDED.exercise_id,
  prompt = EXCLUDED.prompt,
  options = EXCLUDED.options,
  correct_option = EXCLUDED.correct_option,
  explanation = EXCLUDED.explanation,
  display_order = EXCLUDED.display_order;

INSERT INTO public.exercises (id, chapter_id, subject_id, title, difficulty, xp_reward, reward_coins, mode, source, display_order) VALUES
  ('0ce28329-9601-5e43-877a-4dd5d5f91dae', 'b98c1b4f-93c6-5efb-a388-9841b4c25226', 'math-8eme', '👑 تحدّي النخبة ⭐⭐⭐⭐: فيثاغور في وضعيّاتٍ مركّبة', 4, 300, 60, 'challenge', 'admin', 4)
ON CONFLICT (id) DO UPDATE SET
  chapter_id = EXCLUDED.chapter_id,
  subject_id = EXCLUDED.subject_id,
  title = EXCLUDED.title,
  difficulty = EXCLUDED.difficulty,
  xp_reward = EXCLUDED.xp_reward,
  reward_coins = EXCLUDED.reward_coins,
  mode = EXCLUDED.mode,
  display_order = EXCLUDED.display_order;

INSERT INTO public.questions (id, exercise_id, prompt, options, correct_option, explanation, display_order) VALUES
  ('00689d2a-1b78-52a1-952d-a563b7fe8f7f', '0ce28329-9601-5e43-877a-4dd5d5f91dae', 'مثلثٌ ABC أطوالُ أضلاعه AB = 20، BC = 29، AC = 21، وهو قائمُ الزاوية. في أيّ رأسٍ توجد الزاوية القائمة؟', '[{"id":"a","text":"في B"},{"id":"b","text":"في C"},{"id":"c","text":"ليس قائمَ الزاوية"},{"id":"d","text":"في A"}]'::jsonb, 'd', 'أطولُ ضلعٍ هو BC = 29 (الوتر): نتحقّق 29² = 841 و20² + 21² = 400 + 441 = 841، متساويان ⇒ قائم. الزاويةُ القائمة تقابل الوترَ [BC] فهي عند الرأس A ✓. الخطأُ الشائع: وضعُ الزاوية القائمة عند رأسٍ يقابل ضلعًا أقصر (B أو C).', 1)
ON CONFLICT (id) DO UPDATE SET
  exercise_id = EXCLUDED.exercise_id,
  prompt = EXCLUDED.prompt,
  options = EXCLUDED.options,
  correct_option = EXCLUDED.correct_option,
  explanation = EXCLUDED.explanation,
  display_order = EXCLUDED.display_order;

INSERT INTO public.questions (id, exercise_id, prompt, options, correct_option, explanation, display_order) VALUES
  ('c6bf5a53-c2e8-51d5-b8b6-b194f174a9e1', '0ce28329-9601-5e43-877a-4dd5d5f91dae', 'مثلثٌ ABC قائمٌ في A، AB = 3 وAC = 5. احسب الوتر BC.', '[{"id":"a","text":"√34"},{"id":"b","text":"4"},{"id":"c","text":"34"},{"id":"d","text":"8"}]'::jsonb, 'a', 'BC² = 3² + 5² = 9 + 25 = 34، فـ BC = √34 (34 ليس مربّعًا كاملًا فنترك الصورة الجذرية) ✓. الأخطاءُ الشائعة: الطرحُ بدل الجمع 25 − 9 = 16 فيُكتب √16 = 4، أو نسيانُ الجذر (34)، أو جمعُ الأطوال 3 + 5 = 8.', 2)
ON CONFLICT (id) DO UPDATE SET
  exercise_id = EXCLUDED.exercise_id,
  prompt = EXCLUDED.prompt,
  options = EXCLUDED.options,
  correct_option = EXCLUDED.correct_option,
  explanation = EXCLUDED.explanation,
  display_order = EXCLUDED.display_order;

INSERT INTO public.questions (id, exercise_id, prompt, options, correct_option, explanation, display_order) VALUES
  ('833d24fd-d7bf-5852-b390-82696322fcd7', '0ce28329-9601-5e43-877a-4dd5d5f91dae', 'مثلثٌ ABC قائمٌ في A، الوتر BC = 7 والضلع AB = 5. احسب AC.', '[{"id":"a","text":"√74"},{"id":"b","text":"√24"},{"id":"c","text":"2"},{"id":"d","text":"24"}]'::jsonb, 'b', 'المجهولُ ضلعٌ قائم فنطرح: AC² = BC² − AB² = 7² − 5² = 49 − 25 = 24، فـ AC = √24 ✓. الأخطاءُ الشائعة: الجمعُ بدل الطرح 49 + 25 = 74 فيُكتب √74، أو طرحُ الأطوال مباشرةً 7 − 5 = 2، أو نسيانُ الجذر (24).', 3)
ON CONFLICT (id) DO UPDATE SET
  exercise_id = EXCLUDED.exercise_id,
  prompt = EXCLUDED.prompt,
  options = EXCLUDED.options,
  correct_option = EXCLUDED.correct_option,
  explanation = EXCLUDED.explanation,
  display_order = EXCLUDED.display_order;

INSERT INTO public.questions (id, exercise_id, prompt, options, correct_option, explanation, display_order) VALUES
  ('4eb40591-7251-5ba4-851c-3f87eef2a0e9', '0ce28329-9601-5e43-877a-4dd5d5f91dae', 'مثلثٌ ABC قائمُ الزاوية في A، AB = 9 والوتر BC = 15. احسب مساحةَ المثلث.', '[{"id":"a","text":"108"},{"id":"b","text":"90"},{"id":"c","text":"54"},{"id":"d","text":"67.5"}]'::jsonb, 'c', 'نحسب الضلعَ القائم الثاني أوّلًا: AC² = BC² − AB² = 15² − 9² = 225 − 81 = 144، فـ AC = 12. المساحةُ = (AB × AC) ÷ 2 = (9 × 12) ÷ 2 = 108 ÷ 2 = 54 ✓. الأخطاءُ الشائعة: نسيانُ القسمة على 2 (108)، أو استعمالُ الوتر في المساحة (12 × 15) ÷ 2 = 90 أو (9 × 15) ÷ 2 = 67.5؛ المساحةُ تعتمد الضلعين القائمين فقط.', 4)
ON CONFLICT (id) DO UPDATE SET
  exercise_id = EXCLUDED.exercise_id,
  prompt = EXCLUDED.prompt,
  options = EXCLUDED.options,
  correct_option = EXCLUDED.correct_option,
  explanation = EXCLUDED.explanation,
  display_order = EXCLUDED.display_order;

INSERT INTO public.questions (id, exercise_id, prompt, options, correct_option, explanation, display_order) VALUES
  ('0e4be6ca-b0f4-53e5-8177-88294e05bc5b', '0ce28329-9601-5e43-877a-4dd5d5f91dae', 'لحساب الوتر BC في مثلثٍ قائمٍ في A حيث AB = 9 وAC = 12، كتب تلميذٌ: BC = 9 + 12 = 21. أين الخطأ؟', '[{"id":"a","text":"جمعَ الأطوال مباشرةً؛ الصحيح BC² = 9² + 12² = 225 فـ BC = 15"},{"id":"b","text":"لا خطأ، BC = 21 صحيح"},{"id":"c","text":"كان عليه طرحُ الطولين: BC = 12 − 9 = 3"},{"id":"d","text":"الصحيح BC² = 225 فـ BC = 225"}]'::jsonb, 'a', 'مبرهنةُ فيثاغور تجمع **المربّعات** لا الأطوال: BC² = 9² + 12² = 81 + 144 = 225، ثمّ BC = √225 = 15 ✓. الخيار (c) طرحٌ خاطئ (الوترُ أكبرُ لا نطرح لحسابه)، والخيار (d) نسيانُ الجذر. (سؤالُ اكتشاف خطأ: الخيارُ الصحيح يصف موضعَ الخطأ والتصحيح.)', 5)
ON CONFLICT (id) DO UPDATE SET
  exercise_id = EXCLUDED.exercise_id,
  prompt = EXCLUDED.prompt,
  options = EXCLUDED.options,
  correct_option = EXCLUDED.correct_option,
  explanation = EXCLUDED.explanation,
  display_order = EXCLUDED.display_order;

INSERT INTO public.questions (id, exercise_id, prompt, options, correct_option, explanation, display_order) VALUES
  ('69c12e94-53f3-5a52-8d66-28fe99fad239', '0ce28329-9601-5e43-877a-4dd5d5f91dae', 'مثلثٌ أطوالُ أضلاعه 12 cm و16 cm و20 cm. تحقّقْ أنّه قائمُ الزاوية ثمّ احسب مساحتَه.', '[{"id":"a","text":"192"},{"id":"b","text":"120"},{"id":"c","text":"96"},{"id":"d","text":"160"}]'::jsonb, 'c', 'أطولُ ضلعٍ 20: نتحقّق 20² = 400 و12² + 16² = 144 + 256 = 400، متساويان ⇒ قائم، والضلعان القائمان هما 12 و16 (الوترُ 20). المساحةُ = (12 × 16) ÷ 2 = 192 ÷ 2 = 96 ✓. الأخطاءُ الشائعة: نسيانُ القسمة على 2 (192)، أو إشراكُ الوتر في المساحة (12 × 20) ÷ 2 = 120 أو (16 × 20) ÷ 2 = 160.', 6)
ON CONFLICT (id) DO UPDATE SET
  exercise_id = EXCLUDED.exercise_id,
  prompt = EXCLUDED.prompt,
  options = EXCLUDED.options,
  correct_option = EXCLUDED.correct_option,
  explanation = EXCLUDED.explanation,
  display_order = EXCLUDED.display_order;

INSERT INTO public.exercises (id, chapter_id, subject_id, title, difficulty, xp_reward, reward_coins, mode, source, display_order) VALUES
  ('d2aa3cdd-19ba-5c4e-9180-d31ed661a408', 'b98c1b4f-93c6-5efb-a388-9841b4c25226', 'math-8eme', '📝 تدريب ⭐⭐⭐: مراجعةٌ شاملة (مباشر، عكسي، جذور)', 3, 120, 30, 'boss', 'admin', 5)
ON CONFLICT (id) DO UPDATE SET
  chapter_id = EXCLUDED.chapter_id,
  subject_id = EXCLUDED.subject_id,
  title = EXCLUDED.title,
  difficulty = EXCLUDED.difficulty,
  xp_reward = EXCLUDED.xp_reward,
  reward_coins = EXCLUDED.reward_coins,
  mode = EXCLUDED.mode,
  display_order = EXCLUDED.display_order;

INSERT INTO public.questions (id, exercise_id, prompt, options, correct_option, explanation, display_order) VALUES
  ('cb3bd9bf-5cd3-5edb-8ecf-0d83ee093c98', 'd2aa3cdd-19ba-5c4e-9180-d31ed661a408', 'مثلثٌ ABC قائمٌ في A، AB = 9 وAC = 12. احسب BC.', '[{"id":"a","text":"21"},{"id":"b","text":"15"},{"id":"c","text":"225"},{"id":"d","text":"108"}]'::jsonb, 'b', 'BC² = 9² + 12² = 81 + 144 = 225، فـ BC = √225 = 15 ✓. الأخطاءُ الشائعة: جمعُ الأطوال 9 + 12 = 21، أو نسيانُ الجذر (225)، أو ضربُ الطولين 9 × 12 = 108.', 1)
ON CONFLICT (id) DO UPDATE SET
  exercise_id = EXCLUDED.exercise_id,
  prompt = EXCLUDED.prompt,
  options = EXCLUDED.options,
  correct_option = EXCLUDED.correct_option,
  explanation = EXCLUDED.explanation,
  display_order = EXCLUDED.display_order;

INSERT INTO public.questions (id, exercise_id, prompt, options, correct_option, explanation, display_order) VALUES
  ('a41a552e-1cb0-5c50-9902-c5f6ed0aba9a', 'd2aa3cdd-19ba-5c4e-9180-d31ed661a408', 'مثلثٌ ABC قائمٌ في A، BC = 10 وAB = 6. احسب AC.', '[{"id":"a","text":"8"},{"id":"b","text":"4"},{"id":"c","text":"64"},{"id":"d","text":"16"}]'::jsonb, 'a', 'المجهولُ ضلعٌ قائم فنطرح: AC² = BC² − AB² = 10² − 6² = 100 − 36 = 64، فـ AC = √64 = 8 ✓. الأخطاءُ الشائعة: طرحُ الأطوال 10 − 6 = 4، أو نسيانُ الجذر (64)، أو جمعُ الأطوال 10 + 6 = 16.', 2)
ON CONFLICT (id) DO UPDATE SET
  exercise_id = EXCLUDED.exercise_id,
  prompt = EXCLUDED.prompt,
  options = EXCLUDED.options,
  correct_option = EXCLUDED.correct_option,
  explanation = EXCLUDED.explanation,
  display_order = EXCLUDED.display_order;

INSERT INTO public.questions (id, exercise_id, prompt, options, correct_option, explanation, display_order) VALUES
  ('8e1d0380-d97f-585d-b0d3-bcc873df3829', 'd2aa3cdd-19ba-5c4e-9180-d31ed661a408', 'أطوالُ مثلثٍ هي 7 cm و24 cm و25 cm. هل هو قائمُ الزاوية؟ وإن كان، فما الضلعُ الذي يمثّل الوتر؟', '[{"id":"a","text":"نعم، ووترُه الضلعُ الذي طولُه 25"},{"id":"b","text":"نعم، ووترُه الضلعُ الذي طولُه 24"},{"id":"c","text":"نعم، ووترُه الضلعُ الذي طولُه 7"},{"id":"d","text":"لا، ليس قائمَ الزاوية"}]'::jsonb, 'a', 'أطولُ ضلعٍ 25: نقارن 25² = 625 و7² + 24² = 49 + 576 = 625، متساويان ⇒ قائم. الوترُ هو أطولُ ضلعٍ ويقابل الزاوية القائمة، أي الضلعُ 25 ✓. الوترُ لا يكون أبدًا أحدَ الضلعين الأقصرين (24 أو 7).', 3)
ON CONFLICT (id) DO UPDATE SET
  exercise_id = EXCLUDED.exercise_id,
  prompt = EXCLUDED.prompt,
  options = EXCLUDED.options,
  correct_option = EXCLUDED.correct_option,
  explanation = EXCLUDED.explanation,
  display_order = EXCLUDED.display_order;

INSERT INTO public.questions (id, exercise_id, prompt, options, correct_option, explanation, display_order) VALUES
  ('504abdcb-96d0-5234-8fd7-4e49ab6afcc8', 'd2aa3cdd-19ba-5c4e-9180-d31ed661a408', 'مثلثٌ ABC قائمٌ في A، AB = 2 وAC = 5. احسب BC.', '[{"id":"a","text":"√21"},{"id":"b","text":"√29"},{"id":"c","text":"29"},{"id":"d","text":"7"}]'::jsonb, 'b', 'BC² = 2² + 5² = 4 + 25 = 29، فـ BC = √29 (29 عددٌ أوّليّ فالجذرُ يُترك بصورته) ✓. الأخطاءُ الشائعة: الطرحُ بدل الجمع 25 − 4 = 21 فيُكتب √21، أو نسيانُ الجذر (29)، أو جمعُ الأطوال 2 + 5 = 7.', 4)
ON CONFLICT (id) DO UPDATE SET
  exercise_id = EXCLUDED.exercise_id,
  prompt = EXCLUDED.prompt,
  options = EXCLUDED.options,
  correct_option = EXCLUDED.correct_option,
  explanation = EXCLUDED.explanation,
  display_order = EXCLUDED.display_order;

INSERT INTO public.questions (id, exercise_id, prompt, options, correct_option, explanation, display_order) VALUES
  ('6f16d089-4385-5ca7-bf54-7a2bca0025b9', 'd2aa3cdd-19ba-5c4e-9180-d31ed661a408', 'شاشةٌ مستطيلةٌ قُطرُها 17 inch وارتفاعُها 8 inch. ما عرضُها (طولُها الأفقي)؟', '[{"id":"a","text":"9"},{"id":"b","text":"225"},{"id":"c","text":"15"},{"id":"d","text":"25"}]'::jsonb, 'c', 'القُطرُ وترُ مثلثٍ قائمٍ ضِلعاه العرضُ والارتفاع: العرض² = 17² − 8² = 289 − 64 = 225، فالعرضُ = √225 = 15 ✓. الأخطاءُ الشائعة: طرحُ الأطوال 17 − 8 = 9، أو نسيانُ الجذر (225)، أو جمعُ الأطوال 17 + 8 = 25.', 5)
ON CONFLICT (id) DO UPDATE SET
  exercise_id = EXCLUDED.exercise_id,
  prompt = EXCLUDED.prompt,
  options = EXCLUDED.options,
  correct_option = EXCLUDED.correct_option,
  explanation = EXCLUDED.explanation,
  display_order = EXCLUDED.display_order;

INSERT INTO public.questions (id, exercise_id, prompt, options, correct_option, explanation, display_order) VALUES
  ('2c16b686-bd92-5118-b4cc-7cdb42eae9d5', 'd2aa3cdd-19ba-5c4e-9180-d31ed661a408', 'مثلثٌ ABC قائمٌ في A، AB = 5 وAC = 12. احسب محيطَ المثلث.', '[{"id":"a","text":"17"},{"id":"b","text":"34"},{"id":"c","text":"60"},{"id":"d","text":"30"}]'::jsonb, 'd', 'نحسب الوترَ أوّلًا: BC² = 5² + 12² = 25 + 144 = 169 فـ BC = √169 = 13. المحيطُ = AB + AC + BC = 5 + 12 + 13 = 30 ✓. الأخطاءُ الشائعة: نسيانُ إضافة الوتر (5 + 12 = 17)، أو حسابُ الوتر خطأً بجمع الطولين BC = 5 + 12 = 17 ثمّ 5 + 12 + 17 = 34، أو ضربُ الضلعين 5 × 12 = 60.', 6)
ON CONFLICT (id) DO UPDATE SET
  exercise_id = EXCLUDED.exercise_id,
  prompt = EXCLUDED.prompt,
  options = EXCLUDED.options,
  correct_option = EXCLUDED.correct_option,
  explanation = EXCLUDED.explanation,
  display_order = EXCLUDED.display_order;

INSERT INTO public.exercises (id, chapter_id, subject_id, title, difficulty, xp_reward, reward_coins, mode, source, display_order) VALUES
  ('247e5a09-4627-5b73-9884-71f33d01de10', 'b98c1b4f-93c6-5efb-a388-9841b4c25226', 'math-8eme', '👑 تحدّي النخبة ⭐⭐⭐⭐: البرهنة والحساب المتقدّم', 4, 300, 60, 'challenge', 'admin', 6)
ON CONFLICT (id) DO UPDATE SET
  chapter_id = EXCLUDED.chapter_id,
  subject_id = EXCLUDED.subject_id,
  title = EXCLUDED.title,
  difficulty = EXCLUDED.difficulty,
  xp_reward = EXCLUDED.xp_reward,
  reward_coins = EXCLUDED.reward_coins,
  mode = EXCLUDED.mode,
  display_order = EXCLUDED.display_order;

INSERT INTO public.questions (id, exercise_id, prompt, options, correct_option, explanation, display_order) VALUES
  ('722e147b-c771-5a06-99b3-c88880f7d155', '247e5a09-4627-5b73-9884-71f33d01de10', 'مثلثٌ ABC: AB = 40، AC = 9، BC = 41. أثبتْ أنّه قائمُ الزاوية وحدّدِ الرأسَ الذي توجد فيه الزاوية القائمة.', '[{"id":"a","text":"قائمٌ في B"},{"id":"b","text":"ليس قائمَ الزاوية"},{"id":"c","text":"قائمٌ في A"},{"id":"d","text":"قائمٌ في C"}]'::jsonb, 'c', 'أطولُ ضلعٍ هو BC = 41: نتحقّق 41² = 1681 و40² + 9² = 1600 + 81 = 1681، متساويان ⇒ قائم بالنصّ العكسي. الزاويةُ القائمة تقابل الوترَ [BC] فهي عند الرأس A ✓. الخطأُ الشائع: وضعُها عند رأسٍ يقابل ضلعًا أقصر (B أو C).', 1)
ON CONFLICT (id) DO UPDATE SET
  exercise_id = EXCLUDED.exercise_id,
  prompt = EXCLUDED.prompt,
  options = EXCLUDED.options,
  correct_option = EXCLUDED.correct_option,
  explanation = EXCLUDED.explanation,
  display_order = EXCLUDED.display_order;

INSERT INTO public.questions (id, exercise_id, prompt, options, correct_option, explanation, display_order) VALUES
  ('4d0b7b71-cd20-5ec2-be10-95490fa515d2', '247e5a09-4627-5b73-9884-71f33d01de10', 'مثلثٌ ABC قائمٌ في A، الوتر BC = 8 والضلع AB = 5. احسب AC.', '[{"id":"a","text":"√39"},{"id":"b","text":"√89"},{"id":"c","text":"3"},{"id":"d","text":"39"}]'::jsonb, 'a', 'المجهولُ ضلعٌ قائم فنطرح: AC² = BC² − AB² = 8² − 5² = 64 − 25 = 39، فـ AC = √39 (39 ليس مربّعًا كاملًا) ✓. الأخطاءُ الشائعة: الجمعُ بدل الطرح 64 + 25 = 89 فيُكتب √89، أو طرحُ الأطوال 8 − 5 = 3، أو نسيانُ الجذر (39).', 2)
ON CONFLICT (id) DO UPDATE SET
  exercise_id = EXCLUDED.exercise_id,
  prompt = EXCLUDED.prompt,
  options = EXCLUDED.options,
  correct_option = EXCLUDED.correct_option,
  explanation = EXCLUDED.explanation,
  display_order = EXCLUDED.display_order;

INSERT INTO public.questions (id, exercise_id, prompt, options, correct_option, explanation, display_order) VALUES
  ('cd3ce125-9c9a-55b6-a075-a14e8ef64934', '247e5a09-4627-5b73-9884-71f33d01de10', 'مثلثٌ ABC قائمٌ في A، حيث AB = x، AC = 8 والوتر BC = 10. ما قيمة x؟', '[{"id":"a","text":"36"},{"id":"b","text":"2"},{"id":"c","text":"6"},{"id":"d","text":"√164"}]'::jsonb, 'c', 'AB ضلعٌ قائم فنطرح: x² = BC² − AC² = 10² − 8² = 100 − 64 = 36، فـ x = √36 = 6 ✓. الأخطاءُ الشائعة: نسيانُ الجذر (36)، أو طرحُ الأطوال 10 − 8 = 2، أو الجمعُ بدل الطرح 100 + 64 = 164 فيُكتب √164.', 3)
ON CONFLICT (id) DO UPDATE SET
  exercise_id = EXCLUDED.exercise_id,
  prompt = EXCLUDED.prompt,
  options = EXCLUDED.options,
  correct_option = EXCLUDED.correct_option,
  explanation = EXCLUDED.explanation,
  display_order = EXCLUDED.display_order;

INSERT INTO public.questions (id, exercise_id, prompt, options, correct_option, explanation, display_order) VALUES
  ('b9425003-43a1-531b-a6a6-fcb8170d9abd', '247e5a09-4627-5b73-9884-71f33d01de10', 'لِيتحقّق تلميذٌ أنّ مثلثًا أطوالُه 6، 8، 11 قائمُ الزاوية، كتب: 6² + 8² = 36 + 64 = 100، إذن قائم. أين الخطأ في استدلاله؟', '[{"id":"a","text":"قارن مربّعَي الضلعين الأقصرين فقط؛ يجب مقارنةُ 100 بمربّع أطولِ ضلعٍ 11² = 121، وبما أنّ 121 ≠ 100 فالمثلثُ ليس قائمًا"},{"id":"b","text":"لا خطأ، المثلثُ قائمُ الزاوية"},{"id":"c","text":"كان عليه جمعُ الأطوال 6 + 8 = 14 ومقارنتُها بـ 11"},{"id":"d","text":"الخطأ حسابيّ فقط: 36 + 64 = 90 لا 100"}]'::jsonb, 'a', 'النصُّ العكسي يتطلّب مقارنةَ مربّع **أطولِ** ضلعٍ (11) بمجموع مربّعَي الآخرين: 11² = 121 و6² + 8² = 100؛ وبما أنّ 121 ≠ 100 فالمثلثُ ليس قائمَ الزاوية ✓. حسابُ 36 + 64 = 100 صحيحٌ لكنّه لا يكفي؛ المقارنةُ يجب أن تشمل مربّعَ أطولِ ضلع.', 4)
ON CONFLICT (id) DO UPDATE SET
  exercise_id = EXCLUDED.exercise_id,
  prompt = EXCLUDED.prompt,
  options = EXCLUDED.options,
  correct_option = EXCLUDED.correct_option,
  explanation = EXCLUDED.explanation,
  display_order = EXCLUDED.display_order;

INSERT INTO public.questions (id, exercise_id, prompt, options, correct_option, explanation, display_order) VALUES
  ('05c58752-e608-5381-9b42-2dd8986a0581', '247e5a09-4627-5b73-9884-71f33d01de10', 'مثلثٌ ABC قائمٌ في A، AB = 8 والوتر BC = 17. احسب مساحةَ المثلث ABC.', '[{"id":"a","text":"120"},{"id":"b","text":"60"},{"id":"c","text":"68"},{"id":"d","text":"127.5"}]'::jsonb, 'b', 'نحسب الضلعَ القائم الثاني: AC² = BC² − AB² = 17² − 8² = 289 − 64 = 225 فـ AC = 15. المساحةُ = (AB × AC) ÷ 2 = (8 × 15) ÷ 2 = 120 ÷ 2 = 60 ✓. الأخطاءُ الشائعة: نسيانُ القسمة على 2 (120)، أو إشراكُ الوتر في المساحة (8 × 17) ÷ 2 = 68 أو (15 × 17) ÷ 2 = 127.5.', 5)
ON CONFLICT (id) DO UPDATE SET
  exercise_id = EXCLUDED.exercise_id,
  prompt = EXCLUDED.prompt,
  options = EXCLUDED.options,
  correct_option = EXCLUDED.correct_option,
  explanation = EXCLUDED.explanation,
  display_order = EXCLUDED.display_order;

INSERT INTO public.questions (id, exercise_id, prompt, options, correct_option, explanation, display_order) VALUES
  ('97566ee3-03c8-579b-aad7-7540c432ceec', '247e5a09-4627-5b73-9884-71f33d01de10', 'مربّعٌ ABCD طولُ ضلعِه 6 cm. احسب طولَ قُطره AC.', '[{"id":"a","text":"12"},{"id":"b","text":"72"},{"id":"c","text":"√36"},{"id":"d","text":"√72"}]'::jsonb, 'd', 'القُطرُ AC وترُ المثلث القائم ABC حيث AB = BC = 6: AC² = 6² + 6² = 36 + 36 = 72، فـ AC = √72 ✓. الأخطاءُ الشائعة: جمعُ الضلعين 6 + 6 = 12، أو نسيانُ الجذر (72)، أو الطرحُ بدل الجمع 36 − 36 = 0 أو خلطُ العدد فيُكتب √36 = 6 (طولُ الضلع لا القطر).', 6)
ON CONFLICT (id) DO UPDATE SET
  exercise_id = EXCLUDED.exercise_id,
  prompt = EXCLUDED.prompt,
  options = EXCLUDED.options,
  correct_option = EXCLUDED.correct_option,
  explanation = EXCLUDED.explanation,
  display_order = EXCLUDED.display_order;

INSERT INTO public.exercises (id, chapter_id, subject_id, title, difficulty, xp_reward, reward_coins, mode, source, display_order) VALUES
  ('f258229c-e96a-5bc7-b906-c17dce1c48ee', 'f74e1397-5bd0-5925-ba92-b6c5fad9d582', 'math-8eme', 'اختبار فهم الدرس ⭐', 1, 20, 5, 'quiz', 'admin', 0)
ON CONFLICT (id) DO UPDATE SET
  chapter_id = EXCLUDED.chapter_id,
  subject_id = EXCLUDED.subject_id,
  title = EXCLUDED.title,
  difficulty = EXCLUDED.difficulty,
  xp_reward = EXCLUDED.xp_reward,
  reward_coins = EXCLUDED.reward_coins,
  mode = EXCLUDED.mode,
  display_order = EXCLUDED.display_order;

INSERT INTO public.questions (id, exercise_id, prompt, options, correct_option, explanation, display_order) VALUES
  ('f218c7ae-4037-5653-8377-78a38ad411b8', 'f258229c-e96a-5bc7-b906-c17dce1c48ee', 'المثلث ABC قائم الزاوية في A ووترُه [BC]. أين يقع مركز الدائرة المحيطة به؟', '[{"id":"a","text":"منتصف الوتر [BC]"},{"id":"b","text":"الرأس A (رأس الزاوية القائمة)"},{"id":"c","text":"منتصف الضلع [AB]"},{"id":"d","text":"نقطة تقاطع ارتفاعات المثلث"}]'::jsonb, 'a', 'في المثلث القائم مركزُ الدائرة المحيطة هو منتصفُ الوتر [BC] ✓، لأنّه يبعد بنفس المسافة عن الرؤوس الثلاثة. الخطأُ الأشهر: اختيارُ رأس الزاوية القائمة A بدل منتصف الوتر.', 1)
ON CONFLICT (id) DO UPDATE SET
  exercise_id = EXCLUDED.exercise_id,
  prompt = EXCLUDED.prompt,
  options = EXCLUDED.options,
  correct_option = EXCLUDED.correct_option,
  explanation = EXCLUDED.explanation,
  display_order = EXCLUDED.display_order;

INSERT INTO public.questions (id, exercise_id, prompt, options, correct_option, explanation, display_order) VALUES
  ('0538b53f-0c0f-5e0f-a32e-e291483e4aa6', 'f258229c-e96a-5bc7-b906-c17dce1c48ee', 'المثلث ABC قائم في A ووترُه BC = 10 cm. النقطة I منتصف [BC] هي مركز الدائرة المحيطة. ما نصف قطر هذه الدائرة؟', '[{"id":"a","text":"10 cm"},{"id":"b","text":"5 cm"},{"id":"c","text":"20 cm"},{"id":"d","text":"2.5 cm"}]'::jsonb, 'b', 'الوترُ قطرٌ للدائرة، فنصفُ القطر يساوي نصفَ الوتر: R = 10⁄2 = 5 cm ✓. الخطأُ الشائع: أخذُ نصف القطر مساويًا للوتر كاملًا (10)، أو قسمتُه على 4 (2.5).', 2)
ON CONFLICT (id) DO UPDATE SET
  exercise_id = EXCLUDED.exercise_id,
  prompt = EXCLUDED.prompt,
  options = EXCLUDED.options,
  correct_option = EXCLUDED.correct_option,
  explanation = EXCLUDED.explanation,
  display_order = EXCLUDED.display_order;

INSERT INTO public.questions (id, exercise_id, prompt, options, correct_option, explanation, display_order) VALUES
  ('4d246437-7542-5551-9552-93c72a154fe1', 'f258229c-e96a-5bc7-b906-c17dce1c48ee', 'المثلث ABC قائم في A، وI منتصف الوتر [BC]. أيّ مساواةٍ صحيحة دائمًا؟', '[{"id":"a","text":"IA = AB"},{"id":"b","text":"IA = BC"},{"id":"c","text":"IA = IB = IC"},{"id":"d","text":"IB = AC"}]'::jsonb, 'c', 'مركزُ الدائرة المحيطة I يبعد بنفس المسافة عن الرؤوس الثلاثة، فـ IA = IB = IC (وكلُّها تساوي نصفَ الوتر) ✓. الخطأُ الشائع: مساواةُ المتوسّط IA بالوتر كاملًا (IA = BC) بدل نصفه.', 3)
ON CONFLICT (id) DO UPDATE SET
  exercise_id = EXCLUDED.exercise_id,
  prompt = EXCLUDED.prompt,
  options = EXCLUDED.options,
  correct_option = EXCLUDED.correct_option,
  explanation = EXCLUDED.explanation,
  display_order = EXCLUDED.display_order;

INSERT INTO public.questions (id, exercise_id, prompt, options, correct_option, explanation, display_order) VALUES
  ('cb149b6c-c104-556e-8cef-65c4092ba06d', 'f258229c-e96a-5bc7-b906-c17dce1c48ee', 'النقطة M من دائرةٍ قطرُها [BC]، وM تخالف B وC. ما نوع المثلث MBC؟', '[{"id":"a","text":"قائم الزاوية في B"},{"id":"b","text":"متساوي الساقين حتمًا"},{"id":"c","text":"مثلث أيٌّ لا يمكن تحديد نوعه"},{"id":"d","text":"قائم الزاوية في M"}]'::jsonb, 'd', 'بالمبرهنة العكسية: كلُّ مثلثٍ مرسومٍ في نصف دائرةٍ ووترُه قطرُها يكون قائم الزاوية عند الرأس الموجود على القوس، أي في M ✓. الخطأُ الشائع: وضعُ الزاوية القائمة عند أحد طرفَي القطر (B) بدل النقطة M.', 4)
ON CONFLICT (id) DO UPDATE SET
  exercise_id = EXCLUDED.exercise_id,
  prompt = EXCLUDED.prompt,
  options = EXCLUDED.options,
  correct_option = EXCLUDED.correct_option,
  explanation = EXCLUDED.explanation,
  display_order = EXCLUDED.display_order;

INSERT INTO public.questions (id, exercise_id, prompt, options, correct_option, explanation, display_order) VALUES
  ('7d97c585-5732-56c0-a7bc-4a72a3295cd5', 'f258229c-e96a-5bc7-b906-c17dce1c48ee', 'المثلث ABC قائم في A وBC = 8 cm. ما طول المتوسّط AI الصادر من A نحو الوتر (I منتصف [BC])؟', '[{"id":"a","text":"6 cm"},{"id":"b","text":"4 cm"},{"id":"c","text":"8 cm"},{"id":"d","text":"16 cm"}]'::jsonb, 'b', 'متوسّطُ الوتر في مثلثٍ قائم يساوي نصفَ الوتر: AI = 8⁄2 = 4 cm ✓ (لأنّ IA = IB = IC = نصف القطر). الخطأُ الشائع: أخذُ المتوسّط مساويًا للوتر كاملًا (8) أو ضعفَه (16).', 5)
ON CONFLICT (id) DO UPDATE SET
  exercise_id = EXCLUDED.exercise_id,
  prompt = EXCLUDED.prompt,
  options = EXCLUDED.options,
  correct_option = EXCLUDED.correct_option,
  explanation = EXCLUDED.explanation,
  display_order = EXCLUDED.display_order;

INSERT INTO public.exercises (id, chapter_id, subject_id, title, difficulty, xp_reward, reward_coins, mode, source, display_order) VALUES
  ('65c05831-3608-5507-8e81-4a14a84b6994', 'f74e1397-5bd0-5925-ba92-b6c5fad9d582', 'math-8eme', '⭐ تمرين: أساسيات الدائرة المحيطة بمثلث قائم', 1, 50, 10, 'practice', 'admin', 1)
ON CONFLICT (id) DO UPDATE SET
  chapter_id = EXCLUDED.chapter_id,
  subject_id = EXCLUDED.subject_id,
  title = EXCLUDED.title,
  difficulty = EXCLUDED.difficulty,
  xp_reward = EXCLUDED.xp_reward,
  reward_coins = EXCLUDED.reward_coins,
  mode = EXCLUDED.mode,
  display_order = EXCLUDED.display_order;

INSERT INTO public.questions (id, exercise_id, prompt, options, correct_option, explanation, display_order) VALUES
  ('34f96918-282a-5ec1-88e3-8b8434417c1d', '65c05831-3608-5507-8e81-4a14a84b6994', 'المثلث ABC قائم في A ووترُه [BC]. مركز الدائرة المحيطة به هو:', '[{"id":"a","text":"الرأس A"},{"id":"b","text":"منتصف الضلع [AC]"},{"id":"c","text":"منتصف الوتر [BC]"},{"id":"d","text":"منتصف الضلع [AB]"}]'::jsonb, 'c', 'مركزُ الدائرة المحيطة بمثلثٍ قائم هو منتصفُ الوتر [BC] ✓، لأنّه على مسافةٍ واحدة من الرؤوس الثلاثة. الخطأُ الأشهر: اختيارُ رأس الزاوية القائمة A.', 1)
ON CONFLICT (id) DO UPDATE SET
  exercise_id = EXCLUDED.exercise_id,
  prompt = EXCLUDED.prompt,
  options = EXCLUDED.options,
  correct_option = EXCLUDED.correct_option,
  explanation = EXCLUDED.explanation,
  display_order = EXCLUDED.display_order;

INSERT INTO public.questions (id, exercise_id, prompt, options, correct_option, explanation, display_order) VALUES
  ('8587ac35-9a67-58ad-8059-cc2bbb8c1466', '65c05831-3608-5507-8e81-4a14a84b6994', 'مثلثٌ قائم وترُه BC = 6 cm. ما نصف قطر دائرته المحيطة؟', '[{"id":"a","text":"3 cm"},{"id":"b","text":"6 cm"},{"id":"c","text":"12 cm"},{"id":"d","text":"1.5 cm"}]'::jsonb, 'a', 'نصفُ القطر يساوي نصفَ الوتر لأنّ الوتر قطرٌ للدائرة: R = 6⁄2 = 3 cm ✓. الخطأُ الشائع: أخذُ R مساويًا للوتر (6) أو ضعفَه (12).', 2)
ON CONFLICT (id) DO UPDATE SET
  exercise_id = EXCLUDED.exercise_id,
  prompt = EXCLUDED.prompt,
  options = EXCLUDED.options,
  correct_option = EXCLUDED.correct_option,
  explanation = EXCLUDED.explanation,
  display_order = EXCLUDED.display_order;

INSERT INTO public.questions (id, exercise_id, prompt, options, correct_option, explanation, display_order) VALUES
  ('179d8362-3503-5427-bae8-3efe9c39b070', '65c05831-3608-5507-8e81-4a14a84b6994', 'المثلث ABC قائم في A، وI منتصف [BC]. المسافات IA وIB وIC هي:', '[{"id":"a","text":"مختلفةٌ كلُّها"},{"id":"b","text":"متساوية"},{"id":"c","text":"IA أكبرُ من IB"},{"id":"d","text":"IA أصغرُ من IB"}]'::jsonb, 'b', 'النقطة I مركزُ الدائرة المحيطة، فهي تبعد بنفس المسافة عن الرؤوس الثلاثة: IA = IB = IC ✓. جميعُها تساوي نصفَ القطر.', 3)
ON CONFLICT (id) DO UPDATE SET
  exercise_id = EXCLUDED.exercise_id,
  prompt = EXCLUDED.prompt,
  options = EXCLUDED.options,
  correct_option = EXCLUDED.correct_option,
  explanation = EXCLUDED.explanation,
  display_order = EXCLUDED.display_order;

INSERT INTO public.questions (id, exercise_id, prompt, options, correct_option, explanation, display_order) VALUES
  ('2d27cd0a-b8f9-58fa-9a05-a8ed732b1585', '65c05831-3608-5507-8e81-4a14a84b6994', 'دائرةٌ مركزها I ونصف قطرها 5 cm، والوتر [BC] قطرٌ فيها. ما طول BC؟', '[{"id":"a","text":"5 cm"},{"id":"b","text":"20 cm"},{"id":"c","text":"10 cm"},{"id":"d","text":"2.5 cm"}]'::jsonb, 'c', 'القطرُ يساوي ضعفَ نصف القطر: BC = 2 × 5 = 10 cm ✓. الخطأُ الشائع: أخذُ الوتر مساويًا لنصف القطر (5) بدل ضعفه.', 4)
ON CONFLICT (id) DO UPDATE SET
  exercise_id = EXCLUDED.exercise_id,
  prompt = EXCLUDED.prompt,
  options = EXCLUDED.options,
  correct_option = EXCLUDED.correct_option,
  explanation = EXCLUDED.explanation,
  display_order = EXCLUDED.display_order;

INSERT INTO public.questions (id, exercise_id, prompt, options, correct_option, explanation, display_order) VALUES
  ('5ecb458f-4e9b-5997-8c30-5b7f14a7df85', '65c05831-3608-5507-8e81-4a14a84b6994', 'النقطة M من دائرةٍ قطرُها [AB] (M تخالف A وB). ما نوع المثلث MAB؟', '[{"id":"a","text":"قائم الزاوية في M"},{"id":"b","text":"قائم الزاوية في A"},{"id":"c","text":"متساوي الأضلاع"},{"id":"d","text":"منفرج الزاوية"}]'::jsonb, 'a', 'بالمبرهنة العكسية: مثلثٌ مرسومٌ في نصف دائرةٍ ووترُه قطرُها يكون قائمًا عند الرأس على القوس، أي في M ✓. الخطأُ الشائع: وضعُ الزاوية القائمة عند طرف القطر A.', 5)
ON CONFLICT (id) DO UPDATE SET
  exercise_id = EXCLUDED.exercise_id,
  prompt = EXCLUDED.prompt,
  options = EXCLUDED.options,
  correct_option = EXCLUDED.correct_option,
  explanation = EXCLUDED.explanation,
  display_order = EXCLUDED.display_order;

INSERT INTO public.questions (id, exercise_id, prompt, options, correct_option, explanation, display_order) VALUES
  ('f9f417d0-e31c-5ffd-92c0-5e21b428c2cb', '65c05831-3608-5507-8e81-4a14a84b6994', 'المثلث ABC قائم في A، BC = 14 cm، وI منتصف الوتر. ما طول المتوسّط AI؟', '[{"id":"a","text":"14 cm"},{"id":"b","text":"7 cm"},{"id":"c","text":"28 cm"},{"id":"d","text":"3.5 cm"}]'::jsonb, 'b', 'متوسّطُ الوتر يساوي نصفَ الوتر: AI = 14⁄2 = 7 cm ✓ (فـ AI = IB = IC = نصف القطر). الخطأُ الشائع: أخذُ المتوسّط مساويًا للوتر كاملًا (14).', 6)
ON CONFLICT (id) DO UPDATE SET
  exercise_id = EXCLUDED.exercise_id,
  prompt = EXCLUDED.prompt,
  options = EXCLUDED.options,
  correct_option = EXCLUDED.correct_option,
  explanation = EXCLUDED.explanation,
  display_order = EXCLUDED.display_order;

INSERT INTO public.exercises (id, chapter_id, subject_id, title, difficulty, xp_reward, reward_coins, mode, source, display_order) VALUES
  ('2e00fa20-a744-5c4a-b6e2-759d76890c59', 'f74e1397-5bd0-5925-ba92-b6c5fad9d582', 'math-8eme', '⚔️ زعيم الفصل ⭐⭐⭐: الدائرة المحيطة وفيثاغور', 3, 120, 30, 'boss', 'admin', 2)
ON CONFLICT (id) DO UPDATE SET
  chapter_id = EXCLUDED.chapter_id,
  subject_id = EXCLUDED.subject_id,
  title = EXCLUDED.title,
  difficulty = EXCLUDED.difficulty,
  xp_reward = EXCLUDED.xp_reward,
  reward_coins = EXCLUDED.reward_coins,
  mode = EXCLUDED.mode,
  display_order = EXCLUDED.display_order;

INSERT INTO public.questions (id, exercise_id, prompt, options, correct_option, explanation, display_order) VALUES
  ('b89323ec-ce2c-5edd-a730-cd8d4b9a584d', '2e00fa20-a744-5c4a-b6e2-759d76890c59', 'المثلث ABC قائم في A وBC = 20 cm. ما نصف قطر دائرته المحيطة؟', '[{"id":"a","text":"10 cm"},{"id":"b","text":"20 cm"},{"id":"c","text":"40 cm"},{"id":"d","text":"5 cm"}]'::jsonb, 'a', 'الوترُ قطرٌ للدائرة، فنصفُ القطر يساوي نصفَه: R = 20⁄2 = 10 cm ✓. الخطأُ الشائع: أخذُ R مساويًا للوتر (20) أو ضعفَه (40).', 1)
ON CONFLICT (id) DO UPDATE SET
  exercise_id = EXCLUDED.exercise_id,
  prompt = EXCLUDED.prompt,
  options = EXCLUDED.options,
  correct_option = EXCLUDED.correct_option,
  explanation = EXCLUDED.explanation,
  display_order = EXCLUDED.display_order;

INSERT INTO public.questions (id, exercise_id, prompt, options, correct_option, explanation, display_order) VALUES
  ('0600d321-493f-54e3-9b30-3bb202e94437', '2e00fa20-a744-5c4a-b6e2-759d76890c59', 'المثلث ABC قائم في A، AB = 8 cm وAC = 6 cm. احسب نصف قطر الدائرة المحيطة.', '[{"id":"a","text":"7 cm"},{"id":"b","text":"5 cm"},{"id":"c","text":"10 cm"},{"id":"d","text":"3 cm"}]'::jsonb, 'b', 'نحسب الوتر بفيثاغور: BC = √(8² + 6²) = √(64 + 36) = √100 = 10 cm، ثمّ R = BC⁄2 = 5 cm ✓. الخطأُ الشائع: نسيانُ القسمة على 2 فيبقى R = 10، أو حسابُ نصف مجموع الضلعين (8+6)⁄2 = 7.', 2)
ON CONFLICT (id) DO UPDATE SET
  exercise_id = EXCLUDED.exercise_id,
  prompt = EXCLUDED.prompt,
  options = EXCLUDED.options,
  correct_option = EXCLUDED.correct_option,
  explanation = EXCLUDED.explanation,
  display_order = EXCLUDED.display_order;

INSERT INTO public.questions (id, exercise_id, prompt, options, correct_option, explanation, display_order) VALUES
  ('a919c840-c83f-51eb-b127-5e656c2a0361', '2e00fa20-a744-5c4a-b6e2-759d76890c59', 'النقطة M من دائرةٍ مركزُها O ونصفُ قطرها 5 cm، و[AB] قطرٌ فيها. عُلم أنّ AM = 8 cm. احسب BM.', '[{"id":"a","text":"4 cm"},{"id":"b","text":"13 cm"},{"id":"c","text":"6 cm"},{"id":"d","text":"2 cm"}]'::jsonb, 'c', 'القطرُ AB = 2 × 5 = 10 cm، والمثلث AMB قائمٌ في M (مرسومٌ في نصف دائرة وترُه قطر). بفيثاغور: BM = √(AB² − AM²) = √(100 − 64) = √36 = 6 cm ✓. الخطأُ الشائع: أخذُ AB = 5 (نصف القطر) بدل 10، أو جمعُ AM ونصف القطر.', 3)
ON CONFLICT (id) DO UPDATE SET
  exercise_id = EXCLUDED.exercise_id,
  prompt = EXCLUDED.prompt,
  options = EXCLUDED.options,
  correct_option = EXCLUDED.correct_option,
  explanation = EXCLUDED.explanation,
  display_order = EXCLUDED.display_order;

INSERT INTO public.questions (id, exercise_id, prompt, options, correct_option, explanation, display_order) VALUES
  ('7afe371a-79da-5bb0-9cb0-49f6a2a3f935', '2e00fa20-a744-5c4a-b6e2-759d76890c59', 'في المثلث ABC، I منتصف [BC]، ولوحظ أنّ المتوسّط AI يساوي نصفَ الوتر BC. ماذا نستنتج؟', '[{"id":"a","text":"المثلث قائم الزاوية في B"},{"id":"b","text":"المثلث متساوي الساقين فقط"},{"id":"c","text":"المثلث منفرج الزاوية"},{"id":"d","text":"المثلث قائم الزاوية في A"}]'::jsonb, 'd', 'بما أنّ I منتصف [BC] فإنّ IB = IC = BC⁄2 دائمًا؛ فإذا صار AI = BC⁄2 أيضًا فـ IA = IB = IC، أي A على الدائرة التي قطرُها [BC]، فالمثلث قائمٌ في A (المبرهنة العكسية) ✓. الخطأُ الشائع: الاكتفاءُ بالقول إنّه متساوي الساقين دون استنتاج القائمية.', 4)
ON CONFLICT (id) DO UPDATE SET
  exercise_id = EXCLUDED.exercise_id,
  prompt = EXCLUDED.prompt,
  options = EXCLUDED.options,
  correct_option = EXCLUDED.correct_option,
  explanation = EXCLUDED.explanation,
  display_order = EXCLUDED.display_order;

INSERT INTO public.questions (id, exercise_id, prompt, options, correct_option, explanation, display_order) VALUES
  ('a80cbfe7-e762-5c9e-9dd1-afacfa1ad393', '2e00fa20-a744-5c4a-b6e2-759d76890c59', 'نصفُ دائرةٍ قطرُها [BC] = 13 cm، وM نقطةٌ منها مع BM = 5 cm. احسب مساحة المثلث MBC.', '[{"id":"a","text":"30 cm²"},{"id":"b","text":"60 cm²"},{"id":"c","text":"32.5 cm²"},{"id":"d","text":"78 cm²"}]'::jsonb, 'a', 'المثلث MBC قائمٌ في M (وترُه القطر). بفيثاغور: MC = √(13² − 5²) = √(169 − 25) = √144 = 12 cm. المساحة = (BM × MC)⁄2 = (5 × 12)⁄2 = 30 cm² ✓. الخطأُ الشائع: نسيانُ القسمة على 2 (60)، أو استعمالُ الوتر ضلعًا قائمًا (13 × 5)⁄2 = 32.5.', 5)
ON CONFLICT (id) DO UPDATE SET
  exercise_id = EXCLUDED.exercise_id,
  prompt = EXCLUDED.prompt,
  options = EXCLUDED.options,
  correct_option = EXCLUDED.correct_option,
  explanation = EXCLUDED.explanation,
  display_order = EXCLUDED.display_order;

INSERT INTO public.questions (id, exercise_id, prompt, options, correct_option, explanation, display_order) VALUES
  ('f5b9dfcb-46a1-51af-a5d2-174b733c4400', '2e00fa20-a744-5c4a-b6e2-759d76890c59', 'المثلث ABC قائم في A، I منتصف [BC]، AB = 12 cm وAC = 5 cm. احسب طول المتوسّط AI.', '[{"id":"a","text":"13 cm"},{"id":"b","text":"6.5 cm"},{"id":"c","text":"8.5 cm"},{"id":"d","text":"5 cm"}]'::jsonb, 'b', 'الوتر BC = √(12² + 5²) = √(144 + 25) = √169 = 13 cm، والمتوسّط AI = BC⁄2 = 6.5 cm ✓. الخطأُ الشائع: نسيانُ القسمة على 2 (13)، أو حسابُ نصف مجموع الضلعين (12+5)⁄2 = 8.5.', 6)
ON CONFLICT (id) DO UPDATE SET
  exercise_id = EXCLUDED.exercise_id,
  prompt = EXCLUDED.prompt,
  options = EXCLUDED.options,
  correct_option = EXCLUDED.correct_option,
  explanation = EXCLUDED.explanation,
  display_order = EXCLUDED.display_order;

INSERT INTO public.exercises (id, chapter_id, subject_id, title, difficulty, xp_reward, reward_coins, mode, source, display_order) VALUES
  ('9932d685-0faa-551f-8e9c-4d8bbc932a2a', 'f74e1397-5bd0-5925-ba92-b6c5fad9d582', 'math-8eme', '⭐⭐ تمرين مراجعة (نمط امتحان): المثلث القائم والدائرة', 2, 70, 15, 'practice', 'admin', 3)
ON CONFLICT (id) DO UPDATE SET
  chapter_id = EXCLUDED.chapter_id,
  subject_id = EXCLUDED.subject_id,
  title = EXCLUDED.title,
  difficulty = EXCLUDED.difficulty,
  xp_reward = EXCLUDED.xp_reward,
  reward_coins = EXCLUDED.reward_coins,
  mode = EXCLUDED.mode,
  display_order = EXCLUDED.display_order;

INSERT INTO public.questions (id, exercise_id, prompt, options, correct_option, explanation, display_order) VALUES
  ('2dd5c938-99e8-5b60-8022-69f0e637a30f', '9932d685-0faa-551f-8e9c-4d8bbc932a2a', 'المثلث ABC قائم في B. أين يقع مركز الدائرة المحيطة به؟', '[{"id":"a","text":"منتصف [AC] (الوتر)"},{"id":"b","text":"منتصف [AB]"},{"id":"c","text":"الرأس B"},{"id":"d","text":"منتصف [BC]"}]'::jsonb, 'a', 'المثلث قائمٌ في B، فوترُه هو الضلع المقابل للزاوية القائمة، أي [AC]، ومركزُ الدائرة المحيطة منتصفُه ✓. الخطأُ الشائع: أخذُ منتصف [BC] لمجرّد ظهور الحرفين، دون الانتباه إلى موضع الزاوية القائمة.', 1)
ON CONFLICT (id) DO UPDATE SET
  exercise_id = EXCLUDED.exercise_id,
  prompt = EXCLUDED.prompt,
  options = EXCLUDED.options,
  correct_option = EXCLUDED.correct_option,
  explanation = EXCLUDED.explanation,
  display_order = EXCLUDED.display_order;

INSERT INTO public.questions (id, exercise_id, prompt, options, correct_option, explanation, display_order) VALUES
  ('d895fb1b-3ef2-5978-a606-0bf1ae1ca50e', '9932d685-0faa-551f-8e9c-4d8bbc932a2a', 'مثلثٌ قائم ضلعاه القائمان 3 cm و4 cm. احسب الوتر ثمّ نصف قطر دائرته المحيطة.', '[{"id":"a","text":"5 cm"},{"id":"b","text":"2.5 cm"},{"id":"c","text":"3.5 cm"},{"id":"d","text":"7 cm"}]'::jsonb, 'b', 'الوتر = √(3² + 4²) = √25 = 5 cm، ونصفُ القطر = 5⁄2 = 2.5 cm ✓. الخطأُ الشائع: التوقّفُ عند الوتر واعتبارُه نصفَ القطر (5)، أو حسابُ نصف مجموع الضلعين (3+4)⁄2 = 3.5.', 2)
ON CONFLICT (id) DO UPDATE SET
  exercise_id = EXCLUDED.exercise_id,
  prompt = EXCLUDED.prompt,
  options = EXCLUDED.options,
  correct_option = EXCLUDED.correct_option,
  explanation = EXCLUDED.explanation,
  display_order = EXCLUDED.display_order;

INSERT INTO public.questions (id, exercise_id, prompt, options, correct_option, explanation, display_order) VALUES
  ('d99d5a38-3a4b-5316-9241-0594317f8895', '9932d685-0faa-551f-8e9c-4d8bbc932a2a', 'دائرةٌ قطرُها [BC] = 10 cm، وA نقطةٌ منها مع AB = 6 cm. احسب AC.', '[{"id":"a","text":"4 cm"},{"id":"b","text":"16 cm"},{"id":"c","text":"8 cm"},{"id":"d","text":"64 cm"}]'::jsonb, 'c', 'المثلث ABC قائمٌ في A (مرسومٌ في نصف دائرة وترُه القطر [BC]). بفيثاغور: AC = √(BC² − AB²) = √(100 − 36) = √64 = 8 cm ✓. الخطأُ الشائع: طرحُ الطولين دون تربيع (10 − 6 = 4)، أو نسيانُ الجذر (64).', 3)
ON CONFLICT (id) DO UPDATE SET
  exercise_id = EXCLUDED.exercise_id,
  prompt = EXCLUDED.prompt,
  options = EXCLUDED.options,
  correct_option = EXCLUDED.correct_option,
  explanation = EXCLUDED.explanation,
  display_order = EXCLUDED.display_order;

INSERT INTO public.questions (id, exercise_id, prompt, options, correct_option, explanation, display_order) VALUES
  ('db54b40c-05cf-5bec-a43d-94bb6fa9c33f', '9932d685-0faa-551f-8e9c-4d8bbc932a2a', 'المثلث ABC قائم في A، I منتصف [BC]، والمتوسّط AI = 6 cm. ما طول الوتر BC؟', '[{"id":"a","text":"6 cm"},{"id":"b","text":"3 cm"},{"id":"c","text":"36 cm"},{"id":"d","text":"12 cm"}]'::jsonb, 'd', 'المتوسّط يساوي نصفَ الوتر، فالوتر ضعفُ المتوسّط: BC = 2 × 6 = 12 cm ✓. الخطأُ الشائع: أخذُ الوتر مساويًا للمتوسّط (6) أو نصفَه (3).', 4)
ON CONFLICT (id) DO UPDATE SET
  exercise_id = EXCLUDED.exercise_id,
  prompt = EXCLUDED.prompt,
  options = EXCLUDED.options,
  correct_option = EXCLUDED.correct_option,
  explanation = EXCLUDED.explanation,
  display_order = EXCLUDED.display_order;

INSERT INTO public.questions (id, exercise_id, prompt, options, correct_option, explanation, display_order) VALUES
  ('bad52343-3bd4-5b19-bd7e-f14041bd9a47', '9932d685-0faa-551f-8e9c-4d8bbc932a2a', 'في المثلث ABC، I منتصف [BC]، وتحقّق أنّ IA = IB = IC. ماذا نستنتج؟', '[{"id":"a","text":"المثلث قائم الزاوية في A"},{"id":"b","text":"المثلث قائم الزاوية في B"},{"id":"c","text":"المثلث متساوي الأضلاع"},{"id":"d","text":"لا يمكن استنتاج شيء"}]'::jsonb, 'a', 'IA = IB = IC يعني أنّ I تبعد بنفس المسافة عن الرؤوس الثلاثة، فهي مركزُ الدائرة المحيطة والوترُ [BC] قطرٌ لها، إذن المثلث قائمٌ في A ✓ (الزاوية المقابلة للقطر). الخطأُ الشائع: الخلطُ مع متساوي الأضلاع.', 5)
ON CONFLICT (id) DO UPDATE SET
  exercise_id = EXCLUDED.exercise_id,
  prompt = EXCLUDED.prompt,
  options = EXCLUDED.options,
  correct_option = EXCLUDED.correct_option,
  explanation = EXCLUDED.explanation,
  display_order = EXCLUDED.display_order;

INSERT INTO public.questions (id, exercise_id, prompt, options, correct_option, explanation, display_order) VALUES
  ('56c186f8-18b3-5756-ba42-52896118282c', '9932d685-0faa-551f-8e9c-4d8bbc932a2a', 'نصفُ قطر الدائرة المحيطة بمثلثٍ قائم يساوي 6.5 cm، وأحدُ ضلعيه القائمين 5 cm. احسب الضلع القائم الآخر.', '[{"id":"a","text":"13 cm"},{"id":"b","text":"12 cm"},{"id":"c","text":"8 cm"},{"id":"d","text":"11.5 cm"}]'::jsonb, 'b', 'الوتر = 2 × 6.5 = 13 cm، والضلع الآخر = √(13² − 5²) = √(169 − 25) = √144 = 12 cm ✓. الخطأُ الشائع: نسيانُ مضاعفة نصف القطر واعتبارُ الوتر 6.5، أو طرحُ الطولين دون تربيع (13 − 5 = 8).', 6)
ON CONFLICT (id) DO UPDATE SET
  exercise_id = EXCLUDED.exercise_id,
  prompt = EXCLUDED.prompt,
  options = EXCLUDED.options,
  correct_option = EXCLUDED.correct_option,
  explanation = EXCLUDED.explanation,
  display_order = EXCLUDED.display_order;

INSERT INTO public.exercises (id, chapter_id, subject_id, title, difficulty, xp_reward, reward_coins, mode, source, display_order) VALUES
  ('5c0f2ddd-1a9f-5fe9-aa8d-4f16ae1308e2', 'f74e1397-5bd0-5925-ba92-b6c5fad9d582', 'math-8eme', '👑 تحدّي النخبة ⭐⭐⭐⭐: مسائل المثلث القائم والدائرة', 4, 300, 60, 'challenge', 'admin', 4)
ON CONFLICT (id) DO UPDATE SET
  chapter_id = EXCLUDED.chapter_id,
  subject_id = EXCLUDED.subject_id,
  title = EXCLUDED.title,
  difficulty = EXCLUDED.difficulty,
  xp_reward = EXCLUDED.xp_reward,
  reward_coins = EXCLUDED.reward_coins,
  mode = EXCLUDED.mode,
  display_order = EXCLUDED.display_order;

INSERT INTO public.questions (id, exercise_id, prompt, options, correct_option, explanation, display_order) VALUES
  ('35d7ed39-4b60-5e96-99de-ee8a31ec0efb', '5c0f2ddd-1a9f-5fe9-aa8d-4f16ae1308e2', 'المثلث ABC قائم في A. نصفُ قطر دائرته المحيطة 6.5 cm وAB = 5 cm. احسب مساحة المثلث ABC.', '[{"id":"a","text":"30 cm²"},{"id":"b","text":"32.5 cm²"},{"id":"c","text":"60 cm²"},{"id":"d","text":"39 cm²"}]'::jsonb, 'a', 'الوتر BC = 2 × 6.5 = 13 cm، والضلع الآخر AC = √(13² − 5²) = √144 = 12 cm. المساحة = (AB × AC)⁄2 = (5 × 12)⁄2 = 30 cm² ✓. الخطأُ الشائع: استعمالُ الوتر ضلعًا قائمًا (5 × 13)⁄2 = 32.5، أو نسيانُ القسمة على 2 (60).', 1)
ON CONFLICT (id) DO UPDATE SET
  exercise_id = EXCLUDED.exercise_id,
  prompt = EXCLUDED.prompt,
  options = EXCLUDED.options,
  correct_option = EXCLUDED.correct_option,
  explanation = EXCLUDED.explanation,
  display_order = EXCLUDED.display_order;

INSERT INTO public.questions (id, exercise_id, prompt, options, correct_option, explanation, display_order) VALUES
  ('8061b0fe-4f0c-52f6-847f-1e3e7d263245', '5c0f2ddd-1a9f-5fe9-aa8d-4f16ae1308e2', 'كتب تلميذٌ: «مثلثٌ قائم وترُه 10 cm، إذن نصفُ قطر دائرته المحيطة 10 cm». أين الخطأ؟', '[{"id":"a","text":"لا خطأ، الحلُّ صحيح"},{"id":"b","text":"نصفُ القطر يساوي نصفَ الوتر أي 5 cm، لا الوترَ كاملًا"},{"id":"c","text":"نصفُ القطر يساوي ضعفَ الوتر أي 20 cm"},{"id":"d","text":"الوترُ ليس قطرًا للدائرة المحيطة"}]'::jsonb, 'b', 'الوترُ هو **قطرُ** الدائرة المحيطة، ونصفُ القطر يساوي نصفَه: R = 10⁄2 = 5 cm ✓. التلميذُ خلط بين القطر ونصف القطر. (الوترُ فعلًا قطرٌ، لكنّ نصف القطر نصفُه.)', 2)
ON CONFLICT (id) DO UPDATE SET
  exercise_id = EXCLUDED.exercise_id,
  prompt = EXCLUDED.prompt,
  options = EXCLUDED.options,
  correct_option = EXCLUDED.correct_option,
  explanation = EXCLUDED.explanation,
  display_order = EXCLUDED.display_order;

INSERT INTO public.questions (id, exercise_id, prompt, options, correct_option, explanation, display_order) VALUES
  ('b65ffdab-9f74-53f7-ba6a-cc0e1a3cc0cb', '5c0f2ddd-1a9f-5fe9-aa8d-4f16ae1308e2', 'المثلث ABC قائم في A، AB = 16 cm وAC = 12 cm، وI منتصف [BC]. احسب طول المتوسّط AI.', '[{"id":"a","text":"20 cm"},{"id":"b","text":"14 cm"},{"id":"c","text":"10 cm"},{"id":"d","text":"5 cm"}]'::jsonb, 'c', 'الوتر BC = √(16² + 12²) = √(256 + 144) = √400 = 20 cm، والمتوسّط AI = BC⁄2 = 10 cm ✓. الخطأُ الشائع: التوقّفُ عند الوتر 20 دون قسمة، أو حسابُ نصف مجموع الضلعين (16+12)⁄2 = 14.', 3)
ON CONFLICT (id) DO UPDATE SET
  exercise_id = EXCLUDED.exercise_id,
  prompt = EXCLUDED.prompt,
  options = EXCLUDED.options,
  correct_option = EXCLUDED.correct_option,
  explanation = EXCLUDED.explanation,
  display_order = EXCLUDED.display_order;

INSERT INTO public.questions (id, exercise_id, prompt, options, correct_option, explanation, display_order) VALUES
  ('a4eb73ea-1497-50bc-98d0-a7a5ec80df17', '5c0f2ddd-1a9f-5fe9-aa8d-4f16ae1308e2', 'المثلث ABC، I منتصف [BC]، وعُلم أنّ المثلث AIB متساوي الأضلاع طولُ ضلعه 6 cm. احسب طول الوتر BC.', '[{"id":"a","text":"6 cm"},{"id":"b","text":"18 cm"},{"id":"c","text":"36 cm"},{"id":"d","text":"12 cm"}]'::jsonb, 'd', 'بما أنّ I منتصف [BC] فإنّ IB = BC⁄2. والمثلث AIB متساوي الأضلاع فـ IB = 6 cm، إذن BC = 2 × IB = 2 × 6 = 12 cm ✓. (وبما أنّ AI = IB = 6 = BC⁄2 يكون المثلث ABC أيضًا قائمًا في A.) الخطأُ الشائع: أخذُ BC = 6 (طول الضلع) أو 36.', 4)
ON CONFLICT (id) DO UPDATE SET
  exercise_id = EXCLUDED.exercise_id,
  prompt = EXCLUDED.prompt,
  options = EXCLUDED.options,
  correct_option = EXCLUDED.correct_option,
  explanation = EXCLUDED.explanation,
  display_order = EXCLUDED.display_order;

INSERT INTO public.questions (id, exercise_id, prompt, options, correct_option, explanation, display_order) VALUES
  ('34edfb36-e6ee-5bdd-a6b2-8ee61be6fd70', '5c0f2ddd-1a9f-5fe9-aa8d-4f16ae1308e2', 'أراد تلميذٌ أن يتحقّق أنّ المثلث ABC (حيث BC = 15، AB = 9، AC = 12) قائمُ الزاوية، مستعملًا فكرة الدائرة. ما الطريقة الصحيحة؟', '[{"id":"a","text":"يتحقّق أنّ منتصف [BC] يبعد 7.5 cm عن الرؤوس الثلاثة (نصفَ الوتر)"},{"id":"b","text":"يتحقّق أنّ منتصف [BC] يبعد 15 cm عن A"},{"id":"c","text":"يرسم دائرةً مركزُها A ويرى إن مرّت بـ B وC"},{"id":"d","text":"يقيس الزاوية B فقط بالمنقلة"}]'::jsonb, 'a', 'المثلث قائمٌ في A إذا كان منتصفُ الوتر I على مسافةٍ واحدة من الرؤوس الثلاثة تساوي نصفَ الوتر 15⁄2 = 7.5 cm ✓ (هنا 9، 12، 15 = 3×(3، 4، 5) فالمثلث قائمٌ فعلًا). الخطأُ الشائع: أخذُ المسافة مساويةً للوتر كاملًا (15)، أو جعلُ المركز عند الرأس A.', 5)
ON CONFLICT (id) DO UPDATE SET
  exercise_id = EXCLUDED.exercise_id,
  prompt = EXCLUDED.prompt,
  options = EXCLUDED.options,
  correct_option = EXCLUDED.correct_option,
  explanation = EXCLUDED.explanation,
  display_order = EXCLUDED.display_order;

INSERT INTO public.questions (id, exercise_id, prompt, options, correct_option, explanation, display_order) VALUES
  ('50fec117-d35b-512c-ac2c-6a035c33192f', '5c0f2ddd-1a9f-5fe9-aa8d-4f16ae1308e2', 'في المستطيل ABCD يتقاطع القطران [AC] و[BD] في O. لماذا تبعد O بنفس المسافة عن الرؤوس الأربعة (فتكون مركز الدائرة المحيطة بالمستطيل)؟', '[{"id":"a","text":"لأنّ المستطيل متساوي الأضلاع"},{"id":"b","text":"لأنّ قطرَي المستطيل متقايسان ويتناصفان، فـ O منتصفُ كلّ قطر، والمثلث ABC قائمٌ في B ووترُه [AC]، إذن OA = OB = OC = OD"},{"id":"c","text":"لأنّ O مركزُ ثقل المستطيل فقط"},{"id":"d","text":"لا تبعد O بنفس المسافة عن الرؤوس"}]'::jsonb, 'b', 'قطرا المستطيل متقايسان ويتناصفان، فـ O منتصفُ القطر [AC]. والزاوية في B قائمة ووترُها [AC]، فمنتصفُ الوتر O مركزُ الدائرة المحيطة بالمثلث ABC: OA = OB = OC = نصف القطر؛ ونفسُ الشيء للقطر الآخر يعطي OD مساويًا، فـ OA = OB = OC = OD ✓. الخطأُ الشائع: الخلطُ مع تساوي الأضلاع أو مع مركز الثقل.', 6)
ON CONFLICT (id) DO UPDATE SET
  exercise_id = EXCLUDED.exercise_id,
  prompt = EXCLUDED.prompt,
  options = EXCLUDED.options,
  correct_option = EXCLUDED.correct_option,
  explanation = EXCLUDED.explanation,
  display_order = EXCLUDED.display_order;

INSERT INTO public.exercises (id, chapter_id, subject_id, title, difficulty, xp_reward, reward_coins, mode, source, display_order) VALUES
  ('ba05c3d0-feda-5956-93ce-5d0c7cd2fca8', 'f74e1397-5bd0-5925-ba92-b6c5fad9d582', 'math-8eme', '📝 تدريب ⭐⭐⭐: مراجعةٌ شاملة (الدائرة المحيطة والعكس)', 3, 120, 30, 'boss', 'admin', 5)
ON CONFLICT (id) DO UPDATE SET
  chapter_id = EXCLUDED.chapter_id,
  subject_id = EXCLUDED.subject_id,
  title = EXCLUDED.title,
  difficulty = EXCLUDED.difficulty,
  xp_reward = EXCLUDED.xp_reward,
  reward_coins = EXCLUDED.reward_coins,
  mode = EXCLUDED.mode,
  display_order = EXCLUDED.display_order;

INSERT INTO public.questions (id, exercise_id, prompt, options, correct_option, explanation, display_order) VALUES
  ('ef0d819b-3cd1-5ca8-baaf-1eb2eebdfd7f', 'ba05c3d0-feda-5956-93ce-5d0c7cd2fca8', 'أكمل: «المثلث المرسوم داخل نصف دائرةٍ ووترُه قطرُها يكون ...».', '[{"id":"a","text":"قائم الزاوية"},{"id":"b","text":"متساوي الساقين"},{"id":"c","text":"متساوي الأضلاع"},{"id":"d","text":"منفرج الزاوية"}]'::jsonb, 'a', 'هذه هي المبرهنة العكسية: كلُّ مثلثٍ مرسومٍ في نصف دائرةٍ ووترُه قطرُ الدائرة يكون قائم الزاوية عند الرأس الموجود على القوس ✓.', 1)
ON CONFLICT (id) DO UPDATE SET
  exercise_id = EXCLUDED.exercise_id,
  prompt = EXCLUDED.prompt,
  options = EXCLUDED.options,
  correct_option = EXCLUDED.correct_option,
  explanation = EXCLUDED.explanation,
  display_order = EXCLUDED.display_order;

INSERT INTO public.questions (id, exercise_id, prompt, options, correct_option, explanation, display_order) VALUES
  ('960d4ba6-9ef8-5174-8d4a-e3ec45d76dc3', 'ba05c3d0-feda-5956-93ce-5d0c7cd2fca8', 'المثلث ABC قائم في C، وAB = 26 cm، وI منتصف [AB]. ما طول المتوسّط CI؟', '[{"id":"a","text":"26 cm"},{"id":"b","text":"13 cm"},{"id":"c","text":"6.5 cm"},{"id":"d","text":"52 cm"}]'::jsonb, 'b', 'المثلث قائمٌ في C فوترُه [AB]، ومتوسّطُ الوتر CI يساوي نصفَه: CI = 26⁄2 = 13 cm ✓. الخطأُ الشائع: أخذُ المتوسّط مساويًا للوتر (26) أو قسمتُه على 4 (6.5).', 2)
ON CONFLICT (id) DO UPDATE SET
  exercise_id = EXCLUDED.exercise_id,
  prompt = EXCLUDED.prompt,
  options = EXCLUDED.options,
  correct_option = EXCLUDED.correct_option,
  explanation = EXCLUDED.explanation,
  display_order = EXCLUDED.display_order;

INSERT INTO public.questions (id, exercise_id, prompt, options, correct_option, explanation, display_order) VALUES
  ('4a9446b1-e7a4-5c2f-9a49-3b3a7bb6c4d4', 'ba05c3d0-feda-5956-93ce-5d0c7cd2fca8', 'الضلع [BC] قطرٌ لدائرة، وA نقطةٌ منها، مع BC = 17 cm وAC = 15 cm. احسب AB.', '[{"id":"a","text":"2 cm"},{"id":"b","text":"32 cm"},{"id":"c","text":"8 cm"},{"id":"d","text":"4 cm"}]'::jsonb, 'c', 'المثلث ABC قائمٌ في A (وترُه القطر [BC]). بفيثاغور: AB = √(BC² − AC²) = √(17² − 15²) = √(289 − 225) = √64 = 8 cm ✓. الخطأُ الشائع: طرحُ الطولين دون تربيع (17 − 15 = 2)، أو جمعُهما (32).', 3)
ON CONFLICT (id) DO UPDATE SET
  exercise_id = EXCLUDED.exercise_id,
  prompt = EXCLUDED.prompt,
  options = EXCLUDED.options,
  correct_option = EXCLUDED.correct_option,
  explanation = EXCLUDED.explanation,
  display_order = EXCLUDED.display_order;

INSERT INTO public.questions (id, exercise_id, prompt, options, correct_option, explanation, display_order) VALUES
  ('6d0871fd-1394-522b-ba1f-264c8edc4d3e', 'ba05c3d0-feda-5956-93ce-5d0c7cd2fca8', 'المثلث ABC، I منتصف [BC]. أيّ شرطٍ يجعله قائمَ الزاوية في A؟', '[{"id":"a","text":"IA = BC"},{"id":"b","text":"IA = AB"},{"id":"c","text":"IA = 2 × BC"},{"id":"d","text":"IA = نصف BC"}]'::jsonb, 'd', 'بما أنّ I منتصف [BC] فإنّ IB = IC = BC⁄2 دائمًا؛ فإذا صار IA = BC⁄2 (نصفَ الوتر) أصبح IA = IB = IC، فـ A على الدائرة التي قطرُها [BC] والمثلث قائمٌ في A ✓. الخطأُ الشائع: مساواةُ المتوسّط بالوتر كاملًا (IA = BC).', 4)
ON CONFLICT (id) DO UPDATE SET
  exercise_id = EXCLUDED.exercise_id,
  prompt = EXCLUDED.prompt,
  options = EXCLUDED.options,
  correct_option = EXCLUDED.correct_option,
  explanation = EXCLUDED.explanation,
  display_order = EXCLUDED.display_order;

INSERT INTO public.questions (id, exercise_id, prompt, options, correct_option, explanation, display_order) VALUES
  ('e564b474-b117-5e9a-b2a2-6e22a0fbd878', 'ba05c3d0-feda-5956-93ce-5d0c7cd2fca8', 'المثلث ABC قائم في A، AB = 9 cm وAC = 12 cm. احسب نصف قطر دائرته المحيطة.', '[{"id":"a","text":"7.5 cm"},{"id":"b","text":"15 cm"},{"id":"c","text":"6 cm"},{"id":"d","text":"30 cm"}]'::jsonb, 'a', 'الوتر BC = √(9² + 12²) = √(81 + 144) = √225 = 15 cm، ونصفُ القطر = 15⁄2 = 7.5 cm ✓. الخطأُ الشائع: نسيانُ القسمة على 2 فيبقى R = 15، أو حسابُ نصف مجموع الضلعين (9+12)⁄2 = 10.5.', 5)
ON CONFLICT (id) DO UPDATE SET
  exercise_id = EXCLUDED.exercise_id,
  prompt = EXCLUDED.prompt,
  options = EXCLUDED.options,
  correct_option = EXCLUDED.correct_option,
  explanation = EXCLUDED.explanation,
  display_order = EXCLUDED.display_order;

INSERT INTO public.questions (id, exercise_id, prompt, options, correct_option, explanation, display_order) VALUES
  ('46c6963c-0a81-555b-9526-0f3c81775b0c', 'ba05c3d0-feda-5956-93ce-5d0c7cd2fca8', 'دائرةٌ قطرُها [AB] = 10 cm، وM نقطةٌ منها مع AM = 6 cm. احسب محيط المثلث AMB.', '[{"id":"a","text":"14 cm"},{"id":"b","text":"20 cm"},{"id":"c","text":"24 cm"},{"id":"d","text":"30 cm"}]'::jsonb, 'c', 'المثلث AMB قائمٌ في M (وترُه القطر [AB]). MB = √(10² − 6²) = √(100 − 36) = √64 = 8 cm. المحيط = AM + MB + AB = 6 + 8 + 10 = 24 cm ✓. الخطأُ الشائع: نسيانُ إضافة الوتر AB (6 + 8 = 14)، أو أخطاءٌ في MB.', 6)
ON CONFLICT (id) DO UPDATE SET
  exercise_id = EXCLUDED.exercise_id,
  prompt = EXCLUDED.prompt,
  options = EXCLUDED.options,
  correct_option = EXCLUDED.correct_option,
  explanation = EXCLUDED.explanation,
  display_order = EXCLUDED.display_order;

INSERT INTO public.exercises (id, chapter_id, subject_id, title, difficulty, xp_reward, reward_coins, mode, source, display_order) VALUES
  ('be1e4d13-1396-55cb-b432-f686b3cfdca3', 'f74e1397-5bd0-5925-ba92-b6c5fad9d582', 'math-8eme', '👑 تحدّي النخبة ⭐⭐⭐⭐: العكس والمساحات وفيثاغور', 4, 300, 60, 'challenge', 'admin', 6)
ON CONFLICT (id) DO UPDATE SET
  chapter_id = EXCLUDED.chapter_id,
  subject_id = EXCLUDED.subject_id,
  title = EXCLUDED.title,
  difficulty = EXCLUDED.difficulty,
  xp_reward = EXCLUDED.xp_reward,
  reward_coins = EXCLUDED.reward_coins,
  mode = EXCLUDED.mode,
  display_order = EXCLUDED.display_order;

INSERT INTO public.questions (id, exercise_id, prompt, options, correct_option, explanation, display_order) VALUES
  ('fa50a83e-26c0-5d96-9208-8160496730a4', 'be1e4d13-1396-55cb-b432-f686b3cfdca3', 'نصفُ دائرةٍ قطرُها [BC] = 15 cm، وM نقطةٌ منها مع CM = 9 cm. احسب BM.', '[{"id":"a","text":"12 cm"},{"id":"b","text":"6 cm"},{"id":"c","text":"18 cm"},{"id":"d","text":"12.5 cm"}]'::jsonb, 'a', 'المثلث MBC قائمٌ في M (وترُه القطر [BC]). بفيثاغور: BM = √(BC² − CM²) = √(15² − 9²) = √(225 − 81) = √144 = 12 cm ✓. الخطأُ الشائع: طرحُ الطولين دون تربيع (15 − 9 = 6)، أو أخذُ نصف القطر بدل القطر.', 1)
ON CONFLICT (id) DO UPDATE SET
  exercise_id = EXCLUDED.exercise_id,
  prompt = EXCLUDED.prompt,
  options = EXCLUDED.options,
  correct_option = EXCLUDED.correct_option,
  explanation = EXCLUDED.explanation,
  display_order = EXCLUDED.display_order;

INSERT INTO public.questions (id, exercise_id, prompt, options, correct_option, explanation, display_order) VALUES
  ('d188a496-f814-5796-a89a-7ac8f8adc523', 'be1e4d13-1396-55cb-b432-f686b3cfdca3', 'المثلث ABC قائم في A، I منتصف [BC]، وعُلم IB = 7.5 cm. أيّ زوجٍ صحيح لطول الوتر BC وطول المتوسّط AI؟', '[{"id":"a","text":"BC = 7.5 cm وAI = 15 cm"},{"id":"b","text":"BC = 15 cm وAI = 7.5 cm"},{"id":"c","text":"BC = 15 cm وAI = 15 cm"},{"id":"d","text":"BC = 3.75 cm وAI = 7.5 cm"}]'::jsonb, 'b', 'I منتصف [BC] فـ IB = BC⁄2، إذن BC = 2 × 7.5 = 15 cm. والمتوسّط AI = IB = IC = BC⁄2 = 7.5 cm ✓. الخطأُ الشائع: قلبُ العلاقة (اعتبار BC = 7.5)، أو مساواةُ AI بالوتر (15).', 2)
ON CONFLICT (id) DO UPDATE SET
  exercise_id = EXCLUDED.exercise_id,
  prompt = EXCLUDED.prompt,
  options = EXCLUDED.options,
  correct_option = EXCLUDED.correct_option,
  explanation = EXCLUDED.explanation,
  display_order = EXCLUDED.display_order;

INSERT INTO public.questions (id, exercise_id, prompt, options, correct_option, explanation, display_order) VALUES
  ('d61ac020-8f13-55f9-8f7c-619f082a0734', 'be1e4d13-1396-55cb-b432-f686b3cfdca3', 'قال تلميذ: «بما أنّ IA = IB في المثلث ABC (I منتصف [BC])، فالمثلث متساوي الساقين في A فقط». صحّح الاستنتاج.', '[{"id":"a","text":"صحيح، مجرّدُ مثلثٍ متساوي الساقين"},{"id":"b","text":"يعني أنّ المثلث متساوي الأضلاع"},{"id":"c","text":"بما أنّ I منتصف [BC] فإنّ IB = IC دائمًا؛ وكون IA = IB يعني IA = IB = IC، فالمثلث قائمٌ في A"},{"id":"d","text":"لا يمكن استنتاج أيّ شيء"}]'::jsonb, 'c', 'المتوسّط الصادر إلى منتصف [BC] يعطي IB = IC تلقائيًّا. فإذا أُضيف IA = IB صار IA = IB = IC = نصف الوتر، وهو شرطُ المبرهنة العكسية: المثلث قائمٌ في A ✓. الخطأُ الشائع: الاكتفاءُ بوصفه متساوي الساقين دون استنتاج القائمية.', 3)
ON CONFLICT (id) DO UPDATE SET
  exercise_id = EXCLUDED.exercise_id,
  prompt = EXCLUDED.prompt,
  options = EXCLUDED.options,
  correct_option = EXCLUDED.correct_option,
  explanation = EXCLUDED.explanation,
  display_order = EXCLUDED.display_order;

INSERT INTO public.questions (id, exercise_id, prompt, options, correct_option, explanation, display_order) VALUES
  ('7f5942f9-6208-5f74-a1fb-42727cfb9080', 'be1e4d13-1396-55cb-b432-f686b3cfdca3', 'المثلث ABC قائم في A، BC = 10 cm وAB = 6 cm، وI منتصف [BC]. احسب مساحة المثلث AIC.', '[{"id":"a","text":"24 cm²"},{"id":"b","text":"6 cm²"},{"id":"c","text":"48 cm²"},{"id":"d","text":"12 cm²"}]'::jsonb, 'd', 'AC = √(10² − 6²) = √64 = 8 cm، فمساحة ABC = (6 × 8)⁄2 = 24 cm². المتوسّط AI يقسم المثلث إلى مثلثين متساويي المساحة (BI = IC)، فمساحة AIC = 24⁄2 = 12 cm² ✓. الخطأُ الشائع: إعطاءُ مساحة المثلث كلِّه (24) بدل نصفه.', 4)
ON CONFLICT (id) DO UPDATE SET
  exercise_id = EXCLUDED.exercise_id,
  prompt = EXCLUDED.prompt,
  options = EXCLUDED.options,
  correct_option = EXCLUDED.correct_option,
  explanation = EXCLUDED.explanation,
  display_order = EXCLUDED.display_order;

INSERT INTO public.questions (id, exercise_id, prompt, options, correct_option, explanation, display_order) VALUES
  ('bc20d2c0-ad6f-5d20-8f60-a98f36954c97', 'be1e4d13-1396-55cb-b432-f686b3cfdca3', 'دائرةٌ قطرُها [AB] = 20 cm، وM وN نقطتان منها على جانبَي [AB]، مع AM = 12 cm وAN = 16 cm. احسب BM + BN.', '[{"id":"a","text":"28 cm"},{"id":"b","text":"32 cm"},{"id":"c","text":"24 cm"},{"id":"d","text":"20 cm"}]'::jsonb, 'a', 'المثلثان AMB وANB قائمان (وترُهما القطر [AB] = 20). BM = √(20² − 12²) = √(400 − 144) = √256 = 16 cm، وBN = √(20² − 16²) = √(400 − 256) = √144 = 12 cm. المجموع = 16 + 12 = 28 cm ✓. الخطأُ الشائع: نسيانُ تربيع الأطوال في فيثاغور.', 5)
ON CONFLICT (id) DO UPDATE SET
  exercise_id = EXCLUDED.exercise_id,
  prompt = EXCLUDED.prompt,
  options = EXCLUDED.options,
  correct_option = EXCLUDED.correct_option,
  explanation = EXCLUDED.explanation,
  display_order = EXCLUDED.display_order;

INSERT INTO public.questions (id, exercise_id, prompt, options, correct_option, explanation, display_order) VALUES
  ('c3ffae65-bb20-549d-8b12-70b82160c77f', 'be1e4d13-1396-55cb-b432-f686b3cfdca3', 'المثلث ABC قائم في A، ضلعاه القائمان AB = 15 cm وAC = 20 cm. احسب طول القطر [BC] لدائرته المحيطة ثمّ نصف قطرها.', '[{"id":"a","text":"BC = 25 cm وR = 25 cm"},{"id":"b","text":"BC = 25 cm وR = 12.5 cm"},{"id":"c","text":"BC = 35 cm وR = 17.5 cm"},{"id":"d","text":"BC = 25 cm وR = 6.25 cm"}]'::jsonb, 'b', 'الوتر BC = √(15² + 20²) = √(225 + 400) = √625 = 25 cm (وهو قطرُ الدائرة المحيطة)، ونصفُ القطر R = 25⁄2 = 12.5 cm ✓. الخطأُ الشائع: جمعُ الضلعين دون فيثاغور (15+20 = 35)، أو نسيانُ القسمة على 2 لنصف القطر (25).', 6)
ON CONFLICT (id) DO UPDATE SET
  exercise_id = EXCLUDED.exercise_id,
  prompt = EXCLUDED.prompt,
  options = EXCLUDED.options,
  correct_option = EXCLUDED.correct_option,
  explanation = EXCLUDED.explanation,
  display_order = EXCLUDED.display_order;

