-- =========================================================
-- GENERATED FILE — do not edit by hand.
-- Subject: arabic-4eme (اللغة العربية)
-- Regenerate with: npm run content:build
-- Source of truth: content/arabic-4eme/
-- =========================================================

DO $$
BEGIN
  IF EXISTS (SELECT 1 FROM pg_constraint WHERE conname = 'exercises_mode_check') THEN
    ALTER TABLE public.exercises DROP CONSTRAINT exercises_mode_check;
  END IF;
  ALTER TABLE public.exercises
    ADD CONSTRAINT exercises_mode_check CHECK (mode IN ('practice', 'boss', 'quiz', 'challenge'));
END $$;

INSERT INTO public.subjects (id, name_fr, description, attribute, color_token, icon, display_order, content_language, is_premium, theme_id, grade_id) VALUES
  ('arabic-4eme', 'اللغة العربية', 'نقرأ نصوصًا أطول ونفهمها فهمًا دقيقًا، ونتعرّف الجملة المفيدة وأنواعها (الاسمية والفعلية)، والمسند والمسند إليه، والمفعول به، والنعت والتطابق، وأدوات الربط بين الجمل، ونتدرّب على الإملاء (الهمزة في أوّل الكلمة، والتاء المربوطة والمفتوحة، والتنوين)، وعلى الصرف (أزمنة الفعل)، ونُثري معجمنا، وفق برنامج اللغة العربية للسنة الرابعة من التعليم الأساسي', 'Esprit', 'subject-arabic', 'Languages', 1, 'ar', false, 'ecole-tn', (SELECT id FROM public.grades WHERE theme_id = 'ecole-tn' AND slug = '4eme-base'))
ON CONFLICT (id) DO UPDATE SET
  name_fr = EXCLUDED.name_fr,
  description = EXCLUDED.description,
  attribute = EXCLUDED.attribute,
  color_token = EXCLUDED.color_token,
  icon = EXCLUDED.icon,
  display_order = EXCLUDED.display_order,
  content_language = EXCLUDED.content_language,
  is_premium = EXCLUDED.is_premium,
  theme_id = EXCLUDED.theme_id,
  grade_id = EXCLUDED.grade_id;

-- Prune admin-authored content that is no longer in the source tree.
DO $$
BEGIN
  IF to_regclass('public.dungeon_run_questions') IS NOT NULL THEN
    DELETE FROM public.dungeon_run_questions d
    USING public.questions q, public.exercises e
    WHERE d.question_id = q.id
      AND q.exercise_id = e.id
      AND e.subject_id = 'arabic-4eme'
      AND e.source = 'admin'
      AND q.id NOT IN ('72c2df1c-693c-5999-bf91-3d530b877265', '9fd8fa6d-732b-5161-990d-c344d20b7cb4', '0f0fae0b-bb63-5c69-9837-466a4ce28742', 'ea80cdbf-b35c-517b-a62c-8b01f7113392', '5720b057-f56e-5a28-8393-5e3d8253c7cb', 'dce7e53b-cf92-5ff6-8125-c58583d5234c', 'fff16d54-4458-5a95-9568-2efa324cea7a', 'b98bcd65-1cd5-5b39-b4ec-2598d560caa6', 'ea6f42fe-1643-56d3-b35b-af817fb06988', 'b662c21a-8d7a-5657-9290-c21fe626a5a0', 'cfccd1f7-527e-59a6-98e6-dca9af715ddf', '50f71c35-bda1-54bf-8f0d-4c57b5d723ac', '8f4732a9-ad26-5684-b1f2-fcaed10a99e9', '7f9a040b-e0e0-582d-b214-8d988501cdfa', '404f9597-6d97-566e-846f-d8b4c8dd4673', '02b81fb3-e8d9-5215-bb27-fe79d2d777b9', '1739080d-dae9-580d-9dfc-4828adbdfbeb', '1b58c634-ba27-5c5d-80d8-6f03e8df690d', 'e154f9f5-dc27-5789-89e3-a8da30e31e67', '9794de11-9bb3-5e23-9bb6-bf42576d0e91', '3b7f9a99-00be-56e4-b34b-909b0349c2fc', 'e2031494-59df-5084-95fc-095747d6d4d4', '237448f3-29d4-5629-885b-505c6ba86757', '1d61b39c-970a-513e-9b9b-7741bc6583bc', '863381db-e354-53ef-a6d7-4ad69a3c4702', '63e23415-4912-513d-bc18-3542ca3327f9', 'b5d7e210-7386-5802-9b52-3028506613f6', 'c4ddc987-f704-5ff1-b4c1-611516f753e2', '2399bb3e-26bc-5273-be1f-393b7bf5da72', 'd900ff9a-b9ab-586b-88ea-e81ae41437df', 'd24d5dcc-5a78-59b8-b45b-9a2a29dc4da3', '11979779-90ec-5ab5-8cbb-26978abec313', '96c38d71-0a3f-565c-b8b2-02b04dc8c016', '738eca44-5b9a-5fea-9b42-8593965a19ac', 'd7b63c71-dd9a-5861-b29c-6be1ebfdbee4', '02f6c1c9-ced9-540d-b569-4c8fd9f9c264', '832d14ea-e7f0-50ed-aabf-3e3dca3b6194', '616adedc-9b4c-5c8e-9e56-02e1e95d303c', '44e1cf0d-9060-52cb-bee9-d508acff75e4', 'b8374724-b293-5939-a98e-46ca99af8a0f', 'e040949e-f540-5d99-932d-df879e500589', '0519ebed-bb98-5b9e-acbc-01caddff02a9', '5d353616-b5d6-5e97-9fe6-b42dc27ec254', '65e739b8-59b3-5773-a094-6ced2ae96aac', 'a6b78ba7-6853-5206-94f7-88716f2468ea', '761e87ae-4af6-5ba1-bbae-51c74e2bef5a', '474580df-1fca-580d-9fcf-4fe11d2886d3', '8a39e047-9f93-5d3a-8b5e-75fac66bacc6', 'aba4308e-d82b-5821-8736-b16376f328da', '5e42ebf4-233e-5646-9727-1c278475c0b9', 'fb5c5793-629d-5239-ac7e-008a71b20764', '06a6e15a-6a12-5e23-abb0-f909aa00d6c8', 'a5ab9437-4128-550c-8a91-5971a9852791', '052f81ed-e666-5ea2-9443-54314d19e847', 'f115e654-f62c-5ef5-a492-416886b3ec3a', '57c61692-68c4-5d6d-9b9a-77c31f36a1f0', 'a298cc6b-ec79-5596-81a0-7e513da42003', '48f4eceb-26e0-5210-a399-2edb7626d1cf', '87122a61-034d-53a2-a374-239ba2887219', 'aa1ec46b-91c1-53a0-b11f-c5fb694bd82e', '1ecbd186-8e2a-587c-8e03-6b4230a8691b', '83f1b83c-c7ab-5e64-bef6-26fa803c04c1', 'b86e7492-9a0a-5459-8832-9ed8521a1548', '020a29b2-cd8b-5dc7-82f1-a49b188a9d86', 'b20a46f1-b770-51ec-8fcc-ea1469c95add', 'd1da55dd-1120-5cac-b195-84571caf760f', 'bab0d284-490a-5e14-9dbe-01ce89ccbee6', '8d6be2cf-79a8-54f7-8a43-f5153e51cabf', '5c204db5-9a9c-53b4-a931-882fd70044a3', 'c6f3225a-ec68-5615-bac9-c6cde3b54c7f', 'd2a2fdec-4ebf-5240-b2a9-13e3f4cf1f23', '7d88a5b5-8b61-5dff-a84a-9425e7725c16', '9367e226-1e37-5d28-bcd7-604a3a8d0d70', 'c6548990-3480-52d6-a895-4c5496524dad', 'f6210912-bc15-5faa-888b-1202ab48ad12', '7cc6d522-6e2c-58ff-8464-759b1a4764bb', '46c0b92a-e55c-51ee-8958-08e167c923a4', '6d391f59-3054-545a-b9ee-9386c816ef5c', 'ddc0d52b-ec76-59e7-9c12-4f803b4273f6', '4f9b605f-9163-524f-a5a9-41b0f48d32f9', 'b8b8b16e-098f-5f83-b984-83b6e7576145', 'bd092f50-0151-5cea-b6b7-25db365711aa', '23248f47-8397-53aa-8f1e-5245702b7c1b', '878efac8-fb3c-50a6-8d64-7394f380ed51', '0835e86a-ecb0-59f4-ae46-4b2407ce4e91', 'a56300f4-97b7-58c1-8a04-130d9826cea9', 'de1bf127-a5da-5d93-bc11-8dd04187bf63', '706101a4-92b3-5b45-babd-eb2fb04b4a7e', '55894cfc-f1ad-51f9-90b2-b9ea324a12dc', '49846513-f855-5538-933a-e85f00c19eb4', '4c6ef2ef-cf6e-5bff-8145-4932c2ae19d1', 'c6558af9-89a8-5cdc-a4f6-7734ee19ed4a', '662c5a0d-e6bc-58ce-a650-0bf009343abe', '8d3620f9-8f9a-5863-aef1-592141a40a1a', '5048f22d-82d1-511d-be2e-b0327930bd27', 'bbb13078-f331-56ba-ab27-f3cde6bf300f', '356ba54a-a302-58f8-b8ad-180dfe93a9e5', 'aa63b1d7-e537-58c6-a428-61ccaf7a11a9', '73392df5-fc58-5ebc-810b-c0153973ec68', '47ab598c-9e42-51ad-8098-0f515053fe8a', '54f23aa1-ab97-5481-bfa9-bc209d2730af', 'a1910790-8591-5d27-bbb9-d366ef37ae68', '9ffda57c-d43f-52d8-be1d-f5283ba968b5', 'ebfcc7bf-ef81-5b6c-991e-db284547f061', '7a67d5a1-649a-5744-a6da-a7061d816058', '78a3c7a0-4646-54a0-a59b-792e9455c6a1', '8e37b915-9e0e-510c-a692-3a8144e20f60', '91f5a4cb-abf2-535c-b813-a6a00e27c895', 'ced38d00-e850-529f-bd10-093c70396349', '97bfef87-027b-54a9-bdd2-3cd957832a4b', '91e85558-a90f-5d16-8c36-f23474ffdb4d', '677fee36-dd6e-5a15-98b1-758764c08c33', 'ba870be9-dcc4-5169-bb58-fefda31f6038', '40e8647c-a713-52a4-bde8-0fab0f6b3624', '30f2764d-72b9-5a09-a18c-e3d6c6f66cc9', '46cf68e7-b0b7-5eae-99bd-d1c6e6435b8e', '175f60d7-c3ee-59cf-9850-9654bdbe85c5', '64804b24-8b22-54b6-8ef7-18007c181c0c', '34bbea45-0ffe-542e-994b-aa2729736834', '0b0cd157-6bcd-5468-982c-2d1f4249c21a', 'dbad1a5c-7f01-5e2a-9f6a-50686f7d89fe', '5b27ddaa-20c5-51e1-a5c8-686273a9552c', '0267d3ac-3968-5913-83f2-6370ccb7eba9', '83ea10cd-0c93-5c6b-81ed-ac671a9b14eb', '3e6224fd-abda-565b-b098-c6ecc39bd599', 'a0ee236b-d11a-5d76-95a3-d0e66326f2dc', '3bf60443-a6a3-5572-b5a6-29e5e6b7aaef', '6811aa93-b5cd-543a-9eac-4c4f242b0b86', '3b80c67d-f9c0-5d25-b35d-fbf760fbd73c', 'a794a182-853b-5a75-960e-d82e8d7d01df', '825287b3-7887-50c9-9958-64915ae44e13', 'e66f3814-68f2-5214-90af-9ff202188ead', '143eb6e5-e415-5ac4-8aa4-348ee66b67f7', 'e63ab8c0-3e51-550b-8828-b0c355886afd', 'c3b5f3cc-a48e-5ec0-9369-079df3afe866', '37e6a4f8-f796-5d2c-9073-75432df4afab', 'a7f2ad1d-d8bf-5742-95f0-733a5ce244c9', '75949204-d5c8-55e9-abdc-847fdba23fce', '2a4701bd-1559-5d13-b2c3-8e477240e3df', '12c80159-e60f-5872-9927-f846d939485c', '266245f8-1c0e-504f-bdcd-e1fa631b170d', '4adcafc8-d4f3-514e-a0be-1f0e9fc98d25', '028d2164-eea0-5460-a255-77c5e1ffdd3a', '56d436e0-3397-5eeb-aec8-367e7939575d', 'bf25a923-0a0e-544f-adbe-270bdfad1324', 'e694884f-59b0-5223-82af-48367f500574', '9c9d15c1-1306-583c-8df6-13585c8fc7cf', '7d0d16c6-4554-5a03-8560-e62d851ea09a', 'dc469c24-7c15-553f-abfd-c10f29377c49', 'b20a9013-5725-5d6b-8f6c-35b29d533245', '54e49373-ca90-5044-a18b-306f58458a9d', 'e42f90f8-8349-5feb-86da-22aabd8adef1', '636f665a-fdad-5274-ac89-3b17d50204fe', 'ad12896e-f3d3-5f01-9b0d-446cad468bcc', '1dd1ab24-1ebe-5c23-ad5d-990bd962928e', '4320bff3-70a9-5509-8389-3cd2640f5864', '811b4b1b-a23c-5a51-925d-9ae86084c344', '79df8d7d-2311-5204-973a-145de083601a', '274fea32-3468-582e-994c-f43ee7a51c92', 'ef1f1ef2-f061-5a3f-8ba2-de679d91ed41', '243c3657-895f-5fbd-9652-3dac7f7ed00a', 'a14e7a29-8f74-52ea-a5b9-e71fa45224cf', '148c56e3-edde-5c1d-b5e0-45b56fd76d2d', '5d8863ac-b2ed-54c2-95e9-9e25d5fcfd45', '84297df4-7f03-5b92-ab2d-4f1bab0f2b05', 'e1163bb3-f107-5e4a-82f4-af7ac24586b6', '2b28fe76-de25-5913-9355-917438bc981e', '5ab10b0d-4355-5f33-97ad-e1a3e09613ad', '29aab734-2939-5ba0-8eab-31b4e609549b', '9222d892-5881-5f05-8909-f5d251528fe3', '5e1dc969-d721-51a0-a4db-8ca6b35e57eb', 'e88668c5-e572-51e2-aea1-c3e7787c35dd', '2a7d21c6-8a45-5ff0-9752-72a61a178fe1', '887ff000-063a-5356-9fda-ea4d9c38a1f3', '826bf349-7d05-507c-8a0b-440d8b63ad21', 'a6ab5c97-6638-5624-adac-05f8a67c36cc', '11023579-dc70-5817-98de-c17dedeadc70', '88e7b13a-466d-59dc-bc51-eb4ad742f8ce', '18a4f78d-f38e-53f9-832f-b27676b26f1a', 'ccd1498f-a8a4-5876-a708-114f7ed55b77', '590b559c-ea7c-5217-99f9-d95fea10404a', '793178f1-0e0c-5a32-bd4c-7d93bc657013', '7ff1e109-c5f9-560c-ac83-be9e61ca32db', '1cbf7699-8ec5-5cf5-b328-50b2aa3ea29f', 'c09acab8-1a06-50c9-bca7-a14257493ebd', '0d25a3c3-20d1-53ea-9437-9b8d8f843f47', 'da246408-2ecf-5148-bbb9-e3f815da6abe', 'fff61e24-8371-5555-88be-7cec6c2705fe', '34a8222a-257f-5d9a-a639-00bce0ffa58e', 'aba2a443-1ad5-5a69-a39b-8a64c72d790c', 'cdc1b23b-3fc2-5add-aa7c-5f6d3aaf6052', '707d57b0-c7eb-5869-9584-6aefb2453040', '72691d09-84ee-55ae-905f-282f8af60845', '3b6a8224-d3da-5482-b82f-9c430578e7f7', 'dfc7ca3b-e2ee-5675-832a-0857462f1e76', 'a2b9f63c-e251-5d86-8444-1f454a3aa6ca', 'c41aec5b-7709-5ca7-afda-4b294186007b', 'e2c22649-4770-5d7e-8758-59e0a3f1ec4c', '79404afe-4829-5bcb-8629-8270f3778794', 'e6e6dec0-bca2-5074-a47c-56505ca9505d', '91b8a16b-1749-5c81-968c-e7767d608e69', '5136394b-877d-55c7-8326-f9944e1265cd', 'eff51e37-f6d0-52ac-8b95-a5645b9a23e7', 'afd47463-f370-5683-a630-6001e1feccc2', 'a6600d18-05ec-5994-a335-6913a05eb4bb', 'c37d00be-839d-5bfa-8c7b-f14b26d228d8', 'bdab971f-4b46-5525-9e88-589f5f92490a', 'f165d593-a2a9-542f-836c-c509e081dd8b', '6e180cc8-5c6f-595d-b479-230ff5ce03a7', '23bf26c9-767d-5433-a696-fc9f2bd54a73', 'f072d14a-0f27-5304-b9c7-26439819188b', '7e1e3272-af04-547b-85fd-604250f75b62', '0c6d2d7c-b79c-5042-8d13-eabc0d327ba1', 'a50f06bc-17d9-58fd-846f-3d3776a46a4d', '126679c0-5189-5957-9eb2-c760f1822e28', '03560a89-5ef4-5dd1-a89d-50295c86fecc', '4f2bdd39-6d5c-5908-bbb3-40302b3266f8', '45b2e8b1-984d-5335-9cb8-1e4c7f96aac4', '2c5b2ae1-b2c1-5b74-a549-83013a729c4f', '5b26ac56-e406-5631-beaa-2910d2cfa410', 'b5bda9bf-79f4-51f9-a2f6-3f9f584ee5c3', '73a4d23c-633d-5b61-8f7d-66ce5c146339', 'd3d00dd3-1eb1-59ea-bcba-b442d1b22d59', 'd7e7bcaa-e02f-5aae-84fe-c54eb32ef7ac', '6bd15388-fe19-50cb-a683-7e3bcad39f79', '565802e0-46bd-5870-818b-e3036fe4e036', '21ff7cd7-ba61-5bd8-8fd2-bf7a3ee10530', '136db51c-6857-5a30-bab9-5650203338e9', '1be72da3-f1da-565f-86d9-282c1f540bbb', 'e2076d40-4189-52e7-8d24-43d4b28459e7', 'f470c485-ee4d-5d6b-8354-4c1f62f178e5', 'ef5c3ae6-4724-590f-9bbd-351960ad351c', '363c9123-6c33-57af-b4dc-d64ad5db9129', '2a2c62b8-d4fe-5f28-8879-89d7de2e456f', 'e6ddffc1-9ea5-5089-a0ce-53c421dae498', 'ab278efc-0194-5cca-881b-488c0df7f65c', '90fad209-363b-5f6f-aace-2873d5b7800d', 'bd8bf93b-4044-51cb-b57c-28096b703a62', '59a2e317-c565-5dd5-91ab-7d3cf0b6508f', '3dcf8b28-3443-54e9-8a92-1aa0e7441589', 'df4d2662-f16e-53ed-98dd-0e554fd729ee', 'e22a5477-a722-555b-abc0-0632be111d00', '6a7e552d-d808-513b-86f7-54bb272351c2', 'c657d018-b67d-50ff-bdee-c298ad9c8252', '9cddfbc2-4779-5d23-b0de-53bda703027e', 'c7b5a4e4-ca0a-547f-a1af-3724df21eb57', '2b4c0e71-361f-5d81-8635-fa520e6b42a2', '860be2a8-94ab-574d-9f54-876b854c7fdb', '0f101bd2-7de1-56fc-8d05-f18215ff824b', '6548e29b-7d16-598d-b9c2-444fc3da1988', 'e0e06b65-97e1-51f7-ad7e-77754c9117f5', '4b460d72-4531-5429-a58a-674b2bfa00a9', '9da2d3c0-29d0-5e18-b4b9-dadeee3acfd5', '0a1e8aa4-3354-57f5-9433-150ded1c7eaf', '024a7748-d12e-58f7-bb7d-c137a4e53064', 'e0927a33-3690-5170-8161-88f5341b6863', 'f4b8ce87-e860-52d7-8130-2f7120be6181', 'f24177ea-a736-536d-bfa2-48ae4b15cc07', 'b0f02104-aac9-5fe6-a7f2-8329c9906bbe', '6af32478-ff4e-5360-8bbe-2028a3cc45eb', 'e2ee13fd-7c32-5613-b6db-78c4da05d1e0', 'ab54b163-e1c5-5af9-952f-fdb45aab7663', '8e96b205-87db-563c-86c2-e46df673836b', '7e35e30c-d393-5763-94ee-c2718f211256', '1d9ca212-7863-516e-881f-87d0f22f72f3', '1cc270cd-e645-5f17-a5e7-7988cddbf5c6', 'a429b104-6905-534d-a9f8-ab48aade104b', '6f652e7c-cf94-521e-a52d-b170dbf26fcc', '1f9b1da9-e7ba-5de8-9242-7e9402728a1b', 'd2b6d7cd-f3d4-5792-996b-377a4e93bbb9', 'e31323e1-267d-5920-ac60-989be8589aa0', 'ca829698-b041-572a-948c-f427ddb3f587', '6ee2166e-e03e-545a-a201-b329821f9010', '27057af2-512f-5997-b6c3-166f99a65494', 'c47a44cb-7763-5d78-94a2-6c0f7394654d', 'b9cf36e3-d400-5043-83a1-a19394d1e2d6', 'c7b33c50-4fea-5b54-8c47-9430f4fbc1ad', 'af1ceb87-884b-5389-b3aa-1292ae515738', '08bbfc55-7794-5c65-b5b9-d721716e41c1', 'fc3d0f2e-97e6-5df2-ba82-69292e1e8b34');
  END IF;
END $$;
DELETE FROM public.exercises WHERE subject_id = 'arabic-4eme' AND source = 'admin' AND id NOT IN ('45a3bffc-a8b2-523b-b1ed-62c0388ae53a', 'f633736c-14d1-5afa-a493-5cdc54d765c2', '8ec361a3-5b14-552b-8fe9-0ac41236f396', '9869f61f-81d2-5e18-bd8b-c29d7bf2b4ae', '6455fceb-26e1-540c-a6ea-e911d76e7512', 'b466515b-6e07-5403-8ef4-d20bb40b48a9', '41053006-aad0-5f89-b5eb-fb81af09d4ff', '63c61abc-f942-51ea-97a6-4a47a1995fd3', 'e41cb5d9-acf1-5be4-a09e-e0dea585dce0', '0a409b21-9b2f-5161-9283-aa635042bb27', 'ef709956-480f-5f5a-9d7d-7c2ad70a70f8', '6ca2a28b-cf63-5d05-9deb-1d3fae63f5da', '8af5088d-df53-5c6c-8641-bbb3e0aecb1a', 'c7f09a33-5a97-5c78-9c89-2585e321bc7c', '0d777890-4dd4-5a94-ae31-7d768faba3b8', '2c29762b-c175-5b62-986a-7f854f9f13a2', '0173d4dd-e19a-5f06-9309-b1baa5ece44e', 'ca3fe040-c48d-5423-b90a-bb184de608fe', '559da091-e772-56a6-8216-2fbd1c46c96a', 'f03c7bd3-6e25-5537-a0f7-48d5030b79c8', 'd6387948-1806-57de-be86-360df32b501d', '52362a34-1225-5057-ac82-568e14f89c91', '39df98e3-83c0-5a5b-b3a7-1fd5e1178b69', '3dac698d-b15f-5e14-b25a-ae6a0e2f9ece', 'ba182dd0-df82-5891-99ee-d3877a064cc5', '416c6c0f-2afa-528e-afd4-5fcd23e53e94', '1c2dd3c5-55a3-55ee-a253-8329869420e3', 'a29f0bbf-3ce5-5f4e-9e04-77d2dd0b6be1', 'a7557508-0964-5ce4-8142-de402cc8c87f', '011a117b-02d3-5bde-b66d-31ab2d3db75d', '89ecd518-b52b-5cbe-847e-b9cad502a1ea', 'facbf212-340c-5393-aff6-999ddb39181e', 'e0491f89-8f1b-5ec0-ba2d-b2a578689696', '73d998b7-e989-5657-90b1-be6ee9dcde4d', 'd0029091-bb18-556c-a173-c758fd41f794', '3787ec36-4885-5684-b285-c05dd9206bb0', 'c69ea5fd-902c-5988-86dc-747f4dd83c11', 'f8803af5-f54d-5bc5-94fe-58767cfc2a15', 'a2ddfceb-3548-592f-b767-bf3b7ee8ce83', 'b541a011-f83e-552c-98e2-f0e1934d2a4e', '7aacaf2a-47d8-500c-b8a9-74fd0df9cf1c', '51861816-8742-5981-abc5-ad691f1b2efc', '519cff0e-abf9-587b-8e15-9a3608e1705d', '83a7ec3c-2c11-5048-bdb0-93cb38a42c2d', '88873e6e-1bd0-5369-a4c9-2a84d6e67f5f', '243d9422-de24-5630-a742-321255e207f2', '83085632-cc96-5251-95de-7d76d598eeca', '90f6ce51-4426-563a-ad14-dcde6f4afd90');
DELETE FROM public.questions WHERE exercise_id IN ('45a3bffc-a8b2-523b-b1ed-62c0388ae53a', 'f633736c-14d1-5afa-a493-5cdc54d765c2', '8ec361a3-5b14-552b-8fe9-0ac41236f396', '9869f61f-81d2-5e18-bd8b-c29d7bf2b4ae', '6455fceb-26e1-540c-a6ea-e911d76e7512', 'b466515b-6e07-5403-8ef4-d20bb40b48a9', '41053006-aad0-5f89-b5eb-fb81af09d4ff', '63c61abc-f942-51ea-97a6-4a47a1995fd3', 'e41cb5d9-acf1-5be4-a09e-e0dea585dce0', '0a409b21-9b2f-5161-9283-aa635042bb27', 'ef709956-480f-5f5a-9d7d-7c2ad70a70f8', '6ca2a28b-cf63-5d05-9deb-1d3fae63f5da', '8af5088d-df53-5c6c-8641-bbb3e0aecb1a', 'c7f09a33-5a97-5c78-9c89-2585e321bc7c', '0d777890-4dd4-5a94-ae31-7d768faba3b8', '2c29762b-c175-5b62-986a-7f854f9f13a2', '0173d4dd-e19a-5f06-9309-b1baa5ece44e', 'ca3fe040-c48d-5423-b90a-bb184de608fe', '559da091-e772-56a6-8216-2fbd1c46c96a', 'f03c7bd3-6e25-5537-a0f7-48d5030b79c8', 'd6387948-1806-57de-be86-360df32b501d', '52362a34-1225-5057-ac82-568e14f89c91', '39df98e3-83c0-5a5b-b3a7-1fd5e1178b69', '3dac698d-b15f-5e14-b25a-ae6a0e2f9ece', 'ba182dd0-df82-5891-99ee-d3877a064cc5', '416c6c0f-2afa-528e-afd4-5fcd23e53e94', '1c2dd3c5-55a3-55ee-a253-8329869420e3', 'a29f0bbf-3ce5-5f4e-9e04-77d2dd0b6be1', 'a7557508-0964-5ce4-8142-de402cc8c87f', '011a117b-02d3-5bde-b66d-31ab2d3db75d', '89ecd518-b52b-5cbe-847e-b9cad502a1ea', 'facbf212-340c-5393-aff6-999ddb39181e', 'e0491f89-8f1b-5ec0-ba2d-b2a578689696', '73d998b7-e989-5657-90b1-be6ee9dcde4d', 'd0029091-bb18-556c-a173-c758fd41f794', '3787ec36-4885-5684-b285-c05dd9206bb0', 'c69ea5fd-902c-5988-86dc-747f4dd83c11', 'f8803af5-f54d-5bc5-94fe-58767cfc2a15', 'a2ddfceb-3548-592f-b767-bf3b7ee8ce83', 'b541a011-f83e-552c-98e2-f0e1934d2a4e', '7aacaf2a-47d8-500c-b8a9-74fd0df9cf1c', '51861816-8742-5981-abc5-ad691f1b2efc', '519cff0e-abf9-587b-8e15-9a3608e1705d', '83a7ec3c-2c11-5048-bdb0-93cb38a42c2d', '88873e6e-1bd0-5369-a4c9-2a84d6e67f5f', '243d9422-de24-5630-a742-321255e207f2', '83085632-cc96-5251-95de-7d76d598eeca', '90f6ce51-4426-563a-ad14-dcde6f4afd90') AND id NOT IN ('72c2df1c-693c-5999-bf91-3d530b877265', '9fd8fa6d-732b-5161-990d-c344d20b7cb4', '0f0fae0b-bb63-5c69-9837-466a4ce28742', 'ea80cdbf-b35c-517b-a62c-8b01f7113392', '5720b057-f56e-5a28-8393-5e3d8253c7cb', 'dce7e53b-cf92-5ff6-8125-c58583d5234c', 'fff16d54-4458-5a95-9568-2efa324cea7a', 'b98bcd65-1cd5-5b39-b4ec-2598d560caa6', 'ea6f42fe-1643-56d3-b35b-af817fb06988', 'b662c21a-8d7a-5657-9290-c21fe626a5a0', 'cfccd1f7-527e-59a6-98e6-dca9af715ddf', '50f71c35-bda1-54bf-8f0d-4c57b5d723ac', '8f4732a9-ad26-5684-b1f2-fcaed10a99e9', '7f9a040b-e0e0-582d-b214-8d988501cdfa', '404f9597-6d97-566e-846f-d8b4c8dd4673', '02b81fb3-e8d9-5215-bb27-fe79d2d777b9', '1739080d-dae9-580d-9dfc-4828adbdfbeb', '1b58c634-ba27-5c5d-80d8-6f03e8df690d', 'e154f9f5-dc27-5789-89e3-a8da30e31e67', '9794de11-9bb3-5e23-9bb6-bf42576d0e91', '3b7f9a99-00be-56e4-b34b-909b0349c2fc', 'e2031494-59df-5084-95fc-095747d6d4d4', '237448f3-29d4-5629-885b-505c6ba86757', '1d61b39c-970a-513e-9b9b-7741bc6583bc', '863381db-e354-53ef-a6d7-4ad69a3c4702', '63e23415-4912-513d-bc18-3542ca3327f9', 'b5d7e210-7386-5802-9b52-3028506613f6', 'c4ddc987-f704-5ff1-b4c1-611516f753e2', '2399bb3e-26bc-5273-be1f-393b7bf5da72', 'd900ff9a-b9ab-586b-88ea-e81ae41437df', 'd24d5dcc-5a78-59b8-b45b-9a2a29dc4da3', '11979779-90ec-5ab5-8cbb-26978abec313', '96c38d71-0a3f-565c-b8b2-02b04dc8c016', '738eca44-5b9a-5fea-9b42-8593965a19ac', 'd7b63c71-dd9a-5861-b29c-6be1ebfdbee4', '02f6c1c9-ced9-540d-b569-4c8fd9f9c264', '832d14ea-e7f0-50ed-aabf-3e3dca3b6194', '616adedc-9b4c-5c8e-9e56-02e1e95d303c', '44e1cf0d-9060-52cb-bee9-d508acff75e4', 'b8374724-b293-5939-a98e-46ca99af8a0f', 'e040949e-f540-5d99-932d-df879e500589', '0519ebed-bb98-5b9e-acbc-01caddff02a9', '5d353616-b5d6-5e97-9fe6-b42dc27ec254', '65e739b8-59b3-5773-a094-6ced2ae96aac', 'a6b78ba7-6853-5206-94f7-88716f2468ea', '761e87ae-4af6-5ba1-bbae-51c74e2bef5a', '474580df-1fca-580d-9fcf-4fe11d2886d3', '8a39e047-9f93-5d3a-8b5e-75fac66bacc6', 'aba4308e-d82b-5821-8736-b16376f328da', '5e42ebf4-233e-5646-9727-1c278475c0b9', 'fb5c5793-629d-5239-ac7e-008a71b20764', '06a6e15a-6a12-5e23-abb0-f909aa00d6c8', 'a5ab9437-4128-550c-8a91-5971a9852791', '052f81ed-e666-5ea2-9443-54314d19e847', 'f115e654-f62c-5ef5-a492-416886b3ec3a', '57c61692-68c4-5d6d-9b9a-77c31f36a1f0', 'a298cc6b-ec79-5596-81a0-7e513da42003', '48f4eceb-26e0-5210-a399-2edb7626d1cf', '87122a61-034d-53a2-a374-239ba2887219', 'aa1ec46b-91c1-53a0-b11f-c5fb694bd82e', '1ecbd186-8e2a-587c-8e03-6b4230a8691b', '83f1b83c-c7ab-5e64-bef6-26fa803c04c1', 'b86e7492-9a0a-5459-8832-9ed8521a1548', '020a29b2-cd8b-5dc7-82f1-a49b188a9d86', 'b20a46f1-b770-51ec-8fcc-ea1469c95add', 'd1da55dd-1120-5cac-b195-84571caf760f', 'bab0d284-490a-5e14-9dbe-01ce89ccbee6', '8d6be2cf-79a8-54f7-8a43-f5153e51cabf', '5c204db5-9a9c-53b4-a931-882fd70044a3', 'c6f3225a-ec68-5615-bac9-c6cde3b54c7f', 'd2a2fdec-4ebf-5240-b2a9-13e3f4cf1f23', '7d88a5b5-8b61-5dff-a84a-9425e7725c16', '9367e226-1e37-5d28-bcd7-604a3a8d0d70', 'c6548990-3480-52d6-a895-4c5496524dad', 'f6210912-bc15-5faa-888b-1202ab48ad12', '7cc6d522-6e2c-58ff-8464-759b1a4764bb', '46c0b92a-e55c-51ee-8958-08e167c923a4', '6d391f59-3054-545a-b9ee-9386c816ef5c', 'ddc0d52b-ec76-59e7-9c12-4f803b4273f6', '4f9b605f-9163-524f-a5a9-41b0f48d32f9', 'b8b8b16e-098f-5f83-b984-83b6e7576145', 'bd092f50-0151-5cea-b6b7-25db365711aa', '23248f47-8397-53aa-8f1e-5245702b7c1b', '878efac8-fb3c-50a6-8d64-7394f380ed51', '0835e86a-ecb0-59f4-ae46-4b2407ce4e91', 'a56300f4-97b7-58c1-8a04-130d9826cea9', 'de1bf127-a5da-5d93-bc11-8dd04187bf63', '706101a4-92b3-5b45-babd-eb2fb04b4a7e', '55894cfc-f1ad-51f9-90b2-b9ea324a12dc', '49846513-f855-5538-933a-e85f00c19eb4', '4c6ef2ef-cf6e-5bff-8145-4932c2ae19d1', 'c6558af9-89a8-5cdc-a4f6-7734ee19ed4a', '662c5a0d-e6bc-58ce-a650-0bf009343abe', '8d3620f9-8f9a-5863-aef1-592141a40a1a', '5048f22d-82d1-511d-be2e-b0327930bd27', 'bbb13078-f331-56ba-ab27-f3cde6bf300f', '356ba54a-a302-58f8-b8ad-180dfe93a9e5', 'aa63b1d7-e537-58c6-a428-61ccaf7a11a9', '73392df5-fc58-5ebc-810b-c0153973ec68', '47ab598c-9e42-51ad-8098-0f515053fe8a', '54f23aa1-ab97-5481-bfa9-bc209d2730af', 'a1910790-8591-5d27-bbb9-d366ef37ae68', '9ffda57c-d43f-52d8-be1d-f5283ba968b5', 'ebfcc7bf-ef81-5b6c-991e-db284547f061', '7a67d5a1-649a-5744-a6da-a7061d816058', '78a3c7a0-4646-54a0-a59b-792e9455c6a1', '8e37b915-9e0e-510c-a692-3a8144e20f60', '91f5a4cb-abf2-535c-b813-a6a00e27c895', 'ced38d00-e850-529f-bd10-093c70396349', '97bfef87-027b-54a9-bdd2-3cd957832a4b', '91e85558-a90f-5d16-8c36-f23474ffdb4d', '677fee36-dd6e-5a15-98b1-758764c08c33', 'ba870be9-dcc4-5169-bb58-fefda31f6038', '40e8647c-a713-52a4-bde8-0fab0f6b3624', '30f2764d-72b9-5a09-a18c-e3d6c6f66cc9', '46cf68e7-b0b7-5eae-99bd-d1c6e6435b8e', '175f60d7-c3ee-59cf-9850-9654bdbe85c5', '64804b24-8b22-54b6-8ef7-18007c181c0c', '34bbea45-0ffe-542e-994b-aa2729736834', '0b0cd157-6bcd-5468-982c-2d1f4249c21a', 'dbad1a5c-7f01-5e2a-9f6a-50686f7d89fe', '5b27ddaa-20c5-51e1-a5c8-686273a9552c', '0267d3ac-3968-5913-83f2-6370ccb7eba9', '83ea10cd-0c93-5c6b-81ed-ac671a9b14eb', '3e6224fd-abda-565b-b098-c6ecc39bd599', 'a0ee236b-d11a-5d76-95a3-d0e66326f2dc', '3bf60443-a6a3-5572-b5a6-29e5e6b7aaef', '6811aa93-b5cd-543a-9eac-4c4f242b0b86', '3b80c67d-f9c0-5d25-b35d-fbf760fbd73c', 'a794a182-853b-5a75-960e-d82e8d7d01df', '825287b3-7887-50c9-9958-64915ae44e13', 'e66f3814-68f2-5214-90af-9ff202188ead', '143eb6e5-e415-5ac4-8aa4-348ee66b67f7', 'e63ab8c0-3e51-550b-8828-b0c355886afd', 'c3b5f3cc-a48e-5ec0-9369-079df3afe866', '37e6a4f8-f796-5d2c-9073-75432df4afab', 'a7f2ad1d-d8bf-5742-95f0-733a5ce244c9', '75949204-d5c8-55e9-abdc-847fdba23fce', '2a4701bd-1559-5d13-b2c3-8e477240e3df', '12c80159-e60f-5872-9927-f846d939485c', '266245f8-1c0e-504f-bdcd-e1fa631b170d', '4adcafc8-d4f3-514e-a0be-1f0e9fc98d25', '028d2164-eea0-5460-a255-77c5e1ffdd3a', '56d436e0-3397-5eeb-aec8-367e7939575d', 'bf25a923-0a0e-544f-adbe-270bdfad1324', 'e694884f-59b0-5223-82af-48367f500574', '9c9d15c1-1306-583c-8df6-13585c8fc7cf', '7d0d16c6-4554-5a03-8560-e62d851ea09a', 'dc469c24-7c15-553f-abfd-c10f29377c49', 'b20a9013-5725-5d6b-8f6c-35b29d533245', '54e49373-ca90-5044-a18b-306f58458a9d', 'e42f90f8-8349-5feb-86da-22aabd8adef1', '636f665a-fdad-5274-ac89-3b17d50204fe', 'ad12896e-f3d3-5f01-9b0d-446cad468bcc', '1dd1ab24-1ebe-5c23-ad5d-990bd962928e', '4320bff3-70a9-5509-8389-3cd2640f5864', '811b4b1b-a23c-5a51-925d-9ae86084c344', '79df8d7d-2311-5204-973a-145de083601a', '274fea32-3468-582e-994c-f43ee7a51c92', 'ef1f1ef2-f061-5a3f-8ba2-de679d91ed41', '243c3657-895f-5fbd-9652-3dac7f7ed00a', 'a14e7a29-8f74-52ea-a5b9-e71fa45224cf', '148c56e3-edde-5c1d-b5e0-45b56fd76d2d', '5d8863ac-b2ed-54c2-95e9-9e25d5fcfd45', '84297df4-7f03-5b92-ab2d-4f1bab0f2b05', 'e1163bb3-f107-5e4a-82f4-af7ac24586b6', '2b28fe76-de25-5913-9355-917438bc981e', '5ab10b0d-4355-5f33-97ad-e1a3e09613ad', '29aab734-2939-5ba0-8eab-31b4e609549b', '9222d892-5881-5f05-8909-f5d251528fe3', '5e1dc969-d721-51a0-a4db-8ca6b35e57eb', 'e88668c5-e572-51e2-aea1-c3e7787c35dd', '2a7d21c6-8a45-5ff0-9752-72a61a178fe1', '887ff000-063a-5356-9fda-ea4d9c38a1f3', '826bf349-7d05-507c-8a0b-440d8b63ad21', 'a6ab5c97-6638-5624-adac-05f8a67c36cc', '11023579-dc70-5817-98de-c17dedeadc70', '88e7b13a-466d-59dc-bc51-eb4ad742f8ce', '18a4f78d-f38e-53f9-832f-b27676b26f1a', 'ccd1498f-a8a4-5876-a708-114f7ed55b77', '590b559c-ea7c-5217-99f9-d95fea10404a', '793178f1-0e0c-5a32-bd4c-7d93bc657013', '7ff1e109-c5f9-560c-ac83-be9e61ca32db', '1cbf7699-8ec5-5cf5-b328-50b2aa3ea29f', 'c09acab8-1a06-50c9-bca7-a14257493ebd', '0d25a3c3-20d1-53ea-9437-9b8d8f843f47', 'da246408-2ecf-5148-bbb9-e3f815da6abe', 'fff61e24-8371-5555-88be-7cec6c2705fe', '34a8222a-257f-5d9a-a639-00bce0ffa58e', 'aba2a443-1ad5-5a69-a39b-8a64c72d790c', 'cdc1b23b-3fc2-5add-aa7c-5f6d3aaf6052', '707d57b0-c7eb-5869-9584-6aefb2453040', '72691d09-84ee-55ae-905f-282f8af60845', '3b6a8224-d3da-5482-b82f-9c430578e7f7', 'dfc7ca3b-e2ee-5675-832a-0857462f1e76', 'a2b9f63c-e251-5d86-8444-1f454a3aa6ca', 'c41aec5b-7709-5ca7-afda-4b294186007b', 'e2c22649-4770-5d7e-8758-59e0a3f1ec4c', '79404afe-4829-5bcb-8629-8270f3778794', 'e6e6dec0-bca2-5074-a47c-56505ca9505d', '91b8a16b-1749-5c81-968c-e7767d608e69', '5136394b-877d-55c7-8326-f9944e1265cd', 'eff51e37-f6d0-52ac-8b95-a5645b9a23e7', 'afd47463-f370-5683-a630-6001e1feccc2', 'a6600d18-05ec-5994-a335-6913a05eb4bb', 'c37d00be-839d-5bfa-8c7b-f14b26d228d8', 'bdab971f-4b46-5525-9e88-589f5f92490a', 'f165d593-a2a9-542f-836c-c509e081dd8b', '6e180cc8-5c6f-595d-b479-230ff5ce03a7', '23bf26c9-767d-5433-a696-fc9f2bd54a73', 'f072d14a-0f27-5304-b9c7-26439819188b', '7e1e3272-af04-547b-85fd-604250f75b62', '0c6d2d7c-b79c-5042-8d13-eabc0d327ba1', 'a50f06bc-17d9-58fd-846f-3d3776a46a4d', '126679c0-5189-5957-9eb2-c760f1822e28', '03560a89-5ef4-5dd1-a89d-50295c86fecc', '4f2bdd39-6d5c-5908-bbb3-40302b3266f8', '45b2e8b1-984d-5335-9cb8-1e4c7f96aac4', '2c5b2ae1-b2c1-5b74-a549-83013a729c4f', '5b26ac56-e406-5631-beaa-2910d2cfa410', 'b5bda9bf-79f4-51f9-a2f6-3f9f584ee5c3', '73a4d23c-633d-5b61-8f7d-66ce5c146339', 'd3d00dd3-1eb1-59ea-bcba-b442d1b22d59', 'd7e7bcaa-e02f-5aae-84fe-c54eb32ef7ac', '6bd15388-fe19-50cb-a683-7e3bcad39f79', '565802e0-46bd-5870-818b-e3036fe4e036', '21ff7cd7-ba61-5bd8-8fd2-bf7a3ee10530', '136db51c-6857-5a30-bab9-5650203338e9', '1be72da3-f1da-565f-86d9-282c1f540bbb', 'e2076d40-4189-52e7-8d24-43d4b28459e7', 'f470c485-ee4d-5d6b-8354-4c1f62f178e5', 'ef5c3ae6-4724-590f-9bbd-351960ad351c', '363c9123-6c33-57af-b4dc-d64ad5db9129', '2a2c62b8-d4fe-5f28-8879-89d7de2e456f', 'e6ddffc1-9ea5-5089-a0ce-53c421dae498', 'ab278efc-0194-5cca-881b-488c0df7f65c', '90fad209-363b-5f6f-aace-2873d5b7800d', 'bd8bf93b-4044-51cb-b57c-28096b703a62', '59a2e317-c565-5dd5-91ab-7d3cf0b6508f', '3dcf8b28-3443-54e9-8a92-1aa0e7441589', 'df4d2662-f16e-53ed-98dd-0e554fd729ee', 'e22a5477-a722-555b-abc0-0632be111d00', '6a7e552d-d808-513b-86f7-54bb272351c2', 'c657d018-b67d-50ff-bdee-c298ad9c8252', '9cddfbc2-4779-5d23-b0de-53bda703027e', 'c7b5a4e4-ca0a-547f-a1af-3724df21eb57', '2b4c0e71-361f-5d81-8635-fa520e6b42a2', '860be2a8-94ab-574d-9f54-876b854c7fdb', '0f101bd2-7de1-56fc-8d05-f18215ff824b', '6548e29b-7d16-598d-b9c2-444fc3da1988', 'e0e06b65-97e1-51f7-ad7e-77754c9117f5', '4b460d72-4531-5429-a58a-674b2bfa00a9', '9da2d3c0-29d0-5e18-b4b9-dadeee3acfd5', '0a1e8aa4-3354-57f5-9433-150ded1c7eaf', '024a7748-d12e-58f7-bb7d-c137a4e53064', 'e0927a33-3690-5170-8161-88f5341b6863', 'f4b8ce87-e860-52d7-8130-2f7120be6181', 'f24177ea-a736-536d-bfa2-48ae4b15cc07', 'b0f02104-aac9-5fe6-a7f2-8329c9906bbe', '6af32478-ff4e-5360-8bbe-2028a3cc45eb', 'e2ee13fd-7c32-5613-b6db-78c4da05d1e0', 'ab54b163-e1c5-5af9-952f-fdb45aab7663', '8e96b205-87db-563c-86c2-e46df673836b', '7e35e30c-d393-5763-94ee-c2718f211256', '1d9ca212-7863-516e-881f-87d0f22f72f3', '1cc270cd-e645-5f17-a5e7-7988cddbf5c6', 'a429b104-6905-534d-a9f8-ab48aade104b', '6f652e7c-cf94-521e-a52d-b170dbf26fcc', '1f9b1da9-e7ba-5de8-9242-7e9402728a1b', 'd2b6d7cd-f3d4-5792-996b-377a4e93bbb9', 'e31323e1-267d-5920-ac60-989be8589aa0', 'ca829698-b041-572a-948c-f427ddb3f587', '6ee2166e-e03e-545a-a201-b329821f9010', '27057af2-512f-5997-b6c3-166f99a65494', 'c47a44cb-7763-5d78-94a2-6c0f7394654d', 'b9cf36e3-d400-5043-83a1-a19394d1e2d6', 'c7b33c50-4fea-5b54-8c47-9430f4fbc1ad', 'af1ceb87-884b-5389-b3aa-1292ae515738', '08bbfc55-7794-5c65-b5b9-d721716e41c1', 'fc3d0f2e-97e6-5df2-ba82-69292e1e8b34');
DELETE FROM public.chapters c WHERE c.subject_id = 'arabic-4eme' AND c.id NOT IN ('7b38aa53-9a19-57b8-b5eb-a3f15e5822b1', '6fe31737-2a36-5ba8-a799-6197824489f2', 'ecf6e2d7-2ca3-5155-b67b-052d032180d4', 'c950ba90-d48f-55e1-bfbb-167854dfe935', 'cd792bd7-06ae-50eb-811e-0fc4ddc757ed', '76e9daaa-eb20-58c8-ac32-7c74c36b98f0', '1f0ce821-1543-5673-aeeb-0d71757bc7a8', '83e3992c-d83f-557c-b38f-25b848b190a4') AND NOT EXISTS (SELECT 1 FROM public.exercises e WHERE e.chapter_id = c.id);

INSERT INTO public.chapters (id, subject_id, title, description, lesson_content, summary, display_order) VALUES
  ('7b38aa53-9a19-57b8-b5eb-a3f15e5822b1', 'arabic-4eme', 'الجملة المفيدة وأنواعها', 'نتعرّف الجملة المفيدة التي تعطي معنًى تامًّا، ونميّز نوعيها: الجملة الاسمية التي تبدأ باسمٍ والجملة الفعلية التي تبدأ بفعلٍ، ونحدّد ركنيها الأساسيين.', '# ⚔️ الجملة المفيدة وأنواعها — بوّابة النحو الأولى

> 💡 «كلماتٌ تتجمّع فتُولد جملة… وكلّ جملةٍ لها بدايةٌ تكشف نوعها!»

في رحلتنا هذه السنة سنبني الجملة ونفكّكها لنفهم سرّها. أوّل خطوةٍ: نعرف **ما الجملة المفيدة**، ثمّ نميّز **نوعيها**. من أتقن هذا فتح أوّل أبواب النحو.

## 🏰 ما الجملة المفيدة؟

**الجملة المفيدة** مجموعةُ كلماتٍ مرتّبةٍ تعطي **معنًى تامًّا** يحسُن السكوت عليه، فلا ينتظر السامع كلامًا آخر.

- *«طلعَ القمرُ.»* جملةٌ مفيدة، فهمنا المعنى وتمّ الكلام.
- *«القمرُ في…»* ليست مفيدة، لأنّ المعنى ناقصٌ ننتظر تمامه.

كلّ جملةٍ مفيدةٍ خبريّةٍ تنتهي بعلامةٍ تُغلقها: غالبًا **النقطة (.)**.

## 🛡️ ركنا الجملة: المسند إليه والمسند

تقوم الجملة على **ركنين أساسيّين** لا تتمّ من دونهما:

- **المسند إليه**: ما نتحدّث عنه (صاحب الخبر).
- **المسند**: الخبر الذي نُسنده إليه (ما نقوله عنه).

في *«يكتبُ التلميذُ.»*: «التلميذُ» مسندٌ إليه، و«يكتبُ» مسندٌ. وفي *«الحديقةُ واسعةٌ.»*: «الحديقةُ» مسندٌ إليه، و«واسعةٌ» مسند.

## 🔮 النوع الأوّل: الجملة الفعلية

**الجملة الفعلية** هي التي **تبدأ بفعلٍ**. الفعل يدلّ على حدثٍ مقترنٍ بزمن.

*أمثلة: «شرحَ المعلّمُ الدرسَ.» — «تطيرُ العصافيرُ.» — «العبْ بهدوءٍ.»*

| الجملة | الفعل (المسند) | الفاعل (المسند إليه) |
| --- | --- | --- |
| كتبَ الولدُ الواجبَ. | كتبَ | الولدُ |
| تسقي البنتُ الزهرةَ. | تسقي | البنتُ |
| نامَ الطفلُ مبكّرًا. | نامَ | الطفلُ |

> 🗡️ علامة سريعة: إن وجدتَ أوّل كلمةٍ تدلّ على **حدثٍ وزمن** (كتبَ، يلعبُ، اجلسْ)، فالجملة **فعلية**.

## 🧮 النوع الثاني: الجملة الاسمية

**الجملة الاسمية** هي التي **تبدأ باسمٍ**. تتركّب من **مبتدإٍ** (نبدأ به) و**خبرٍ** (نُتمّ به المعنى).

*أمثلة: «الشمسُ ساطعةٌ.» — «البحرُ واسعٌ.» — «التلميذُ مجتهدٌ.»*

| الجملة | المبتدأ | الخبر |
| --- | --- | --- |
| القمرُ منيرٌ. | القمرُ | منيرٌ |
| الحديقةُ جميلةٌ. | الحديقةُ | جميلةٌ |
| العصفورُ صغيرٌ. | العصفورُ | صغيرٌ |

## 🧭 كيف نميّز النوعين؟

القاعدة سهلة: **انظر إلى أوّل كلمةٍ في الجملة**.

- بدأت بـ**فعلٍ** ← جملةٌ **فعلية**.
- بدأت بـ**اسمٍ** ← جملةٌ **اسمية**.

*«سقطَ المطرُ.» فعلية (بدأت بـ«سقطَ»). «المطرُ غزيرٌ.» اسمية (بدأت بـ«المطرُ»).*

> ⚠️ الفخّ الشائع: الظنّ أنّ كلّ جملةٍ فيها اسمٌ تكون اسمية! العبرة بـ**أوّل كلمةٍ** فقط: «يأكلُ الولدُ التفّاحةَ» فيها أسماءٌ كثيرة لكنّها **فعلية** لأنّها بدأت بالفعل «يأكلُ».

> 🏆 أحسنتَ! صرتَ تعرف الجملة المفيدة وتميّز نوعيها بالنظر إلى أوّلها. في الفصل القادم نغوص في الجملة الفعلية ونكتشف الفاعل بدقّة!', '# 📜 ملخّص: الجملة المفيدة وأنواعها

- **الجملة المفيدة** مجموعةُ كلماتٍ مرتّبةٍ تعطي **معنًى تامًّا** يحسُن السكوت عليه، وتنتهي غالبًا بـ**نقطة (.)**.
- تقوم الجملة على ركنين: **المسند إليه** (ما نتحدّث عنه) و**المسند** (الخبر الذي نُسنده إليه).
- **الجملة الفعلية** تبدأ بـ**فعلٍ** (حدثٌ وزمن): «كتبَ الولدُ.» ← فعلٌ (المسند) + فاعلٌ (المسند إليه).
- **الجملة الاسمية** تبدأ بـ**اسمٍ**: «الشمسُ ساطعةٌ.» ← مبتدأٌ + خبر.
- **القاعدة:** انظر إلى **أوّل كلمة**: فعلٌ ← فعلية، اسمٌ ← اسمية.
- **الفخّ:** وجود اسمٍ في الجملة لا يجعلها اسمية؛ «يأكلُ الولدُ التفّاحةَ» **فعلية** لأنّها بدأت بفعل.', 1)
ON CONFLICT (id) DO UPDATE SET
  subject_id = EXCLUDED.subject_id,
  title = EXCLUDED.title,
  description = EXCLUDED.description,
  lesson_content = EXCLUDED.lesson_content,
  summary = EXCLUDED.summary,
  display_order = EXCLUDED.display_order;

INSERT INTO public.chapters (id, subject_id, title, description, lesson_content, summary, display_order) VALUES
  ('6fe31737-2a36-5ba8-a799-6197824489f2', 'arabic-4eme', 'الجملة الفعلية: الفعل والفاعل (المسند والمسند إليه)', 'نتعمّق في الجملة الفعلية فنعرف أنّ الفعل هو المسند والفاعل هو المسند إليه، ونضبط الفاعل مرفوعًا بالضمّة، ونحترم رتبة الفعل ثمّ الفاعل، ونطابق الفعل لفاعله في التذكير والتأنيث.', '# ⚔️ الجملة الفعلية: الفعل والفاعل — ثنائيُّ البطل والحدث

> 💡 «في كلّ حدثٍ بطلٌ يفعله… فإذا عرفتَ الفعل بحثتَ عن صاحبه!»

في الفصل الماضي عرفنا أنّ الجملة الفعلية **تبدأ بفعلٍ**. واليوم ندخل قلبها لنكتشف ركنيها: **الفعل** الذي يُخبر عن الحدث، و**الفاعل** الذي قام به. من أتقنهما صار قائدًا في ميدان النحو.

## 🏰 الفعل هو المسند

**الفعل** كلمةٌ تدلّ على **حدثٍ مقترنٍ بزمن**: ماضٍ، أو حاضرٍ، أو مستقبل. وهو في الجملة الفعلية **المسند**؛ أي الخبر الذي نُسنده إلى صاحبه.

- *«كتبَ»* حدثٌ في الزمن الماضي.
- *«يكتبُ»* حدثٌ في الزمن الحاضر.

فحين نقول *«كتبَ سعدٌ.»* فقد أسندنا الكتابة إلى سعدٍ، فالفعل **مسندٌ** لأنّنا أسندناه وأخبرنا به.

## ⚡ الفاعل هو المسند إليه

**الفاعل** اسمٌ يدلّ على **مَن قام بالفعل** أو اتّصف به، وهو **المسند إليه**؛ أي مَن أُسند إليه الحدث وأُخبر عنه.

في *«شرحَ المعلّمُ.»*: «شرحَ» مسندٌ (الحدث)، و«المعلّمُ» مسندٌ إليه (صاحب الحدث).

| الجملة | الفعل (المسند) | الفاعل (المسند إليه) |
| --- | --- | --- |
| ركضَ الحصانُ. | ركضَ | الحصانُ |
| تطيرُ الفراشةُ. | تطيرُ | الفراشةُ |
| لعبَ الولدُ. | لعبَ | الولدُ |

> 🗡️ حيلةُ بطل: اسأل بعد الفعل **«مَن؟»** أو **«ما الذي فعل؟»**؛ فالجواب هو **الفاعل**. «مَن ركضَ؟ الحصانُ» ← الفاعل «الحصانُ».

## 🛡️ علامة الفاعل: الضمّة (مرفوعٌ دائمًا)

الفاعل **مرفوعٌ دائمًا**، وعلامة رفعه الأصليّة هي **الضمّة** على آخره.

- *«نجحَ التلميذُ.»* ← «التلميذُ» فاعلٌ مرفوعٌ، علامته الضمّة.
- *«تشرقُ الشمسُ.»* ← «الشمسُ» فاعلٌ مرفوعٌ، علامته الضمّة.

وقد يُرفع الفاعل بـ**الواو** إذا كان جمعَ مذكّرٍ سالمًا أو من الأسماء الخمسة، مثل: *«حضرَ المعلّمونَ.»* و*«جاءَ أبو خالدٍ.»* (نتعرّفها تعرّفًا فقط).

| الجملة | الفاعل | علامة الرفع |
| --- | --- | --- |
| فازَ اللاعبُ. | اللاعبُ | الضمّة |
| تصدحُ العصافيرُ. | العصافيرُ | الضمّة |
| نجحَ المجتهدونَ. | المجتهدونَ | الواو |

## 🔮 الرتبة: الفعل أوّلًا ثمّ الفاعل

في الجملة الفعلية البسيطة، **الرتبة محفوظة**: يأتي **الفعل أوّلًا** ثمّ **الفاعل** بعده.

- الصواب: *«قطفَ الجامعُ الزيتونَ.»* (فعلٌ ← فاعلٌ ← متمّمات).
- الخطأ في الرتبة: *«الجامعُ قطفَ»* ← هنا قدّمنا الاسم فصارت **اسمية** لا فعلية.

> ⚠️ فخّ شائع: لا تخلط بين **الفاعل** و**المفعول به**! في *«أكلَ القطُّ الفأرَ.»*: «القطُّ» فاعلٌ (هو الآكل، مرفوعٌ بالضمّة)، و«الفأرَ» مفعولٌ به (وقع عليه الأكل، منصوبٌ بالفتحة). صاحب الفعل غير الذي وقع عليه الفعل.

## 🧮 المطابقة: الفعل يطابق فاعله في التذكير والتأنيث

يطابق الفعلُ فاعلَه في **التذكير والتأنيث**:

- إن كان الفاعل **مذكّرًا** بقي الفعل بلا تاءٍ: *«لعبَ الولدُ.»*
- إن كان الفاعل **مؤنّثًا** لحقت الفعلَ **تاءُ التأنيث الساكنة** في آخره: *«لعبتِ البنتُ.»*

| فاعلٌ مذكّر | فاعلٌ مؤنّث |
| --- | --- |
| كتبَ الطالبُ. | كتبتِ الطالبةُ. |
| نامَ الطفلُ. | نامتِ الطفلةُ. |
| ذهبَ سعدٌ. | ذهبتْ سعادُ. |

> 🗡️ تذكّر: «تاء التأنيث الساكنة» علامةٌ صغيرةٌ تكشف أنّ صاحب الحدث **مؤنّث**: «نجحتْ مريمُ» لا «نجحَ مريمُ».

## 🧭 خلاصةُ الميدان

ضع يدك على الخطوات وستفوز:

1. ابحث عن **الفعل** (الحدث + الزمن) ← هو **المسند**.
2. اسأل **«مَن فعل؟»** فتجد **الفاعل** ← هو **المسند إليه**، **مرفوعٌ بالضمّة**.
3. تحقّق من **الرتبة**: فعلٌ ثمّ فاعل.
4. تحقّق من **المطابقة**: فاعلٌ مؤنّثٌ ← تاءُ تأنيثٍ في الفعل.

> 🏆 رائع! صرتَ تميّز الفعل (المسند) والفاعل (المسند إليه) وتضبط علامته وترتيبه ومطابقته. في الفصل القادم نكمل أركان الجملة الفعلية ونصطاد **المفعول به** الذي وقع عليه الحدث!', '# 📜 ملخّص: الجملة الفعلية: الفعل والفاعل

- **الفعل = المسند:** كلمةٌ تدلّ على **حدثٍ مقترنٍ بزمن** (كتبَ، يكتبُ)، وهو الخبر الذي نُسنده إلى صاحبه.
- **الفاعل = المسند إليه:** اسمٌ يدلّ على **مَن قام بالفعل**؛ نجده بسؤال **«مَن فعل؟»** بعد الفعل.
- **علامة الفاعل:** مرفوعٌ دائمًا، علامته الأصليّة **الضمّة** («نجحَ التلميذُ.»)، وقد يُرفع بـ**الواو** في جمع المذكّر والأسماء الخمسة (تعرّفًا فقط).
- **الرتبة:** في الجملة الفعلية يأتي **الفعل أوّلًا ثمّ الفاعل** («قطفَ الجامعُ الزيتونَ.»)؛ تقديم الاسم يجعلها اسمية.
- **لا تخلط الفاعل بالمفعول به:** الفاعل صاحب الفعل (مرفوعٌ بالضمّة)، والمفعول به وقع عليه الفعل (منصوبٌ): «أكلَ القطُّ الفأرَ.»
- **المطابقة:** يطابق الفعل فاعله في التذكير والتأنيث؛ مع الفاعل **المؤنّث** تلحق الفعلَ **تاءُ التأنيث الساكنة**: «لعبتِ البنتُ.»
- **خطوات الحلّ:** اعرف الفعل ← اسأل مَن الفاعل ← اضبطه بالضمّة ← تحقّق من الرتبة والمطابقة.', 2)
ON CONFLICT (id) DO UPDATE SET
  subject_id = EXCLUDED.subject_id,
  title = EXCLUDED.title,
  description = EXCLUDED.description,
  lesson_content = EXCLUDED.lesson_content,
  summary = EXCLUDED.summary,
  display_order = EXCLUDED.display_order;

INSERT INTO public.chapters (id, subject_id, title, description, lesson_content, summary, display_order) VALUES
  ('ecf6e2d7-2ca3-5155-b67b-052d032180d4', 'arabic-4eme', 'المفعول به (متمّم المعنى)', 'نتعرّف المفعول به: الاسم الذي وقع عليه فعل الفاعل فأتمّ معنى الجملة الفعلية، ونميّزه من الفاعل، ونعرف علامة نصبه وصوره (اسمًا ظاهرًا أو ضميرًا متّصلًا).', '# ⚔️ المفعول به (متمّم المعنى) — الركن الذي يُكمل الحكاية

> 💡 «الفعلُ سهمٌ، والفاعلُ راميه… فأين يقع السهم؟ هناك يقف المفعول به!»

عرفنا في رحلتنا السابقة **الفعل** و**الفاعل**، فصارت لدينا جملةٌ فعليةٌ تمشي على قدمين. لكنّ بعض الأفعال ما زالت عطشى للمعنى: حين نقول *«شربَ الطفلُ…»* يسأل السامع: شربَ ماذا؟ الكلمة التي تُجيب وتُتمّ المعنى هي بطلُ هذا الفصل: **المفعول به**.

## 🏹 ما المفعول به؟

**المفعول به** اسمٌ يدلّ على **ما وقع عليه فعل الفاعل**، ويأتي **بعد الفاعل** ليُكمّل معنى الجملة.

- في *«شربَ الطفلُ الحليبَ.»*: الفعل «شربَ»، والفاعل «الطفلُ» (مَن شرب)، و**المفعول به** «الحليبَ» (ما وقع عليه الشرب).
- في *«قرأتْ سعادُ القصّةَ.»*: «القصّةَ» هي ما وقعت عليه القراءة، فهي المفعول به.

فالفاعل **يفعل**، والمفعول به **يقع عليه الفعل**.

## 🛡️ علامته: النصب

الفاعل يُرفع (الضمّة عادةً)، أمّا **المفعول به فيُنصب**، وعلامته الغالبة **الفتحة** على آخره.

*انظر الفرق في الحركة: «أكلَ القطُّ السمكةَ.» — «القطُّ» مرفوعٌ بالضمّة، و«السمكةَ» منصوبٌ بالفتحة.*

| الجملة | الفعل | الفاعل | المفعول به |
| --- | --- | --- | --- |
| غرسَ الفلّاحُ الشجرةَ. | غرسَ | الفلّاحُ | الشجرةَ |
| كتبَ خالدٌ الرسالةَ. | كتبَ | خالدٌ | الرسالةَ |
| ركبَ المسافرُ القطارَ. | ركبَ | المسافرُ | القطارَ |

> 🗡️ حيلة الحركة: الفاعلُ آخرُه **ضمّةٌ** غالبًا، والمفعولُ به آخرُه **فتحةٌ**؛ فإذا تردّدتَ فانظر إلى الحركة على آخر الكلمة.

## 🔮 صور المفعول به

يأخذ المفعول به أكثر من صورة، وكلّها تقع عليها الفعل:

- **اسمًا ظاهرًا**: *«فتحَ سميرٌ البابَ.»* ← المفعول به «البابَ».
- **ضميرًا متّصلًا** بالفعل: *«قرأَهُ»* (أي قرأ الكتابَ)، *«ساعدَتْها»*، *«زرناكم»*؛ فـ«ـه» و«ـها» و«ـكم» ضمائرُ في محلّ نصب مفعولٍ به.

## 🧭 الفاعل أم المفعول به؟

لا تخلط بينهما! اسأل سؤالين:

- **مَن فعلَ الفعل؟** ← هذا هو **الفاعل** (مرفوع).
- **على مَن وقع الفعل؟** ← هذا هو **المفعول به** (منصوب).

في *«ضربَ الولدُ الكرةَ.»*: مَن ضرب؟ «الولدُ» (فاعل). على ماذا وقع الضرب؟ «الكرةَ» (مفعول به).

> ⚠️ الفخّ الشائع: ليس كلّ فعلٍ يحتاج مفعولًا به! **بعض الأفعال تكتفي بفاعلها** ولا يقع فعلها على شيء، مثل: *«نامَ الطفلُ.»* و*«جلسَ الضيفُ.»* — فلا تبحث عن مفعولٍ حيث لا مفعول، ولا تجعل الفاعل مفعولًا لأنّه جاء في آخر الجملة.

## 🧮 الرتبة في الجملة

الترتيب الأصليّ في الجملة الفعلية: **فعلٌ ثمّ فاعلٌ ثمّ مفعولٌ به**.

*«قطفَ المزارعُ الثمرةَ.»* ← قطفَ (فعل) + المزارعُ (فاعل) + الثمرةَ (مفعول به). فلو قلنا «الثمرةَ» في الأوّل اضطرب الترتيب المعتاد عند المبتدئ.

> 🏆 رائع! صرتَ تُمسك بأركان الجملة الفعلية كلّها: فعلٌ وفاعلٌ ومفعولٌ به. في الفصل القادم نلتقي **النعت**، الصفة التي تُجمّل الاسم وتطابقه… فاستعدّ لزينة الكلام!', '# 📜 ملخّص: المفعول به (متمّم المعنى)

- **المفعول به** اسمٌ يدلّ على **ما وقع عليه فعل الفاعل**، ويأتي **بعد الفاعل** فيُتمّ معنى الجملة الفعلية.
- مثال: *«شربَ الطفلُ الحليبَ.»* ← «الحليبَ» مفعولٌ به (ما وقع عليه الشرب).
- **علامته النصب**، وأشهرها **الفتحة** على آخره؛ بينما الفاعل **مرفوع** (الضمّة غالبًا).
- يأتي **اسمًا ظاهرًا** (*«فتحَ البابَ»*) أو **ضميرًا متّصلًا** بالفعل (*«قرأَهُ»*، *«ساعدَتْها»*).
- للتمييز اسأل: **مَن فعل؟** ← الفاعل، **وعلى مَن وقع الفعل؟** ← المفعول به.
- **ليس كلّ فعلٍ يحتاج مفعولًا به**؛ بعض الأفعال تكتفي بفاعلها مثل: *«نامَ»* و*«جلسَ»*.
- **الرتبة الأصلية:** فعلٌ ثمّ فاعلٌ ثمّ مفعولٌ به: *«قطفَ المزارعُ الثمرةَ.»*', 3)
ON CONFLICT (id) DO UPDATE SET
  subject_id = EXCLUDED.subject_id,
  title = EXCLUDED.title,
  description = EXCLUDED.description,
  lesson_content = EXCLUDED.lesson_content,
  summary = EXCLUDED.summary,
  display_order = EXCLUDED.display_order;

INSERT INTO public.chapters (id, subject_id, title, description, lesson_content, summary, display_order) VALUES
  ('c950ba90-d48f-55e1-bfbb-167854dfe935', 'arabic-4eme', 'النعت والتطابق (الصفة)', 'نتعرّف النعت (الصفة) الذي يصف اسمًا قبله ويبيّن صفةً من صفاته، ونتعلّم كيف يتبع النعت منعوته في التذكير والتأنيث والإفراد والجمع والتعريف والتنكير والحركة.', '# ⚔️ النعت والتطابق (الصفة) — مرآةُ الاسم

> 💡 «الصفةُ مرآةٌ للاسم: كما يكون الموصوفُ تكون صفتُه!»

عرفنا الجملة وركنيها، واليوم نتعلّم كيف **نزيّن الأسماء** بصفاتٍ تصفها. هذه الصفة تُسمّى **النعت**، وسرُّها الكبير أنّها **تطابق** الاسم الذي تصفه. من أتقن المطابقة كتبَ كلامًا سليمًا لا خطأ فيه.

## 🏰 ما النعت (الصفة)؟

**النعت** كلمةٌ تصف اسمًا قبلها وتبيّن صفةً من صفاته. والاسم الموصوف يُسمّى **المنعوت** (أو الموصوف).

- في *«ولدٌ مجتهدٌ»*: «ولدٌ» منعوتٌ، و«مجتهدٌ» نعتٌ يصفه.
- في *«حديقةٌ جميلةٌ»*: «حديقةٌ» منعوتٌ، و«جميلةٌ» نعتٌ يصفها.

النعت يجيب عن السؤال: **كيف هو المنعوت؟** فنقول: الوردةُ… كيف هي؟ **حمراءُ**.

## 🛡️ السرّ الأكبر: النعت يتبع منعوته

النعت لا يسير وحده، بل **يتبع منعوته ويطابقه**. هذه المطابقة في **أربعة أمورٍ** نتعلّمها واحدًا واحدًا.

| المنعوت | النعت | نوع التطابق |
| --- | --- | --- |
| ولدٌ | مجتهدٌ | تذكير |
| بنتٌ | مجتهدةٌ | تأنيث |
| الكتابُ | المفيدُ | تعريف |
| كتبٌ | مفيدةٌ | جمع |

## 🔮 المطابقة في التذكير والتأنيث

إن كان المنعوت **مذكّرًا** كان النعت **مذكّرًا**، وإن كان **مؤنّثًا** كان النعت **مؤنّثًا** (نزيد عليه غالبًا **تاءً مربوطةً**).

- *«ولدٌ مجتهدٌ»* (مذكّر) — *«بنتٌ مجتهدةٌ»* (مؤنّث).
- *«بحرٌ واسعٌ»* (مذكّر) — *«حديقةٌ واسعةٌ»* (مؤنّث).

## 🧮 المطابقة في الإفراد والجمع

إن كان المنعوت **مفردًا** كان النعت مفردًا، وإن كان **جمعًا** طابقه. ومن قواعدنا: جمعُ غير العاقل (الأشياء) يُوصف بصفةٍ **مفردةٍ مؤنّثةٍ**.

- *«كتابٌ مفيدٌ»* (مفرد) — *«كتبٌ مفيدةٌ»* (جمع أشياء).
- *«تلميذٌ مجتهدٌ»* (مفرد) — *«تلاميذُ مجتهدون»* (جمع عاقل).

## 🧭 المطابقة في التعريف والتنكير

إن كان المنعوت **معرفةً** (فيه «الـ») كان النعت معرفةً مثله، وإن كان **نكرةً** كان النعت نكرةً.

- *«الولدُ المجتهدُ»* (معرفة) — *«ولدٌ مجتهدٌ»* (نكرة).
- *«القمرُ المنيرُ»* (معرفة) — *«قمرٌ منيرٌ»* (نكرة).

> 🗡️ حيلةٌ سريعة: انظر إلى المنعوت أوّلًا (مذكّر أم مؤنّث؟ مفرد أم جمع؟ معرفة أم نكرة؟)، ثمّ **اجعل النعت مثله تمامًا**، وامنحه **الحركة نفسها**: «رأيتُ الوردةَ الجميلةَ» (نصبٌ يتبع نصبًا).

> ⚠️ الفخّ الشائع: أن نصف اسمًا مؤنّثًا بصفةٍ مذكّرةٍ! نقول *«الوردةُ الجميلةُ»* ولا نقول *«الوردةُ الجميلُ»*، لأنّ «الوردة» مؤنّثةٌ فلا بدّ أن تكون صفتُها مؤنّثةً.

> 🏆 رائع! صرتَ تصف الأسماء بنعوتٍ مطابقةٍ سليمةٍ. في الفصل القادم نتعلّم **أدوات الربط** التي تصل الكلمات والجمل بعضها ببعض!', '# 📜 ملخّص: النعت والتطابق (الصفة)

- **النعت** (الصفة) كلمةٌ تصف اسمًا قبلها وتبيّن صفةً من صفاته، والاسم الموصوف يُسمّى **المنعوت**.
- **القاعدة الكبرى:** النعت **يتبع منعوته ويطابقه** في أربعة أمورٍ.
- **التذكير والتأنيث:** «ولدٌ مجتهدٌ» (مذكّر) / «بنتٌ مجتهدةٌ» (مؤنّث، بزيادة تاءٍ مربوطةٍ غالبًا).
- **الإفراد والجمع:** «كتابٌ مفيدٌ» (مفرد) / «كتبٌ مفيدةٌ» (جمع الأشياء يُوصف بمفردٍ مؤنّثٍ).
- **التعريف والتنكير:** «الولدُ المجتهدُ» (معرفة) / «ولدٌ مجتهدٌ» (نكرة).
- **الحركة (الإعراب):** النعت يأخذ حركة منعوته (رفعًا ونصبًا وجرًّا): «الوردةَ الجميلةَ».
- **الفخّ:** لا نصف مؤنّثًا بصفةٍ مذكّرةٍ؛ نقول «الوردةُ الجميلةُ» لا «الوردةُ الجميلُ».', 4)
ON CONFLICT (id) DO UPDATE SET
  subject_id = EXCLUDED.subject_id,
  title = EXCLUDED.title,
  description = EXCLUDED.description,
  lesson_content = EXCLUDED.lesson_content,
  summary = EXCLUDED.summary,
  display_order = EXCLUDED.display_order;

INSERT INTO public.chapters (id, subject_id, title, description, lesson_content, summary, display_order) VALUES
  ('cd792bd7-06ae-50eb-811e-0fc4ddc757ed', 'arabic-4eme', 'أدوات الربط وحروف الجرّ', 'نتعرّف حروف الجرّ (في، على، إلى، من، عن، الباء، اللام، الكاف) التي تربط الكلمات وتجرّ الاسم بعدها، وأدوات العطف (الواو، الفاء، ثمّ) التي تربط بين الكلمات والجمل، ونلاحظ علامة الجرّ (الكسرة) على الاسم المجرور.', '# ⚔️ أدوات الربط وحروف الجرّ — جسورُ الكلام

> 💡 «الكلماتُ جزرٌ، وأدواتُ الربط جسورٌ تصلها… فمن بنى الجسر وصلَ المعنى!»

عرفنا كيف نبني الجملة وأركانها. واليوم نتعلّم **الجسور** التي تربط الكلمات والجمل بعضها ببعض: **حروف الجرّ** و**أدوات العطف**. بها يصير كلامنا متماسكًا يمشي كالقافلة المنظّمة.

## 🏰 ما حروف الجرّ؟

**حروف الجرّ** حروفٌ تأتي قبل الاسم فتربطه بما قبله، و**تجرّ** الاسمَ بعدها؛ أي تجعل آخره **مكسورًا** غالبًا. وأشهرها:

**مِن، إلى، عن، على، في، الباء (بـ)، اللام (لـ)، الكاف (كـ).**

- *«ذهبتُ إلى المدرسةِ.»* ← «إلى» حرف جرّ، و«المدرسةِ» اسمٌ مجرورٌ بالكسرة.
- *«جلستُ على الكرسيِّ.»* ← «على» حرف جرّ، و«الكرسيِّ» مجرور.

## 🛡️ علامة الجرّ: الكسرة

الاسم الذي يأتي بعد حرف الجرّ يُسمّى **الاسم المجرور**، وعلامة جرّه الأصليّة **الكسرة** على آخره.

| الجملة | حرف الجرّ | الاسم المجرور |
| --- | --- | --- |
| خرجَ من البيتِ. | من | البيتِ |
| سافرَ إلى تونسَ. | إلى | تونسَ |
| كتبتُ بالقلمِ. | الباء | القلمِ |

> 🗡️ حيلةٌ سريعة: إذا رأيتَ حرف جرٍّ (في، على، إلى…) فاعلمْ أنّ الاسم بعده **مجرورٌ**، وآخره **كسرةٌ** غالبًا.

## 🔮 معاني بعض حروف الجرّ

كلّ حرفٍ يحمل معنًى يوضّح العلاقة:

- **في** للظرفيّة (المكان أو الزمان): *«الكتابُ في الحقيبةِ.»*
- **على** للاستعلاء (فوق): *«القطّةُ على السطحِ.»*
- **إلى** لانتهاء الغاية: *«مشى إلى النهرِ.»*
- **من** لابتداء الغاية: *«عادَ من السوقِ.»*
- **الباء** للاستعانة (الأداة): *«قطعَ بالسكّينِ.»*

## 🧮 أدوات العطف: الواو والفاء وثمّ

**أدوات العطف** تربط بين كلمتين أو جملتين، فيشترك المعطوفُ مع ما قبله في الحكم:

- **الواو** للجمع المطلق: *«جاءَ سعدٌ وخالدٌ.»* (معًا، دون ترتيب).
- **الفاء** للترتيب مع التعقيب (بلا مهلة): *«دخلَ المعلّمُ فوقفَ التلاميذُ.»*
- **ثمّ** للترتيب مع المهلة (بعد حين): *«زرعَ الحبَّ ثمّ حصدَ الثمرَ.»*

| الأداة | المعنى | مثال |
| --- | --- | --- |
| الواو | الجمع | أكلتُ تفّاحةً وموزةً. |
| الفاء | ترتيبٌ وتعقيب | سمعَ النداءَ فأجابَ. |
| ثمّ | ترتيبٌ ومهلة | تعلّمَ الحروفَ ثمّ قرأَ. |

> ⚠️ الفخّ الشائع: لا تخلط بين **الواو** و**الفاء** و**ثمّ**! «الواو» لا ترتيب فيها، و«الفاء» ترتيبٌ سريع، و«ثمّ» ترتيبٌ مع تراخٍ ومُهلة. اختر الأداة حسب المعنى الذي تريده.

## 🧭 كيف نستعمل الجسور؟

1. إذا أردتَ ربط اسمٍ بمكانٍ أو أداةٍ أو غاية ← استعمل **حرف جرٍّ** مناسبًا، واكسرْ آخر الاسم بعده.
2. إذا أردتَ ربط شيئين أو حدثين ← استعمل **أداة عطفٍ** حسب المعنى (جمعٌ، أو ترتيبٌ سريع، أو ترتيبٌ بمهلة).

> 🏆 رائع! صرتَ تبني جسور الكلام بحروف الجرّ وأدوات العطف، وتضبط الاسم المجرور بالكسرة. في الفصل القادم ندخل عالم **الزمن** ونصرّف الفعل بين الماضي والمضارع والأمر!', '# 📜 ملخّص: أدوات الربط وحروف الجرّ

- **حروف الجرّ** حروفٌ تأتي قبل الاسم فتربطه بما قبله وتجرّه: **مِن، إلى، عن، على، في، الباء، اللام، الكاف**.
- **علامة الجرّ** الكسرة على آخر الاسم المجرور: «خرجَ من البيتِ.» ← «البيتِ» مجرورٌ بالكسرة.
- **معاني الحروف:** «في» للظرفيّة، «على» للاستعلاء، «إلى» لانتهاء الغاية، «من» لابتدائها، «الباء» للاستعانة.
- **أدوات العطف** تربط بين كلمتين أو جملتين: **الواو** (جمعٌ بلا ترتيب)، **الفاء** (ترتيبٌ وتعقيب سريع)، **ثمّ** (ترتيبٌ مع مهلة).
- مثال: «جاءَ سعدٌ وخالدٌ» (معًا)، «دخلَ فوقفَ» (تعقيب)، «زرعَ ثمّ حصدَ» (مهلة).
- **الفخّ:** لا نخلط الواو (لا ترتيب) بالفاء (ترتيبٌ سريع) بثمّ (ترتيبٌ مع تراخٍ).', 5)
ON CONFLICT (id) DO UPDATE SET
  subject_id = EXCLUDED.subject_id,
  title = EXCLUDED.title,
  description = EXCLUDED.description,
  lesson_content = EXCLUDED.lesson_content,
  summary = EXCLUDED.summary,
  display_order = EXCLUDED.display_order;

INSERT INTO public.chapters (id, subject_id, title, description, lesson_content, summary, display_order) VALUES
  ('76e9daaa-eb20-58c8-ac32-7c74c36b98f0', 'arabic-4eme', 'أزمنة الفعل: الماضي والمضارع والأمر', 'نتعرّف أقسام الفعل بحسب زمنه: الفعل الماضي (حدثٌ مضى)، والفعل المضارع (حدثٌ يجري أو سيجري)، وفعل الأمر (طلبُ حدوث الشيء)، ونميّز علاماتها ونصرّف الفعل بينها.', '# ⚔️ أزمنة الفعل: الماضي والمضارع والأمر — آلةُ الزمن

> 💡 «الفعلُ مسافرٌ في الزمن: مرّةً يحكي ما مضى، ومرّةً ما يجري، ومرّةً يأمر بما سيكون!»

عرفنا أنّ الفعل يدلّ على **حدثٍ مقترنٍ بزمن**. واليوم نركب **آلة الزمن** لنرى الفعل في أزمنته الثلاثة: **الماضي**، و**المضارع**، و**الأمر**. من عرف زمن الفعل أتقن صرفه.

## 🏰 الفعل الماضي

**الفعل الماضي** يدلّ على حدثٍ **وقعَ وانتهى قبل زمن التكلّم**.

- *«كتبَ التلميذُ.»* — *«لعبَ الأطفالُ أمسِ.»* — *«سافرَ أبي.»*

علامته: يُقبل دخولُ تاء التأنيث الساكنة عليه مع الفاعل المؤنّث: *«كتبتْ، لعبتْ»*، ويُبنى آخرُه على الفتح غالبًا: *«كتبَ»*.

## ⚡ الفعل المضارع

**الفعل المضارع** يدلّ على حدثٍ **يجري الآن أو سيجري** (الحاضر أو المستقبل).

علامته أنّه **يبدأ بحرفٍ من حروف المضارعة** المجموعة في كلمة **«أنيت»**: **الهمزة (أ)، النون (ن)، الياء (ي)، التاء (ت)**.

| حرف المضارعة | المثال | الدلالة |
| --- | --- | --- |
| أ | أكتبُ | المتكلّم (أنا) |
| ن | نكتبُ | المتكلّمون (نحن) |
| ي | يكتبُ | الغائب (هو) |
| ت | تكتبُ | المخاطَب/الغائبة (أنتَ/هي) |

> 🗡️ حيلةٌ سريعة: إن بدأ الفعلُ بأحد حروف **«أنيت»** فهو **مضارعٌ**: «يلعبُ، تشربُ، أقرأُ، نذهبُ».

## 🛡️ فعل الأمر

**فعل الأمر** يدلّ على **طلبِ حدوث الشيء** في المستقبل، ويكون موجّهًا للمخاطَب.

- *«اكتبْ درسَكَ.»* — *«العبْ بهدوءٍ.»* — *«اقرأْ بتمعّنٍ.»*

علامته: يدلّ على الطلب، ويُقبل أن تلحقه ياءُ المخاطبة: *«اكتبي، العبي»*، وآخرُه ساكنٌ غالبًا: *«اكتبْ»*.

## 🔮 جدول الأزمنة الثلاثة

نأخذ فعلًا واحدًا ونصرّفه في الأزمنة الثلاثة:

| الماضي | المضارع | الأمر |
| --- | --- | --- |
| كتبَ | يكتبُ | اكتبْ |
| جلسَ | يجلسُ | اجلسْ |
| فتحَ | يفتحُ | افتحْ |
| سمعَ | يسمعُ | اسمعْ |

> ⚠️ الفخّ الشائع: لا تحكم بالزمن من المعنى وحده، بل انظر إلى **شكل الفعل وعلامته**: «يلعبُ» مضارعٌ (بدأ بالياء) حتى لو قُصد به المستقبل، و«العبْ» أمرٌ (طلبٌ) لا مضارع.

## 🧮 كيف نحوّل بين الأزمنة؟

1. من **الماضي** إلى **المضارع**: ضع حرف مضارعةٍ مناسبًا في أوّله واكسر بنيته على المضارع: *«شربَ ← يشربُ»*.
2. من **المضارع** إلى **الأمر**: احذف حرف المضارعة واطلبْ به: *«تكتبُ ← اكتبْ»*.

> 🏆 رائع! صرتَ تميّز الماضي والمضارع والأمر بعلاماتها وتصرّف الفعل بينها. في الفصل القادم نفتح باب **الإملاء** ونتعلّم رسم الهمزة في أوّل الكلمة والتنوين!', '# 📜 ملخّص: أزمنة الفعل: الماضي والمضارع والأمر

- **الفعل الماضي** يدلّ على حدثٍ وقعَ وانتهى قبل التكلّم: «كتبَ، لعبَ»، وتلحقه تاءُ التأنيث مع الفاعل المؤنّث «كتبتْ».
- **الفعل المضارع** يدلّ على حدثٍ يجري الآن أو سيجري، ويبدأ بحرفٍ من حروف المضارعة المجموعة في **«أنيت»**: أ، ن، ي، ت («أكتبُ، نكتبُ، يكتبُ، تكتبُ»).
- **فعل الأمر** يدلّ على طلبِ حدوث الشيء: «اكتبْ، اقرأْ»، وتلحقه ياءُ المخاطبة «اكتبي».
- **التصريف:** كتبَ ← يكتبُ ← اكتبْ، وجلسَ ← يجلسُ ← اجلسْ.
- **التحويل:** من الماضي للمضارع نزيد حرف مضارعة («شربَ ← يشربُ»)، ومن المضارع للأمر نحذفه ونطلب («تكتبُ ← اكتبْ»).
- **الفخّ:** نحكم بالزمن من شكل الفعل وعلامته لا من المعنى وحده.', 6)
ON CONFLICT (id) DO UPDATE SET
  subject_id = EXCLUDED.subject_id,
  title = EXCLUDED.title,
  description = EXCLUDED.description,
  lesson_content = EXCLUDED.lesson_content,
  summary = EXCLUDED.summary,
  display_order = EXCLUDED.display_order;

INSERT INTO public.chapters (id, subject_id, title, description, lesson_content, summary, display_order) VALUES
  ('1f0ce821-1543-5673-aeeb-0d71757bc7a8', 'arabic-4eme', 'الإملاء: الهمزة في أوّل الكلمة والتنوين', 'نتعلّم رسم الهمزة في أوّل الكلمة: همزة القطع التي تُكتب وتُنطق دائمًا (أَ، إِ، أُ) وهمزة الوصل التي تسقط في النطق عند الوصل، ونتعلّم التنوين (الفتح والضمّ والكسر) وكيف نرسمه آخر الكلمة، خاصّةً تنوين الفتح (ـًا).', '# ⚔️ الإملاء: الهمزة في أوّل الكلمة والتنوين — فنُّ الرسم السليم

> 💡 «الكتابةُ صورةٌ للكلام… فمن أتقن رسم الهمزة والتنوين رسمَ كلماتٍ لا عيب فيها!»

ندخل اليوم ميدان **الإملاء**، حيث نتعلّم كيف نرسم الكلمات رسمًا سليمًا. نبدأ بسرّين: **الهمزة في أوّل الكلمة**، و**التنوين** في آخرها.

## 🏰 همزة القطع وهمزة الوصل

الهمزة في أوّل الكلمة نوعان:

- **همزة القطع**: تُكتب وتُنطق **دائمًا** سواءٌ في أوّل الكلام أو في وسطه. تُرسم على الألف: **أَ** (فتح)، **أُ** (ضمّ)، **إِ** (كسر، تحت الألف).
  *أمثلة: «أَكلَ»، «أُمّ»، «إِبرة»، «أَحمد».*
- **همزة الوصل**: تُنطق إذا كانت في **أوّل الكلام**، و**تسقط** في النطق إذا جاء قبلها كلامٌ (نصلها بما قبلها)، وتُرسم ألفًا بلا همزةٍ: **ا**.
  *أمثلة: «اكتبْ»، «استمعَ»، «ابن».*

> 🗡️ حيلةُ الكشف: ضع قبل الكلمة حرفًا (مثل الواو) وانطقها: إن بقيت الهمزة مسموعةً فهي **قطعٌ** («وأَكلَ»)، وإن سقطت فهي **وصلٌ** («واكتبْ» تُنطق «وكتبْ»).

## 🛡️ مواضع همزة القطع وهمزة الوصل (في مستوانا)

| النوع | تُرسم | أمثلة |
| --- | --- | --- |
| همزة القطع | أَ / أُ / إِ | أَخذَ، أُختي، إِلى، أَرنب |
| همزة الوصل | ا (بلا همزة) | اِسم، اِبن، اُكتبْ، اِستمعَ |

- **فعل الأمر** من الفعل الثلاثيّ يبدأ بـ**همزة وصل**: «اكتبْ، العبْ، اجلسْ».
- أكثر الأسماء والأفعال الماضية الثلاثية تبدأ بـ**همزة قطع**: «أَكلَ، أَخذَ، أَحمد».

## 🔮 التنوين: نونٌ ساكنةٌ في الآخر

**التنوين** نونٌ ساكنةٌ تلحق آخر الاسم في النطق لا في الكتابة، ونرمز إليه بـ**حركتين** متماثلتين فوق الحرف أو تحته:

- **تنوين الضمّ** ـٌ: *«كتابٌ»* (تُنطق: كتابُن).
- **تنوين الكسر** ـٍ: *«كتابٍ»* (تُنطق: كتابِن).
- **تنوين الفتح** ـً: *«كتابًا»* (تُنطق: كتابَن).

## 🧮 قاعدة مهمّة: ألف تنوين الفتح

عند **تنوين الفتح**، نزيد **ألفًا** في آخر الاسم غالبًا، وتوضع الفتحتان على الحرف قبل الألف:

- *«رأيتُ ولدًا»* — *«قرأتُ كتابًا»* — *«أكلتُ تمرًا»*.

لكن لا نزيد الألف في حالاتٍ، أشهرها:

- ما ينتهي بـ**تاءٍ مربوطة**: *«شجرةً»* (لا «شجرةًا»).
- ما ينتهي بـ**همزةٍ على ألف**: *«ماءً»*، *«سماءً»*.

> ⚠️ الفخّ الشائع: نسيان ألف تنوين الفتح! نكتب «شكرًا» لا «شكرً»، و«أهلًا» لا «أهلً»؛ إلّا إذا انتهت الكلمة بتاءٍ مربوطةٍ مثل «مرحبةً»… بل نقول «مرحبًا» (وهي بلا تاء فتأخذ الألف).

## 🧭 خطواتُ الرسم السليم

1. في أوّل الكلمة: اسألْ هل الهمزة **تُنطق دائمًا**؟ ← **قطعٌ** (أَ/أُ/إِ). أم **تسقط عند الوصل**؟ ← **وصلٌ** (ا).
2. في آخر الكلمة المنوّنة بالفتح: زدِ **الألف** غالبًا («بابًا»)، إلّا بعد تاءٍ مربوطةٍ أو همزةٍ على ألف.

> 🏆 رائع! صرتَ ترسم الهمزة في أوّل الكلمة وتضبط التنوين وألفه. في الفصل القادم نتمّ رحلة الإملاء مع **التاء المربوطة والمفتوحة**!', '# 📜 ملخّص: الإملاء: الهمزة في أوّل الكلمة والتنوين

- **همزة القطع** تُكتب وتُنطق دائمًا، وتُرسم على الألف: **أَ** (فتح)، **أُ** (ضمّ)، **إِ** (كسر تحت الألف): «أَكلَ، أُمّ، إِلى».
- **همزة الوصل** تُنطق في أوّل الكلام وتسقط عند الوصل، وتُرسم ألفًا بلا همزة **ا**: «اكتبْ، اسم، ابن».
- **حيلة الكشف:** ضع قبل الكلمة واوًا: إن بقيت الهمزة مسموعةً فهي قطعٌ («وأَكلَ»)، وإن سقطت فهي وصلٌ.
- **فعل الأمر** الثلاثيّ يبدأ بهمزة وصلٍ: «اكتبْ، اجلسْ».
- **التنوين** نونٌ ساكنةٌ في الآخر تُرسم حركتين: ضمّ ـٌ («كتابٌ»)، كسر ـٍ («كتابٍ»)، فتح ـً («كتابًا»).
- **ألف تنوين الفتح:** نزيد ألفًا غالبًا «بابًا، شكرًا»، إلّا بعد تاءٍ مربوطةٍ («شجرةً») أو همزةٍ على ألف («ماءً»).
- **الفخّ:** لا ننسى ألف تنوين الفتح: «شكرًا» لا «شكرً».', 7)
ON CONFLICT (id) DO UPDATE SET
  subject_id = EXCLUDED.subject_id,
  title = EXCLUDED.title,
  description = EXCLUDED.description,
  lesson_content = EXCLUDED.lesson_content,
  summary = EXCLUDED.summary,
  display_order = EXCLUDED.display_order;

INSERT INTO public.chapters (id, subject_id, title, description, lesson_content, summary, display_order) VALUES
  ('83e3992c-d83f-557c-b38f-25b848b190a4', 'arabic-4eme', 'الإملاء: التاء المربوطة والمفتوحة', 'نتعلّم الفرق بين التاء المربوطة (ة/ـة) التي تُنطق هاءً عند الوقف وتأتي في آخر الأسماء المؤنّثة، والتاء المفتوحة (ت/ـت) التي تبقى تاءً عند الوقف وتأتي في الأفعال وبعض الأسماء، ونتدرّب على رسم كلٍّ منهما في موضعها الصحيح.', '# ⚔️ الإملاء: التاء المربوطة والمفتوحة — توأمان مختلفان

> 💡 «تاءان في آخر الكلمة: إحداهما تستدير فتُصبح هاءً عند الوقف، والأخرى تبقى تاءً صريحة!»

نتمّ رحلة الإملاء بسرٍّ جديد: في آخر بعض الكلمات تاءٌ، لكنّها نوعان: **التاء المربوطة (ة)** و**التاء المفتوحة (ت)**. من فرّق بينهما كتبَ كتابةً سليمة.

## 🏰 التاء المربوطة (ة / ـة)

**التاء المربوطة** تُرسم مستديرةً **ة** (أو **ـة** متّصلةً)، وعليها نقطتان. وعلامتها الكبرى أنّها:

> **تُنطق هاءً ساكنةً عند الوقف** (التوقّف عليها)، وتُنطق تاءً عند الوصل.

- *«شجرة»* نقف عليها فنقول «شجرهْ».
- *«مدرسة»* نقف عليها فنقول «مدرسهْ».

**مواضعها (في مستوانا):**

- آخر الأسماء المؤنّثة: *«فاطمة، تلميذة، وردة، حديقة»*.
- آخر صفة المؤنّث: *«مجتهدة، كبيرة، جميلة»*.

## 🛡️ التاء المفتوحة (ت / ـت)

**التاء المفتوحة** تُرسم مبسوطةً **ت** (أو **ـت**). وعلامتها الكبرى أنّها:

> **تبقى تاءً صريحةً عند الوقف** (لا تتحوّل هاءً).

- *«بنت»* نقف عليها فنقول «بنتْ» (لا «بنهْ»).
- *«كتبتْ»* نقف عليها فنقول «كتبتْ».

**مواضعها (في مستوانا):**

- في آخر الأفعال (تاء التأنيث أو تاء الفاعل): *«كتبتْ، لعبتُ، ذهبتِ»*.
- في بعض الأسماء: *«بنت، بيت (لا تاء فيها)، وقت، صوت»* — والأشهر: *«بنت»*.

## 🔮 الحيلة الذهبيّة: قف على الكلمة!

> 🗡️ **حيلةُ الوقف:** انطق الكلمة واقفًا على آخرها:
> - إن سمعتَها **هاءً** ← هي **تاءٌ مربوطة (ة)**: «وردهْ» ← وردة.
> - إن بقيت **تاءً** ← هي **تاءٌ مفتوحة (ت)**: «بنتْ» ← بنت.

| الكلمة | عند الوقف | النوع |
| --- | --- | --- |
| مكتبة | مكتبهْ | مربوطة (ة) |
| نبتة | نبتهْ | مربوطة (ة) |
| أختْ | أختْ | مفتوحة (ت) |
| نامتْ | نامتْ | مفتوحة (ت) |

## 🧮 فرقٌ مهمّ: التاء في الفعل دائمًا مفتوحة

تاء التأنيث في آخر **الفعل الماضي** تكون **مفتوحةً دائمًا (ت)**، ولا تُكتب مربوطةً:

- *«زرعتْ فاطمةُ.»* (لا «زرعةْ»).
- *«قرأتِ البنتُ.»* (لا «قرأةْ»).

> ⚠️ الفخّ الشائع: كتابة تاء الفعل مربوطةً! نكتب «لعبتْ» لا «لعبةْ»، و«جلستْ» لا «جلسةْ»؛ لأنّ تاء التأنيث في الفعل **مفتوحةٌ دائمًا**. وانتبهْ: «اللعبة» (اسم) بتاءٍ مربوطة، أمّا «لعبتْ» (فعل) فبتاءٍ مفتوحة.

## 🧭 خطواتُ التمييز

1. هل الكلمة **فعلٌ**؟ ← تاؤها **مفتوحة (ت)** دائمًا: «كتبتْ».
2. هل الكلمة **اسمٌ**؟ ← **قف عليها**: سمعتَها هاءً ← **مربوطة (ة)**؛ بقيت تاءً ← **مفتوحة (ت)**.

> 🏆 رائع! أتممتَ رحلة الإملاء: صرتَ ترسم الهمزة والتنوين والتاءين رسمًا سليمًا. أنتَ الآن كاتبٌ ماهرٌ يضبط حروفه وحركاته!', '# 📜 ملخّص: الإملاء: التاء المربوطة والمفتوحة

- **التاء المربوطة (ة / ـة)** تُرسم مستديرةً وعليها نقطتان، و**تُنطق هاءً ساكنةً عند الوقف**: «شجرة ← شجرهْ».
- **مواضعها:** آخر الأسماء المؤنّثة وصفاتها: «فاطمة، تلميذة، وردة، مجتهدة، جميلة».
- **التاء المفتوحة (ت / ـت)** تُرسم مبسوطةً، و**تبقى تاءً عند الوقف**: «بنت ← بنتْ».
- **مواضعها:** آخر الأفعال (تاء التأنيث/الفاعل): «كتبتْ، لعبتُ، ذهبتِ»، وبعض الأسماء مثل «بنت».
- **الحيلة الذهبيّة:** قف على الكلمة: سمعتَها هاءً ← مربوطة (ة)؛ بقيت تاءً ← مفتوحة (ت).
- **قاعدة:** تاء التأنيث في آخر الفعل **مفتوحةٌ دائمًا**: «زرعتْ» لا «زرعةْ».
- **الفخّ:** «اللعبة» (اسمٌ بتاءٍ مربوطة) غير «لعبتْ» (فعلٌ بتاءٍ مفتوحة).', 8)
ON CONFLICT (id) DO UPDATE SET
  subject_id = EXCLUDED.subject_id,
  title = EXCLUDED.title,
  description = EXCLUDED.description,
  lesson_content = EXCLUDED.lesson_content,
  summary = EXCLUDED.summary,
  display_order = EXCLUDED.display_order;

INSERT INTO public.exercises (id, chapter_id, subject_id, title, difficulty, xp_reward, reward_coins, mode, source, display_order) VALUES
  ('45a3bffc-a8b2-523b-b1ed-62c0388ae53a', '7b38aa53-9a19-57b8-b5eb-a3f15e5822b1', 'arabic-4eme', 'اختبار فهم الدرس ⭐', 1, 20, 5, 'quiz', 'admin', 0)
ON CONFLICT (id) DO UPDATE SET
  chapter_id = EXCLUDED.chapter_id,
  subject_id = EXCLUDED.subject_id,
  title = EXCLUDED.title,
  difficulty = EXCLUDED.difficulty,
  xp_reward = EXCLUDED.xp_reward,
  reward_coins = EXCLUDED.reward_coins,
  mode = EXCLUDED.mode,
  display_order = EXCLUDED.display_order;

INSERT INTO public.questions (id, exercise_id, prompt, options, correct_option, explanation, display_order) VALUES
  ('72c2df1c-693c-5999-bf91-3d530b877265', '45a3bffc-a8b2-523b-b1ed-62c0388ae53a', 'ما الجملة المفيدة؟', '[{"id":"a","text":"كلمةٌ واحدةٌ مهما كانت"},{"id":"b","text":"مجموعةُ كلماتٍ مرتّبةٍ تعطي معنًى تامًّا"},{"id":"c","text":"حروفٌ متفرّقةٌ بلا ترتيب"},{"id":"d","text":"سؤالٌ لا جواب له"}]'::jsonb, 'b', 'الجملة المفيدة مجموعةُ كلماتٍ مرتّبةٍ تعطي معنًى تامًّا يحسُن السكوت عليه؛ الكلمة الواحدة أو الحروف المتفرّقة لا تكفي.', 1)
ON CONFLICT (id) DO UPDATE SET
  exercise_id = EXCLUDED.exercise_id,
  prompt = EXCLUDED.prompt,
  options = EXCLUDED.options,
  correct_option = EXCLUDED.correct_option,
  explanation = EXCLUDED.explanation,
  display_order = EXCLUDED.display_order;

INSERT INTO public.questions (id, exercise_id, prompt, options, correct_option, explanation, display_order) VALUES
  ('9fd8fa6d-732b-5161-990d-c344d20b7cb4', '45a3bffc-a8b2-523b-b1ed-62c0388ae53a', 'بأيّ كلمةٍ تبدأ الجملة الفعلية؟', '[{"id":"a","text":"باسمٍ"},{"id":"b","text":"بحرفٍ"},{"id":"c","text":"بفعلٍ"},{"id":"d","text":"بعددٍ"}]'::jsonb, 'c', 'الجملة الفعلية تبدأ بفعلٍ يدلّ على حدثٍ وزمن، مثل «كتبَ» و«يلعبُ».', 2)
ON CONFLICT (id) DO UPDATE SET
  exercise_id = EXCLUDED.exercise_id,
  prompt = EXCLUDED.prompt,
  options = EXCLUDED.options,
  correct_option = EXCLUDED.correct_option,
  explanation = EXCLUDED.explanation,
  display_order = EXCLUDED.display_order;

INSERT INTO public.questions (id, exercise_id, prompt, options, correct_option, explanation, display_order) VALUES
  ('0f0fae0b-bb63-5c69-9837-466a4ce28742', '45a3bffc-a8b2-523b-b1ed-62c0388ae53a', 'أيّ جملةٍ ممّا يلي جملةٌ اسمية؟', '[{"id":"a","text":"البحرُ واسعٌ."},{"id":"b","text":"سقطَ المطرُ."},{"id":"c","text":"تطيرُ العصافيرُ."},{"id":"d","text":"اجلسْ بهدوءٍ."}]'::jsonb, 'a', '«البحرُ واسعٌ.» بدأت باسمٍ «البحرُ» فهي اسمية، أمّا البقيّة فبدأت بأفعالٍ (سقطَ، تطيرُ، اجلسْ) فهي فعلية.', 3)
ON CONFLICT (id) DO UPDATE SET
  exercise_id = EXCLUDED.exercise_id,
  prompt = EXCLUDED.prompt,
  options = EXCLUDED.options,
  correct_option = EXCLUDED.correct_option,
  explanation = EXCLUDED.explanation,
  display_order = EXCLUDED.display_order;

INSERT INTO public.questions (id, exercise_id, prompt, options, correct_option, explanation, display_order) VALUES
  ('ea80cdbf-b35c-517b-a62c-8b01f7113392', '45a3bffc-a8b2-523b-b1ed-62c0388ae53a', 'في الجملة «يقرأُ التلميذُ»، ما المسند إليه (الفاعل)؟', '[{"id":"a","text":"لا مسند إليه فيها"},{"id":"b","text":"الكتابُ"},{"id":"c","text":"يقرأُ"},{"id":"d","text":"التلميذُ"}]'::jsonb, 'd', '«التلميذُ» هو المسند إليه (الفاعل) الذي نتحدّث عنه، و«يقرأُ» هو المسند (الفعل) الذي أسندناه إليه.', 4)
ON CONFLICT (id) DO UPDATE SET
  exercise_id = EXCLUDED.exercise_id,
  prompt = EXCLUDED.prompt,
  options = EXCLUDED.options,
  correct_option = EXCLUDED.correct_option,
  explanation = EXCLUDED.explanation,
  display_order = EXCLUDED.display_order;

INSERT INTO public.questions (id, exercise_id, prompt, options, correct_option, explanation, display_order) VALUES
  ('5720b057-f56e-5a28-8393-5e3d8253c7cb', '45a3bffc-a8b2-523b-b1ed-62c0388ae53a', 'لماذا تُعدّ «يأكلُ الولدُ التفّاحةَ.» جملةً فعليةً رغم وجود أسماءٍ فيها؟', '[{"id":"a","text":"لأنّها قصيرة"},{"id":"b","text":"لأنّها بدأت بفعلٍ هو «يأكلُ»"},{"id":"c","text":"لأنّ فيها كلمة «الولدُ»"},{"id":"d","text":"لأنّها تنتهي بنقطة"}]'::jsonb, 'b', 'العبرة بأوّل كلمةٍ في الجملة؛ هذه بدأت بالفعل «يأكلُ» فهي فعلية، ووجود الأسماء بعده لا يغيّر نوعها.', 5)
ON CONFLICT (id) DO UPDATE SET
  exercise_id = EXCLUDED.exercise_id,
  prompt = EXCLUDED.prompt,
  options = EXCLUDED.options,
  correct_option = EXCLUDED.correct_option,
  explanation = EXCLUDED.explanation,
  display_order = EXCLUDED.display_order;

INSERT INTO public.exercises (id, chapter_id, subject_id, title, difficulty, xp_reward, reward_coins, mode, source, display_order) VALUES
  ('f633736c-14d1-5afa-a493-5cdc54d765c2', '7b38aa53-9a19-57b8-b5eb-a3f15e5822b1', 'arabic-4eme', '⭐ تمرين: نميّز الجملة ونوعها', 1, 50, 10, 'practice', 'admin', 1)
ON CONFLICT (id) DO UPDATE SET
  chapter_id = EXCLUDED.chapter_id,
  subject_id = EXCLUDED.subject_id,
  title = EXCLUDED.title,
  difficulty = EXCLUDED.difficulty,
  xp_reward = EXCLUDED.xp_reward,
  reward_coins = EXCLUDED.reward_coins,
  mode = EXCLUDED.mode,
  display_order = EXCLUDED.display_order;

INSERT INTO public.questions (id, exercise_id, prompt, options, correct_option, explanation, display_order) VALUES
  ('dce7e53b-cf92-5ff6-8125-c58583d5234c', 'f633736c-14d1-5afa-a493-5cdc54d765c2', 'أيّ مجموعةٍ ممّا يلي جملةٌ مفيدة؟', '[{"id":"a","text":"في الحديقةِ تحتَ فوقَ"},{"id":"b","text":"تفتّحتِ الوردةُ."},{"id":"c","text":"وردةُ حديقةُ جميلةُ"},{"id":"d","text":"الـ ـة ـو"}]'::jsonb, 'b', '«تفتّحتِ الوردةُ.» كلماتٌ مرتّبةٌ تعطي معنًى تامًّا فهي جملةٌ مفيدة، أمّا البقيّة فكلماتٌ أو حروفٌ مبعثرةٌ بلا معنى.', 1)
ON CONFLICT (id) DO UPDATE SET
  exercise_id = EXCLUDED.exercise_id,
  prompt = EXCLUDED.prompt,
  options = EXCLUDED.options,
  correct_option = EXCLUDED.correct_option,
  explanation = EXCLUDED.explanation,
  display_order = EXCLUDED.display_order;

INSERT INTO public.questions (id, exercise_id, prompt, options, correct_option, explanation, display_order) VALUES
  ('fff16d54-4458-5a95-9568-2efa324cea7a', 'f633736c-14d1-5afa-a493-5cdc54d765c2', 'الجملة «طلعَ القمرُ.» نوعها:', '[{"id":"a","text":"فعلية، لأنّها بدأت بفعلٍ"},{"id":"b","text":"اسمية، لأنّها بدأت باسمٍ"},{"id":"c","text":"ليست جملةً"},{"id":"d","text":"سؤالٌ"}]'::jsonb, 'a', 'بدأت الجملة بالفعل «طلعَ» الذي يدلّ على حدثٍ وزمن، فهي جملةٌ فعلية.', 2)
ON CONFLICT (id) DO UPDATE SET
  exercise_id = EXCLUDED.exercise_id,
  prompt = EXCLUDED.prompt,
  options = EXCLUDED.options,
  correct_option = EXCLUDED.correct_option,
  explanation = EXCLUDED.explanation,
  display_order = EXCLUDED.display_order;

INSERT INTO public.questions (id, exercise_id, prompt, options, correct_option, explanation, display_order) VALUES
  ('b98bcd65-1cd5-5b39-b4ec-2598d560caa6', 'f633736c-14d1-5afa-a493-5cdc54d765c2', 'الجملة «الجوُّ معتدلٌ.» نوعها:', '[{"id":"a","text":"فعلية"},{"id":"b","text":"أمرٌ"},{"id":"c","text":"اسمية، لأنّها بدأت باسمٍ"},{"id":"d","text":"ليست جملةً"}]'::jsonb, 'c', 'بدأت الجملة بالاسم «الجوُّ»، فهي جملةٌ اسمية تتركّب من مبتدإٍ «الجوُّ» وخبرٍ «معتدلٌ».', 3)
ON CONFLICT (id) DO UPDATE SET
  exercise_id = EXCLUDED.exercise_id,
  prompt = EXCLUDED.prompt,
  options = EXCLUDED.options,
  correct_option = EXCLUDED.correct_option,
  explanation = EXCLUDED.explanation,
  display_order = EXCLUDED.display_order;

INSERT INTO public.questions (id, exercise_id, prompt, options, correct_option, explanation, display_order) VALUES
  ('ea6f42fe-1643-56d3-b35b-af817fb06988', 'f633736c-14d1-5afa-a493-5cdc54d765c2', 'في الجملة «تسبحُ السمكةُ.»، ما الفعل (المسند)؟', '[{"id":"a","text":"السمكةُ"},{"id":"b","text":"في الماءِ"},{"id":"c","text":"لا فعل فيها"},{"id":"d","text":"تسبحُ"}]'::jsonb, 'd', '«تسبحُ» فعلٌ يدلّ على حدثٍ، وهو المسند، و«السمكةُ» هي الفاعل (المسند إليه).', 4)
ON CONFLICT (id) DO UPDATE SET
  exercise_id = EXCLUDED.exercise_id,
  prompt = EXCLUDED.prompt,
  options = EXCLUDED.options,
  correct_option = EXCLUDED.correct_option,
  explanation = EXCLUDED.explanation,
  display_order = EXCLUDED.display_order;

INSERT INTO public.questions (id, exercise_id, prompt, options, correct_option, explanation, display_order) VALUES
  ('b662c21a-8d7a-5657-9290-c21fe626a5a0', 'f633736c-14d1-5afa-a493-5cdc54d765c2', 'ما المبتدأ في الجملة الاسمية «النجمةُ لامعةٌ.»؟', '[{"id":"a","text":"لا مبتدأ فيها"},{"id":"b","text":"لامعةٌ"},{"id":"c","text":"النجمةُ"},{"id":"d","text":"في السماءِ"}]'::jsonb, 'c', 'المبتدأ هو الاسم الذي نبدأ به ونتحدّث عنه؛ هنا «النجمةُ»، و«لامعةٌ» خبرٌ أتمّ المعنى.', 5)
ON CONFLICT (id) DO UPDATE SET
  exercise_id = EXCLUDED.exercise_id,
  prompt = EXCLUDED.prompt,
  options = EXCLUDED.options,
  correct_option = EXCLUDED.correct_option,
  explanation = EXCLUDED.explanation,
  display_order = EXCLUDED.display_order;

INSERT INTO public.questions (id, exercise_id, prompt, options, correct_option, explanation, display_order) VALUES
  ('cfccd1f7-527e-59a6-98e6-dca9af715ddf', 'f633736c-14d1-5afa-a493-5cdc54d765c2', 'أيّ الجملتين فعلية؟', '[{"id":"a","text":"الطفلُ نائمٌ."},{"id":"b","text":"نامَ الطفلُ مبكّرًا."},{"id":"c","text":"الطفلُ صغيرٌ."},{"id":"d","text":"الطفلُ في البيتِ."}]'::jsonb, 'b', '«نامَ الطفلُ مبكّرًا.» بدأت بالفعل «نامَ» فهي فعلية، أمّا البقيّة فبدأت بالاسم «الطفلُ» فهي اسمية.', 6)
ON CONFLICT (id) DO UPDATE SET
  exercise_id = EXCLUDED.exercise_id,
  prompt = EXCLUDED.prompt,
  options = EXCLUDED.options,
  correct_option = EXCLUDED.correct_option,
  explanation = EXCLUDED.explanation,
  display_order = EXCLUDED.display_order;

INSERT INTO public.exercises (id, chapter_id, subject_id, title, difficulty, xp_reward, reward_coins, mode, source, display_order) VALUES
  ('8ec361a3-5b14-552b-8fe9-0ac41236f396', '7b38aa53-9a19-57b8-b5eb-a3f15e5822b1', 'arabic-4eme', '⚔️ زعيم الفصل ⭐⭐⭐: حارس بوّابة الجملة', 3, 120, 30, 'boss', 'admin', 2)
ON CONFLICT (id) DO UPDATE SET
  chapter_id = EXCLUDED.chapter_id,
  subject_id = EXCLUDED.subject_id,
  title = EXCLUDED.title,
  difficulty = EXCLUDED.difficulty,
  xp_reward = EXCLUDED.xp_reward,
  reward_coins = EXCLUDED.reward_coins,
  mode = EXCLUDED.mode,
  display_order = EXCLUDED.display_order;

INSERT INTO public.questions (id, exercise_id, prompt, options, correct_option, explanation, display_order) VALUES
  ('50f71c35-bda1-54bf-8f0d-4c57b5d723ac', '8ec361a3-5b14-552b-8fe9-0ac41236f396', 'أيّ سطرٍ ممّا يلي جملةٌ مفيدةٌ كاملة؟', '[{"id":"a","text":"حقلِ في الفلّاحُ يزرعُ"},{"id":"b","text":"فلّاحُ حقلَ زرعَ في"},{"id":"c","text":"يزرعُ الفلّاحُ القمحَ."},{"id":"d","text":"في الحقلِ يزرعُ القمحَ"}]'::jsonb, 'c', '«يزرعُ الفلّاحُ القمحَ.» كلماتٌ مرتّبةٌ تعطي معنًى تامًّا وتنتهي بنقطة، أمّا البقيّة فمبعثرةٌ أو ناقصةٌ لا يتمّ بها المعنى.', 1)
ON CONFLICT (id) DO UPDATE SET
  exercise_id = EXCLUDED.exercise_id,
  prompt = EXCLUDED.prompt,
  options = EXCLUDED.options,
  correct_option = EXCLUDED.correct_option,
  explanation = EXCLUDED.explanation,
  display_order = EXCLUDED.display_order;

INSERT INTO public.questions (id, exercise_id, prompt, options, correct_option, explanation, display_order) VALUES
  ('8f4732a9-ad26-5684-b1f2-fcaed10a99e9', '8ec361a3-5b14-552b-8fe9-0ac41236f396', 'الجملة «الحديقةُ مليئةٌ بالأزهارِ.» نوعها:', '[{"id":"a","text":"فعلية، لأنّ فيها فعلًا"},{"id":"b","text":"أمرٌ"},{"id":"c","text":"استفهامٌ"},{"id":"d","text":"اسمية، لأنّها بدأت باسمٍ"}]'::jsonb, 'd', 'بدأت الجملة بالاسم «الحديقةُ» فهي اسمية: «الحديقةُ» مبتدأٌ و«مليئةٌ» خبر، ولا فعل في أوّلها.', 2)
ON CONFLICT (id) DO UPDATE SET
  exercise_id = EXCLUDED.exercise_id,
  prompt = EXCLUDED.prompt,
  options = EXCLUDED.options,
  correct_option = EXCLUDED.correct_option,
  explanation = EXCLUDED.explanation,
  display_order = EXCLUDED.display_order;

INSERT INTO public.questions (id, exercise_id, prompt, options, correct_option, explanation, display_order) VALUES
  ('7f9a040b-e0e0-582d-b214-8d988501cdfa', '8ec361a3-5b14-552b-8fe9-0ac41236f396', 'في الجملة «يحرسُ الكلبُ البيتَ.»، عيّن المسند إليه (الفاعل):', '[{"id":"a","text":"الكلبُ"},{"id":"b","text":"البيتَ"},{"id":"c","text":"يحرسُ"},{"id":"d","text":"لا مسند إليه"}]'::jsonb, 'a', 'المسند إليه هو الفاعل الذي قام بالحدث؛ هنا «الكلبُ» هو الحارس، و«يحرسُ» مسندٌ و«البيتَ» مفعولٌ به.', 3)
ON CONFLICT (id) DO UPDATE SET
  exercise_id = EXCLUDED.exercise_id,
  prompt = EXCLUDED.prompt,
  options = EXCLUDED.options,
  correct_option = EXCLUDED.correct_option,
  explanation = EXCLUDED.explanation,
  display_order = EXCLUDED.display_order;

INSERT INTO public.questions (id, exercise_id, prompt, options, correct_option, explanation, display_order) VALUES
  ('404f9597-6d97-566e-846f-d8b4c8dd4673', '8ec361a3-5b14-552b-8fe9-0ac41236f396', 'أيّ جملةٍ ممّا يلي فعليةٌ؟', '[{"id":"a","text":"البستانيُّ نشيطٌ."},{"id":"b","text":"يسقي البستانيُّ الأشجارَ."},{"id":"c","text":"البستانُ أخضرُ."},{"id":"d","text":"الأشجارُ عاليةٌ."}]'::jsonb, 'b', '«يسقي البستانيُّ الأشجارَ.» بدأت بالفعل «يسقي» فهي فعلية، أمّا البقيّة فبدأت بأسماءٍ فهي اسمية.', 4)
ON CONFLICT (id) DO UPDATE SET
  exercise_id = EXCLUDED.exercise_id,
  prompt = EXCLUDED.prompt,
  options = EXCLUDED.options,
  correct_option = EXCLUDED.correct_option,
  explanation = EXCLUDED.explanation,
  display_order = EXCLUDED.display_order;

INSERT INTO public.questions (id, exercise_id, prompt, options, correct_option, explanation, display_order) VALUES
  ('02b81fb3-e8d9-5215-bb27-fe79d2d777b9', '8ec361a3-5b14-552b-8fe9-0ac41236f396', 'حوّل الجملة الاسمية «الطائرُ يبني عشَّهُ.» إلى جملةٍ فعليةٍ بالبدء بالفعل:', '[{"id":"a","text":"عشَّهُ الطائرُ يبني."},{"id":"b","text":"الطائرُ عشَّهُ يبني."},{"id":"c","text":"يبني عشَّهُ الطائرُ."},{"id":"d","text":"يبني الطائرُ عشَّهُ."}]'::jsonb, 'd', 'نبدأ بالفعل «يبني» ثمّ الفاعل «الطائرُ» ثمّ المفعول «عشَّهُ»، فتصير فعليةً مرتّبة: «يبني الطائرُ عشَّهُ.»', 5)
ON CONFLICT (id) DO UPDATE SET
  exercise_id = EXCLUDED.exercise_id,
  prompt = EXCLUDED.prompt,
  options = EXCLUDED.options,
  correct_option = EXCLUDED.correct_option,
  explanation = EXCLUDED.explanation,
  display_order = EXCLUDED.display_order;

INSERT INTO public.questions (id, exercise_id, prompt, options, correct_option, explanation, display_order) VALUES
  ('1739080d-dae9-580d-9dfc-4828adbdfbeb', '8ec361a3-5b14-552b-8fe9-0ac41236f396', 'قال تلميذٌ: «كلّ جملةٍ فيها اسمٌ فهي اسمية». ما الصحيح؟', '[{"id":"a","text":"صحيح، وجود الاسم يكفي"},{"id":"b","text":"صحيح، الأسماء أهمّ من الأفعال"},{"id":"c","text":"خطأ؛ العبرة بأوّل كلمةٍ: فعلٌ ← فعلية، اسمٌ ← اسمية"},{"id":"d","text":"خطأ؛ كلّ جملةٍ اسمية دائمًا"}]'::jsonb, 'c', 'الخطأ الشائع: الحكم بوجود الاسم. نوع الجملة يُحدَّد بأوّل كلمةٍ فيها؛ «يأكلُ الولدُ التفّاحةَ» فعليةٌ رغم كثرة أسمائها لأنّها بدأت بفعل.', 6)
ON CONFLICT (id) DO UPDATE SET
  exercise_id = EXCLUDED.exercise_id,
  prompt = EXCLUDED.prompt,
  options = EXCLUDED.options,
  correct_option = EXCLUDED.correct_option,
  explanation = EXCLUDED.explanation,
  display_order = EXCLUDED.display_order;

INSERT INTO public.exercises (id, chapter_id, subject_id, title, difficulty, xp_reward, reward_coins, mode, source, display_order) VALUES
  ('9869f61f-81d2-5e18-bd8b-c29d7bf2b4ae', '7b38aa53-9a19-57b8-b5eb-a3f15e5822b1', 'arabic-4eme', '⭐⭐ تمرين مراجعة (نمط امتحان): أنواع الجملة', 2, 75, 15, 'practice', 'admin', 3)
ON CONFLICT (id) DO UPDATE SET
  chapter_id = EXCLUDED.chapter_id,
  subject_id = EXCLUDED.subject_id,
  title = EXCLUDED.title,
  difficulty = EXCLUDED.difficulty,
  xp_reward = EXCLUDED.xp_reward,
  reward_coins = EXCLUDED.reward_coins,
  mode = EXCLUDED.mode,
  display_order = EXCLUDED.display_order;

INSERT INTO public.questions (id, exercise_id, prompt, options, correct_option, explanation, display_order) VALUES
  ('1b58c634-ba27-5c5d-80d8-6f03e8df690d', '9869f61f-81d2-5e18-bd8b-c29d7bf2b4ae', 'اقرأ: «هطلَ المطرُ. الأرضُ خضراءُ.» كم جملةً في النصّ؟', '[{"id":"a","text":"جملةٌ واحدة"},{"id":"b","text":"جملتان"},{"id":"c","text":"ثلاث جمل"},{"id":"d","text":"لا جملة"}]'::jsonb, 'b', 'كلّ جملةٍ تنتهي بنقطة؛ هنا نقطتان فالجمل اثنتان: «هطلَ المطرُ.» و«الأرضُ خضراءُ.»', 1)
ON CONFLICT (id) DO UPDATE SET
  exercise_id = EXCLUDED.exercise_id,
  prompt = EXCLUDED.prompt,
  options = EXCLUDED.options,
  correct_option = EXCLUDED.correct_option,
  explanation = EXCLUDED.explanation,
  display_order = EXCLUDED.display_order;

INSERT INTO public.questions (id, exercise_id, prompt, options, correct_option, explanation, display_order) VALUES
  ('e154f9f5-dc27-5789-89e3-a8da30e31e67', '9869f61f-81d2-5e18-bd8b-c29d7bf2b4ae', 'من الجملتين السابقتين، أيّهما فعليةٌ؟', '[{"id":"a","text":"الأرضُ خضراءُ."},{"id":"b","text":"الجملتان اسميتان"},{"id":"c","text":"هطلَ المطرُ."},{"id":"d","text":"لا فعلية فيهما"}]'::jsonb, 'c', '«هطلَ المطرُ.» بدأت بالفعل «هطلَ» فهي فعلية، و«الأرضُ خضراءُ.» بدأت باسمٍ فهي اسمية.', 2)
ON CONFLICT (id) DO UPDATE SET
  exercise_id = EXCLUDED.exercise_id,
  prompt = EXCLUDED.prompt,
  options = EXCLUDED.options,
  correct_option = EXCLUDED.correct_option,
  explanation = EXCLUDED.explanation,
  display_order = EXCLUDED.display_order;

INSERT INTO public.questions (id, exercise_id, prompt, options, correct_option, explanation, display_order) VALUES
  ('9794de11-9bb3-5e23-9bb6-bf42576d0e91', '9869f61f-81d2-5e18-bd8b-c29d7bf2b4ae', 'أكمل الجملة الاسمية بخبرٍ مناسب: «العسلُ ___.»', '[{"id":"a","text":"يجري"},{"id":"b","text":"تحتَ الطاولةِ فوقَ"},{"id":"c","text":"أزرقُ يطيرُ"},{"id":"d","text":"حلوٌ"}]'::jsonb, 'd', '«حلوٌ» خبرٌ يصف العسل ويتمّ به المعنى: «العسلُ حلوٌ.»، أمّا البقيّة فلا تناسبه أو ليست خبرًا مفردًا واضحًا.', 3)
ON CONFLICT (id) DO UPDATE SET
  exercise_id = EXCLUDED.exercise_id,
  prompt = EXCLUDED.prompt,
  options = EXCLUDED.options,
  correct_option = EXCLUDED.correct_option,
  explanation = EXCLUDED.explanation,
  display_order = EXCLUDED.display_order;

INSERT INTO public.questions (id, exercise_id, prompt, options, correct_option, explanation, display_order) VALUES
  ('3b7f9a99-00be-56e4-b34b-909b0349c2fc', '9869f61f-81d2-5e18-bd8b-c29d7bf2b4ae', 'في الجملة «يطبخُ الطبّاخُ الطعامَ.»، عيّن المسند (الفعل):', '[{"id":"a","text":"يطبخُ"},{"id":"b","text":"الطبّاخُ"},{"id":"c","text":"الطعامَ"},{"id":"d","text":"لا فعل فيها"}]'::jsonb, 'a', '«يطبخُ» هو المسند (الفعل) الدالّ على الحدث، و«الطبّاخُ» مسندٌ إليه (فاعل) و«الطعامَ» مفعولٌ به.', 4)
ON CONFLICT (id) DO UPDATE SET
  exercise_id = EXCLUDED.exercise_id,
  prompt = EXCLUDED.prompt,
  options = EXCLUDED.options,
  correct_option = EXCLUDED.correct_option,
  explanation = EXCLUDED.explanation,
  display_order = EXCLUDED.display_order;

INSERT INTO public.questions (id, exercise_id, prompt, options, correct_option, explanation, display_order) VALUES
  ('e2031494-59df-5084-95fc-095747d6d4d4', '9869f61f-81d2-5e18-bd8b-c29d7bf2b4ae', 'صنّف: «الشمسُ مشرقةٌ.» و«أشرقتِ الشمسُ.»', '[{"id":"a","text":"كلتاهما فعلية"},{"id":"b","text":"كلتاهما اسمية"},{"id":"c","text":"الأولى اسمية والثانية فعلية"},{"id":"d","text":"الأولى فعلية والثانية اسمية"}]'::jsonb, 'c', '«الشمسُ مشرقةٌ.» بدأت باسمٍ فهي اسمية، و«أشرقتِ الشمسُ.» بدأت بفعلٍ فهي فعلية؛ المعنى متقاربٌ والنوع مختلف.', 5)
ON CONFLICT (id) DO UPDATE SET
  exercise_id = EXCLUDED.exercise_id,
  prompt = EXCLUDED.prompt,
  options = EXCLUDED.options,
  correct_option = EXCLUDED.correct_option,
  explanation = EXCLUDED.explanation,
  display_order = EXCLUDED.display_order;

INSERT INTO public.questions (id, exercise_id, prompt, options, correct_option, explanation, display_order) VALUES
  ('237448f3-29d4-5629-885b-505c6ba86757', '9869f61f-81d2-5e18-bd8b-c29d7bf2b4ae', 'أيّ سطرٍ ليس جملةً مفيدةً تامّة؟', '[{"id":"a","text":"يلعبُ الأطفالُ في الساحةِ."},{"id":"b","text":"السماءُ صافيةٌ والجوُّ ..."},{"id":"c","text":"البنتُ مجتهدةٌ."},{"id":"d","text":"نضجَ التمرُ."}]'::jsonb, 'b', '«السماءُ صافيةٌ والجوُّ ...» معناه ناقصٌ ننتظر تمامه، فليست جملةً مفيدةً تامّة، بخلاف البقيّة التي تمّ معناها.', 6)
ON CONFLICT (id) DO UPDATE SET
  exercise_id = EXCLUDED.exercise_id,
  prompt = EXCLUDED.prompt,
  options = EXCLUDED.options,
  correct_option = EXCLUDED.correct_option,
  explanation = EXCLUDED.explanation,
  display_order = EXCLUDED.display_order;

INSERT INTO public.exercises (id, chapter_id, subject_id, title, difficulty, xp_reward, reward_coins, mode, source, display_order) VALUES
  ('6455fceb-26e1-540c-a6ea-e911d76e7512', '7b38aa53-9a19-57b8-b5eb-a3f15e5822b1', 'arabic-4eme', '👑 تحدّي النخبة ⭐⭐⭐⭐: سيّد الجملة', 4, 300, 60, 'challenge', 'admin', 4)
ON CONFLICT (id) DO UPDATE SET
  chapter_id = EXCLUDED.chapter_id,
  subject_id = EXCLUDED.subject_id,
  title = EXCLUDED.title,
  difficulty = EXCLUDED.difficulty,
  xp_reward = EXCLUDED.xp_reward,
  reward_coins = EXCLUDED.reward_coins,
  mode = EXCLUDED.mode,
  display_order = EXCLUDED.display_order;

INSERT INTO public.questions (id, exercise_id, prompt, options, correct_option, explanation, display_order) VALUES
  ('1d61b39c-970a-513e-9b9b-7741bc6583bc', '6455fceb-26e1-540c-a6ea-e911d76e7512', 'أيّ سطرٍ جملةٌ فعليةٌ مفيدةٌ ومرتّبة؟', '[{"id":"a","text":"السنونوُّ عشَّهُ يبني فوقَ"},{"id":"b","text":"عشَّ يبني السنونوُّ"},{"id":"c","text":"فوقَ السطحِ السنونوُّ"},{"id":"d","text":"يبني السنونوُّ عشَّهُ فوقَ السطحِ."}]'::jsonb, 'd', '«يبني السنونوُّ عشَّهُ فوقَ السطحِ.» فعليةٌ مرتّبة: فعلٌ «يبني» ثمّ فاعلٌ «السنونوُّ» ثمّ مفعولٌ ومكان، وتنتهي بنقطة، أمّا البقيّة فمبعثرةٌ أو ناقصة.', 1)
ON CONFLICT (id) DO UPDATE SET
  exercise_id = EXCLUDED.exercise_id,
  prompt = EXCLUDED.prompt,
  options = EXCLUDED.options,
  correct_option = EXCLUDED.correct_option,
  explanation = EXCLUDED.explanation,
  display_order = EXCLUDED.display_order;

INSERT INTO public.questions (id, exercise_id, prompt, options, correct_option, explanation, display_order) VALUES
  ('863381db-e354-53ef-a6d7-4ad69a3c4702', '6455fceb-26e1-540c-a6ea-e911d76e7512', 'اقرأ: «تشرقُ الشمسُ صباحًا. الطيورُ تغرّدُ على الأغصانِ.» كم جملةً فعليةً في النصّ؟', '[{"id":"a","text":"لا جملة فعلية"},{"id":"b","text":"جملةٌ فعليةٌ واحدة"},{"id":"c","text":"جملتان فعليتان"},{"id":"d","text":"ثلاث جمل فعلية"}]'::jsonb, 'b', '«تشرقُ الشمسُ صباحًا.» فعليةٌ (بدأت بـ«تشرقُ»)، أمّا «الطيورُ تغرّدُ...» فاسميةٌ لأنّها بدأت بالاسم «الطيورُ» رغم وجود فعلٍ بعده، فالفعلية واحدة.', 2)
ON CONFLICT (id) DO UPDATE SET
  exercise_id = EXCLUDED.exercise_id,
  prompt = EXCLUDED.prompt,
  options = EXCLUDED.options,
  correct_option = EXCLUDED.correct_option,
  explanation = EXCLUDED.explanation,
  display_order = EXCLUDED.display_order;

INSERT INTO public.questions (id, exercise_id, prompt, options, correct_option, explanation, display_order) VALUES
  ('63e23415-4912-513d-bc18-3542ca3327f9', '6455fceb-26e1-540c-a6ea-e911d76e7512', 'ما الكلمة الزائدة التي تُفسد المعنى في: «يقودُ السائقُ الحافلةَ القمرَ.»؟', '[{"id":"a","text":"يقودُ"},{"id":"b","text":"السائقُ"},{"id":"c","text":"القمرَ"},{"id":"d","text":"الحافلةَ"}]'::jsonb, 'c', 'السائق يقودُ الحافلةَ لا القمرَ، فنحذف «القمرَ» لتصير الجملة: «يقودُ السائقُ الحافلةَ.» وتعطي معنًى صحيحًا.', 3)
ON CONFLICT (id) DO UPDATE SET
  exercise_id = EXCLUDED.exercise_id,
  prompt = EXCLUDED.prompt,
  options = EXCLUDED.options,
  correct_option = EXCLUDED.correct_option,
  explanation = EXCLUDED.explanation,
  display_order = EXCLUDED.display_order;

INSERT INTO public.questions (id, exercise_id, prompt, options, correct_option, explanation, display_order) VALUES
  ('b5d7e210-7386-5802-9b52-3028506613f6', '6455fceb-26e1-540c-a6ea-e911d76e7512', 'حوّل «الفلّاحُ يحصدُ القمحَ.» إلى جملةٍ فعليةٍ مرتّبة:', '[{"id":"a","text":"يحصدُ الفلّاحُ القمحَ."},{"id":"b","text":"القمحَ الفلّاحُ يحصدُ."},{"id":"c","text":"الفلّاحُ القمحَ يحصدُ."},{"id":"d","text":"يحصدُ القمحَ الفلّاحُ."}]'::jsonb, 'a', 'الجملة الفعلية تبدأ بالفعل ثمّ الفاعل ثمّ المفعول: «يحصدُ الفلّاحُ القمحَ.»؛ أمّا «يحصدُ القمحَ الفلّاحُ» فقدّم المفعول على الفاعل والأصل تأخيره.', 4)
ON CONFLICT (id) DO UPDATE SET
  exercise_id = EXCLUDED.exercise_id,
  prompt = EXCLUDED.prompt,
  options = EXCLUDED.options,
  correct_option = EXCLUDED.correct_option,
  explanation = EXCLUDED.explanation,
  display_order = EXCLUDED.display_order;

INSERT INTO public.questions (id, exercise_id, prompt, options, correct_option, explanation, display_order) VALUES
  ('c4ddc987-f704-5ff1-b4c1-611516f753e2', '6455fceb-26e1-540c-a6ea-e911d76e7512', 'أيّ جملةٍ اسميةٌ صحيحةٌ ومرتّبة؟', '[{"id":"a","text":"واسعٌ الميدانُ."},{"id":"b","text":"الميدانُ واسعُ لاعبون"},{"id":"c","text":"ميدانٌ واسعُ في"},{"id":"d","text":"الميدانُ واسعٌ."}]'::jsonb, 'd', '«الميدانُ واسعٌ.» اسميةٌ مرتّبة: مبتدأٌ «الميدانُ» ثمّ خبرٌ «واسعٌ»؛ أمّا «واسعٌ الميدانُ» فقدّم الخبر، والبقيّة ناقصةٌ أو مبعثرة.', 5)
ON CONFLICT (id) DO UPDATE SET
  exercise_id = EXCLUDED.exercise_id,
  prompt = EXCLUDED.prompt,
  options = EXCLUDED.options,
  correct_option = EXCLUDED.correct_option,
  explanation = EXCLUDED.explanation,
  display_order = EXCLUDED.display_order;

INSERT INTO public.questions (id, exercise_id, prompt, options, correct_option, explanation, display_order) VALUES
  ('2399bb3e-26bc-5273-be1f-393b7bf5da72', '6455fceb-26e1-540c-a6ea-e911d76e7512', 'قال طفلٌ: «الجملة الفعلية والاسمية لا فرق بينهما». ما الصحيح؟', '[{"id":"a","text":"صحيح، النوعان سواء"},{"id":"b","text":"خطأ؛ الفعلية تبدأ بفعلٍ والاسمية تبدأ باسمٍ"},{"id":"c","text":"صحيح، كلتاهما تبدأ بفعلٍ"},{"id":"d","text":"خطأ؛ كلتاهما تبدأ باسمٍ"}]'::jsonb, 'b', 'الخطأ الشائع: عدم التمييز. الفرق في أوّل كلمةٍ: الفعلية تبدأ بفعلٍ (يكتبُ، نامَ) والاسمية تبدأ باسمٍ (الشمسُ، البحرُ).', 6)
ON CONFLICT (id) DO UPDATE SET
  exercise_id = EXCLUDED.exercise_id,
  prompt = EXCLUDED.prompt,
  options = EXCLUDED.options,
  correct_option = EXCLUDED.correct_option,
  explanation = EXCLUDED.explanation,
  display_order = EXCLUDED.display_order;

INSERT INTO public.exercises (id, chapter_id, subject_id, title, difficulty, xp_reward, reward_coins, mode, source, display_order) VALUES
  ('b466515b-6e07-5403-8ef4-d20bb40b48a9', '7b38aa53-9a19-57b8-b5eb-a3f15e5822b1', 'arabic-4eme', '📝 تدريب ⭐⭐⭐: مراجعة شاملة على الجملة وأنواعها', 3, 120, 30, 'boss', 'admin', 5)
ON CONFLICT (id) DO UPDATE SET
  chapter_id = EXCLUDED.chapter_id,
  subject_id = EXCLUDED.subject_id,
  title = EXCLUDED.title,
  difficulty = EXCLUDED.difficulty,
  xp_reward = EXCLUDED.xp_reward,
  reward_coins = EXCLUDED.reward_coins,
  mode = EXCLUDED.mode,
  display_order = EXCLUDED.display_order;

INSERT INTO public.questions (id, exercise_id, prompt, options, correct_option, explanation, display_order) VALUES
  ('d900ff9a-b9ab-586b-88ea-e81ae41437df', 'b466515b-6e07-5403-8ef4-d20bb40b48a9', 'أيّ ما يلي جملةٌ مفيدةٌ تامّة؟', '[{"id":"a","text":"إلى المدرسةِ في الصباحِ"},{"id":"b","text":"تلميذُ حقيبةُ كتابُ"},{"id":"c","text":"يذهبُ التلميذُ إلى المدرسةِ."},{"id":"d","text":"ـذهبُ الـ ـة"}]'::jsonb, 'c', '«يذهبُ التلميذُ إلى المدرسةِ.» كلماتٌ مرتّبةٌ تعطي معنًى تامًّا، أمّا البقيّة فمبعثرةٌ أو ناقصةٌ لا يتمّ بها المعنى.', 1)
ON CONFLICT (id) DO UPDATE SET
  exercise_id = EXCLUDED.exercise_id,
  prompt = EXCLUDED.prompt,
  options = EXCLUDED.options,
  correct_option = EXCLUDED.correct_option,
  explanation = EXCLUDED.explanation,
  display_order = EXCLUDED.display_order;

INSERT INTO public.questions (id, exercise_id, prompt, options, correct_option, explanation, display_order) VALUES
  ('d24d5dcc-5a78-59b8-b45b-9a2a29dc4da3', 'b466515b-6e07-5403-8ef4-d20bb40b48a9', 'الجملة «نضجتِ الثمارُ في الصيفِ.» نوعها:', '[{"id":"a","text":"فعلية، لأنّها بدأت بفعلٍ"},{"id":"b","text":"اسمية، لأنّها بدأت باسمٍ"},{"id":"c","text":"استفهامٌ"},{"id":"d","text":"ليست جملةً"}]'::jsonb, 'a', 'بدأت بالفعل «نضجتِ» الدالّ على حدثٍ وزمن، فهي جملةٌ فعلية وإن جاءت بعدها أسماء.', 2)
ON CONFLICT (id) DO UPDATE SET
  exercise_id = EXCLUDED.exercise_id,
  prompt = EXCLUDED.prompt,
  options = EXCLUDED.options,
  correct_option = EXCLUDED.correct_option,
  explanation = EXCLUDED.explanation,
  display_order = EXCLUDED.display_order;

INSERT INTO public.questions (id, exercise_id, prompt, options, correct_option, explanation, display_order) VALUES
  ('11979779-90ec-5ab5-8cbb-26978abec313', 'b466515b-6e07-5403-8ef4-d20bb40b48a9', 'في الجملة «يقطفُ الجامعُ الزيتونَ.»، عيّن المفعول به (متمّم المعنى):', '[{"id":"a","text":"يقطفُ"},{"id":"b","text":"الجامعُ"},{"id":"c","text":"لا مفعول فيها"},{"id":"d","text":"الزيتونَ"}]'::jsonb, 'd', '«الزيتونَ» هو ما وقع عليه فعل القطف فهو المفعول به (متمّم المعنى)، و«الجامعُ» فاعلٌ و«يقطفُ» فعل.', 3)
ON CONFLICT (id) DO UPDATE SET
  exercise_id = EXCLUDED.exercise_id,
  prompt = EXCLUDED.prompt,
  options = EXCLUDED.options,
  correct_option = EXCLUDED.correct_option,
  explanation = EXCLUDED.explanation,
  display_order = EXCLUDED.display_order;

INSERT INTO public.questions (id, exercise_id, prompt, options, correct_option, explanation, display_order) VALUES
  ('96c38d71-0a3f-565c-b8b2-02b04dc8c016', 'b466515b-6e07-5403-8ef4-d20bb40b48a9', 'أيّ تحويلٍ يجعل «يلعبُ الطفلُ.» جملةً اسمية؟', '[{"id":"a","text":"لعبَ الطفلُ."},{"id":"b","text":"الطفلُ يلعبُ."},{"id":"c","text":"العبْ يا طفلُ."},{"id":"d","text":"يلعبُ طفلٌ صغيرٌ."}]'::jsonb, 'b', 'بتقديم الاسم «الطفلُ» على الفعل تصير الجملة اسمية: «الطفلُ يلعبُ.» (مبتدأٌ ثمّ خبرٌ جملة فعلية)، أمّا البقيّة فتبقى فعلية.', 4)
ON CONFLICT (id) DO UPDATE SET
  exercise_id = EXCLUDED.exercise_id,
  prompt = EXCLUDED.prompt,
  options = EXCLUDED.options,
  correct_option = EXCLUDED.correct_option,
  explanation = EXCLUDED.explanation,
  display_order = EXCLUDED.display_order;

INSERT INTO public.questions (id, exercise_id, prompt, options, correct_option, explanation, display_order) VALUES
  ('738eca44-5b9a-5fea-9b42-8593965a19ac', 'b466515b-6e07-5403-8ef4-d20bb40b48a9', 'اقرأ: «اخضرَّ الزرعُ. الفلّاحُ سعيدٌ.» صنّف الجملتين بالترتيب:', '[{"id":"a","text":"فعلية ثمّ اسمية"},{"id":"b","text":"اسمية ثمّ فعلية"},{"id":"c","text":"فعليتان"},{"id":"d","text":"اسميتان"}]'::jsonb, 'a', '«اخضرَّ الزرعُ.» بدأت بفعلٍ فهي فعلية، و«الفلّاحُ سعيدٌ.» بدأت باسمٍ فهي اسمية، فالترتيب: فعلية ثمّ اسمية.', 5)
ON CONFLICT (id) DO UPDATE SET
  exercise_id = EXCLUDED.exercise_id,
  prompt = EXCLUDED.prompt,
  options = EXCLUDED.options,
  correct_option = EXCLUDED.correct_option,
  explanation = EXCLUDED.explanation,
  display_order = EXCLUDED.display_order;

INSERT INTO public.questions (id, exercise_id, prompt, options, correct_option, explanation, display_order) VALUES
  ('d7b63c71-dd9a-5861-b29c-6be1ebfdbee4', 'b466515b-6e07-5403-8ef4-d20bb40b48a9', 'قال تلميذٌ: «الجملة قد تتمّ بكلمةٍ واحدةٍ فقط». ما الصحيح؟', '[{"id":"a","text":"صحيح، كلمةٌ واحدةٌ تكفي دائمًا"},{"id":"b","text":"صحيح، الفعل وحده جملة"},{"id":"c","text":"خطأ غالبًا؛ الجملة المفيدة تحتاج ركنين يعطيان معنًى تامًّا"},{"id":"d","text":"خطأ؛ الجملة لا تقلّ عن عشر كلمات"}]'::jsonb, 'c', 'الخطأ الشائع: الاكتفاء بكلمةٍ. الجملة المفيدة تقوم على ركنين (مسندٍ ومسندٍ إليه) يعطيان معنًى تامًّا، وليست محصورةً بعددٍ كبيرٍ من الكلمات أيضًا.', 6)
ON CONFLICT (id) DO UPDATE SET
  exercise_id = EXCLUDED.exercise_id,
  prompt = EXCLUDED.prompt,
  options = EXCLUDED.options,
  correct_option = EXCLUDED.correct_option,
  explanation = EXCLUDED.explanation,
  display_order = EXCLUDED.display_order;

INSERT INTO public.exercises (id, chapter_id, subject_id, title, difficulty, xp_reward, reward_coins, mode, source, display_order) VALUES
  ('41053006-aad0-5f89-b5eb-fb81af09d4ff', '6fe31737-2a36-5ba8-a799-6197824489f2', 'arabic-4eme', 'اختبار فهم الدرس ⭐', 1, 20, 5, 'quiz', 'admin', 0)
ON CONFLICT (id) DO UPDATE SET
  chapter_id = EXCLUDED.chapter_id,
  subject_id = EXCLUDED.subject_id,
  title = EXCLUDED.title,
  difficulty = EXCLUDED.difficulty,
  xp_reward = EXCLUDED.xp_reward,
  reward_coins = EXCLUDED.reward_coins,
  mode = EXCLUDED.mode,
  display_order = EXCLUDED.display_order;

INSERT INTO public.questions (id, exercise_id, prompt, options, correct_option, explanation, display_order) VALUES
  ('02f6c1c9-ced9-540d-b569-4c8fd9f9c264', '41053006-aad0-5f89-b5eb-fb81af09d4ff', 'في الجملة الفعلية، الفعل هو:', '[{"id":"a","text":"المسند (الخبر الدالّ على الحدث)"},{"id":"b","text":"المسند إليه"},{"id":"c","text":"المفعول به"},{"id":"d","text":"حرفٌ لا معنى له"}]'::jsonb, 'a', 'الفعل يدلّ على حدثٍ مقترنٍ بزمن، وهو المسند؛ أي الخبر الذي نُسنده إلى صاحبه (الفاعل).', 1)
ON CONFLICT (id) DO UPDATE SET
  exercise_id = EXCLUDED.exercise_id,
  prompt = EXCLUDED.prompt,
  options = EXCLUDED.options,
  correct_option = EXCLUDED.correct_option,
  explanation = EXCLUDED.explanation,
  display_order = EXCLUDED.display_order;

INSERT INTO public.questions (id, exercise_id, prompt, options, correct_option, explanation, display_order) VALUES
  ('832d14ea-e7f0-50ed-aabf-3e3dca3b6194', '41053006-aad0-5f89-b5eb-fb81af09d4ff', 'الفاعل في الجملة الفعلية يُسمّى أيضًا:', '[{"id":"a","text":"المفعول به"},{"id":"b","text":"الخبر"},{"id":"c","text":"المسند إليه"},{"id":"d","text":"المسند"}]'::jsonb, 'c', 'الفاعل هو مَن قام بالفعل، وهو المسند إليه؛ أي مَن أُسند إليه الحدث وأُخبر عنه.', 2)
ON CONFLICT (id) DO UPDATE SET
  exercise_id = EXCLUDED.exercise_id,
  prompt = EXCLUDED.prompt,
  options = EXCLUDED.options,
  correct_option = EXCLUDED.correct_option,
  explanation = EXCLUDED.explanation,
  display_order = EXCLUDED.display_order;

INSERT INTO public.questions (id, exercise_id, prompt, options, correct_option, explanation, display_order) VALUES
  ('616adedc-9b4c-5c8e-9e56-02e1e95d303c', '41053006-aad0-5f89-b5eb-fb81af09d4ff', 'ما علامة رفع الفاعل الأصليّة؟', '[{"id":"a","text":"الفتحة"},{"id":"b","text":"الكسرة"},{"id":"c","text":"السكون"},{"id":"d","text":"الضمّة"}]'::jsonb, 'd', 'الفاعل مرفوعٌ دائمًا، وعلامة رفعه الأصليّة هي الضمّة على آخره، مثل: «نجحَ التلميذُ.»', 3)
ON CONFLICT (id) DO UPDATE SET
  exercise_id = EXCLUDED.exercise_id,
  prompt = EXCLUDED.prompt,
  options = EXCLUDED.options,
  correct_option = EXCLUDED.correct_option,
  explanation = EXCLUDED.explanation,
  display_order = EXCLUDED.display_order;

INSERT INTO public.questions (id, exercise_id, prompt, options, correct_option, explanation, display_order) VALUES
  ('44e1cf0d-9060-52cb-bee9-d508acff75e4', '41053006-aad0-5f89-b5eb-fb81af09d4ff', 'في الجملة «ركضَ الحصانُ.»، ما الفاعل (المسند إليه)؟', '[{"id":"a","text":"لا فاعل فيها"},{"id":"b","text":"الحصانُ"},{"id":"c","text":"ركضَ"},{"id":"d","text":"في الميدانِ"}]'::jsonb, 'b', 'نسأل: مَن ركضَ؟ فالجواب «الحصانُ»، فهو الفاعل المسند إليه المرفوع بالضمّة، و«ركضَ» فعلٌ مسند.', 4)
ON CONFLICT (id) DO UPDATE SET
  exercise_id = EXCLUDED.exercise_id,
  prompt = EXCLUDED.prompt,
  options = EXCLUDED.options,
  correct_option = EXCLUDED.correct_option,
  explanation = EXCLUDED.explanation,
  display_order = EXCLUDED.display_order;

INSERT INTO public.questions (id, exercise_id, prompt, options, correct_option, explanation, display_order) VALUES
  ('b8374724-b293-5939-a98e-46ca99af8a0f', '41053006-aad0-5f89-b5eb-fb81af09d4ff', 'أيّ جملةٍ راعت مطابقة الفعل لفاعله المؤنّث؟', '[{"id":"a","text":"لعبَ البنتُ."},{"id":"b","text":"البنتُ لعبَ."},{"id":"c","text":"لعبتِ البنتُ."},{"id":"d","text":"لعبوا البنتُ."}]'::jsonb, 'c', 'الفاعل «البنتُ» مؤنّثٌ فتلحق الفعلَ تاءُ التأنيث الساكنة: «لعبتِ البنتُ.»؛ أمّا «لعبَ البنتُ» فلم يطابق الفاعل المؤنّث.', 5)
ON CONFLICT (id) DO UPDATE SET
  exercise_id = EXCLUDED.exercise_id,
  prompt = EXCLUDED.prompt,
  options = EXCLUDED.options,
  correct_option = EXCLUDED.correct_option,
  explanation = EXCLUDED.explanation,
  display_order = EXCLUDED.display_order;

INSERT INTO public.exercises (id, chapter_id, subject_id, title, difficulty, xp_reward, reward_coins, mode, source, display_order) VALUES
  ('63c61abc-f942-51ea-97a6-4a47a1995fd3', '6fe31737-2a36-5ba8-a799-6197824489f2', 'arabic-4eme', '⭐ تمرين: نصطاد الفعل والفاعل', 1, 50, 10, 'practice', 'admin', 1)
ON CONFLICT (id) DO UPDATE SET
  chapter_id = EXCLUDED.chapter_id,
  subject_id = EXCLUDED.subject_id,
  title = EXCLUDED.title,
  difficulty = EXCLUDED.difficulty,
  xp_reward = EXCLUDED.xp_reward,
  reward_coins = EXCLUDED.reward_coins,
  mode = EXCLUDED.mode,
  display_order = EXCLUDED.display_order;

INSERT INTO public.questions (id, exercise_id, prompt, options, correct_option, explanation, display_order) VALUES
  ('e040949e-f540-5d99-932d-df879e500589', '63c61abc-f942-51ea-97a6-4a47a1995fd3', 'في الجملة «لعبَ الولدُ.»، ما الفعل (المسند)؟', '[{"id":"a","text":"الولدُ"},{"id":"b","text":"لعبَ"},{"id":"c","text":"في الساحةِ"},{"id":"d","text":"لا فعل فيها"}]'::jsonb, 'b', '«لعبَ» كلمةٌ تدلّ على حدثٍ وزمنٍ ماضٍ، فهي الفعل (المسند)، و«الولدُ» هو الفاعل الذي قام باللعب.', 1)
ON CONFLICT (id) DO UPDATE SET
  exercise_id = EXCLUDED.exercise_id,
  prompt = EXCLUDED.prompt,
  options = EXCLUDED.options,
  correct_option = EXCLUDED.correct_option,
  explanation = EXCLUDED.explanation,
  display_order = EXCLUDED.display_order;

INSERT INTO public.questions (id, exercise_id, prompt, options, correct_option, explanation, display_order) VALUES
  ('0519ebed-bb98-5b9e-acbc-01caddff02a9', '63c61abc-f942-51ea-97a6-4a47a1995fd3', 'في الجملة «تطيرُ الفراشةُ.»، مَن الفاعل (المسند إليه)؟', '[{"id":"a","text":"تطيرُ"},{"id":"b","text":"في الحديقةِ"},{"id":"c","text":"الفراشةُ"},{"id":"d","text":"لا فاعل فيها"}]'::jsonb, 'c', 'نسأل: مَن تطيرُ؟ فالجواب «الفراشةُ»، فهي الفاعل (المسند إليه)، و«تطيرُ» فعلٌ يدلّ على الحدث.', 2)
ON CONFLICT (id) DO UPDATE SET
  exercise_id = EXCLUDED.exercise_id,
  prompt = EXCLUDED.prompt,
  options = EXCLUDED.options,
  correct_option = EXCLUDED.correct_option,
  explanation = EXCLUDED.explanation,
  display_order = EXCLUDED.display_order;

INSERT INTO public.questions (id, exercise_id, prompt, options, correct_option, explanation, display_order) VALUES
  ('5d353616-b5d6-5e97-9fe6-b42dc27ec254', '63c61abc-f942-51ea-97a6-4a47a1995fd3', 'ما علامة رفع الفاعل في «نجحَ التلميذُ.»؟', '[{"id":"a","text":"الفتحة"},{"id":"b","text":"السكون"},{"id":"c","text":"الكسرة"},{"id":"d","text":"الضمّة"}]'::jsonb, 'd', 'الفاعل مرفوعٌ دائمًا، وعلامة رفعه الأصليّة الضمّة؛ فـ«التلميذُ» فاعلٌ مرفوعٌ بالضمّة الظاهرة على آخره.', 3)
ON CONFLICT (id) DO UPDATE SET
  exercise_id = EXCLUDED.exercise_id,
  prompt = EXCLUDED.prompt,
  options = EXCLUDED.options,
  correct_option = EXCLUDED.correct_option,
  explanation = EXCLUDED.explanation,
  display_order = EXCLUDED.display_order;

INSERT INTO public.questions (id, exercise_id, prompt, options, correct_option, explanation, display_order) VALUES
  ('65e739b8-59b3-5773-a094-6ced2ae96aac', '63c61abc-f942-51ea-97a6-4a47a1995fd3', 'بأيّ سؤالٍ نصل إلى الفاعل بعد الفعل؟', '[{"id":"a","text":"مَن فعلَ؟"},{"id":"b","text":"أينَ؟"},{"id":"c","text":"متى؟"},{"id":"d","text":"كيفَ؟"}]'::jsonb, 'a', 'للوصول إلى الفاعل نسأل بعد الفعل «مَن فعلَ؟»؛ فجواب «مَن نجحَ؟» هو الفاعل، أمّا «أينَ» و«متى» فيدلّان على المكان والزمان.', 4)
ON CONFLICT (id) DO UPDATE SET
  exercise_id = EXCLUDED.exercise_id,
  prompt = EXCLUDED.prompt,
  options = EXCLUDED.options,
  correct_option = EXCLUDED.correct_option,
  explanation = EXCLUDED.explanation,
  display_order = EXCLUDED.display_order;

INSERT INTO public.questions (id, exercise_id, prompt, options, correct_option, explanation, display_order) VALUES
  ('a6b78ba7-6853-5206-94f7-88716f2468ea', '63c61abc-f942-51ea-97a6-4a47a1995fd3', 'في الجملة «شربتِ البنتُ الحليبَ.»، عيّن الفاعل:', '[{"id":"a","text":"الحليبَ"},{"id":"b","text":"شربتِ"},{"id":"c","text":"البنتُ"},{"id":"d","text":"لا فاعل فيها"}]'::jsonb, 'c', '«البنتُ» هي مَن قامت بالشرب فهي الفاعل المرفوع بالضمّة، أمّا «الحليبَ» فمفعولٌ به وقع عليه الشرب.', 5)
ON CONFLICT (id) DO UPDATE SET
  exercise_id = EXCLUDED.exercise_id,
  prompt = EXCLUDED.prompt,
  options = EXCLUDED.options,
  correct_option = EXCLUDED.correct_option,
  explanation = EXCLUDED.explanation,
  display_order = EXCLUDED.display_order;

INSERT INTO public.questions (id, exercise_id, prompt, options, correct_option, explanation, display_order) VALUES
  ('761e87ae-4af6-5ba1-bbae-51c74e2bef5a', '63c61abc-f942-51ea-97a6-4a47a1995fd3', 'أيّ جملةٍ طابقَ فيها الفعلُ فاعلَه المؤنّث؟', '[{"id":"a","text":"كتبَ الطالبةُ."},{"id":"b","text":"كتبتِ الطالبةُ."},{"id":"c","text":"كتبوا الطالبةُ."},{"id":"d","text":"الطالبةُ كتبَ."}]'::jsonb, 'b', 'الفاعل «الطالبةُ» مؤنّثٌ فتلحق الفعلَ تاءُ التأنيث الساكنة: «كتبتِ الطالبةُ.»؛ أمّا «كتبَ الطالبةُ» فلم يراعِ المطابقة.', 6)
ON CONFLICT (id) DO UPDATE SET
  exercise_id = EXCLUDED.exercise_id,
  prompt = EXCLUDED.prompt,
  options = EXCLUDED.options,
  correct_option = EXCLUDED.correct_option,
  explanation = EXCLUDED.explanation,
  display_order = EXCLUDED.display_order;

INSERT INTO public.exercises (id, chapter_id, subject_id, title, difficulty, xp_reward, reward_coins, mode, source, display_order) VALUES
  ('e41cb5d9-acf1-5be4-a09e-e0dea585dce0', '6fe31737-2a36-5ba8-a799-6197824489f2', 'arabic-4eme', '⚔️ زعيم الفصل ⭐⭐⭐: قائد الفعل والفاعل', 3, 120, 30, 'boss', 'admin', 2)
ON CONFLICT (id) DO UPDATE SET
  chapter_id = EXCLUDED.chapter_id,
  subject_id = EXCLUDED.subject_id,
  title = EXCLUDED.title,
  difficulty = EXCLUDED.difficulty,
  xp_reward = EXCLUDED.xp_reward,
  reward_coins = EXCLUDED.reward_coins,
  mode = EXCLUDED.mode,
  display_order = EXCLUDED.display_order;

INSERT INTO public.questions (id, exercise_id, prompt, options, correct_option, explanation, display_order) VALUES
  ('474580df-1fca-580d-9fcf-4fe11d2886d3', 'e41cb5d9-acf1-5be4-a09e-e0dea585dce0', 'في الجملة «حصدَ الفلّاحُ القمحَ.»، عيّن الفاعل وعلامته:', '[{"id":"a","text":"الفلّاحُ، مرفوعٌ بالضمّة"},{"id":"b","text":"القمحَ، منصوبٌ بالفتحة"},{"id":"c","text":"حصدَ، فعلٌ ماضٍ"},{"id":"d","text":"لا فاعل في الجملة"}]'::jsonb, 'a', 'نسأل: مَن حصدَ؟ «الفلّاحُ»، فهو الفاعل المرفوع بالضمّة، أمّا «القمحَ» فمفعولٌ به منصوبٌ بالفتحة و«حصدَ» فعل.', 1)
ON CONFLICT (id) DO UPDATE SET
  exercise_id = EXCLUDED.exercise_id,
  prompt = EXCLUDED.prompt,
  options = EXCLUDED.options,
  correct_option = EXCLUDED.correct_option,
  explanation = EXCLUDED.explanation,
  display_order = EXCLUDED.display_order;

INSERT INTO public.questions (id, exercise_id, prompt, options, correct_option, explanation, display_order) VALUES
  ('8a39e047-9f93-5d3a-8b5e-75fac66bacc6', 'e41cb5d9-acf1-5be4-a09e-e0dea585dce0', 'أيّ جملةٍ راعت الرتبة الصحيحة (فعلٌ ثمّ فاعل) وهي فعلية؟', '[{"id":"a","text":"العصفورُ غرّدَ."},{"id":"b","text":"غرّدَ العصفورُ فوقَ الغصنِ."},{"id":"c","text":"فوقَ الغصنِ العصفورُ."},{"id":"d","text":"العصفورُ فوقَ الغصنِ."}]'::jsonb, 'b', '«غرّدَ العصفورُ فوقَ الغصنِ.» بدأت بالفعل «غرّدَ» ثمّ الفاعل «العصفورُ» فهي فعليةٌ مرتّبة؛ أمّا «العصفورُ غرّدَ» فبدأت باسمٍ فصارت اسمية.', 2)
ON CONFLICT (id) DO UPDATE SET
  exercise_id = EXCLUDED.exercise_id,
  prompt = EXCLUDED.prompt,
  options = EXCLUDED.options,
  correct_option = EXCLUDED.correct_option,
  explanation = EXCLUDED.explanation,
  display_order = EXCLUDED.display_order;

INSERT INTO public.questions (id, exercise_id, prompt, options, correct_option, explanation, display_order) VALUES
  ('aba4308e-d82b-5821-8736-b16376f328da', 'e41cb5d9-acf1-5be4-a09e-e0dea585dce0', 'اختر الجملة التي ضبطتِ الفاعلَ المؤنّث ضبطًا سليمًا في الفعل والعلامة:', '[{"id":"a","text":"نجحَ مريمَ في الامتحانِ."},{"id":"b","text":"نجحوا مريمُ في الامتحانِ."},{"id":"c","text":"نجحتْ مريمُ في الامتحانِ."},{"id":"d","text":"نجحَ مريمُ في الامتحانِ."}]'::jsonb, 'c', 'الفاعل «مريمُ» مؤنّثٌ ومرفوعٌ بالضمّة، فيلزم الفعلَ تاءُ التأنيث ويُرفع الاسم: «نجحتْ مريمُ.»؛ أمّا «نجحَ مريمُ» ففاته التأنيث.', 3)
ON CONFLICT (id) DO UPDATE SET
  exercise_id = EXCLUDED.exercise_id,
  prompt = EXCLUDED.prompt,
  options = EXCLUDED.options,
  correct_option = EXCLUDED.correct_option,
  explanation = EXCLUDED.explanation,
  display_order = EXCLUDED.display_order;

INSERT INTO public.questions (id, exercise_id, prompt, options, correct_option, explanation, display_order) VALUES
  ('5e42ebf4-233e-5646-9727-1c278475c0b9', 'e41cb5d9-acf1-5be4-a09e-e0dea585dce0', 'في الجملة «يقرأُ المجتهدونَ الدرسَ.»، ما علامة رفع الفاعل «المجتهدونَ»؟', '[{"id":"a","text":"الفتحة"},{"id":"b","text":"الكسرة"},{"id":"c","text":"السكون"},{"id":"d","text":"الواو، لأنّه جمعُ مذكّرٍ سالم"}]'::jsonb, 'd', '«المجتهدونَ» جمعُ مذكّرٍ سالمٌ، فيُرفع بالواو نيابةً عن الضمّة، وهو فاعلٌ قام بالقراءة.', 4)
ON CONFLICT (id) DO UPDATE SET
  exercise_id = EXCLUDED.exercise_id,
  prompt = EXCLUDED.prompt,
  options = EXCLUDED.options,
  correct_option = EXCLUDED.correct_option,
  explanation = EXCLUDED.explanation,
  display_order = EXCLUDED.display_order;

INSERT INTO public.questions (id, exercise_id, prompt, options, correct_option, explanation, display_order) VALUES
  ('fb5c5793-629d-5239-ac7e-008a71b20764', 'e41cb5d9-acf1-5be4-a09e-e0dea585dce0', 'حوّل الجملة الاسمية «التلميذُ يكتبُ الدرسَ.» إلى جملةٍ فعليةٍ مرتّبة:', '[{"id":"a","text":"الدرسَ يكتبُ التلميذُ."},{"id":"b","text":"يكتبُ التلميذُ الدرسَ."},{"id":"c","text":"التلميذُ الدرسَ يكتبُ."},{"id":"d","text":"يكتبُ الدرسَ التلميذُ."}]'::jsonb, 'b', 'نقدّم الفعل «يكتبُ» ثمّ الفاعل «التلميذُ» ثمّ المفعول «الدرسَ»: «يكتبُ التلميذُ الدرسَ.»؛ أمّا «يكتبُ الدرسَ التلميذُ» فقدّم المفعول على الفاعل والأصل تأخيره.', 5)
ON CONFLICT (id) DO UPDATE SET
  exercise_id = EXCLUDED.exercise_id,
  prompt = EXCLUDED.prompt,
  options = EXCLUDED.options,
  correct_option = EXCLUDED.correct_option,
  explanation = EXCLUDED.explanation,
  display_order = EXCLUDED.display_order;

INSERT INTO public.questions (id, exercise_id, prompt, options, correct_option, explanation, display_order) VALUES
  ('06a6e15a-6a12-5e23-abb0-f909aa00d6c8', 'e41cb5d9-acf1-5be4-a09e-e0dea585dce0', 'قال تلميذٌ: «في جملة (أكلَ القطُّ الفأرَ) الفأرُ هو الفاعل». ما الصحيح؟', '[{"id":"a","text":"صحيح، الفأرُ آخرُ الجملةِ فهو الفاعل"},{"id":"b","text":"صحيح، كلاهما فاعل"},{"id":"c","text":"خطأ؛ الفاعل «القطُّ» (مَن أكل، مرفوع)، و«الفأرَ» مفعولٌ به (وقع عليه الأكل، منصوب)"},{"id":"d","text":"خطأ؛ لا فاعل في الجملة أصلًا"}]'::jsonb, 'c', 'الخطأ الشائع: الخلط بين الفاعل والمفعول. الفاعل مَن قام بالفعل «القطُّ» مرفوعٌ بالضمّة، و«الفأرَ» وقع عليه الفعل فهو مفعولٌ به منصوبٌ بالفتحة.', 6)
ON CONFLICT (id) DO UPDATE SET
  exercise_id = EXCLUDED.exercise_id,
  prompt = EXCLUDED.prompt,
  options = EXCLUDED.options,
  correct_option = EXCLUDED.correct_option,
  explanation = EXCLUDED.explanation,
  display_order = EXCLUDED.display_order;

INSERT INTO public.exercises (id, chapter_id, subject_id, title, difficulty, xp_reward, reward_coins, mode, source, display_order) VALUES
  ('0a409b21-9b2f-5161-9283-aa635042bb27', '6fe31737-2a36-5ba8-a799-6197824489f2', 'arabic-4eme', '⭐⭐ تمرين مراجعة (نمط امتحان): الفعل والفاعل', 2, 75, 15, 'practice', 'admin', 3)
ON CONFLICT (id) DO UPDATE SET
  chapter_id = EXCLUDED.chapter_id,
  subject_id = EXCLUDED.subject_id,
  title = EXCLUDED.title,
  difficulty = EXCLUDED.difficulty,
  xp_reward = EXCLUDED.xp_reward,
  reward_coins = EXCLUDED.reward_coins,
  mode = EXCLUDED.mode,
  display_order = EXCLUDED.display_order;

INSERT INTO public.questions (id, exercise_id, prompt, options, correct_option, explanation, display_order) VALUES
  ('a5ab9437-4128-550c-8a91-5971a9852791', '0a409b21-9b2f-5161-9283-aa635042bb27', 'في الجملة «طبخَ الطبّاخُ.»، الفعلُ «طبخَ» يُسمّى في الإسناد:', '[{"id":"a","text":"المسند"},{"id":"b","text":"المسند إليه"},{"id":"c","text":"المفعول به"},{"id":"d","text":"النعت"}]'::jsonb, 'a', 'الفعل في الجملة الفعلية هو المسند؛ أي الخبر الدالّ على الحدث الذي نُسنده إلى الفاعل، والفاعل «الطبّاخُ» هو المسند إليه.', 1)
ON CONFLICT (id) DO UPDATE SET
  exercise_id = EXCLUDED.exercise_id,
  prompt = EXCLUDED.prompt,
  options = EXCLUDED.options,
  correct_option = EXCLUDED.correct_option,
  explanation = EXCLUDED.explanation,
  display_order = EXCLUDED.display_order;

INSERT INTO public.questions (id, exercise_id, prompt, options, correct_option, explanation, display_order) VALUES
  ('052f81ed-e666-5ea2-9443-54314d19e847', '0a409b21-9b2f-5161-9283-aa635042bb27', 'اقرأ: «صعدَ الجبلَ المتسلّقُ.» ما الخطأ في الرتبة؟', '[{"id":"a","text":"لا خطأ، الجملة سليمة"},{"id":"b","text":"قُدّم المفعول «الجبلَ» على الفاعل «المتسلّقُ»"},{"id":"c","text":"الفعل في غير موضعه"},{"id":"d","text":"الفاعل منصوب"}]'::jsonb, 'b', 'الرتبة الأصليّة: فعلٌ ثمّ فاعلٌ ثمّ مفعول؛ والصواب «صعدَ المتسلّقُ الجبلَ.»، فهنا قُدّم المفعول «الجبلَ» على الفاعل.', 2)
ON CONFLICT (id) DO UPDATE SET
  exercise_id = EXCLUDED.exercise_id,
  prompt = EXCLUDED.prompt,
  options = EXCLUDED.options,
  correct_option = EXCLUDED.correct_option,
  explanation = EXCLUDED.explanation,
  display_order = EXCLUDED.display_order;

INSERT INTO public.questions (id, exercise_id, prompt, options, correct_option, explanation, display_order) VALUES
  ('f115e654-f62c-5ef5-a492-416886b3ec3a', '0a409b21-9b2f-5161-9283-aa635042bb27', 'أيّ جملةٍ فيها الفاعلُ مرفوعٌ بالضمّة ضبطًا صحيحًا؟', '[{"id":"a","text":"فازَ اللاعبَ."},{"id":"b","text":"فازَ اللاعبِ."},{"id":"c","text":"فازَ اللاعبُ."},{"id":"d","text":"فازَ اللاعبْ."}]'::jsonb, 'c', 'الفاعل «اللاعبُ» مرفوعٌ، وعلامة رفعه الضمّة على آخره: «فازَ اللاعبُ.»؛ أمّا الفتحة والكسرة والسكون فليست علامات رفعٍ هنا.', 3)
ON CONFLICT (id) DO UPDATE SET
  exercise_id = EXCLUDED.exercise_id,
  prompt = EXCLUDED.prompt,
  options = EXCLUDED.options,
  correct_option = EXCLUDED.correct_option,
  explanation = EXCLUDED.explanation,
  display_order = EXCLUDED.display_order;

INSERT INTO public.questions (id, exercise_id, prompt, options, correct_option, explanation, display_order) VALUES
  ('57c61692-68c4-5d6d-9b9a-77c31f36a1f0', '0a409b21-9b2f-5161-9283-aa635042bb27', 'في الجملة «ذهبتْ سعادُ.»، لماذا لحقت الفعلَ تاءُ التأنيث؟', '[{"id":"a","text":"لأنّ الفاعل «سعادُ» مؤنّث"},{"id":"b","text":"لأنّ الفعل ماضٍ فقط"},{"id":"c","text":"لأنّ الجملة قصيرة"},{"id":"d","text":"لأنّ الفاعل جمعٌ"}]'::jsonb, 'a', 'يطابق الفعلُ فاعلَه في التذكير والتأنيث؛ والفاعل «سعادُ» مؤنّثٌ فلحقت الفعلَ تاءُ التأنيث الساكنة: «ذهبتْ سعادُ.»', 4)
ON CONFLICT (id) DO UPDATE SET
  exercise_id = EXCLUDED.exercise_id,
  prompt = EXCLUDED.prompt,
  options = EXCLUDED.options,
  correct_option = EXCLUDED.correct_option,
  explanation = EXCLUDED.explanation,
  display_order = EXCLUDED.display_order;

INSERT INTO public.questions (id, exercise_id, prompt, options, correct_option, explanation, display_order) VALUES
  ('a298cc6b-ec79-5596-81a0-7e513da42003', '0a409b21-9b2f-5161-9283-aa635042bb27', 'عيّن الجملة الفعلية الصحيحة المرتّبة:', '[{"id":"a","text":"الرسالةَ كتبَ خالدٌ."},{"id":"b","text":"خالدٌ كتبَ الرسالةَ."},{"id":"c","text":"كتبَ خالدٌ الرسالةَ."},{"id":"d","text":"كتبَ الرسالةَ خالدٌ."}]'::jsonb, 'c', 'الفعلية المرتّبة: فعلٌ «كتبَ» ثمّ فاعلٌ «خالدٌ» ثمّ مفعولٌ «الرسالةَ»: «كتبَ خالدٌ الرسالةَ.»؛ أمّا «خالدٌ كتبَ...» فاسمية لبدئها باسم.', 5)
ON CONFLICT (id) DO UPDATE SET
  exercise_id = EXCLUDED.exercise_id,
  prompt = EXCLUDED.prompt,
  options = EXCLUDED.options,
  correct_option = EXCLUDED.correct_option,
  explanation = EXCLUDED.explanation,
  display_order = EXCLUDED.display_order;

INSERT INTO public.questions (id, exercise_id, prompt, options, correct_option, explanation, display_order) VALUES
  ('48f4eceb-26e0-5210-a399-2edb7626d1cf', '0a409b21-9b2f-5161-9283-aa635042bb27', 'ما المسند إليه (الفاعل) في «تشرقُ الشمسُ صباحًا.»؟', '[{"id":"a","text":"صباحًا"},{"id":"b","text":"تشرقُ"},{"id":"c","text":"لا فاعل فيها"},{"id":"d","text":"الشمسُ"}]'::jsonb, 'd', 'نسأل: مَن تشرقُ؟ «الشمسُ»، فهي الفاعل (المسند إليه) المرفوع بالضمّة، و«صباحًا» ظرفُ زمانٍ يبيّن وقت الشروق.', 6)
ON CONFLICT (id) DO UPDATE SET
  exercise_id = EXCLUDED.exercise_id,
  prompt = EXCLUDED.prompt,
  options = EXCLUDED.options,
  correct_option = EXCLUDED.correct_option,
  explanation = EXCLUDED.explanation,
  display_order = EXCLUDED.display_order;

INSERT INTO public.exercises (id, chapter_id, subject_id, title, difficulty, xp_reward, reward_coins, mode, source, display_order) VALUES
  ('ef709956-480f-5f5a-9d7d-7c2ad70a70f8', '6fe31737-2a36-5ba8-a799-6197824489f2', 'arabic-4eme', '👑 تحدّي النخبة ⭐⭐⭐⭐: سيّد الإسناد', 4, 300, 60, 'challenge', 'admin', 4)
ON CONFLICT (id) DO UPDATE SET
  chapter_id = EXCLUDED.chapter_id,
  subject_id = EXCLUDED.subject_id,
  title = EXCLUDED.title,
  difficulty = EXCLUDED.difficulty,
  xp_reward = EXCLUDED.xp_reward,
  reward_coins = EXCLUDED.reward_coins,
  mode = EXCLUDED.mode,
  display_order = EXCLUDED.display_order;

INSERT INTO public.questions (id, exercise_id, prompt, options, correct_option, explanation, display_order) VALUES
  ('87122a61-034d-53a2-a374-239ba2887219', 'ef709956-480f-5f5a-9d7d-7c2ad70a70f8', 'في الجملة «يحرسُ الجنودُ الحدودَ.»، ما إعراب «الجنودُ»؟', '[{"id":"a","text":"فاعلٌ مرفوعٌ، وعلامة رفعه الضمّة"},{"id":"b","text":"مفعولٌ به منصوبٌ بالفتحة"},{"id":"c","text":"فعلٌ مضارع"},{"id":"d","text":"نعتٌ مرفوع"}]'::jsonb, 'a', '«الجنودُ» جمعُ تكسيرٍ وقع فاعلًا، فهو مرفوعٌ وعلامة رفعه الضمّة الظاهرة، و«الحدودَ» مفعولٌ به منصوبٌ بالفتحة.', 1)
ON CONFLICT (id) DO UPDATE SET
  exercise_id = EXCLUDED.exercise_id,
  prompt = EXCLUDED.prompt,
  options = EXCLUDED.options,
  correct_option = EXCLUDED.correct_option,
  explanation = EXCLUDED.explanation,
  display_order = EXCLUDED.display_order;

INSERT INTO public.questions (id, exercise_id, prompt, options, correct_option, explanation, display_order) VALUES
  ('aa1ec46b-91c1-53a0-b11f-c5fb694bd82e', 'ef709956-480f-5f5a-9d7d-7c2ad70a70f8', 'اقرأ: «وصلَ المسافرونَ. استقبلتْهم العائلةُ.» ما علامة رفع الفاعل «المسافرونَ»؟', '[{"id":"a","text":"الضمّة"},{"id":"b","text":"الواو، لأنّه جمعُ مذكّرٍ سالم"},{"id":"c","text":"الفتحة"},{"id":"d","text":"الكسرة"}]'::jsonb, 'b', '«المسافرونَ» جمعُ مذكّرٍ سالمٌ، فيُرفع بالواو نيابةً عن الضمّة؛ فالواو هنا علامةُ رفعِ الفاعل.', 2)
ON CONFLICT (id) DO UPDATE SET
  exercise_id = EXCLUDED.exercise_id,
  prompt = EXCLUDED.prompt,
  options = EXCLUDED.options,
  correct_option = EXCLUDED.correct_option,
  explanation = EXCLUDED.explanation,
  display_order = EXCLUDED.display_order;

INSERT INTO public.questions (id, exercise_id, prompt, options, correct_option, explanation, display_order) VALUES
  ('1ecbd186-8e2a-587c-8e03-6b4230a8691b', 'ef709956-480f-5f5a-9d7d-7c2ad70a70f8', 'أيُّ جملةٍ جمعت الضبط الصحيح: فعلٌ مطابقٌ لفاعلٍ مؤنّثٍ، وفاعلٌ مرفوع، ومفعولٌ منصوب؟', '[{"id":"a","text":"زرعَ الفلّاحةُ الأرضَ."},{"id":"b","text":"زرعتِ الفلّاحةِ الأرضُ."},{"id":"c","text":"زرعتِ الفلّاحةُ الأرضَ."},{"id":"d","text":"زرعتْ الفلّاحةُ الأرضُ."}]'::jsonb, 'c', 'الفاعل «الفلّاحةُ» مؤنّثٌ فتلحق الفعلَ تاءُ التأنيث ويُرفع بالضمّة، و«الأرضَ» مفعولٌ به منصوبٌ بالفتحة: «زرعتِ الفلّاحةُ الأرضَ.»', 3)
ON CONFLICT (id) DO UPDATE SET
  exercise_id = EXCLUDED.exercise_id,
  prompt = EXCLUDED.prompt,
  options = EXCLUDED.options,
  correct_option = EXCLUDED.correct_option,
  explanation = EXCLUDED.explanation,
  display_order = EXCLUDED.display_order;

INSERT INTO public.questions (id, exercise_id, prompt, options, correct_option, explanation, display_order) VALUES
  ('83f1b83c-c7ab-5e64-bef6-26fa803c04c1', 'ef709956-480f-5f5a-9d7d-7c2ad70a70f8', 'اقرأ: «نظّفتِ البنتُ غرفتَها ثمّ رتّبتْها.» في «رتّبتْها» مَن الفاعل؟', '[{"id":"a","text":"غرفتَها"},{"id":"b","text":"«ـها» الضمير المتّصل"},{"id":"c","text":"ضميرٌ مستترٌ تقديره «هي» يعود على البنتِ"},{"id":"d","text":"لا فاعل في الفعل"}]'::jsonb, 'c', 'الفاعل في «رتّبتْها» ضميرٌ مستترٌ تقديره «هي» يعود على «البنتِ»، و«ـها» ضميرٌ في محلّ نصب مفعولٍ به (الغرفة)؛ فالفاعل ليس ظاهرًا بل مستتر.', 4)
ON CONFLICT (id) DO UPDATE SET
  exercise_id = EXCLUDED.exercise_id,
  prompt = EXCLUDED.prompt,
  options = EXCLUDED.options,
  correct_option = EXCLUDED.correct_option,
  explanation = EXCLUDED.explanation,
  display_order = EXCLUDED.display_order;

INSERT INTO public.questions (id, exercise_id, prompt, options, correct_option, explanation, display_order) VALUES
  ('b86e7492-9a0a-5459-8832-9ed8521a1548', 'ef709956-480f-5f5a-9d7d-7c2ad70a70f8', 'ما الجملة الفعلية المرتّبة التي راعت الرتبة وعلامات الإعراب جميعًا؟', '[{"id":"a","text":"القصيدةَ ألقى الشاعرُ."},{"id":"b","text":"ألقى الشاعرُ القصيدةَ."},{"id":"c","text":"الشاعرُ ألقى القصيدةَ."},{"id":"d","text":"ألقى القصيدةَ الشاعرُ."}]'::jsonb, 'b', 'الرتبة: فعلٌ «ألقى» ثمّ فاعلٌ مرفوع «الشاعرُ» ثمّ مفعولٌ منصوب «القصيدةَ»: «ألقى الشاعرُ القصيدةَ.»؛ أمّا «ألقى القصيدةَ الشاعرُ» فقدّم المفعول على الفاعل.', 5)
ON CONFLICT (id) DO UPDATE SET
  exercise_id = EXCLUDED.exercise_id,
  prompt = EXCLUDED.prompt,
  options = EXCLUDED.options,
  correct_option = EXCLUDED.correct_option,
  explanation = EXCLUDED.explanation,
  display_order = EXCLUDED.display_order;

INSERT INTO public.questions (id, exercise_id, prompt, options, correct_option, explanation, display_order) VALUES
  ('020a29b2-cd8b-5dc7-82f1-a49b188a9d86', 'ef709956-480f-5f5a-9d7d-7c2ad70a70f8', 'قال تلميذٌ: «كلّ فعلٍ ماضٍ تلحقه تاءٌ مع الفاعل المؤنّث وجوبًا حتى لو فُصل بينهما». ما الأدقّ؟', '[{"id":"a","text":"صحيحٌ مطلقًا في كلّ الحالات"},{"id":"b","text":"خطأ؛ لا تأنيث للفعل أبدًا"},{"id":"c","text":"خطأ؛ الفاعل المؤنّث لا علاقة له بالفعل"},{"id":"d","text":"في مستوانا: مع الفاعل المؤنّث الظاهر تلحق الفعلَ تاءُ التأنيث (نجحتْ مريمُ)"}]'::jsonb, 'd', 'في مستوى السنة الرابعة: متى كان الفاعل مؤنّثًا ظاهرًا لحقت الفعلَ تاءُ التأنيث الساكنة، مثل «نجحتْ مريمُ» و«لعبتِ البنتُ»؛ فالمطابقة في التأنيث قاعدةٌ نلتزمها.', 6)
ON CONFLICT (id) DO UPDATE SET
  exercise_id = EXCLUDED.exercise_id,
  prompt = EXCLUDED.prompt,
  options = EXCLUDED.options,
  correct_option = EXCLUDED.correct_option,
  explanation = EXCLUDED.explanation,
  display_order = EXCLUDED.display_order;

INSERT INTO public.exercises (id, chapter_id, subject_id, title, difficulty, xp_reward, reward_coins, mode, source, display_order) VALUES
  ('6ca2a28b-cf63-5d05-9deb-1d3fae63f5da', '6fe31737-2a36-5ba8-a799-6197824489f2', 'arabic-4eme', '📝 تدريب ⭐⭐⭐: مراجعة شاملة على الفعل والفاعل', 3, 120, 30, 'boss', 'admin', 5)
ON CONFLICT (id) DO UPDATE SET
  chapter_id = EXCLUDED.chapter_id,
  subject_id = EXCLUDED.subject_id,
  title = EXCLUDED.title,
  difficulty = EXCLUDED.difficulty,
  xp_reward = EXCLUDED.xp_reward,
  reward_coins = EXCLUDED.reward_coins,
  mode = EXCLUDED.mode,
  display_order = EXCLUDED.display_order;

INSERT INTO public.questions (id, exercise_id, prompt, options, correct_option, explanation, display_order) VALUES
  ('b20a46f1-b770-51ec-8fcc-ea1469c95add', '6ca2a28b-cf63-5d05-9deb-1d3fae63f5da', 'في الجملة «هطلَ المطرُ.»، عيّن الفاعل:', '[{"id":"a","text":"المطرُ"},{"id":"b","text":"هطلَ"},{"id":"c","text":"في الشتاءِ"},{"id":"d","text":"لا فاعل فيها"}]'::jsonb, 'a', 'نسأل: ما الذي هطلَ؟ «المطرُ»، فهو الفاعل المرفوع بالضمّة، و«هطلَ» فعلٌ ماضٍ دالٌّ على الحدث.', 1)
ON CONFLICT (id) DO UPDATE SET
  exercise_id = EXCLUDED.exercise_id,
  prompt = EXCLUDED.prompt,
  options = EXCLUDED.options,
  correct_option = EXCLUDED.correct_option,
  explanation = EXCLUDED.explanation,
  display_order = EXCLUDED.display_order;

INSERT INTO public.questions (id, exercise_id, prompt, options, correct_option, explanation, display_order) VALUES
  ('d1da55dd-1120-5cac-b195-84571caf760f', '6ca2a28b-cf63-5d05-9deb-1d3fae63f5da', 'ما الذي يجعل الكلمة فعلًا (مسندًا)؟', '[{"id":"a","text":"دلالتها على ذاتٍ فقط"},{"id":"b","text":"دلالتها على حدثٍ مقترنٍ بزمن"},{"id":"c","text":"كونها في آخر الجملة"},{"id":"d","text":"كونها معرفةً بالـ"}]'::jsonb, 'b', 'الفعل كلمةٌ تدلّ على حدثٍ مقترنٍ بزمن (ماضٍ أو حاضرٍ أو مستقبل) مثل «كتبَ، يكتبُ»، وهو المسند في الجملة الفعلية.', 2)
ON CONFLICT (id) DO UPDATE SET
  exercise_id = EXCLUDED.exercise_id,
  prompt = EXCLUDED.prompt,
  options = EXCLUDED.options,
  correct_option = EXCLUDED.correct_option,
  explanation = EXCLUDED.explanation,
  display_order = EXCLUDED.display_order;

INSERT INTO public.questions (id, exercise_id, prompt, options, correct_option, explanation, display_order) VALUES
  ('bab0d284-490a-5e14-9dbe-01ce89ccbee6', '6ca2a28b-cf63-5d05-9deb-1d3fae63f5da', 'أيّ جملةٍ خالفتِ المطابقة بين الفعل وفاعله المؤنّث؟', '[{"id":"a","text":"نامتِ الطفلةُ."},{"id":"b","text":"ذهبتْ فاطمةُ."},{"id":"c","text":"لعبَ البنتُ."},{"id":"d","text":"كتبتِ المعلّمةُ."}]'::jsonb, 'c', '«لعبَ البنتُ» خطأ؛ الفاعل «البنتُ» مؤنّثٌ فيلزم الفعلَ تاءُ التأنيث: «لعبتِ البنتُ.»، والبقيّة راعت المطابقة.', 3)
ON CONFLICT (id) DO UPDATE SET
  exercise_id = EXCLUDED.exercise_id,
  prompt = EXCLUDED.prompt,
  options = EXCLUDED.options,
  correct_option = EXCLUDED.correct_option,
  explanation = EXCLUDED.explanation,
  display_order = EXCLUDED.display_order;

INSERT INTO public.questions (id, exercise_id, prompt, options, correct_option, explanation, display_order) VALUES
  ('8d6be2cf-79a8-54f7-8a43-f5153e51cabf', '6ca2a28b-cf63-5d05-9deb-1d3fae63f5da', 'في «يكتبُ المعلّمونَ على السبّورةِ.»، ما إعراب «المعلّمونَ»؟', '[{"id":"a","text":"مفعولٌ به منصوب"},{"id":"b","text":"فاعلٌ مرفوعٌ بالفتحة"},{"id":"c","text":"نعتٌ مجرور"},{"id":"d","text":"فاعلٌ مرفوعٌ بالواو (جمعُ مذكّرٍ سالم)"}]'::jsonb, 'd', '«المعلّمونَ» جمعُ مذكّرٍ سالمٌ وقع فاعلًا، فهو مرفوعٌ بالواو نيابةً عن الضمّة، وهو مَن قام بالكتابة.', 4)
ON CONFLICT (id) DO UPDATE SET
  exercise_id = EXCLUDED.exercise_id,
  prompt = EXCLUDED.prompt,
  options = EXCLUDED.options,
  correct_option = EXCLUDED.correct_option,
  explanation = EXCLUDED.explanation,
  display_order = EXCLUDED.display_order;

INSERT INTO public.questions (id, exercise_id, prompt, options, correct_option, explanation, display_order) VALUES
  ('5c204db5-9a9c-53b4-a931-882fd70044a3', '6ca2a28b-cf63-5d05-9deb-1d3fae63f5da', 'اقرأ: «الفلّاحُ يجمعُ الزيتونَ.» ما الصواب في نوعها وفاعلها؟', '[{"id":"a","text":"فعلية، وفاعلها «الزيتونَ»"},{"id":"b","text":"اسمية، والفاعل في جملة الخبر ضميرٌ مستترٌ تقديره «هو»"},{"id":"c","text":"فعلية، ولا فاعل فيها"},{"id":"d","text":"اسمية، وفاعلها «الفلّاحُ» المنصوب"}]'::jsonb, 'b', 'الجملة بدأت بالاسم «الفلّاحُ» (مبتدأ) فهي اسمية، وخبرها جملة «يجمعُ الزيتونَ» وفاعل «يجمعُ» ضميرٌ مستترٌ تقديره «هو» يعود على الفلّاح.', 5)
ON CONFLICT (id) DO UPDATE SET
  exercise_id = EXCLUDED.exercise_id,
  prompt = EXCLUDED.prompt,
  options = EXCLUDED.options,
  correct_option = EXCLUDED.correct_option,
  explanation = EXCLUDED.explanation,
  display_order = EXCLUDED.display_order;

INSERT INTO public.questions (id, exercise_id, prompt, options, correct_option, explanation, display_order) VALUES
  ('c6f3225a-ec68-5615-bac9-c6cde3b54c7f', '6ca2a28b-cf63-5d05-9deb-1d3fae63f5da', 'رتّب لتصنع جملةً فعليةً سليمة من: (القطارَ — ركبَ — المسافرُ):', '[{"id":"a","text":"ركبَ المسافرُ القطارَ."},{"id":"b","text":"القطارَ المسافرُ ركبَ."},{"id":"c","text":"المسافرُ القطارَ ركبَ."},{"id":"d","text":"القطارَ ركبَ المسافرُ."}]'::jsonb, 'a', 'الفعلية المرتّبة: فعلٌ «ركبَ» ثمّ فاعلٌ مرفوع «المسافرُ» ثمّ مفعولٌ منصوب «القطارَ»: «ركبَ المسافرُ القطارَ.»', 6)
ON CONFLICT (id) DO UPDATE SET
  exercise_id = EXCLUDED.exercise_id,
  prompt = EXCLUDED.prompt,
  options = EXCLUDED.options,
  correct_option = EXCLUDED.correct_option,
  explanation = EXCLUDED.explanation,
  display_order = EXCLUDED.display_order;

INSERT INTO public.exercises (id, chapter_id, subject_id, title, difficulty, xp_reward, reward_coins, mode, source, display_order) VALUES
  ('8af5088d-df53-5c6c-8641-bbb3e0aecb1a', 'ecf6e2d7-2ca3-5155-b67b-052d032180d4', 'arabic-4eme', 'اختبار فهم الدرس ⭐', 1, 20, 5, 'quiz', 'admin', 0)
ON CONFLICT (id) DO UPDATE SET
  chapter_id = EXCLUDED.chapter_id,
  subject_id = EXCLUDED.subject_id,
  title = EXCLUDED.title,
  difficulty = EXCLUDED.difficulty,
  xp_reward = EXCLUDED.xp_reward,
  reward_coins = EXCLUDED.reward_coins,
  mode = EXCLUDED.mode,
  display_order = EXCLUDED.display_order;

INSERT INTO public.questions (id, exercise_id, prompt, options, correct_option, explanation, display_order) VALUES
  ('d2a2fdec-4ebf-5240-b2a9-13e3f4cf1f23', '8af5088d-df53-5c6c-8641-bbb3e0aecb1a', 'ما المفعول به؟', '[{"id":"a","text":"الاسم الذي يقوم بالفعل"},{"id":"b","text":"الفعل الذي يدلّ على الحدث"},{"id":"c","text":"الاسم الذي وقع عليه فعل الفاعل"},{"id":"d","text":"حرفٌ يربط بين جملتين"}]'::jsonb, 'c', 'المفعول به اسمٌ يدلّ على ما وقع عليه فعل الفاعل، فيُتمّ معنى الجملة الفعلية؛ أمّا الذي يقوم بالفعل فهو الفاعل.', 1)
ON CONFLICT (id) DO UPDATE SET
  exercise_id = EXCLUDED.exercise_id,
  prompt = EXCLUDED.prompt,
  options = EXCLUDED.options,
  correct_option = EXCLUDED.correct_option,
  explanation = EXCLUDED.explanation,
  display_order = EXCLUDED.display_order;

INSERT INTO public.questions (id, exercise_id, prompt, options, correct_option, explanation, display_order) VALUES
  ('7d88a5b5-8b61-5dff-a84a-9425e7725c16', '8af5088d-df53-5c6c-8641-bbb3e0aecb1a', 'ما علامة المفعول به الغالبة؟', '[{"id":"a","text":"الضمّة"},{"id":"b","text":"السكون"},{"id":"c","text":"الكسرة"},{"id":"d","text":"الفتحة"}]'::jsonb, 'd', 'المفعول به منصوبٌ وعلامته الغالبة الفتحة على آخره، بينما الفاعل مرفوعٌ بالضمّة عادةً.', 2)
ON CONFLICT (id) DO UPDATE SET
  exercise_id = EXCLUDED.exercise_id,
  prompt = EXCLUDED.prompt,
  options = EXCLUDED.options,
  correct_option = EXCLUDED.correct_option,
  explanation = EXCLUDED.explanation,
  display_order = EXCLUDED.display_order;

INSERT INTO public.questions (id, exercise_id, prompt, options, correct_option, explanation, display_order) VALUES
  ('9367e226-1e37-5d28-bcd7-604a3a8d0d70', '8af5088d-df53-5c6c-8641-bbb3e0aecb1a', 'في الجملة «أكلَ القطُّ السمكةَ.»، ما المفعول به؟', '[{"id":"a","text":"السمكةَ"},{"id":"b","text":"القطُّ"},{"id":"c","text":"أكلَ"},{"id":"d","text":"لا مفعول به فيها"}]'::jsonb, 'a', '«السمكةَ» هي ما وقع عليها الأكل فهي المفعول به (منصوبٌ بالفتحة)، و«القطُّ» فاعلٌ و«أكلَ» فعل.', 3)
ON CONFLICT (id) DO UPDATE SET
  exercise_id = EXCLUDED.exercise_id,
  prompt = EXCLUDED.prompt,
  options = EXCLUDED.options,
  correct_option = EXCLUDED.correct_option,
  explanation = EXCLUDED.explanation,
  display_order = EXCLUDED.display_order;

INSERT INTO public.questions (id, exercise_id, prompt, options, correct_option, explanation, display_order) VALUES
  ('c6548990-3480-52d6-a895-4c5496524dad', '8af5088d-df53-5c6c-8641-bbb3e0aecb1a', 'أيّ جملةٍ ممّا يلي لا تحتاج مفعولًا به لأنّ فعلها يكتفي بفاعله؟', '[{"id":"a","text":"كتبَ سعيدٌ الدرسَ."},{"id":"b","text":"نامَ الطفلُ مبكّرًا."},{"id":"c","text":"قرأَ الولدُ الكتابَ."},{"id":"d","text":"غرسَ الفلّاحُ الشجرةَ."}]'::jsonb, 'b', '«نامَ» فعلٌ يكتفي بفاعله ولا يقع على شيء، فلا مفعول به في «نامَ الطفلُ مبكّرًا.»، أمّا البقيّة فأفعالها وقعت على مفعولٍ به.', 4)
ON CONFLICT (id) DO UPDATE SET
  exercise_id = EXCLUDED.exercise_id,
  prompt = EXCLUDED.prompt,
  options = EXCLUDED.options,
  correct_option = EXCLUDED.correct_option,
  explanation = EXCLUDED.explanation,
  display_order = EXCLUDED.display_order;

INSERT INTO public.questions (id, exercise_id, prompt, options, correct_option, explanation, display_order) VALUES
  ('f6210912-bc15-5faa-888b-1202ab48ad12', '8af5088d-df53-5c6c-8641-bbb3e0aecb1a', 'في الجملة «قرأَهُ التلميذُ.»، ما إعراب الضمير «ـه» المتّصل بالفعل؟', '[{"id":"a","text":"فاعلٌ مرفوع"},{"id":"b","text":"فعلٌ ماضٍ"},{"id":"c","text":"حرفُ جرّ"},{"id":"d","text":"ضميرٌ في محلّ نصب مفعولٍ به"}]'::jsonb, 'd', 'المفعول به يأتي ضميرًا متّصلًا أحيانًا؛ فـ«ـه» في «قرأَهُ» ضميرٌ في محلّ نصب مفعولٍ به (أي قرأ الكتابَ)، والفاعل هو «التلميذُ».', 5)
ON CONFLICT (id) DO UPDATE SET
  exercise_id = EXCLUDED.exercise_id,
  prompt = EXCLUDED.prompt,
  options = EXCLUDED.options,
  correct_option = EXCLUDED.correct_option,
  explanation = EXCLUDED.explanation,
  display_order = EXCLUDED.display_order;

INSERT INTO public.exercises (id, chapter_id, subject_id, title, difficulty, xp_reward, reward_coins, mode, source, display_order) VALUES
  ('c7f09a33-5a97-5c78-9c89-2585e321bc7c', 'ecf6e2d7-2ca3-5155-b67b-052d032180d4', 'arabic-4eme', '⭐ تمرين: نصطاد المفعول به', 1, 50, 10, 'practice', 'admin', 1)
ON CONFLICT (id) DO UPDATE SET
  chapter_id = EXCLUDED.chapter_id,
  subject_id = EXCLUDED.subject_id,
  title = EXCLUDED.title,
  difficulty = EXCLUDED.difficulty,
  xp_reward = EXCLUDED.xp_reward,
  reward_coins = EXCLUDED.reward_coins,
  mode = EXCLUDED.mode,
  display_order = EXCLUDED.display_order;

INSERT INTO public.questions (id, exercise_id, prompt, options, correct_option, explanation, display_order) VALUES
  ('7cc6d522-6e2c-58ff-8464-759b1a4764bb', 'c7f09a33-5a97-5c78-9c89-2585e321bc7c', 'في الجملة «شربَ الطفلُ الحليبَ.»، ما المفعول به؟', '[{"id":"a","text":"الطفلُ"},{"id":"b","text":"الحليبَ"},{"id":"c","text":"شربَ"},{"id":"d","text":"لا مفعول به فيها"}]'::jsonb, 'b', '«الحليبَ» هو ما وقع عليه فعل الشرب فهو المفعول به، و«الطفلُ» فاعلٌ (مَن شرب) و«شربَ» فعل.', 1)
ON CONFLICT (id) DO UPDATE SET
  exercise_id = EXCLUDED.exercise_id,
  prompt = EXCLUDED.prompt,
  options = EXCLUDED.options,
  correct_option = EXCLUDED.correct_option,
  explanation = EXCLUDED.explanation,
  display_order = EXCLUDED.display_order;

INSERT INTO public.questions (id, exercise_id, prompt, options, correct_option, explanation, display_order) VALUES
  ('46c0b92a-e55c-51ee-8958-08e167c923a4', 'c7f09a33-5a97-5c78-9c89-2585e321bc7c', 'ما علامة المفعول به الغالبة؟', '[{"id":"a","text":"الضمّة"},{"id":"b","text":"الفتحة"},{"id":"c","text":"الكسرة"},{"id":"d","text":"السكون"}]'::jsonb, 'b', 'المفعول به منصوبٌ وعلامته الغالبة الفتحة على آخره، مثل «السمكةَ» في «أكلَ القطُّ السمكةَ.»، بينما الفاعل مرفوعٌ بالضمّة.', 2)
ON CONFLICT (id) DO UPDATE SET
  exercise_id = EXCLUDED.exercise_id,
  prompt = EXCLUDED.prompt,
  options = EXCLUDED.options,
  correct_option = EXCLUDED.correct_option,
  explanation = EXCLUDED.explanation,
  display_order = EXCLUDED.display_order;

INSERT INTO public.questions (id, exercise_id, prompt, options, correct_option, explanation, display_order) VALUES
  ('6d391f59-3054-545a-b9ee-9386c816ef5c', 'c7f09a33-5a97-5c78-9c89-2585e321bc7c', 'المفعول به اسمٌ يدلّ على:', '[{"id":"a","text":"مَن قام بالفعل"},{"id":"b","text":"زمن وقوع الفعل"},{"id":"c","text":"ما وقع عليه فعل الفاعل"},{"id":"d","text":"مكان وقوع الفعل"}]'::jsonb, 'c', 'المفعول به اسمٌ يدلّ على ما وقع عليه فعل الفاعل، فيُتمّ معنى الجملة الفعلية؛ أمّا مَن قام بالفعل فهو الفاعل.', 3)
ON CONFLICT (id) DO UPDATE SET
  exercise_id = EXCLUDED.exercise_id,
  prompt = EXCLUDED.prompt,
  options = EXCLUDED.options,
  correct_option = EXCLUDED.correct_option,
  explanation = EXCLUDED.explanation,
  display_order = EXCLUDED.display_order;

INSERT INTO public.questions (id, exercise_id, prompt, options, correct_option, explanation, display_order) VALUES
  ('ddc0d52b-ec76-59e7-9c12-4f803b4273f6', 'c7f09a33-5a97-5c78-9c89-2585e321bc7c', 'في الجملة «فتحَ سميرٌ البابَ.»، عيّن المفعول به:', '[{"id":"a","text":"سميرٌ"},{"id":"b","text":"فتحَ"},{"id":"c","text":"البابَ"},{"id":"d","text":"لا مفعول به فيها"}]'::jsonb, 'c', '«البابَ» هو ما وقع عليه فعل الفتح فهو المفعول به المنصوب بالفتحة، و«سميرٌ» فاعلٌ قام بالفتح.', 4)
ON CONFLICT (id) DO UPDATE SET
  exercise_id = EXCLUDED.exercise_id,
  prompt = EXCLUDED.prompt,
  options = EXCLUDED.options,
  correct_option = EXCLUDED.correct_option,
  explanation = EXCLUDED.explanation,
  display_order = EXCLUDED.display_order;

INSERT INTO public.questions (id, exercise_id, prompt, options, correct_option, explanation, display_order) VALUES
  ('4f9b605f-9163-524f-a5a9-41b0f48d32f9', 'c7f09a33-5a97-5c78-9c89-2585e321bc7c', 'للوصول إلى المفعول به نسأل:', '[{"id":"a","text":"على مَن وقع الفعل؟ (أو: ماذا فعل الفاعل؟)"},{"id":"b","text":"مَن فعلَ؟"},{"id":"c","text":"متى وقع الفعل؟"},{"id":"d","text":"أينَ وقع الفعل؟"}]'::jsonb, 'a', 'نصل إلى المفعول به بسؤال «على مَن (أو ماذا) وقع الفعل؟»؛ أمّا «مَن فعلَ؟» فجوابه الفاعل، و«متى/أين» للزمان والمكان.', 5)
ON CONFLICT (id) DO UPDATE SET
  exercise_id = EXCLUDED.exercise_id,
  prompt = EXCLUDED.prompt,
  options = EXCLUDED.options,
  correct_option = EXCLUDED.correct_option,
  explanation = EXCLUDED.explanation,
  display_order = EXCLUDED.display_order;

INSERT INTO public.questions (id, exercise_id, prompt, options, correct_option, explanation, display_order) VALUES
  ('b8b8b16e-098f-5f83-b984-83b6e7576145', 'c7f09a33-5a97-5c78-9c89-2585e321bc7c', 'في الجملة «قرأتْ سعادُ القصّةَ.»، ما المفعول به؟', '[{"id":"a","text":"سعادُ"},{"id":"b","text":"قرأتْ"},{"id":"c","text":"لا مفعول فيها"},{"id":"d","text":"القصّةَ"}]'::jsonb, 'd', '«القصّةَ» هي ما وقعت عليه القراءة فهي المفعول به المنصوب، و«سعادُ» فاعلٌ مرفوعٌ، وقد لحقت الفعلَ تاءُ التأنيث لتأنيث الفاعل.', 6)
ON CONFLICT (id) DO UPDATE SET
  exercise_id = EXCLUDED.exercise_id,
  prompt = EXCLUDED.prompt,
  options = EXCLUDED.options,
  correct_option = EXCLUDED.correct_option,
  explanation = EXCLUDED.explanation,
  display_order = EXCLUDED.display_order;

INSERT INTO public.exercises (id, chapter_id, subject_id, title, difficulty, xp_reward, reward_coins, mode, source, display_order) VALUES
  ('0d777890-4dd4-5a94-ae31-7d768faba3b8', 'ecf6e2d7-2ca3-5155-b67b-052d032180d4', 'arabic-4eme', '⚔️ زعيم الفصل ⭐⭐⭐: حارس متمّم المعنى', 3, 120, 30, 'boss', 'admin', 2)
ON CONFLICT (id) DO UPDATE SET
  chapter_id = EXCLUDED.chapter_id,
  subject_id = EXCLUDED.subject_id,
  title = EXCLUDED.title,
  difficulty = EXCLUDED.difficulty,
  xp_reward = EXCLUDED.xp_reward,
  reward_coins = EXCLUDED.reward_coins,
  mode = EXCLUDED.mode,
  display_order = EXCLUDED.display_order;

INSERT INTO public.questions (id, exercise_id, prompt, options, correct_option, explanation, display_order) VALUES
  ('bd092f50-0151-5cea-b6b7-25db365711aa', '0d777890-4dd4-5a94-ae31-7d768faba3b8', 'في الجملة «غرسَ الفلّاحُ الشجرةَ.»، عيّن المفعول به وعلامته:', '[{"id":"a","text":"الشجرةَ، منصوبٌ بالفتحة"},{"id":"b","text":"الفلّاحُ، مرفوعٌ بالضمّة"},{"id":"c","text":"غرسَ، فعلٌ ماضٍ"},{"id":"d","text":"لا مفعول به فيها"}]'::jsonb, 'a', '«الشجرةَ» هي ما وقع عليه فعل الغرس فهي المفعول به المنصوب بالفتحة، و«الفلّاحُ» فاعلٌ مرفوعٌ بالضمّة.', 1)
ON CONFLICT (id) DO UPDATE SET
  exercise_id = EXCLUDED.exercise_id,
  prompt = EXCLUDED.prompt,
  options = EXCLUDED.options,
  correct_option = EXCLUDED.correct_option,
  explanation = EXCLUDED.explanation,
  display_order = EXCLUDED.display_order;

INSERT INTO public.questions (id, exercise_id, prompt, options, correct_option, explanation, display_order) VALUES
  ('23248f47-8397-53aa-8f1e-5245702b7c1b', '0d777890-4dd4-5a94-ae31-7d768faba3b8', 'أيّ جملةٍ ضبطتِ المفعولَ به ضبطًا صحيحًا (منصوبًا)؟', '[{"id":"a","text":"ركبَ المسافرُ القطارُ."},{"id":"b","text":"ركبَ المسافرُ القطارَ."},{"id":"c","text":"ركبَ المسافرُ القطارِ."},{"id":"d","text":"ركبَ المسافرُ القطارْ."}]'::jsonb, 'b', 'المفعول به «القطارَ» منصوبٌ وعلامته الفتحة: «ركبَ المسافرُ القطارَ.»؛ أمّا الضمّة والكسرة والسكون فليست علامةَ نصبٍ هنا.', 2)
ON CONFLICT (id) DO UPDATE SET
  exercise_id = EXCLUDED.exercise_id,
  prompt = EXCLUDED.prompt,
  options = EXCLUDED.options,
  correct_option = EXCLUDED.correct_option,
  explanation = EXCLUDED.explanation,
  display_order = EXCLUDED.display_order;

INSERT INTO public.questions (id, exercise_id, prompt, options, correct_option, explanation, display_order) VALUES
  ('878efac8-fb3c-50a6-8d64-7394f380ed51', '0d777890-4dd4-5a94-ae31-7d768faba3b8', 'في الجملة «ساعدَتْها أمُّها.»، ما إعراب الضمير «ـها» المتّصل بالفعل؟', '[{"id":"a","text":"فاعلٌ مرفوع"},{"id":"b","text":"حرفُ جرّ"},{"id":"c","text":"ضميرٌ في محلّ نصب مفعولٍ به"},{"id":"d","text":"نعتٌ منصوب"}]'::jsonb, 'c', 'يأتي المفعول به ضميرًا متّصلًا؛ فـ«ـها» في «ساعدَتْها» ضميرٌ في محلّ نصب مفعولٍ به، والفاعل «أمُّها» مرفوعٌ بالضمّة.', 3)
ON CONFLICT (id) DO UPDATE SET
  exercise_id = EXCLUDED.exercise_id,
  prompt = EXCLUDED.prompt,
  options = EXCLUDED.options,
  correct_option = EXCLUDED.correct_option,
  explanation = EXCLUDED.explanation,
  display_order = EXCLUDED.display_order;

INSERT INTO public.questions (id, exercise_id, prompt, options, correct_option, explanation, display_order) VALUES
  ('0835e86a-ecb0-59f4-ae46-4b2407ce4e91', '0d777890-4dd4-5a94-ae31-7d768faba3b8', 'أيّ جملةٍ فعلها يكتفي بفاعله فلا مفعولَ به فيها؟', '[{"id":"a","text":"كتبَ الولدُ الواجبَ."},{"id":"b","text":"جلسَ الضيفُ على الكرسيِّ."},{"id":"c","text":"قطفَ سعيدٌ الوردةَ."},{"id":"d","text":"أكلَ القطُّ السمكةَ."}]'::jsonb, 'b', '«جلسَ» فعلٌ يكتفي بفاعله ولا يقع على مفعول، فلا مفعول به في «جلسَ الضيفُ على الكرسيِّ.» («على الكرسيِّ» جارٌّ ومجرورٌ لا مفعول)، أمّا البقيّة فلها مفعولٌ به.', 4)
ON CONFLICT (id) DO UPDATE SET
  exercise_id = EXCLUDED.exercise_id,
  prompt = EXCLUDED.prompt,
  options = EXCLUDED.options,
  correct_option = EXCLUDED.correct_option,
  explanation = EXCLUDED.explanation,
  display_order = EXCLUDED.display_order;

INSERT INTO public.questions (id, exercise_id, prompt, options, correct_option, explanation, display_order) VALUES
  ('a56300f4-97b7-58c1-8a04-130d9826cea9', '0d777890-4dd4-5a94-ae31-7d768faba3b8', 'رتّب لتصنع جملةً فعليةً سليمة من: (الرسالةَ — كتبَ — خالدٌ):', '[{"id":"a","text":"كتبَ خالدٌ الرسالةَ."},{"id":"b","text":"الرسالةَ خالدٌ كتبَ."},{"id":"c","text":"خالدٌ الرسالةَ كتبَ."},{"id":"d","text":"الرسالةَ كتبَ خالدٌ."}]'::jsonb, 'a', 'الرتبة الأصليّة: فعلٌ «كتبَ» ثمّ فاعلٌ مرفوع «خالدٌ» ثمّ مفعولٌ منصوب «الرسالةَ»: «كتبَ خالدٌ الرسالةَ.»', 5)
ON CONFLICT (id) DO UPDATE SET
  exercise_id = EXCLUDED.exercise_id,
  prompt = EXCLUDED.prompt,
  options = EXCLUDED.options,
  correct_option = EXCLUDED.correct_option,
  explanation = EXCLUDED.explanation,
  display_order = EXCLUDED.display_order;

INSERT INTO public.questions (id, exercise_id, prompt, options, correct_option, explanation, display_order) VALUES
  ('de1bf127-a5da-5d93-bc11-8dd04187bf63', '0d777890-4dd4-5a94-ae31-7d768faba3b8', 'قال تلميذٌ: «كلّ جملةٍ فعليةٍ لا بدّ أن يكون فيها مفعولٌ به». ما الصحيح؟', '[{"id":"a","text":"صحيح، لا تتمّ الجملة الفعلية بلا مفعول"},{"id":"b","text":"صحيح، الفاعل هو المفعول نفسه"},{"id":"c","text":"صحيح، كلّ فعلٍ يقع على شيء"},{"id":"d","text":"خطأ؛ بعض الأفعال تكتفي بفاعلها مثل «نامَ» و«جلسَ»"}]'::jsonb, 'd', 'الخطأ الشائع: ظنّ أنّ كلّ فعلٍ يحتاج مفعولًا. بعض الأفعال تكتفي بفاعلها ولا يقع فعلها على شيء، مثل «نامَ الطفلُ» و«جلسَ الضيفُ»، فلا مفعول به فيها.', 6)
ON CONFLICT (id) DO UPDATE SET
  exercise_id = EXCLUDED.exercise_id,
  prompt = EXCLUDED.prompt,
  options = EXCLUDED.options,
  correct_option = EXCLUDED.correct_option,
  explanation = EXCLUDED.explanation,
  display_order = EXCLUDED.display_order;

INSERT INTO public.exercises (id, chapter_id, subject_id, title, difficulty, xp_reward, reward_coins, mode, source, display_order) VALUES
  ('2c29762b-c175-5b62-986a-7f854f9f13a2', 'ecf6e2d7-2ca3-5155-b67b-052d032180d4', 'arabic-4eme', '⭐⭐ تمرين مراجعة (نمط امتحان): المفعول به', 2, 75, 15, 'practice', 'admin', 3)
ON CONFLICT (id) DO UPDATE SET
  chapter_id = EXCLUDED.chapter_id,
  subject_id = EXCLUDED.subject_id,
  title = EXCLUDED.title,
  difficulty = EXCLUDED.difficulty,
  xp_reward = EXCLUDED.xp_reward,
  reward_coins = EXCLUDED.reward_coins,
  mode = EXCLUDED.mode,
  display_order = EXCLUDED.display_order;

INSERT INTO public.questions (id, exercise_id, prompt, options, correct_option, explanation, display_order) VALUES
  ('706101a4-92b3-5b45-babd-eb2fb04b4a7e', '2c29762b-c175-5b62-986a-7f854f9f13a2', 'في الجملة «كتبَ خالدٌ الرسالةَ.»، رتّب الأركان الثلاثة:', '[{"id":"a","text":"مفعولٌ به ← فاعل ← فعل"},{"id":"b","text":"فعل ← فاعل ← مفعولٌ به"},{"id":"c","text":"فاعل ← فعل ← مفعولٌ به"},{"id":"d","text":"فعل ← مفعولٌ به ← فاعل"}]'::jsonb, 'b', 'الرتبة الأصليّة في الجملة الفعلية: فعلٌ «كتبَ» ثمّ فاعلٌ «خالدٌ» ثمّ مفعولٌ به «الرسالةَ».', 1)
ON CONFLICT (id) DO UPDATE SET
  exercise_id = EXCLUDED.exercise_id,
  prompt = EXCLUDED.prompt,
  options = EXCLUDED.options,
  correct_option = EXCLUDED.correct_option,
  explanation = EXCLUDED.explanation,
  display_order = EXCLUDED.display_order;

INSERT INTO public.questions (id, exercise_id, prompt, options, correct_option, explanation, display_order) VALUES
  ('55894cfc-f1ad-51f9-90b2-b9ea324a12dc', '2c29762b-c175-5b62-986a-7f854f9f13a2', 'أيّ كلمةٍ في «حلبَ الراعي الناقةَ.» وقع عليها الفعل؟', '[{"id":"a","text":"الراعي"},{"id":"b","text":"حلبَ"},{"id":"c","text":"الناقةَ"},{"id":"d","text":"لا شيء وقع عليه الفعل"}]'::jsonb, 'c', '«الناقةَ» وقع عليها فعل الحلب فهي المفعول به المنصوب، و«الراعي» فاعلٌ قام بالحلب.', 2)
ON CONFLICT (id) DO UPDATE SET
  exercise_id = EXCLUDED.exercise_id,
  prompt = EXCLUDED.prompt,
  options = EXCLUDED.options,
  correct_option = EXCLUDED.correct_option,
  explanation = EXCLUDED.explanation,
  display_order = EXCLUDED.display_order;

INSERT INTO public.questions (id, exercise_id, prompt, options, correct_option, explanation, display_order) VALUES
  ('49846513-f855-5538-933a-e85f00c19eb4', '2c29762b-c175-5b62-986a-7f854f9f13a2', 'في الجملة «زارَنا الجدُّ.»، ما إعراب الضمير «ـنا»؟', '[{"id":"a","text":"فاعلٌ مرفوع"},{"id":"b","text":"حرفٌ زائد"},{"id":"c","text":"اسمٌ مجرور"},{"id":"d","text":"ضميرٌ في محلّ نصب مفعولٍ به"}]'::jsonb, 'd', '«ـنا» في «زارَنا» ضميرٌ متّصلٌ في محلّ نصب مفعولٍ به (أي زارَ نا)، والفاعل «الجدُّ» مرفوعٌ بالضمّة.', 3)
ON CONFLICT (id) DO UPDATE SET
  exercise_id = EXCLUDED.exercise_id,
  prompt = EXCLUDED.prompt,
  options = EXCLUDED.options,
  correct_option = EXCLUDED.correct_option,
  explanation = EXCLUDED.explanation,
  display_order = EXCLUDED.display_order;

INSERT INTO public.questions (id, exercise_id, prompt, options, correct_option, explanation, display_order) VALUES
  ('4c6ef2ef-cf6e-5bff-8145-4932c2ae19d1', '2c29762b-c175-5b62-986a-7f854f9f13a2', 'أكمل بمفعولٍ به مناسبٍ منصوب: «دقَّ النّجّارُ ___.»', '[{"id":"a","text":"المسمارَ"},{"id":"b","text":"بسرعةٍ"},{"id":"c","text":"في الورشةِ"},{"id":"d","text":"المسمارُ"}]'::jsonb, 'a', 'نحتاج اسمًا وقع عليه الدقّ منصوبًا بالفتحة: «دقَّ النّجّارُ المسمارَ.»؛ أمّا «المسمارُ» فمرفوعٌ لا يصلح مفعولًا، و«بسرعةٍ/في الورشةِ» ليسا مفعولًا به.', 4)
ON CONFLICT (id) DO UPDATE SET
  exercise_id = EXCLUDED.exercise_id,
  prompt = EXCLUDED.prompt,
  options = EXCLUDED.options,
  correct_option = EXCLUDED.correct_option,
  explanation = EXCLUDED.explanation,
  display_order = EXCLUDED.display_order;

INSERT INTO public.questions (id, exercise_id, prompt, options, correct_option, explanation, display_order) VALUES
  ('c6558af9-89a8-5cdc-a4f6-7734ee19ed4a', '2c29762b-c175-5b62-986a-7f854f9f13a2', 'أيّ جملةٍ لا مفعولَ به فيها؟', '[{"id":"a","text":"ابتلعَ الحوتُ السمكةَ."},{"id":"b","text":"ركضَ العدّاءُ بسرعةٍ."},{"id":"c","text":"حملَ العاملُ الصندوقَ."},{"id":"d","text":"قرأَ التلميذُ الكتابَ."}]'::jsonb, 'b', '«ركضَ» فعلٌ يكتفي بفاعله، فلا مفعول به في «ركضَ العدّاءُ بسرعةٍ.» («بسرعةٍ» بيانٌ للكيفية لا مفعول)، أمّا البقيّة ففيها مفعولٌ به منصوب.', 5)
ON CONFLICT (id) DO UPDATE SET
  exercise_id = EXCLUDED.exercise_id,
  prompt = EXCLUDED.prompt,
  options = EXCLUDED.options,
  correct_option = EXCLUDED.correct_option,
  explanation = EXCLUDED.explanation,
  display_order = EXCLUDED.display_order;

INSERT INTO public.questions (id, exercise_id, prompt, options, correct_option, explanation, display_order) VALUES
  ('662c5a0d-e6bc-58ce-a650-0bf009343abe', '2c29762b-c175-5b62-986a-7f854f9f13a2', 'ميّز الفاعل من المفعول به في «طاردَ القطُّ الفأرَ.»:', '[{"id":"a","text":"الفأرُ فاعلٌ، والقطُّ مفعولٌ به"},{"id":"b","text":"لا فاعل ولا مفعول فيها"},{"id":"c","text":"القطُّ فاعلٌ (مَن طارد)، والفأرَ مفعولٌ به (وقعت عليه المطاردة)"},{"id":"d","text":"كلاهما فاعل"}]'::jsonb, 'c', 'نسأل: مَن طارد؟ «القطُّ» فاعلٌ مرفوع. وعلى مَن وقعت المطاردة؟ «الفأرَ» مفعولٌ به منصوب؛ فلا نخلط بينهما لمجرّد الترتيب.', 6)
ON CONFLICT (id) DO UPDATE SET
  exercise_id = EXCLUDED.exercise_id,
  prompt = EXCLUDED.prompt,
  options = EXCLUDED.options,
  correct_option = EXCLUDED.correct_option,
  explanation = EXCLUDED.explanation,
  display_order = EXCLUDED.display_order;

INSERT INTO public.exercises (id, chapter_id, subject_id, title, difficulty, xp_reward, reward_coins, mode, source, display_order) VALUES
  ('0173d4dd-e19a-5f06-9309-b1baa5ece44e', 'ecf6e2d7-2ca3-5155-b67b-052d032180d4', 'arabic-4eme', '👑 تحدّي النخبة ⭐⭐⭐⭐: سيّد المتمّمات', 4, 300, 60, 'challenge', 'admin', 4)
ON CONFLICT (id) DO UPDATE SET
  chapter_id = EXCLUDED.chapter_id,
  subject_id = EXCLUDED.subject_id,
  title = EXCLUDED.title,
  difficulty = EXCLUDED.difficulty,
  xp_reward = EXCLUDED.xp_reward,
  reward_coins = EXCLUDED.reward_coins,
  mode = EXCLUDED.mode,
  display_order = EXCLUDED.display_order;

INSERT INTO public.questions (id, exercise_id, prompt, options, correct_option, explanation, display_order) VALUES
  ('8d3620f9-8f9a-5863-aef1-592141a40a1a', '0173d4dd-e19a-5f06-9309-b1baa5ece44e', 'في الجملة «منحَ المعلّمُ التلميذَ جائزةً.»، ما المفعول به الأوّل؟', '[{"id":"a","text":"التلميذَ"},{"id":"b","text":"المعلّمُ"},{"id":"c","text":"جائزةً"},{"id":"d","text":"منحَ"}]'::jsonb, 'a', 'بعض الأفعال تنصب مفعولين؛ ففي «منحَ المعلّمُ التلميذَ جائزةً» المفعول الأوّل «التلميذَ» والثاني «جائزةً»، وكلاهما منصوبٌ بالفتحة، و«المعلّمُ» فاعلٌ مرفوع.', 1)
ON CONFLICT (id) DO UPDATE SET
  exercise_id = EXCLUDED.exercise_id,
  prompt = EXCLUDED.prompt,
  options = EXCLUDED.options,
  correct_option = EXCLUDED.correct_option,
  explanation = EXCLUDED.explanation,
  display_order = EXCLUDED.display_order;

INSERT INTO public.questions (id, exercise_id, prompt, options, correct_option, explanation, display_order) VALUES
  ('5048f22d-82d1-511d-be2e-b0327930bd27', '0173d4dd-e19a-5f06-9309-b1baa5ece44e', 'اقرأ: «اشترى الأبُ هديّةً ثمّ غلّفَها.» في «غلّفَها»، ما إعراب «ـها»؟', '[{"id":"a","text":"فاعلٌ مرفوع"},{"id":"b","text":"ضميرٌ في محلّ نصب مفعولٍ به يعود على الهديّةِ"},{"id":"c","text":"حرفُ جرّ"},{"id":"d","text":"ظرفُ مكان"}]'::jsonb, 'b', '«ـها» في «غلّفَها» ضميرٌ متّصلٌ في محلّ نصب مفعولٍ به يعود على «الهديّةِ»، والفاعل ضميرٌ مستترٌ تقديره «هو» يعود على الأب.', 2)
ON CONFLICT (id) DO UPDATE SET
  exercise_id = EXCLUDED.exercise_id,
  prompt = EXCLUDED.prompt,
  options = EXCLUDED.options,
  correct_option = EXCLUDED.correct_option,
  explanation = EXCLUDED.explanation,
  display_order = EXCLUDED.display_order;

INSERT INTO public.questions (id, exercise_id, prompt, options, correct_option, explanation, display_order) VALUES
  ('bbb13078-f331-56ba-ab27-f3cde6bf300f', '0173d4dd-e19a-5f06-9309-b1baa5ece44e', 'أيُّ جملةٍ جمعت الضبط السليم: فاعلٌ مرفوعٌ ومفعولٌ به منصوب؟', '[{"id":"a","text":"كسرَ الطفلُ الكأسِ."},{"id":"b","text":"كسرَ الطفلَ الكأسَ."},{"id":"c","text":"كسرَ الطفلُ الكأسَ."},{"id":"d","text":"كسرَ الطفلِ الكأسُ."}]'::jsonb, 'c', 'الفاعل «الطفلُ» مرفوعٌ بالضمّة، والمفعول به «الكأسَ» منصوبٌ بالفتحة: «كسرَ الطفلُ الكأسَ.»؛ أمّا البقيّة فخلطت بين علامتي الرفع والنصب.', 3)
ON CONFLICT (id) DO UPDATE SET
  exercise_id = EXCLUDED.exercise_id,
  prompt = EXCLUDED.prompt,
  options = EXCLUDED.options,
  correct_option = EXCLUDED.correct_option,
  explanation = EXCLUDED.explanation,
  display_order = EXCLUDED.display_order;

INSERT INTO public.questions (id, exercise_id, prompt, options, correct_option, explanation, display_order) VALUES
  ('356ba54a-a302-58f8-b8ad-180dfe93a9e5', '0173d4dd-e19a-5f06-9309-b1baa5ece44e', 'في الجملة «أعطيتُكَ الكتابَ.»، عيّن مفعولَيِ الفعل:', '[{"id":"a","text":"لا مفعول في الجملة"},{"id":"b","text":"الكتابَ فقط"},{"id":"c","text":"التاء فقط (تاء الفاعل)"},{"id":"d","text":"«ـكَ» (مفعولٌ أوّل) و«الكتابَ» (مفعولٌ ثانٍ)"}]'::jsonb, 'd', 'التاء في «أعطيتُ» فاعلٌ، و«ـكَ» ضميرٌ في محلّ نصب مفعولٍ أوّل، و«الكتابَ» مفعولٌ ثانٍ منصوب؛ ففعل «أعطى» ينصب مفعولين.', 4)
ON CONFLICT (id) DO UPDATE SET
  exercise_id = EXCLUDED.exercise_id,
  prompt = EXCLUDED.prompt,
  options = EXCLUDED.options,
  correct_option = EXCLUDED.correct_option,
  explanation = EXCLUDED.explanation,
  display_order = EXCLUDED.display_order;

INSERT INTO public.questions (id, exercise_id, prompt, options, correct_option, explanation, display_order) VALUES
  ('aa63b1d7-e537-58c6-a428-61ccaf7a11a9', '0173d4dd-e19a-5f06-9309-b1baa5ece44e', 'اقرأ: «قطفَ البستانيُّ الوردةَ الحمراءَ.» ما المفعول به، وما «الحمراءَ»؟', '[{"id":"a","text":"المفعول به «الوردةَ»، و«الحمراءَ» نعتٌ تابعٌ له منصوب"},{"id":"b","text":"المفعول به «الحمراءَ» فقط"},{"id":"c","text":"المفعول به «البستانيُّ»"},{"id":"d","text":"لا مفعول به في الجملة"}]'::jsonb, 'a', '«الوردةَ» مفعولٌ به منصوبٌ بالفتحة، و«الحمراءَ» نعتٌ يتبعه في النصب؛ فالنعت يطابق منعوته في الحركة، و«البستانيُّ» فاعلٌ مرفوع.', 5)
ON CONFLICT (id) DO UPDATE SET
  exercise_id = EXCLUDED.exercise_id,
  prompt = EXCLUDED.prompt,
  options = EXCLUDED.options,
  correct_option = EXCLUDED.correct_option,
  explanation = EXCLUDED.explanation,
  display_order = EXCLUDED.display_order;

INSERT INTO public.questions (id, exercise_id, prompt, options, correct_option, explanation, display_order) VALUES
  ('73392df5-fc58-5ebc-810b-c0153973ec68', '0173d4dd-e19a-5f06-9309-b1baa5ece44e', 'قال تلميذٌ: «الكلمة المنصوبة في آخر الجملة الفعلية تكون دائمًا مفعولًا به». ما الأدقّ؟', '[{"id":"a","text":"صحيحٌ دائمًا بلا استثناء"},{"id":"b","text":"خطأ؛ قد تكون منصوبًا آخر (كحالٍ أو ظرفٍ)، فلا يُحكَم بالنصب وحده بل بالمعنى"},{"id":"c","text":"صحيح، كلّ منصوبٍ مفعولٌ به"},{"id":"d","text":"خطأ؛ المفعول به مرفوعٌ لا منصوب"}]'::jsonb, 'b', 'الخطأ الشائع: الحكم بالموقع والحركة وحدهما. ليس كلّ منصوبٍ مفعولًا به؛ فقد يكون ظرفًا («مساءً») أو حالًا، والعبرة بالمعنى: مَن وقع عليه الفعل هو المفعول به.', 6)
ON CONFLICT (id) DO UPDATE SET
  exercise_id = EXCLUDED.exercise_id,
  prompt = EXCLUDED.prompt,
  options = EXCLUDED.options,
  correct_option = EXCLUDED.correct_option,
  explanation = EXCLUDED.explanation,
  display_order = EXCLUDED.display_order;

INSERT INTO public.exercises (id, chapter_id, subject_id, title, difficulty, xp_reward, reward_coins, mode, source, display_order) VALUES
  ('ca3fe040-c48d-5423-b90a-bb184de608fe', 'ecf6e2d7-2ca3-5155-b67b-052d032180d4', 'arabic-4eme', '📝 تدريب ⭐⭐⭐: مراجعة شاملة على المفعول به', 3, 120, 30, 'boss', 'admin', 5)
ON CONFLICT (id) DO UPDATE SET
  chapter_id = EXCLUDED.chapter_id,
  subject_id = EXCLUDED.subject_id,
  title = EXCLUDED.title,
  difficulty = EXCLUDED.difficulty,
  xp_reward = EXCLUDED.xp_reward,
  reward_coins = EXCLUDED.reward_coins,
  mode = EXCLUDED.mode,
  display_order = EXCLUDED.display_order;

INSERT INTO public.questions (id, exercise_id, prompt, options, correct_option, explanation, display_order) VALUES
  ('47ab598c-9e42-51ad-8098-0f515053fe8a', 'ca3fe040-c48d-5423-b90a-bb184de608fe', 'في الجملة «حصدَ الفلّاحُ القمحَ.»، عيّن المفعول به:', '[{"id":"a","text":"الفلّاحُ"},{"id":"b","text":"القمحَ"},{"id":"c","text":"حصدَ"},{"id":"d","text":"لا مفعول به فيها"}]'::jsonb, 'b', '«القمحَ» هو ما وقع عليه فعل الحصاد فهو المفعول به المنصوب بالفتحة، و«الفلّاحُ» فاعلٌ مرفوع.', 1)
ON CONFLICT (id) DO UPDATE SET
  exercise_id = EXCLUDED.exercise_id,
  prompt = EXCLUDED.prompt,
  options = EXCLUDED.options,
  correct_option = EXCLUDED.correct_option,
  explanation = EXCLUDED.explanation,
  display_order = EXCLUDED.display_order;

INSERT INTO public.questions (id, exercise_id, prompt, options, correct_option, explanation, display_order) VALUES
  ('54f23aa1-ab97-5481-bfa9-bc209d2730af', 'ca3fe040-c48d-5423-b90a-bb184de608fe', 'علامة نصب المفعول به الغالبة هي:', '[{"id":"a","text":"الكسرة"},{"id":"b","text":"الضمّة"},{"id":"c","text":"السكون"},{"id":"d","text":"الفتحة"}]'::jsonb, 'd', 'المفعول به منصوبٌ وعلامته الغالبة الفتحة على آخره، وبها يُفرَّق عن الفاعل المرفوع بالضمّة.', 2)
ON CONFLICT (id) DO UPDATE SET
  exercise_id = EXCLUDED.exercise_id,
  prompt = EXCLUDED.prompt,
  options = EXCLUDED.options,
  correct_option = EXCLUDED.correct_option,
  explanation = EXCLUDED.explanation,
  display_order = EXCLUDED.display_order;

INSERT INTO public.questions (id, exercise_id, prompt, options, correct_option, explanation, display_order) VALUES
  ('a1910790-8591-5d27-bbb9-d366ef37ae68', 'ca3fe040-c48d-5423-b90a-bb184de608fe', 'أيّ جملةٍ يكتفي فعلها بفاعله (لا مفعول به)؟', '[{"id":"a","text":"نامَ الرضيعُ في المهدِ."},{"id":"b","text":"كتبَ التلميذُ الدرسَ."},{"id":"c","text":"شربَ العصفورُ الماءَ."},{"id":"d","text":"حملَ الرجلُ الحقيبةَ."}]'::jsonb, 'a', '«نامَ» فعلٌ يكتفي بفاعله ولا يقع على مفعول، فلا مفعول به في «نامَ الرضيعُ في المهدِ.» («في المهدِ» جارٌّ ومجرور)، أمّا البقيّة ففيها مفعولٌ به.', 3)
ON CONFLICT (id) DO UPDATE SET
  exercise_id = EXCLUDED.exercise_id,
  prompt = EXCLUDED.prompt,
  options = EXCLUDED.options,
  correct_option = EXCLUDED.correct_option,
  explanation = EXCLUDED.explanation,
  display_order = EXCLUDED.display_order;

INSERT INTO public.questions (id, exercise_id, prompt, options, correct_option, explanation, display_order) VALUES
  ('9ffda57c-d43f-52d8-be1d-f5283ba968b5', 'ca3fe040-c48d-5423-b90a-bb184de608fe', 'في الجملة «كافأَتْهُ المعلّمةُ.»، ما إعراب «ـه»؟', '[{"id":"a","text":"فاعلٌ مرفوع"},{"id":"b","text":"ضميرٌ في محلّ نصب مفعولٍ به"},{"id":"c","text":"حرفُ جرّ"},{"id":"d","text":"نعتٌ منصوب"}]'::jsonb, 'b', '«ـه» في «كافأَتْهُ» ضميرٌ متّصلٌ في محلّ نصب مفعولٍ به، والفاعل «المعلّمةُ» مرفوعٌ بالضمّة، والتاء للتأنيث.', 4)
ON CONFLICT (id) DO UPDATE SET
  exercise_id = EXCLUDED.exercise_id,
  prompt = EXCLUDED.prompt,
  options = EXCLUDED.options,
  correct_option = EXCLUDED.correct_option,
  explanation = EXCLUDED.explanation,
  display_order = EXCLUDED.display_order;

INSERT INTO public.questions (id, exercise_id, prompt, options, correct_option, explanation, display_order) VALUES
  ('ebfcc7bf-ef81-5b6c-991e-db284547f061', 'ca3fe040-c48d-5423-b90a-bb184de608fe', 'أكمل بمفعولٍ به مناسبٍ منصوب: «ركبَ الفارسُ ___.»', '[{"id":"a","text":"بسرعةٍ"},{"id":"b","text":"في الميدانِ"},{"id":"c","text":"الحصانُ"},{"id":"d","text":"الحصانَ"}]'::jsonb, 'd', 'نحتاج اسمًا وقع عليه الركوب منصوبًا بالفتحة: «ركبَ الفارسُ الحصانَ.»؛ أمّا «الحصانُ» فمرفوعٌ لا يصلح مفعولًا، و«بسرعةٍ/في الميدانِ» ليسا مفعولًا به.', 5)
ON CONFLICT (id) DO UPDATE SET
  exercise_id = EXCLUDED.exercise_id,
  prompt = EXCLUDED.prompt,
  options = EXCLUDED.options,
  correct_option = EXCLUDED.correct_option,
  explanation = EXCLUDED.explanation,
  display_order = EXCLUDED.display_order;

INSERT INTO public.questions (id, exercise_id, prompt, options, correct_option, explanation, display_order) VALUES
  ('7a67d5a1-649a-5744-a6da-a7061d816058', 'ca3fe040-c48d-5423-b90a-bb184de608fe', 'اقرأ: «رسمَ سعيدٌ منظرًا جميلًا.» ما المفعول به وما «جميلًا»؟', '[{"id":"a","text":"المفعول به «سعيدٌ»"},{"id":"b","text":"لا مفعول به في الجملة"},{"id":"c","text":"المفعول به «منظرًا»، و«جميلًا» نعتٌ تابعٌ له منصوب"},{"id":"d","text":"المفعول به «جميلًا» فقط"}]'::jsonb, 'c', '«منظرًا» مفعولٌ به منصوبٌ بالفتحة (ما وقع عليه الرسم)، و«جميلًا» نعتٌ يتبعه في النصب، و«سعيدٌ» فاعلٌ مرفوع.', 6)
ON CONFLICT (id) DO UPDATE SET
  exercise_id = EXCLUDED.exercise_id,
  prompt = EXCLUDED.prompt,
  options = EXCLUDED.options,
  correct_option = EXCLUDED.correct_option,
  explanation = EXCLUDED.explanation,
  display_order = EXCLUDED.display_order;

INSERT INTO public.exercises (id, chapter_id, subject_id, title, difficulty, xp_reward, reward_coins, mode, source, display_order) VALUES
  ('559da091-e772-56a6-8216-2fbd1c46c96a', 'c950ba90-d48f-55e1-bfbb-167854dfe935', 'arabic-4eme', 'اختبار فهم الدرس ⭐', 1, 20, 5, 'quiz', 'admin', 0)
ON CONFLICT (id) DO UPDATE SET
  chapter_id = EXCLUDED.chapter_id,
  subject_id = EXCLUDED.subject_id,
  title = EXCLUDED.title,
  difficulty = EXCLUDED.difficulty,
  xp_reward = EXCLUDED.xp_reward,
  reward_coins = EXCLUDED.reward_coins,
  mode = EXCLUDED.mode,
  display_order = EXCLUDED.display_order;

INSERT INTO public.questions (id, exercise_id, prompt, options, correct_option, explanation, display_order) VALUES
  ('78a3c7a0-4646-54a0-a59b-792e9455c6a1', '559da091-e772-56a6-8216-2fbd1c46c96a', 'ما النعت (الصفة)؟', '[{"id":"a","text":"اسمٌ نبدأ به الجملة"},{"id":"b","text":"كلمةٌ تصف اسمًا قبلها وتبيّن صفةً من صفاته"},{"id":"c","text":"فعلٌ يدلّ على حدثٍ وزمن"},{"id":"d","text":"حرفٌ يربط بين كلمتين"}]'::jsonb, 'b', 'النعت كلمةٌ تصف اسمًا قبلها (المنعوت) وتبيّن صفةً من صفاته، مثل «مجتهدٌ» في «ولدٌ مجتهدٌ»؛ وهو ليس فعلًا ولا حرفًا.', 1)
ON CONFLICT (id) DO UPDATE SET
  exercise_id = EXCLUDED.exercise_id,
  prompt = EXCLUDED.prompt,
  options = EXCLUDED.options,
  correct_option = EXCLUDED.correct_option,
  explanation = EXCLUDED.explanation,
  display_order = EXCLUDED.display_order;

INSERT INTO public.questions (id, exercise_id, prompt, options, correct_option, explanation, display_order) VALUES
  ('8e37b915-9e0e-510c-a692-3a8144e20f60', '559da091-e772-56a6-8216-2fbd1c46c96a', 'في الجملة «قرأتُ كتابًا مفيدًا»، ما المنعوت (الموصوف)؟', '[{"id":"a","text":"قرأتُ"},{"id":"b","text":"مفيدًا"},{"id":"c","text":"كتابًا"},{"id":"d","text":"لا منعوت في الجملة"}]'::jsonb, 'c', 'المنعوت هو الاسم الموصوف، وهو «كتابًا»؛ أمّا «مفيدًا» فهو النعت الذي يصفه ويبيّن صفته.', 2)
ON CONFLICT (id) DO UPDATE SET
  exercise_id = EXCLUDED.exercise_id,
  prompt = EXCLUDED.prompt,
  options = EXCLUDED.options,
  correct_option = EXCLUDED.correct_option,
  explanation = EXCLUDED.explanation,
  display_order = EXCLUDED.display_order;

INSERT INTO public.questions (id, exercise_id, prompt, options, correct_option, explanation, display_order) VALUES
  ('91f5a4cb-abf2-535c-b813-a6a00e27c895', '559da091-e772-56a6-8216-2fbd1c46c96a', 'أيُّ تركيبٍ صحيحٌ في المطابقة؟', '[{"id":"a","text":"بنتٌ مجتهدٌ"},{"id":"b","text":"الوردةُ الجميلُ"},{"id":"c","text":"وردةٌ جميلٌ"},{"id":"d","text":"بنتٌ مجتهدةٌ"}]'::jsonb, 'd', '«بنتٌ» مؤنّثةٌ فلا بدّ أن يكون نعتها مؤنّثًا «مجتهدةٌ»؛ أمّا «بنتٌ مجتهدٌ» و«الوردةُ الجميلُ» و«وردةٌ جميلٌ» ففيها وصفُ مؤنّثٍ بصفةٍ مذكّرةٍ وهو خطأ.', 3)
ON CONFLICT (id) DO UPDATE SET
  exercise_id = EXCLUDED.exercise_id,
  prompt = EXCLUDED.prompt,
  options = EXCLUDED.options,
  correct_option = EXCLUDED.correct_option,
  explanation = EXCLUDED.explanation,
  display_order = EXCLUDED.display_order;

INSERT INTO public.questions (id, exercise_id, prompt, options, correct_option, explanation, display_order) VALUES
  ('ced38d00-e850-529f-bd10-093c70396349', '559da091-e772-56a6-8216-2fbd1c46c96a', 'كيف نصف «الولدُ» (معرفة) بالنعت «مجتهد»؟', '[{"id":"a","text":"الولدُ المجتهدُ"},{"id":"b","text":"الولدُ مجتهدٌ"},{"id":"c","text":"ولدٌ المجتهدُ"},{"id":"d","text":"الولدُ مجتهدةٌ"}]'::jsonb, 'a', 'المنعوت «الولدُ» معرفةٌ (فيه الـ)، فيجب أن يكون النعت معرفةً مثله «المجتهدُ»؛ فنقول «الولدُ المجتهدُ».', 4)
ON CONFLICT (id) DO UPDATE SET
  exercise_id = EXCLUDED.exercise_id,
  prompt = EXCLUDED.prompt,
  options = EXCLUDED.options,
  correct_option = EXCLUDED.correct_option,
  explanation = EXCLUDED.explanation,
  display_order = EXCLUDED.display_order;

INSERT INTO public.questions (id, exercise_id, prompt, options, correct_option, explanation, display_order) VALUES
  ('97bfef87-027b-54a9-bdd2-3cd957832a4b', '559da091-e772-56a6-8216-2fbd1c46c96a', 'ما الصواب في وصف جمع الأشياء «كتب»؟', '[{"id":"a","text":"كتبٌ مفيدٌ"},{"id":"b","text":"كتبٌ مفيدةٌ"},{"id":"c","text":"كتبٌ مفيدون"},{"id":"d","text":"كتابٌ مفيدةٌ"}]'::jsonb, 'b', 'جمعُ غير العاقل (الأشياء) مثل «كتب» يُوصف بصفةٍ مفردةٍ مؤنّثةٍ، فنقول «كتبٌ مفيدةٌ»؛ ولا نقول «مفيدٌ» ولا «مفيدون».', 5)
ON CONFLICT (id) DO UPDATE SET
  exercise_id = EXCLUDED.exercise_id,
  prompt = EXCLUDED.prompt,
  options = EXCLUDED.options,
  correct_option = EXCLUDED.correct_option,
  explanation = EXCLUDED.explanation,
  display_order = EXCLUDED.display_order;

INSERT INTO public.exercises (id, chapter_id, subject_id, title, difficulty, xp_reward, reward_coins, mode, source, display_order) VALUES
  ('f03c7bd3-6e25-5537-a0f7-48d5030b79c8', 'c950ba90-d48f-55e1-bfbb-167854dfe935', 'arabic-4eme', '⭐ تمرين: نطابق النعت بمنعوته', 1, 50, 10, 'practice', 'admin', 1)
ON CONFLICT (id) DO UPDATE SET
  chapter_id = EXCLUDED.chapter_id,
  subject_id = EXCLUDED.subject_id,
  title = EXCLUDED.title,
  difficulty = EXCLUDED.difficulty,
  xp_reward = EXCLUDED.xp_reward,
  reward_coins = EXCLUDED.reward_coins,
  mode = EXCLUDED.mode,
  display_order = EXCLUDED.display_order;

INSERT INTO public.questions (id, exercise_id, prompt, options, correct_option, explanation, display_order) VALUES
  ('91e85558-a90f-5d16-8c36-f23474ffdb4d', 'f03c7bd3-6e25-5537-a0f7-48d5030b79c8', 'في «ولدٌ مجتهدٌ»، ما النعت (الصفة)؟', '[{"id":"a","text":"ولدٌ"},{"id":"b","text":"مجتهدٌ"},{"id":"c","text":"لا نعت فيها"},{"id":"d","text":"كلاهما منعوت"}]'::jsonb, 'b', '«مجتهدٌ» كلمةٌ تصف الاسم «ولدٌ» وتبيّن صفته فهي النعت، و«ولدٌ» هو المنعوت (الموصوف).', 1)
ON CONFLICT (id) DO UPDATE SET
  exercise_id = EXCLUDED.exercise_id,
  prompt = EXCLUDED.prompt,
  options = EXCLUDED.options,
  correct_option = EXCLUDED.correct_option,
  explanation = EXCLUDED.explanation,
  display_order = EXCLUDED.display_order;

INSERT INTO public.questions (id, exercise_id, prompt, options, correct_option, explanation, display_order) VALUES
  ('677fee36-dd6e-5a15-98b1-758764c08c33', 'f03c7bd3-6e25-5537-a0f7-48d5030b79c8', 'أكمل: «بنتٌ ___» (بنعتٍ مطابقٍ صحيح):', '[{"id":"a","text":"مجتهدٌ"},{"id":"b","text":"مجتهدةٌ"},{"id":"c","text":"مجتهدون"},{"id":"d","text":"يجتهدُ"}]'::jsonb, 'b', '«بنتٌ» مؤنّثةٌ فيكون نعتها مؤنّثًا «مجتهدةٌ»؛ أمّا «مجتهدٌ» فمذكّرٌ لا يطابق، و«يجتهدُ» فعلٌ لا نعت.', 2)
ON CONFLICT (id) DO UPDATE SET
  exercise_id = EXCLUDED.exercise_id,
  prompt = EXCLUDED.prompt,
  options = EXCLUDED.options,
  correct_option = EXCLUDED.correct_option,
  explanation = EXCLUDED.explanation,
  display_order = EXCLUDED.display_order;

INSERT INTO public.questions (id, exercise_id, prompt, options, correct_option, explanation, display_order) VALUES
  ('ba870be9-dcc4-5169-bb58-fefda31f6038', 'f03c7bd3-6e25-5537-a0f7-48d5030b79c8', 'النعت يجيب عن السؤال:', '[{"id":"a","text":"متى؟"},{"id":"b","text":"أينَ؟"},{"id":"c","text":"مَن فعلَ؟"},{"id":"d","text":"كيف هو المنعوت؟ (ما صفته؟)"}]'::jsonb, 'd', 'النعت يبيّن صفةَ المنعوت فيجيب عن «كيف هو؟»؛ فنقول الوردةُ… كيف هي؟ «حمراءُ»، أمّا «متى/أين» فللزمان والمكان.', 3)
ON CONFLICT (id) DO UPDATE SET
  exercise_id = EXCLUDED.exercise_id,
  prompt = EXCLUDED.prompt,
  options = EXCLUDED.options,
  correct_option = EXCLUDED.correct_option,
  explanation = EXCLUDED.explanation,
  display_order = EXCLUDED.display_order;

INSERT INTO public.questions (id, exercise_id, prompt, options, correct_option, explanation, display_order) VALUES
  ('40e8647c-a713-52a4-bde8-0fab0f6b3624', 'f03c7bd3-6e25-5537-a0f7-48d5030b79c8', 'أيّ تركيبٍ راعى المطابقة في التعريف؟', '[{"id":"a","text":"ولدٌ المجتهدُ"},{"id":"b","text":"الولدُ مجتهدٌ"},{"id":"c","text":"الولدُ المجتهدُ"},{"id":"d","text":"ولدُ مجتهدةٌ"}]'::jsonb, 'c', 'المنعوت «الولدُ» معرفةٌ (فيه الـ) فيكون النعت معرفةً مثله «المجتهدُ»: «الولدُ المجتهدُ.»؛ فلا نخلط معرفةً بنكرة.', 4)
ON CONFLICT (id) DO UPDATE SET
  exercise_id = EXCLUDED.exercise_id,
  prompt = EXCLUDED.prompt,
  options = EXCLUDED.options,
  correct_option = EXCLUDED.correct_option,
  explanation = EXCLUDED.explanation,
  display_order = EXCLUDED.display_order;

INSERT INTO public.questions (id, exercise_id, prompt, options, correct_option, explanation, display_order) VALUES
  ('30f2764d-72b9-5a09-a18c-e3d6c6f66cc9', 'f03c7bd3-6e25-5537-a0f7-48d5030b79c8', 'ما الصواب في وصف «حديقة» (مؤنّث)؟', '[{"id":"a","text":"حديقةٌ واسعةٌ"},{"id":"b","text":"حديقةٌ واسعٌ"},{"id":"c","text":"حديقةٌ واسعون"},{"id":"d","text":"حديقةُ يتّسعُ"}]'::jsonb, 'a', '«حديقةٌ» مؤنّثةٌ فيكون نعتها مؤنّثًا «واسعةٌ»: «حديقةٌ واسعةٌ.»؛ أمّا «واسعٌ» فمذكّرٌ لا يطابق المؤنّث.', 5)
ON CONFLICT (id) DO UPDATE SET
  exercise_id = EXCLUDED.exercise_id,
  prompt = EXCLUDED.prompt,
  options = EXCLUDED.options,
  correct_option = EXCLUDED.correct_option,
  explanation = EXCLUDED.explanation,
  display_order = EXCLUDED.display_order;

INSERT INTO public.questions (id, exercise_id, prompt, options, correct_option, explanation, display_order) VALUES
  ('46cf68e7-b0b7-5eae-99bd-d1c6e6435b8e', 'f03c7bd3-6e25-5537-a0f7-48d5030b79c8', 'في «رأيتُ القمرَ المنيرَ»، النعت «المنيرَ» جاء منصوبًا لأنّه:', '[{"id":"a","text":"تبع منعوته «القمرَ» المنصوب في الحركة"},{"id":"b","text":"نعتٌ يُنصب دائمًا"},{"id":"c","text":"فاعلٌ منصوب"},{"id":"d","text":"مبتدأٌ منصوب"}]'::jsonb, 'a', 'النعت يتبع منعوته في الحركة (الإعراب)؛ فلمّا كان «القمرَ» منصوبًا (مفعولًا به) تبعه النعت «المنيرَ» في النصب.', 6)
ON CONFLICT (id) DO UPDATE SET
  exercise_id = EXCLUDED.exercise_id,
  prompt = EXCLUDED.prompt,
  options = EXCLUDED.options,
  correct_option = EXCLUDED.correct_option,
  explanation = EXCLUDED.explanation,
  display_order = EXCLUDED.display_order;

INSERT INTO public.exercises (id, chapter_id, subject_id, title, difficulty, xp_reward, reward_coins, mode, source, display_order) VALUES
  ('d6387948-1806-57de-be86-360df32b501d', 'c950ba90-d48f-55e1-bfbb-167854dfe935', 'arabic-4eme', '⚔️ زعيم الفصل ⭐⭐⭐: حارس مرآة الصفات', 3, 120, 30, 'boss', 'admin', 2)
ON CONFLICT (id) DO UPDATE SET
  chapter_id = EXCLUDED.chapter_id,
  subject_id = EXCLUDED.subject_id,
  title = EXCLUDED.title,
  difficulty = EXCLUDED.difficulty,
  xp_reward = EXCLUDED.xp_reward,
  reward_coins = EXCLUDED.reward_coins,
  mode = EXCLUDED.mode,
  display_order = EXCLUDED.display_order;

INSERT INTO public.questions (id, exercise_id, prompt, options, correct_option, explanation, display_order) VALUES
  ('175f60d7-c3ee-59cf-9850-9654bdbe85c5', 'd6387948-1806-57de-be86-360df32b501d', 'في الجملة «جاءَ الرجلُ الطويلُ.»، عيّن النعت والمنعوت:', '[{"id":"a","text":"المنعوت «الرجلُ» والنعت «الطويلُ»"},{"id":"b","text":"المنعوت «الطويلُ» والنعت «الرجلُ»"},{"id":"c","text":"المنعوت «جاءَ»"},{"id":"d","text":"لا نعت في الجملة"}]'::jsonb, 'a', '«الرجلُ» هو الاسم الموصوف (المنعوت)، و«الطويلُ» يصفه ويبيّن صفته فهو النعت، وقد تبعه في الرفع والتعريف.', 1)
ON CONFLICT (id) DO UPDATE SET
  exercise_id = EXCLUDED.exercise_id,
  prompt = EXCLUDED.prompt,
  options = EXCLUDED.options,
  correct_option = EXCLUDED.correct_option,
  explanation = EXCLUDED.explanation,
  display_order = EXCLUDED.display_order;

INSERT INTO public.questions (id, exercise_id, prompt, options, correct_option, explanation, display_order) VALUES
  ('64804b24-8b22-54b6-8ef7-18007c181c0c', 'd6387948-1806-57de-be86-360df32b501d', 'أيّ تركيبٍ صحيحٌ في وصف جمع الأشياء «أزهار»؟', '[{"id":"a","text":"أزهارٌ جميلٌ"},{"id":"b","text":"أزهارٌ جميلةٌ"},{"id":"c","text":"أزهارٌ جميلون"},{"id":"d","text":"زهرةٌ جميلون"}]'::jsonb, 'b', 'جمعُ غير العاقل (الأشياء) مثل «أزهار» يُوصف بصفةٍ مفردةٍ مؤنّثةٍ: «أزهارٌ جميلةٌ.»؛ فلا نقول «جميلٌ» ولا «جميلون».', 2)
ON CONFLICT (id) DO UPDATE SET
  exercise_id = EXCLUDED.exercise_id,
  prompt = EXCLUDED.prompt,
  options = EXCLUDED.options,
  correct_option = EXCLUDED.correct_option,
  explanation = EXCLUDED.explanation,
  display_order = EXCLUDED.display_order;

INSERT INTO public.questions (id, exercise_id, prompt, options, correct_option, explanation, display_order) VALUES
  ('34bbea45-0ffe-542e-994b-aa2729736834', 'd6387948-1806-57de-be86-360df32b501d', 'صحّح الخطأ في «الطالباتُ المجتهدُ»:', '[{"id":"a","text":"الطالباتُ المجتهدونَ"},{"id":"b","text":"الطالباتُ مجتهدٌ"},{"id":"c","text":"الطالباتُ المجتهداتُ"},{"id":"d","text":"الطالبُ المجتهدُ"}]'::jsonb, 'c', 'المنعوت «الطالباتُ» جمعُ مؤنّثٍ معرفة، فيكون النعت جمعَ مؤنّثٍ معرفةً مطابقًا: «الطالباتُ المجتهداتُ.»؛ أمّا «المجتهدونَ» فجمع مذكّر.', 3)
ON CONFLICT (id) DO UPDATE SET
  exercise_id = EXCLUDED.exercise_id,
  prompt = EXCLUDED.prompt,
  options = EXCLUDED.options,
  correct_option = EXCLUDED.correct_option,
  explanation = EXCLUDED.explanation,
  display_order = EXCLUDED.display_order;

INSERT INTO public.questions (id, exercise_id, prompt, options, correct_option, explanation, display_order) VALUES
  ('0b0cd157-6bcd-5468-982c-2d1f4249c21a', 'd6387948-1806-57de-be86-360df32b501d', 'في «اشتريتُ كتابًا مفيدًا»، لماذا جاء النعت «مفيدًا» منوّنًا منصوبًا؟', '[{"id":"a","text":"لأنّ النعت يُنصب دائمًا"},{"id":"b","text":"لأنّه فاعلٌ منصوب"},{"id":"c","text":"بلا سببٍ، هكذا يُنطق"},{"id":"d","text":"تبع منعوته «كتابًا» النكرةَ المنصوبَ في التنكير والحركة"}]'::jsonb, 'd', 'النعت يطابق منعوته في التنكير والحركة؛ و«كتابًا» نكرةٌ منصوبةٌ (مفعولٌ به) فتبعه «مفيدًا» نكرةً منصوبةً منوّنةً.', 4)
ON CONFLICT (id) DO UPDATE SET
  exercise_id = EXCLUDED.exercise_id,
  prompt = EXCLUDED.prompt,
  options = EXCLUDED.options,
  correct_option = EXCLUDED.correct_option,
  explanation = EXCLUDED.explanation,
  display_order = EXCLUDED.display_order;

INSERT INTO public.questions (id, exercise_id, prompt, options, correct_option, explanation, display_order) VALUES
  ('dbad1a5c-7f01-5e2a-9f6a-50686f7d89fe', 'd6387948-1806-57de-be86-360df32b501d', 'أيّ جملةٍ طابقَ فيها النعتُ منعوتَه في الأمور الأربعة جميعًا؟', '[{"id":"a","text":"اللاعبونَ الماهرُ فازوا."},{"id":"b","text":"اللاعبونَ الماهرونَ فازوا."},{"id":"c","text":"اللاعبونَ ماهراتٌ فازوا."},{"id":"d","text":"اللاعبُ الماهرونَ فازوا."}]'::jsonb, 'b', 'المنعوت «اللاعبونَ» جمعُ مذكّرٍ معرفةٍ مرفوع، فيطابقه النعت في التذكير والجمع والتعريف والرفع: «اللاعبونَ الماهرونَ.»', 5)
ON CONFLICT (id) DO UPDATE SET
  exercise_id = EXCLUDED.exercise_id,
  prompt = EXCLUDED.prompt,
  options = EXCLUDED.options,
  correct_option = EXCLUDED.correct_option,
  explanation = EXCLUDED.explanation,
  display_order = EXCLUDED.display_order;

INSERT INTO public.questions (id, exercise_id, prompt, options, correct_option, explanation, display_order) VALUES
  ('5b27ddaa-20c5-51e1-a5c8-686273a9552c', 'd6387948-1806-57de-be86-360df32b501d', 'قال تلميذٌ: «النعت يطابق منعوته في التذكير والتأنيث فقط». ما الصحيح؟', '[{"id":"a","text":"خطأ؛ يطابقه أيضًا في الإفراد والجمع، والتعريف والتنكير، والحركة (الإعراب)"},{"id":"b","text":"صحيح، لا مطابقة إلّا في التذكير والتأنيث"},{"id":"c","text":"صحيح، الحركة لا تتبع المنعوت"},{"id":"d","text":"خطأ؛ لا مطابقة بين النعت ومنعوته أصلًا"}]'::jsonb, 'a', 'الخطأ الشائع: حصر المطابقة في التذكير والتأنيث. النعت يتبع منعوته في أربعةٍ: التذكير/التأنيث، والإفراد/الجمع، والتعريف/التنكير، والحركة (الإعراب).', 6)
ON CONFLICT (id) DO UPDATE SET
  exercise_id = EXCLUDED.exercise_id,
  prompt = EXCLUDED.prompt,
  options = EXCLUDED.options,
  correct_option = EXCLUDED.correct_option,
  explanation = EXCLUDED.explanation,
  display_order = EXCLUDED.display_order;

INSERT INTO public.exercises (id, chapter_id, subject_id, title, difficulty, xp_reward, reward_coins, mode, source, display_order) VALUES
  ('52362a34-1225-5057-ac82-568e14f89c91', 'c950ba90-d48f-55e1-bfbb-167854dfe935', 'arabic-4eme', '⭐⭐ تمرين مراجعة (نمط امتحان): النعت والتطابق', 2, 75, 15, 'practice', 'admin', 3)
ON CONFLICT (id) DO UPDATE SET
  chapter_id = EXCLUDED.chapter_id,
  subject_id = EXCLUDED.subject_id,
  title = EXCLUDED.title,
  difficulty = EXCLUDED.difficulty,
  xp_reward = EXCLUDED.xp_reward,
  reward_coins = EXCLUDED.reward_coins,
  mode = EXCLUDED.mode,
  display_order = EXCLUDED.display_order;

INSERT INTO public.questions (id, exercise_id, prompt, options, correct_option, explanation, display_order) VALUES
  ('0267d3ac-3968-5913-83f2-6370ccb7eba9', '52362a34-1225-5057-ac82-568e14f89c91', 'كم أمرًا يطابق فيها النعتُ منعوتَه؟', '[{"id":"a","text":"أربعة"},{"id":"b","text":"اثنان"},{"id":"c","text":"واحد"},{"id":"d","text":"لا مطابقة"}]'::jsonb, 'a', 'النعت يتبع منعوته في أربعة أمورٍ: التذكير/التأنيث، والإفراد/الجمع، والتعريف/التنكير، والحركة (الإعراب).', 1)
ON CONFLICT (id) DO UPDATE SET
  exercise_id = EXCLUDED.exercise_id,
  prompt = EXCLUDED.prompt,
  options = EXCLUDED.options,
  correct_option = EXCLUDED.correct_option,
  explanation = EXCLUDED.explanation,
  display_order = EXCLUDED.display_order;

INSERT INTO public.questions (id, exercise_id, prompt, options, correct_option, explanation, display_order) VALUES
  ('83ea10cd-0c93-5c6b-81ed-ac671a9b14eb', '52362a34-1225-5057-ac82-568e14f89c91', 'أكمل: «الجنديُّ ___» بنعتٍ مطابقٍ معرفة:', '[{"id":"a","text":"الشجاعُ"},{"id":"b","text":"شجاعةٌ"},{"id":"c","text":"شجعانٌ"},{"id":"d","text":"يشجعُ"}]'::jsonb, 'a', '«الجنديُّ» مفردٌ مذكّرٌ معرفةٌ مرفوع، فيكون نعته مثله «الشجاعُ»: «الجنديُّ الشجاعُ.»؛ أمّا «شجاعةٌ» فمؤنّثٌ نكرة.', 2)
ON CONFLICT (id) DO UPDATE SET
  exercise_id = EXCLUDED.exercise_id,
  prompt = EXCLUDED.prompt,
  options = EXCLUDED.options,
  correct_option = EXCLUDED.correct_option,
  explanation = EXCLUDED.explanation,
  display_order = EXCLUDED.display_order;

INSERT INTO public.questions (id, exercise_id, prompt, options, correct_option, explanation, display_order) VALUES
  ('3e6224fd-abda-565b-b098-c6ecc39bd599', '52362a34-1225-5057-ac82-568e14f89c91', 'أيّ تركيبٍ فيه خطأٌ في المطابقة؟', '[{"id":"a","text":"بحرٌ واسعٌ"},{"id":"b","text":"سيّارةٌ سريعٌ"},{"id":"c","text":"قمرٌ منيرٌ"},{"id":"d","text":"بنتٌ مؤدّبةٌ"}]'::jsonb, 'b', '«سيّارةٌ» مؤنّثةٌ فيجب وصفها بمؤنّثٍ «سريعةٌ»؛ فـ«سيّارةٌ سريعٌ» خطأٌ لوصف المؤنّث بمذكّر، والبقيّة سليمةُ المطابقة.', 3)
ON CONFLICT (id) DO UPDATE SET
  exercise_id = EXCLUDED.exercise_id,
  prompt = EXCLUDED.prompt,
  options = EXCLUDED.options,
  correct_option = EXCLUDED.correct_option,
  explanation = EXCLUDED.explanation,
  display_order = EXCLUDED.display_order;

INSERT INTO public.questions (id, exercise_id, prompt, options, correct_option, explanation, display_order) VALUES
  ('a0ee236b-d11a-5d76-95a3-d0e66326f2dc', '52362a34-1225-5057-ac82-568e14f89c91', 'ما الصواب في وصف «أقلام» (جمعُ أشياء)؟', '[{"id":"a","text":"أقلامٌ ملوّنون"},{"id":"b","text":"أقلامٌ ملوّنٌ"},{"id":"c","text":"أقلامٌ ملوّنةٌ"},{"id":"d","text":"قلمٌ ملوّنةٌ"}]'::jsonb, 'c', 'جمعُ غير العاقل «أقلام» يُوصف بمفردٍ مؤنّثٍ: «أقلامٌ ملوّنةٌ.»؛ فلا نقول «ملوّنون» (للعاقل) ولا «ملوّنٌ» (مفرد مذكّر).', 4)
ON CONFLICT (id) DO UPDATE SET
  exercise_id = EXCLUDED.exercise_id,
  prompt = EXCLUDED.prompt,
  options = EXCLUDED.options,
  correct_option = EXCLUDED.correct_option,
  explanation = EXCLUDED.explanation,
  display_order = EXCLUDED.display_order;

INSERT INTO public.questions (id, exercise_id, prompt, options, correct_option, explanation, display_order) VALUES
  ('3bf60443-a6a3-5572-b5a6-29e5e6b7aaef', '52362a34-1225-5057-ac82-568e14f89c91', 'في «مررتُ بطالبٍ مجتهدٍ»، ما حركة النعت «مجتهدٍ» ولماذا؟', '[{"id":"a","text":"مرفوعٌ، لأنّ النعت يُرفع دائمًا"},{"id":"b","text":"منصوبٌ، لأنّه مفعولٌ به"},{"id":"c","text":"مجرورٌ، تبعًا لمنعوته «طالبٍ» المجرور بحرف الجرّ"},{"id":"d","text":"ساكنٌ، بلا حركة"}]'::jsonb, 'c', 'النعت يتبع منعوته في الحركة؛ و«طالبٍ» مجرورٌ بحرف الجرّ «الباء»، فتبعه النعت «مجتهدٍ» في الجرّ.', 5)
ON CONFLICT (id) DO UPDATE SET
  exercise_id = EXCLUDED.exercise_id,
  prompt = EXCLUDED.prompt,
  options = EXCLUDED.options,
  correct_option = EXCLUDED.correct_option,
  explanation = EXCLUDED.explanation,
  display_order = EXCLUDED.display_order;

INSERT INTO public.questions (id, exercise_id, prompt, options, correct_option, explanation, display_order) VALUES
  ('6811aa93-b5cd-543a-9eac-4c4f242b0b86', '52362a34-1225-5057-ac82-568e14f89c91', 'حوّل «وردةٌ حمراءُ» إلى المعرفة مع المطابقة:', '[{"id":"a","text":"الوردةُ حمراءُ"},{"id":"b","text":"وردةُ الحمراءُ"},{"id":"c","text":"الوردُ الأحمرُ"},{"id":"d","text":"الوردةُ الحمراءُ"}]'::jsonb, 'd', 'نُعرّف المنعوت والنعت معًا بإدخال «الـ» على كلٍّ منهما مع بقاء المطابقة في التأنيث: «الوردةُ الحمراءُ.»؛ أمّا «الوردةُ حمراءُ» فاختلّ فيها التطابق في التعريف.', 6)
ON CONFLICT (id) DO UPDATE SET
  exercise_id = EXCLUDED.exercise_id,
  prompt = EXCLUDED.prompt,
  options = EXCLUDED.options,
  correct_option = EXCLUDED.correct_option,
  explanation = EXCLUDED.explanation,
  display_order = EXCLUDED.display_order;

INSERT INTO public.exercises (id, chapter_id, subject_id, title, difficulty, xp_reward, reward_coins, mode, source, display_order) VALUES
  ('39df98e3-83c0-5a5b-b3a7-1fd5e1178b69', 'c950ba90-d48f-55e1-bfbb-167854dfe935', 'arabic-4eme', '👑 تحدّي النخبة ⭐⭐⭐⭐: سيّد الصفة والتطابق', 4, 300, 60, 'challenge', 'admin', 4)
ON CONFLICT (id) DO UPDATE SET
  chapter_id = EXCLUDED.chapter_id,
  subject_id = EXCLUDED.subject_id,
  title = EXCLUDED.title,
  difficulty = EXCLUDED.difficulty,
  xp_reward = EXCLUDED.xp_reward,
  reward_coins = EXCLUDED.reward_coins,
  mode = EXCLUDED.mode,
  display_order = EXCLUDED.display_order;

INSERT INTO public.questions (id, exercise_id, prompt, options, correct_option, explanation, display_order) VALUES
  ('3b80c67d-f9c0-5d25-b35d-fbf760fbd73c', '39df98e3-83c0-5a5b-b3a7-1fd5e1178b69', 'في الجملة «قرأتُ قصّةً مفيدةً ممتعةً.»، ما النعوت للمنعوت «قصّةً»؟', '[{"id":"a","text":"«مفيدةً» و«ممتعةً»، نعتان منصوبان تابعان لها"},{"id":"b","text":"«قرأتُ» فقط"},{"id":"c","text":"لا نعت في الجملة"},{"id":"d","text":"«قصّةً» نعتٌ لنفسها"}]'::jsonb, 'a', 'قد يتعدّد النعت للمنعوت الواحد؛ فـ«مفيدةً» و«ممتعةً» نعتان يصفان «قصّةً» ويتبعانها في التأنيث والتنكير والنصب.', 1)
ON CONFLICT (id) DO UPDATE SET
  exercise_id = EXCLUDED.exercise_id,
  prompt = EXCLUDED.prompt,
  options = EXCLUDED.options,
  correct_option = EXCLUDED.correct_option,
  explanation = EXCLUDED.explanation,
  display_order = EXCLUDED.display_order;

INSERT INTO public.questions (id, exercise_id, prompt, options, correct_option, explanation, display_order) VALUES
  ('a794a182-853b-5a75-960e-d82e8d7d01df', '39df98e3-83c0-5a5b-b3a7-1fd5e1178b69', 'اختر الجملة التي طابقَ فيها النعتُ منعوتَه في الأمور الأربعة والحركة معًا:', '[{"id":"a","text":"رأيتُ الفتياتِ المهذّباتُ."},{"id":"b","text":"رأيتُ الفتياتِ المهذّباتِ."},{"id":"c","text":"رأيتُ الفتياتُ المهذّباتِ."},{"id":"d","text":"رأيتُ الفتياتِ المهذّبونَ."}]'::jsonb, 'b', '«الفتياتِ» جمعُ مؤنّثٍ معرفةٌ منصوبٌ (مفعولٌ به، علامة نصبه الكسرة)، فيتبعه النعت «المهذّباتِ» في التأنيث والجمع والتعريف والنصب بالكسرة.', 2)
ON CONFLICT (id) DO UPDATE SET
  exercise_id = EXCLUDED.exercise_id,
  prompt = EXCLUDED.prompt,
  options = EXCLUDED.options,
  correct_option = EXCLUDED.correct_option,
  explanation = EXCLUDED.explanation,
  display_order = EXCLUDED.display_order;

INSERT INTO public.questions (id, exercise_id, prompt, options, correct_option, explanation, display_order) VALUES
  ('825287b3-7887-50c9-9958-64915ae44e13', '39df98e3-83c0-5a5b-b3a7-1fd5e1178b69', 'اقرأ: «سلّمتُ على المعلّمينَ الفاضلينَ.» لماذا جاء النعت «الفاضلينَ» بالياء؟', '[{"id":"a","text":"لأنّ النعت يأتي بالياء دائمًا"},{"id":"b","text":"لأنّه فاعلٌ"},{"id":"c","text":"تبع منعوته «المعلّمينَ» جمعَ المذكّرِ السالمَ المجرورَ (يُجرّ بالياء)"},{"id":"d","text":"بلا قاعدة"}]'::jsonb, 'c', '«المعلّمينَ» جمعُ مذكّرٍ سالمٌ مجرورٌ بحرف الجرّ «على» (يُجرّ بالياء)، فتبعه النعت «الفاضلينَ» في الجرّ بالياء؛ فالنعت يطابق منعوته في الحركة ونوعها.', 3)
ON CONFLICT (id) DO UPDATE SET
  exercise_id = EXCLUDED.exercise_id,
  prompt = EXCLUDED.prompt,
  options = EXCLUDED.options,
  correct_option = EXCLUDED.correct_option,
  explanation = EXCLUDED.explanation,
  display_order = EXCLUDED.display_order;

INSERT INTO public.questions (id, exercise_id, prompt, options, correct_option, explanation, display_order) VALUES
  ('e66f3814-68f2-5214-90af-9ff202188ead', '39df98e3-83c0-5a5b-b3a7-1fd5e1178b69', 'أيّ تركيبٍ خاطئ في المطابقة رغم ظاهره السليم؟', '[{"id":"a","text":"تلميذٌ نشيطٌ"},{"id":"b","text":"حدائقُ جميلةٌ"},{"id":"c","text":"رجالٌ كرماءُ"},{"id":"d","text":"الكتبُ المفيدونَ"}]'::jsonb, 'd', '«الكتبُ» جمعُ غير عاقلٍ (أشياء) فيُوصف بمفردٍ مؤنّثٍ «المفيدةُ» لا بجمع مذكّرٍ عاقل؛ فـ«الكتبُ المفيدونَ» خطأ، والصواب «الكتبُ المفيدةُ».', 4)
ON CONFLICT (id) DO UPDATE SET
  exercise_id = EXCLUDED.exercise_id,
  prompt = EXCLUDED.prompt,
  options = EXCLUDED.options,
  correct_option = EXCLUDED.correct_option,
  explanation = EXCLUDED.explanation,
  display_order = EXCLUDED.display_order;

INSERT INTO public.questions (id, exercise_id, prompt, options, correct_option, explanation, display_order) VALUES
  ('143eb6e5-e415-5ac4-8aa4-348ee66b67f7', '39df98e3-83c0-5a5b-b3a7-1fd5e1178b69', 'في «جاءَ رجلٌ كريمٌ خُلُقُهُ.»، ما إعراب «كريمٌ»؟', '[{"id":"a","text":"مفعولٌ به منصوب"},{"id":"b","text":"فعلٌ ماضٍ"},{"id":"c","text":"فاعلٌ ثانٍ"},{"id":"d","text":"نعتٌ لـ«رجلٌ» مرفوعٌ تابعٌ له في الرفع والتنكير"}]'::jsonb, 'd', '«كريمٌ» يصف «رجلٌ» ويبيّن صفته فهو نعتٌ، تبع منعوته النكرةَ المرفوعَ في الرفع والتنكير؛ و«خُلُقُهُ» فاعلٌ للصفة المشبّهة (تعرّفًا).', 5)
ON CONFLICT (id) DO UPDATE SET
  exercise_id = EXCLUDED.exercise_id,
  prompt = EXCLUDED.prompt,
  options = EXCLUDED.options,
  correct_option = EXCLUDED.correct_option,
  explanation = EXCLUDED.explanation,
  display_order = EXCLUDED.display_order;

INSERT INTO public.questions (id, exercise_id, prompt, options, correct_option, explanation, display_order) VALUES
  ('e63ab8c0-3e51-550b-8828-b0c355886afd', '39df98e3-83c0-5a5b-b3a7-1fd5e1178b69', 'قال تلميذٌ: «جمع غير العاقل (الأشياء) يُوصف بجمعٍ مثله دائمًا». ما الأدقّ؟', '[{"id":"a","text":"صحيحٌ مطلقًا"},{"id":"b","text":"خطأ؛ جمع الأشياء يُوصف بمفردٍ مؤنّثٍ: «جبالٌ شامخةٌ» لا «شامخون»"},{"id":"c","text":"صحيح، يُوصف بجمعِ مذكّرٍ سالم"},{"id":"d","text":"خطأ؛ لا يُوصف جمعُ الأشياء أبدًا"}]'::jsonb, 'b', 'الخطأ الشائع: قياس جمع الأشياء على العاقل. جمعُ غير العاقل يُعامل معاملةَ المفردة المؤنّثة في الوصف: «جبالٌ شامخةٌ»، «كتبٌ مفيدةٌ»، لا «شامخون» ولا «مفيدون».', 6)
ON CONFLICT (id) DO UPDATE SET
  exercise_id = EXCLUDED.exercise_id,
  prompt = EXCLUDED.prompt,
  options = EXCLUDED.options,
  correct_option = EXCLUDED.correct_option,
  explanation = EXCLUDED.explanation,
  display_order = EXCLUDED.display_order;

INSERT INTO public.exercises (id, chapter_id, subject_id, title, difficulty, xp_reward, reward_coins, mode, source, display_order) VALUES
  ('3dac698d-b15f-5e14-b25a-ae6a0e2f9ece', 'c950ba90-d48f-55e1-bfbb-167854dfe935', 'arabic-4eme', '📝 تدريب ⭐⭐⭐: مراجعة شاملة على النعت والتطابق', 3, 120, 30, 'boss', 'admin', 5)
ON CONFLICT (id) DO UPDATE SET
  chapter_id = EXCLUDED.chapter_id,
  subject_id = EXCLUDED.subject_id,
  title = EXCLUDED.title,
  difficulty = EXCLUDED.difficulty,
  xp_reward = EXCLUDED.xp_reward,
  reward_coins = EXCLUDED.reward_coins,
  mode = EXCLUDED.mode,
  display_order = EXCLUDED.display_order;

INSERT INTO public.questions (id, exercise_id, prompt, options, correct_option, explanation, display_order) VALUES
  ('c3b5f3cc-a48e-5ec0-9369-079df3afe866', '3dac698d-b15f-5e14-b25a-ae6a0e2f9ece', 'في «طفلٌ صغيرٌ»، الكلمة التي تصف الاسم هي:', '[{"id":"a","text":"صغيرٌ"},{"id":"b","text":"طفلٌ"},{"id":"c","text":"لا صفة فيها"},{"id":"d","text":"كلاهما موصوف"}]'::jsonb, 'a', '«صغيرٌ» نعتٌ يصف المنعوت «طفلٌ» ويبيّن صفته، وقد طابقه في التذكير والإفراد والتنكير والرفع.', 1)
ON CONFLICT (id) DO UPDATE SET
  exercise_id = EXCLUDED.exercise_id,
  prompt = EXCLUDED.prompt,
  options = EXCLUDED.options,
  correct_option = EXCLUDED.correct_option,
  explanation = EXCLUDED.explanation,
  display_order = EXCLUDED.display_order;

INSERT INTO public.questions (id, exercise_id, prompt, options, correct_option, explanation, display_order) VALUES
  ('37e6a4f8-f796-5d2c-9073-75432df4afab', '3dac698d-b15f-5e14-b25a-ae6a0e2f9ece', 'أكمل بنعتٍ مطابق: «شجرةٌ ___»:', '[{"id":"a","text":"باسقون"},{"id":"b","text":"باسقةٌ"},{"id":"c","text":"باسقٌ"},{"id":"d","text":"يبسقُ"}]'::jsonb, 'b', '«شجرةٌ» مفردةٌ مؤنّثةٌ نكرة، فيكون نعتها مثلها «باسقةٌ»: «شجرةٌ باسقةٌ.»؛ أمّا «باسقٌ» فمذكّر.', 2)
ON CONFLICT (id) DO UPDATE SET
  exercise_id = EXCLUDED.exercise_id,
  prompt = EXCLUDED.prompt,
  options = EXCLUDED.options,
  correct_option = EXCLUDED.correct_option,
  explanation = EXCLUDED.explanation,
  display_order = EXCLUDED.display_order;

INSERT INTO public.questions (id, exercise_id, prompt, options, correct_option, explanation, display_order) VALUES
  ('a7f2ad1d-d8bf-5742-95f0-733a5ce244c9', '3dac698d-b15f-5e14-b25a-ae6a0e2f9ece', 'أيّ تركيبٍ سليمٌ في وصف المعرفة؟', '[{"id":"a","text":"بيتُ الكبيرُ"},{"id":"b","text":"البيتُ كبيرٌ"},{"id":"c","text":"البيتُ الكبيرُ"},{"id":"d","text":"بيتٌ الكبيرةُ"}]'::jsonb, 'c', 'المنعوت «البيتُ» معرفةٌ فيكون النعت معرفةً مثله «الكبيرُ»: «البيتُ الكبيرُ.»؛ أمّا «البيتُ كبيرٌ» فجملةٌ اسمية (مبتدأ وخبر) لا نعت.', 3)
ON CONFLICT (id) DO UPDATE SET
  exercise_id = EXCLUDED.exercise_id,
  prompt = EXCLUDED.prompt,
  options = EXCLUDED.options,
  correct_option = EXCLUDED.correct_option,
  explanation = EXCLUDED.explanation,
  display_order = EXCLUDED.display_order;

INSERT INTO public.questions (id, exercise_id, prompt, options, correct_option, explanation, display_order) VALUES
  ('75949204-d5c8-55e9-abdc-847fdba23fce', '3dac698d-b15f-5e14-b25a-ae6a0e2f9ece', 'صحّح: «الوردةُ الجميلُ»:', '[{"id":"a","text":"الوردةُ جميلٌ"},{"id":"b","text":"الوردُ الجميلُ"},{"id":"c","text":"الوردةُ الجميلةُ"},{"id":"d","text":"وردةٌ الجميلُ"}]'::jsonb, 'c', '«الوردةُ» مؤنّثةٌ معرفةٌ فيجب أن يكون نعتها مؤنّثًا معرفةً «الجميلةُ»: «الوردةُ الجميلةُ.»؛ فلا نصف المؤنّث بمذكّر.', 4)
ON CONFLICT (id) DO UPDATE SET
  exercise_id = EXCLUDED.exercise_id,
  prompt = EXCLUDED.prompt,
  options = EXCLUDED.options,
  correct_option = EXCLUDED.correct_option,
  explanation = EXCLUDED.explanation,
  display_order = EXCLUDED.display_order;

INSERT INTO public.questions (id, exercise_id, prompt, options, correct_option, explanation, display_order) VALUES
  ('2a4701bd-1559-5d13-b2c3-8e477240e3df', '3dac698d-b15f-5e14-b25a-ae6a0e2f9ece', 'في «رأيتُ طائرًا جميلًا»، ما حركة النعت «جميلًا» وسببها؟', '[{"id":"a","text":"مرفوعٌ، لأنّه فاعل"},{"id":"b","text":"مجرورٌ، لأنّه مضافٌ إليه"},{"id":"c","text":"ساكنٌ، بلا سبب"},{"id":"d","text":"منصوبٌ، تبعًا لمنعوته «طائرًا» المنصوبِ (مفعولٌ به)"}]'::jsonb, 'd', 'النعت يتبع منعوته في الحركة؛ و«طائرًا» منصوبٌ (مفعولٌ به) فتبعه النعت «جميلًا» في النصب والتنكير.', 5)
ON CONFLICT (id) DO UPDATE SET
  exercise_id = EXCLUDED.exercise_id,
  prompt = EXCLUDED.prompt,
  options = EXCLUDED.options,
  correct_option = EXCLUDED.correct_option,
  explanation = EXCLUDED.explanation,
  display_order = EXCLUDED.display_order;

INSERT INTO public.questions (id, exercise_id, prompt, options, correct_option, explanation, display_order) VALUES
  ('12c80159-e60f-5872-9927-f846d939485c', '3dac698d-b15f-5e14-b25a-ae6a0e2f9ece', 'اقرأ: «اللاعبونَ المجتهدونَ فازوا.» ما الذي طابق فيه النعتُ منعوتَه؟', '[{"id":"a","text":"التأنيث فقط"},{"id":"b","text":"التذكير والجمع والتعريف والرفع جميعًا"},{"id":"c","text":"التنكير فقط"},{"id":"d","text":"لم يطابقه في شيء"}]'::jsonb, 'b', '«اللاعبونَ» جمعُ مذكّرٍ معرفةٍ مرفوعٌ بالواو، فطابقه النعت «المجتهدونَ» في التذكير والجمع والتعريف والرفع بالواو جميعًا.', 6)
ON CONFLICT (id) DO UPDATE SET
  exercise_id = EXCLUDED.exercise_id,
  prompt = EXCLUDED.prompt,
  options = EXCLUDED.options,
  correct_option = EXCLUDED.correct_option,
  explanation = EXCLUDED.explanation,
  display_order = EXCLUDED.display_order;

INSERT INTO public.exercises (id, chapter_id, subject_id, title, difficulty, xp_reward, reward_coins, mode, source, display_order) VALUES
  ('ba182dd0-df82-5891-99ee-d3877a064cc5', 'cd792bd7-06ae-50eb-811e-0fc4ddc757ed', 'arabic-4eme', 'اختبار فهم الدرس ⭐', 1, 20, 5, 'quiz', 'admin', 0)
ON CONFLICT (id) DO UPDATE SET
  chapter_id = EXCLUDED.chapter_id,
  subject_id = EXCLUDED.subject_id,
  title = EXCLUDED.title,
  difficulty = EXCLUDED.difficulty,
  xp_reward = EXCLUDED.xp_reward,
  reward_coins = EXCLUDED.reward_coins,
  mode = EXCLUDED.mode,
  display_order = EXCLUDED.display_order;

INSERT INTO public.questions (id, exercise_id, prompt, options, correct_option, explanation, display_order) VALUES
  ('266245f8-1c0e-504f-bdcd-e1fa631b170d', 'ba182dd0-df82-5891-99ee-d3877a064cc5', 'ما علامة جرّ الاسم بعد حرف الجرّ؟', '[{"id":"a","text":"الفتحة"},{"id":"b","text":"الكسرة"},{"id":"c","text":"الضمّة"},{"id":"d","text":"السكون"}]'::jsonb, 'b', 'الاسم الذي يأتي بعد حرف الجرّ يكون مجرورًا، وعلامة جرّه الأصليّة الكسرة على آخره، مثل «في البيتِ».', 1)
ON CONFLICT (id) DO UPDATE SET
  exercise_id = EXCLUDED.exercise_id,
  prompt = EXCLUDED.prompt,
  options = EXCLUDED.options,
  correct_option = EXCLUDED.correct_option,
  explanation = EXCLUDED.explanation,
  display_order = EXCLUDED.display_order;

INSERT INTO public.questions (id, exercise_id, prompt, options, correct_option, explanation, display_order) VALUES
  ('4adcafc8-d4f3-514e-a0be-1f0e9fc98d25', 'ba182dd0-df82-5891-99ee-d3877a064cc5', 'أيّ ممّا يلي حرفُ جرٍّ؟', '[{"id":"a","text":"ثمّ"},{"id":"b","text":"الواو"},{"id":"c","text":"على"},{"id":"d","text":"كتبَ"}]'::jsonb, 'c', '«على» حرفُ جرٍّ يجرّ الاسم بعده، أمّا «الواو» و«ثمّ» فأداتا عطفٍ، و«كتبَ» فعل.', 2)
ON CONFLICT (id) DO UPDATE SET
  exercise_id = EXCLUDED.exercise_id,
  prompt = EXCLUDED.prompt,
  options = EXCLUDED.options,
  correct_option = EXCLUDED.correct_option,
  explanation = EXCLUDED.explanation,
  display_order = EXCLUDED.display_order;

INSERT INTO public.questions (id, exercise_id, prompt, options, correct_option, explanation, display_order) VALUES
  ('028d2164-eea0-5460-a255-77c5e1ffdd3a', 'ba182dd0-df82-5891-99ee-d3877a064cc5', 'في الجملة «ذهبَ التلميذُ إلى المدرسةِ.»، ما الاسم المجرور؟', '[{"id":"a","text":"المدرسةِ"},{"id":"b","text":"التلميذُ"},{"id":"c","text":"ذهبَ"},{"id":"d","text":"إلى"}]'::jsonb, 'a', '«إلى» حرف جرٍّ، فالاسم بعده «المدرسةِ» مجرورٌ بالكسرة، و«التلميذُ» فاعلٌ مرفوع.', 3)
ON CONFLICT (id) DO UPDATE SET
  exercise_id = EXCLUDED.exercise_id,
  prompt = EXCLUDED.prompt,
  options = EXCLUDED.options,
  correct_option = EXCLUDED.correct_option,
  explanation = EXCLUDED.explanation,
  display_order = EXCLUDED.display_order;

INSERT INTO public.questions (id, exercise_id, prompt, options, correct_option, explanation, display_order) VALUES
  ('56d436e0-3397-5eeb-aec8-367e7939575d', 'ba182dd0-df82-5891-99ee-d3877a064cc5', 'أيّ أداةٍ تفيد الترتيب مع المُهلة (بعد حين)؟', '[{"id":"a","text":"الواو"},{"id":"b","text":"في"},{"id":"c","text":"على"},{"id":"d","text":"ثمّ"}]'::jsonb, 'd', '«ثمّ» أداةُ عطفٍ تفيد الترتيب مع المهلة: «زرعَ الحبَّ ثمّ حصدَ الثمرَ.»؛ أمّا «الواو» فللجمع بلا ترتيب.', 4)
ON CONFLICT (id) DO UPDATE SET
  exercise_id = EXCLUDED.exercise_id,
  prompt = EXCLUDED.prompt,
  options = EXCLUDED.options,
  correct_option = EXCLUDED.correct_option,
  explanation = EXCLUDED.explanation,
  display_order = EXCLUDED.display_order;

INSERT INTO public.questions (id, exercise_id, prompt, options, correct_option, explanation, display_order) VALUES
  ('bf25a923-0a0e-544f-adbe-270bdfad1324', 'ba182dd0-df82-5891-99ee-d3877a064cc5', 'في «دخلَ المعلّمُ فوقفَ التلاميذُ.»، ماذا تفيد الفاء؟', '[{"id":"a","text":"الجمع دون ترتيب"},{"id":"b","text":"الترتيب مع التعقيب (بلا مهلة)"},{"id":"c","text":"الظرفيّة"},{"id":"d","text":"الاستعلاء"}]'::jsonb, 'b', '«الفاء» تفيد الترتيب مع التعقيب؛ فالوقوف جاء عقب الدخول مباشرةً بلا مهلة، بخلاف «ثمّ» التي فيها تراخٍ.', 5)
ON CONFLICT (id) DO UPDATE SET
  exercise_id = EXCLUDED.exercise_id,
  prompt = EXCLUDED.prompt,
  options = EXCLUDED.options,
  correct_option = EXCLUDED.correct_option,
  explanation = EXCLUDED.explanation,
  display_order = EXCLUDED.display_order;

INSERT INTO public.exercises (id, chapter_id, subject_id, title, difficulty, xp_reward, reward_coins, mode, source, display_order) VALUES
  ('416c6c0f-2afa-528e-afd4-5fcd23e53e94', 'cd792bd7-06ae-50eb-811e-0fc4ddc757ed', 'arabic-4eme', '⭐ تمرين: نبني جسور الكلام', 1, 50, 10, 'practice', 'admin', 1)
ON CONFLICT (id) DO UPDATE SET
  chapter_id = EXCLUDED.chapter_id,
  subject_id = EXCLUDED.subject_id,
  title = EXCLUDED.title,
  difficulty = EXCLUDED.difficulty,
  xp_reward = EXCLUDED.xp_reward,
  reward_coins = EXCLUDED.reward_coins,
  mode = EXCLUDED.mode,
  display_order = EXCLUDED.display_order;

INSERT INTO public.questions (id, exercise_id, prompt, options, correct_option, explanation, display_order) VALUES
  ('e694884f-59b0-5223-82af-48367f500574', '416c6c0f-2afa-528e-afd4-5fcd23e53e94', 'أيّ ممّا يلي حرفُ جرٍّ؟', '[{"id":"a","text":"مِن"},{"id":"b","text":"ثمّ"},{"id":"c","text":"الواو"},{"id":"d","text":"جلسَ"}]'::jsonb, 'a', '«مِن» حرفُ جرٍّ يجرّ الاسم بعده ويدلّ على ابتداء الغاية، أمّا «ثمّ» و«الواو» فأداتا عطف.', 1)
ON CONFLICT (id) DO UPDATE SET
  exercise_id = EXCLUDED.exercise_id,
  prompt = EXCLUDED.prompt,
  options = EXCLUDED.options,
  correct_option = EXCLUDED.correct_option,
  explanation = EXCLUDED.explanation,
  display_order = EXCLUDED.display_order;

INSERT INTO public.questions (id, exercise_id, prompt, options, correct_option, explanation, display_order) VALUES
  ('9c9d15c1-1306-583c-8df6-13585c8fc7cf', '416c6c0f-2afa-528e-afd4-5fcd23e53e94', 'في «الكتابُ في الحقيبةِ.»، ما الاسم المجرور؟', '[{"id":"a","text":"الكتابُ"},{"id":"b","text":"الحقيبةِ"},{"id":"c","text":"في"},{"id":"d","text":"لا اسم مجرور"}]'::jsonb, 'b', '«في» حرف جرٍّ، فالاسم بعده «الحقيبةِ» مجرورٌ بالكسرة، و«الكتابُ» مبتدأٌ مرفوع.', 2)
ON CONFLICT (id) DO UPDATE SET
  exercise_id = EXCLUDED.exercise_id,
  prompt = EXCLUDED.prompt,
  options = EXCLUDED.options,
  correct_option = EXCLUDED.correct_option,
  explanation = EXCLUDED.explanation,
  display_order = EXCLUDED.display_order;

INSERT INTO public.questions (id, exercise_id, prompt, options, correct_option, explanation, display_order) VALUES
  ('7d0d16c6-4554-5a03-8560-e62d851ea09a', '416c6c0f-2afa-528e-afd4-5fcd23e53e94', 'ما علامة جرّ «السوقِ» في «عادَ من السوقِ.»؟', '[{"id":"a","text":"الضمّة"},{"id":"b","text":"الفتحة"},{"id":"c","text":"الكسرة"},{"id":"d","text":"السكون"}]'::jsonb, 'c', 'بعد حرف الجرّ «من» يأتي الاسم مجرورًا، وعلامة جرّه الكسرة: «السوقِ».', 3)
ON CONFLICT (id) DO UPDATE SET
  exercise_id = EXCLUDED.exercise_id,
  prompt = EXCLUDED.prompt,
  options = EXCLUDED.options,
  correct_option = EXCLUDED.correct_option,
  explanation = EXCLUDED.explanation,
  display_order = EXCLUDED.display_order;

INSERT INTO public.questions (id, exercise_id, prompt, options, correct_option, explanation, display_order) VALUES
  ('dc469c24-7c15-553f-abfd-c10f29377c49', '416c6c0f-2afa-528e-afd4-5fcd23e53e94', 'أيّ أداةٍ تفيد الجمع دون ترتيب؟', '[{"id":"a","text":"الواو"},{"id":"b","text":"ثمّ"},{"id":"c","text":"الفاء"},{"id":"d","text":"إلى"}]'::jsonb, 'a', '«الواو» أداةُ عطفٍ تفيد الجمع المطلق دون ترتيب: «جاءَ سعدٌ وخالدٌ.»؛ أمّا «ثمّ» و«الفاء» ففيهما ترتيب.', 4)
ON CONFLICT (id) DO UPDATE SET
  exercise_id = EXCLUDED.exercise_id,
  prompt = EXCLUDED.prompt,
  options = EXCLUDED.options,
  correct_option = EXCLUDED.correct_option,
  explanation = EXCLUDED.explanation,
  display_order = EXCLUDED.display_order;

INSERT INTO public.questions (id, exercise_id, prompt, options, correct_option, explanation, display_order) VALUES
  ('b20a9013-5725-5d6b-8f6c-35b29d533245', '416c6c0f-2afa-528e-afd4-5fcd23e53e94', 'اختر حرف الجرّ المناسب: «كتبتُ ___ القلمِ.»', '[{"id":"a","text":"ثمّ"},{"id":"b","text":"بـِ (الباء)"},{"id":"c","text":"الواو"},{"id":"d","text":"على"}]'::jsonb, 'b', '«الباء» تفيد الاستعانة (الأداة): «كتبتُ بالقلمِ.»؛ فالقلم أداةُ الكتابة، أمّا «على» فللاستعلاء و«ثمّ/الواو» عطف.', 5)
ON CONFLICT (id) DO UPDATE SET
  exercise_id = EXCLUDED.exercise_id,
  prompt = EXCLUDED.prompt,
  options = EXCLUDED.options,
  correct_option = EXCLUDED.correct_option,
  explanation = EXCLUDED.explanation,
  display_order = EXCLUDED.display_order;

INSERT INTO public.questions (id, exercise_id, prompt, options, correct_option, explanation, display_order) VALUES
  ('54e49373-ca90-5044-a18b-306f58458a9d', '416c6c0f-2afa-528e-afd4-5fcd23e53e94', 'في «سافرَ إلى تونسَ ثمّ عادَ.»، ماذا تفيد «ثمّ»؟', '[{"id":"a","text":"الظرفيّة"},{"id":"b","text":"الاستعانة"},{"id":"c","text":"الاستعلاء"},{"id":"d","text":"الترتيب مع المهلة"}]'::jsonb, 'd', '«ثمّ» تفيد الترتيب مع المهلة؛ فالعودة جاءت بعد السفر بمدّةٍ، لا فورًا.', 6)
ON CONFLICT (id) DO UPDATE SET
  exercise_id = EXCLUDED.exercise_id,
  prompt = EXCLUDED.prompt,
  options = EXCLUDED.options,
  correct_option = EXCLUDED.correct_option,
  explanation = EXCLUDED.explanation,
  display_order = EXCLUDED.display_order;

INSERT INTO public.exercises (id, chapter_id, subject_id, title, difficulty, xp_reward, reward_coins, mode, source, display_order) VALUES
  ('1c2dd3c5-55a3-55ee-a253-8329869420e3', 'cd792bd7-06ae-50eb-811e-0fc4ddc757ed', 'arabic-4eme', '⚔️ زعيم الفصل ⭐⭐⭐: حارس الجسور', 3, 120, 30, 'boss', 'admin', 2)
ON CONFLICT (id) DO UPDATE SET
  chapter_id = EXCLUDED.chapter_id,
  subject_id = EXCLUDED.subject_id,
  title = EXCLUDED.title,
  difficulty = EXCLUDED.difficulty,
  xp_reward = EXCLUDED.xp_reward,
  reward_coins = EXCLUDED.reward_coins,
  mode = EXCLUDED.mode,
  display_order = EXCLUDED.display_order;

INSERT INTO public.questions (id, exercise_id, prompt, options, correct_option, explanation, display_order) VALUES
  ('e42f90f8-8349-5feb-86da-22aabd8adef1', '1c2dd3c5-55a3-55ee-a253-8329869420e3', 'في «وقفَ الطائرُ على الغصنِ.»، عيّن حرف الجرّ والاسم المجرور:', '[{"id":"a","text":"حرف الجرّ «على»، والمجرور «الغصنِ»"},{"id":"b","text":"حرف الجرّ «الغصنِ»، والمجرور «على»"},{"id":"c","text":"حرف الجرّ «وقفَ»"},{"id":"d","text":"لا حرف جرٍّ في الجملة"}]'::jsonb, 'a', '«على» حرف جرٍّ يفيد الاستعلاء، والاسم بعده «الغصنِ» مجرورٌ بالكسرة، و«الطائرُ» فاعلٌ مرفوع.', 1)
ON CONFLICT (id) DO UPDATE SET
  exercise_id = EXCLUDED.exercise_id,
  prompt = EXCLUDED.prompt,
  options = EXCLUDED.options,
  correct_option = EXCLUDED.correct_option,
  explanation = EXCLUDED.explanation,
  display_order = EXCLUDED.display_order;

INSERT INTO public.questions (id, exercise_id, prompt, options, correct_option, explanation, display_order) VALUES
  ('636f665a-fdad-5274-ac89-3b17d50204fe', '1c2dd3c5-55a3-55ee-a253-8329869420e3', 'اختر الأداة المناسبة للمعنى: «سمعَ الجرسَ ___ أسرعَ» (تعقيبٌ فوريّ):', '[{"id":"a","text":"ثمّ"},{"id":"b","text":"فـ (الفاء)"},{"id":"c","text":"في"},{"id":"d","text":"على"}]'::jsonb, 'b', 'التعقيب الفوريّ بلا مهلة تؤدّيه «الفاء»: «سمعَ الجرسَ فأسرعَ.»؛ أمّا «ثمّ» فللترتيب مع المهلة، و«في/على» حرفا جرّ.', 2)
ON CONFLICT (id) DO UPDATE SET
  exercise_id = EXCLUDED.exercise_id,
  prompt = EXCLUDED.prompt,
  options = EXCLUDED.options,
  correct_option = EXCLUDED.correct_option,
  explanation = EXCLUDED.explanation,
  display_order = EXCLUDED.display_order;

INSERT INTO public.questions (id, exercise_id, prompt, options, correct_option, explanation, display_order) VALUES
  ('ad12896e-f3d3-5f01-9b0d-446cad468bcc', '1c2dd3c5-55a3-55ee-a253-8329869420e3', 'أيّ جملةٍ ضبطتِ الاسمَ المجرور ضبطًا صحيحًا؟', '[{"id":"a","text":"ذهبتُ إلى الحديقةُ."},{"id":"b","text":"ذهبتُ إلى الحديقةَ."},{"id":"c","text":"ذهبتُ إلى الحديقةِ."},{"id":"d","text":"ذهبتُ إلى الحديقةْ."}]'::jsonb, 'c', 'بعد حرف الجرّ «إلى» يكون الاسم مجرورًا بالكسرة: «إلى الحديقةِ.»؛ أمّا الضمّة والفتحة والسكون فليست علامةَ جرٍّ.', 3)
ON CONFLICT (id) DO UPDATE SET
  exercise_id = EXCLUDED.exercise_id,
  prompt = EXCLUDED.prompt,
  options = EXCLUDED.options,
  correct_option = EXCLUDED.correct_option,
  explanation = EXCLUDED.explanation,
  display_order = EXCLUDED.display_order;

INSERT INTO public.questions (id, exercise_id, prompt, options, correct_option, explanation, display_order) VALUES
  ('1dd1ab24-1ebe-5c23-ad5d-990bd962928e', '1c2dd3c5-55a3-55ee-a253-8329869420e3', 'ما معنى حرف الجرّ «في» في «النجومُ في السماءِ.»؟', '[{"id":"a","text":"الاستعانة"},{"id":"b","text":"ابتداء الغاية"},{"id":"c","text":"انتهاء الغاية"},{"id":"d","text":"الظرفيّة (المكان)"}]'::jsonb, 'd', '«في» تفيد الظرفيّة (المكان أو الزمان)؛ فالنجوم داخل السماء، فهي ظرفُ مكانٍ لها.', 4)
ON CONFLICT (id) DO UPDATE SET
  exercise_id = EXCLUDED.exercise_id,
  prompt = EXCLUDED.prompt,
  options = EXCLUDED.options,
  correct_option = EXCLUDED.correct_option,
  explanation = EXCLUDED.explanation,
  display_order = EXCLUDED.display_order;

INSERT INTO public.questions (id, exercise_id, prompt, options, correct_option, explanation, display_order) VALUES
  ('4320bff3-70a9-5509-8389-3cd2640f5864', '1c2dd3c5-55a3-55ee-a253-8329869420e3', 'اقرأ: «أكلَ الطفلُ التفّاحةَ ثمّ الموزةَ.» ما الذي عطفته «ثمّ»؟', '[{"id":"a","text":"«الموزةَ» على «التفّاحةَ» (مع الترتيب والمهلة)"},{"id":"b","text":"«الطفلُ» على «أكلَ»"},{"id":"c","text":"لا عطف في الجملة"},{"id":"d","text":"«أكلَ» على «الموزةَ»"}]'::jsonb, 'a', '«ثمّ» عطفت المفعول «الموزةَ» على المفعول «التفّاحةَ» مع إفادة الترتيب والمهلة، فاشتركا في كونهما مأكولين منصوبين.', 5)
ON CONFLICT (id) DO UPDATE SET
  exercise_id = EXCLUDED.exercise_id,
  prompt = EXCLUDED.prompt,
  options = EXCLUDED.options,
  correct_option = EXCLUDED.correct_option,
  explanation = EXCLUDED.explanation,
  display_order = EXCLUDED.display_order;

INSERT INTO public.questions (id, exercise_id, prompt, options, correct_option, explanation, display_order) VALUES
  ('811b4b1b-a23c-5a51-925d-9ae86084c344', '1c2dd3c5-55a3-55ee-a253-8329869420e3', 'قال تلميذٌ: «الواو والفاء وثمّ كلّها بمعنًى واحد». ما الصحيح؟', '[{"id":"a","text":"صحيح، لا فرق بينها"},{"id":"b","text":"صحيح، كلّها تفيد الترتيب"},{"id":"c","text":"خطأ؛ الواو جمعٌ بلا ترتيب، والفاء ترتيبٌ وتعقيب، وثمّ ترتيبٌ مع مهلة"},{"id":"d","text":"خطأ؛ كلّها حروف جرٍّ"}]'::jsonb, 'c', 'الخطأ الشائع: التسوية بينها. لكلٍّ معنًى: «الواو» للجمع المطلق، «الفاء» للترتيب والتعقيب الفوريّ، «ثمّ» للترتيب مع المهلة؛ فنختار حسب المعنى.', 6)
ON CONFLICT (id) DO UPDATE SET
  exercise_id = EXCLUDED.exercise_id,
  prompt = EXCLUDED.prompt,
  options = EXCLUDED.options,
  correct_option = EXCLUDED.correct_option,
  explanation = EXCLUDED.explanation,
  display_order = EXCLUDED.display_order;

INSERT INTO public.exercises (id, chapter_id, subject_id, title, difficulty, xp_reward, reward_coins, mode, source, display_order) VALUES
  ('a29f0bbf-3ce5-5f4e-9e04-77d2dd0b6be1', 'cd792bd7-06ae-50eb-811e-0fc4ddc757ed', 'arabic-4eme', '⭐⭐ تمرين مراجعة (نمط امتحان): أدوات الربط والجرّ', 2, 75, 15, 'practice', 'admin', 3)
ON CONFLICT (id) DO UPDATE SET
  chapter_id = EXCLUDED.chapter_id,
  subject_id = EXCLUDED.subject_id,
  title = EXCLUDED.title,
  difficulty = EXCLUDED.difficulty,
  xp_reward = EXCLUDED.xp_reward,
  reward_coins = EXCLUDED.reward_coins,
  mode = EXCLUDED.mode,
  display_order = EXCLUDED.display_order;

INSERT INTO public.questions (id, exercise_id, prompt, options, correct_option, explanation, display_order) VALUES
  ('79df8d7d-2311-5204-973a-145de083601a', 'a29f0bbf-3ce5-5f4e-9e04-77d2dd0b6be1', 'أيّ مجموعةٍ كلُّها حروفُ جرٍّ؟', '[{"id":"a","text":"الواو، الفاء، ثمّ"},{"id":"b","text":"مِن، إلى، على"},{"id":"c","text":"كتبَ، يلعبُ، نامَ"},{"id":"d","text":"الذي، التي، مَن"}]'::jsonb, 'b', '«مِن، إلى، على» حروفُ جرٍّ تجرّ الاسم بعدها؛ أمّا «الواو، الفاء، ثمّ» فأدوات عطف، والباقي أفعالٌ أو أسماء موصولة.', 1)
ON CONFLICT (id) DO UPDATE SET
  exercise_id = EXCLUDED.exercise_id,
  prompt = EXCLUDED.prompt,
  options = EXCLUDED.options,
  correct_option = EXCLUDED.correct_option,
  explanation = EXCLUDED.explanation,
  display_order = EXCLUDED.display_order;

INSERT INTO public.questions (id, exercise_id, prompt, options, correct_option, explanation, display_order) VALUES
  ('274fea32-3468-582e-994c-f43ee7a51c92', 'a29f0bbf-3ce5-5f4e-9e04-77d2dd0b6be1', 'أكمل: «اللوحةُ ___ الجدارِ.» بحرف جرٍّ يفيد الاستعلاء:', '[{"id":"a","text":"في"},{"id":"b","text":"على"},{"id":"c","text":"ثمّ"},{"id":"d","text":"من"}]'::jsonb, 'b', '«على» تفيد الاستعلاء (فوق): «اللوحةُ على الجدارِ.»؛ أمّا «في» فللظرفيّة و«من» لابتداء الغاية.', 2)
ON CONFLICT (id) DO UPDATE SET
  exercise_id = EXCLUDED.exercise_id,
  prompt = EXCLUDED.prompt,
  options = EXCLUDED.options,
  correct_option = EXCLUDED.correct_option,
  explanation = EXCLUDED.explanation,
  display_order = EXCLUDED.display_order;

INSERT INTO public.questions (id, exercise_id, prompt, options, correct_option, explanation, display_order) VALUES
  ('ef1f1ef2-f061-5a3f-8ba2-de679d91ed41', 'a29f0bbf-3ce5-5f4e-9e04-77d2dd0b6be1', 'في «خرجَ الفلّاحُ من الحقلِ.»، ما إعراب «الحقلِ»؟', '[{"id":"a","text":"فاعلٌ مرفوع"},{"id":"b","text":"مفعولٌ به منصوب"},{"id":"c","text":"اسمٌ مجرورٌ بالكسرة بعد حرف الجرّ «من»"},{"id":"d","text":"نعتٌ مرفوع"}]'::jsonb, 'c', '«من» حرف جرٍّ، فالاسم بعده «الحقلِ» مجرورٌ وعلامة جرّه الكسرة، و«الفلّاحُ» فاعلٌ مرفوع.', 3)
ON CONFLICT (id) DO UPDATE SET
  exercise_id = EXCLUDED.exercise_id,
  prompt = EXCLUDED.prompt,
  options = EXCLUDED.options,
  correct_option = EXCLUDED.correct_option,
  explanation = EXCLUDED.explanation,
  display_order = EXCLUDED.display_order;

INSERT INTO public.questions (id, exercise_id, prompt, options, correct_option, explanation, display_order) VALUES
  ('243c3657-895f-5fbd-9652-3dac7f7ed00a', 'a29f0bbf-3ce5-5f4e-9e04-77d2dd0b6be1', 'اختر الأداة المناسبة: «استيقظَ ___ صلّى» (ترتيبٌ وتعقيبٌ فوريّ):', '[{"id":"a","text":"الواو"},{"id":"b","text":"في"},{"id":"c","text":"على"},{"id":"d","text":"فـ (الفاء)"}]'::jsonb, 'd', '«الفاء» تفيد الترتيب مع التعقيب الفوريّ: «استيقظَ فصلّى.»؛ فالصلاة عقب الاستيقاظ مباشرةً.', 4)
ON CONFLICT (id) DO UPDATE SET
  exercise_id = EXCLUDED.exercise_id,
  prompt = EXCLUDED.prompt,
  options = EXCLUDED.options,
  correct_option = EXCLUDED.correct_option,
  explanation = EXCLUDED.explanation,
  display_order = EXCLUDED.display_order;

INSERT INTO public.questions (id, exercise_id, prompt, options, correct_option, explanation, display_order) VALUES
  ('a14e7a29-8f74-52ea-a5b9-e71fa45224cf', 'a29f0bbf-3ce5-5f4e-9e04-77d2dd0b6be1', 'أيّ جملةٍ استُعملت فيها «ثمّ» استعمالًا صحيحًا في المعنى؟', '[{"id":"a","text":"وُلدَ الطفلُ ثمّ كبرَ وصارَ شابًّا."},{"id":"b","text":"جلسَ ثمّ في نفس اللحظة قامَ معًا."},{"id":"c","text":"كتبَ ثمّ بالقلمِ."},{"id":"d","text":"ذهبَ ثمّ السوقِ."}]'::jsonb, 'a', '«ثمّ» للترتيب مع المهلة، ويناسب تتابع الأحداث المتباعدة: «وُلدَ الطفلُ ثمّ كبرَ.»؛ أمّا البقيّة فخلطت معناها بمعاني الجرّ أو ناقضت المهلة.', 5)
ON CONFLICT (id) DO UPDATE SET
  exercise_id = EXCLUDED.exercise_id,
  prompt = EXCLUDED.prompt,
  options = EXCLUDED.options,
  correct_option = EXCLUDED.correct_option,
  explanation = EXCLUDED.explanation,
  display_order = EXCLUDED.display_order;

INSERT INTO public.questions (id, exercise_id, prompt, options, correct_option, explanation, display_order) VALUES
  ('148c56e3-edde-5c1d-b5e0-45b56fd76d2d', 'a29f0bbf-3ce5-5f4e-9e04-77d2dd0b6be1', 'ما معنى حرف الجرّ «الباء» في «قطعَ الخبزَ بالسكّينِ.»؟', '[{"id":"a","text":"انتهاء الغاية"},{"id":"b","text":"الظرفيّة"},{"id":"c","text":"ابتداء الغاية"},{"id":"d","text":"الاستعانة (الأداة)"}]'::jsonb, 'd', '«الباء» تفيد الاستعانة؛ فالسكّينُ أداةُ القطع: «قطعَ بالسكّينِ.»، و«السكّينِ» مجرورٌ بالكسرة.', 6)
ON CONFLICT (id) DO UPDATE SET
  exercise_id = EXCLUDED.exercise_id,
  prompt = EXCLUDED.prompt,
  options = EXCLUDED.options,
  correct_option = EXCLUDED.correct_option,
  explanation = EXCLUDED.explanation,
  display_order = EXCLUDED.display_order;

INSERT INTO public.exercises (id, chapter_id, subject_id, title, difficulty, xp_reward, reward_coins, mode, source, display_order) VALUES
  ('a7557508-0964-5ce4-8142-de402cc8c87f', 'cd792bd7-06ae-50eb-811e-0fc4ddc757ed', 'arabic-4eme', '👑 تحدّي النخبة ⭐⭐⭐⭐: سيّد أدوات الربط', 4, 300, 60, 'challenge', 'admin', 4)
ON CONFLICT (id) DO UPDATE SET
  chapter_id = EXCLUDED.chapter_id,
  subject_id = EXCLUDED.subject_id,
  title = EXCLUDED.title,
  difficulty = EXCLUDED.difficulty,
  xp_reward = EXCLUDED.xp_reward,
  reward_coins = EXCLUDED.reward_coins,
  mode = EXCLUDED.mode,
  display_order = EXCLUDED.display_order;

INSERT INTO public.questions (id, exercise_id, prompt, options, correct_option, explanation, display_order) VALUES
  ('5d8863ac-b2ed-54c2-95e9-9e25d5fcfd45', 'a7557508-0964-5ce4-8142-de402cc8c87f', 'اقرأ: «انطلقَ القطارُ من المحطّةِ إلى المدينةِ.» كم اسمًا مجرورًا في الجملة؟', '[{"id":"a","text":"اسمان: «المحطّةِ» و«المدينةِ»"},{"id":"b","text":"اسمٌ واحد"},{"id":"c","text":"ثلاثة أسماء"},{"id":"d","text":"لا اسم مجرور"}]'::jsonb, 'a', 'حرفان للجرّ في الجملة: «من» جرّت «المحطّةِ» (ابتداء الغاية)، و«إلى» جرّت «المدينةِ» (انتهاء الغاية)؛ فالمجروران اثنان وكلاهما بالكسرة.', 1)
ON CONFLICT (id) DO UPDATE SET
  exercise_id = EXCLUDED.exercise_id,
  prompt = EXCLUDED.prompt,
  options = EXCLUDED.options,
  correct_option = EXCLUDED.correct_option,
  explanation = EXCLUDED.explanation,
  display_order = EXCLUDED.display_order;

INSERT INTO public.questions (id, exercise_id, prompt, options, correct_option, explanation, display_order) VALUES
  ('84297df4-7f03-5b92-ab2d-4f1bab0f2b05', 'a7557508-0964-5ce4-8142-de402cc8c87f', 'اختر الجملة التي راعت معاني الأدوات الثلاث (جمعٌ، فتعقيبٌ، فمهلة) ترتيبًا:', '[{"id":"a","text":"حضرَ الضيوفُ ثمّ جلسوا وانصرفوا فاستراحوا."},{"id":"b","text":"حضرَ الضيوفُ فاستراحوا ثمّ جلسوا وانصرفوا."},{"id":"c","text":"حضرَ الضيوفُ على جلسوا في انصرفوا."},{"id":"d","text":"حضرَ الضيوفُ وجلسوا فاستراحوا ثمّ انصرفوا."}]'::jsonb, 'd', 'المعنى المنطقيّ: حضورٌ وجلوسٌ معًا (الواو)، فاستراحةٌ عقبه (الفاء)، ثمّ انصرافٌ بعد مهلة (ثمّ): «حضرَ الضيوفُ وجلسوا فاستراحوا ثمّ انصرفوا.»', 2)
ON CONFLICT (id) DO UPDATE SET
  exercise_id = EXCLUDED.exercise_id,
  prompt = EXCLUDED.prompt,
  options = EXCLUDED.options,
  correct_option = EXCLUDED.correct_option,
  explanation = EXCLUDED.explanation,
  display_order = EXCLUDED.display_order;

INSERT INTO public.questions (id, exercise_id, prompt, options, correct_option, explanation, display_order) VALUES
  ('e1163bb3-f107-5e4a-82f4-af7ac24586b6', 'a7557508-0964-5ce4-8142-de402cc8c87f', 'في «مررتُ بالحديقةِ الجميلةِ.»، ما إعراب «الجميلةِ»؟', '[{"id":"a","text":"مفعولٌ به منصوب"},{"id":"b","text":"فاعلٌ مرفوع"},{"id":"c","text":"نعتٌ مجرورٌ تابعٌ لـ«الحديقةِ» المجرورةِ بالكسرة"},{"id":"d","text":"حرفُ جرّ"}]'::jsonb, 'c', '«الباء» جرّت «الحديقةِ»، و«الجميلةِ» نعتٌ يتبع منعوته في الجرّ بالكسرة؛ فاجتمع هنا حرفُ الجرّ والنعتُ التابع للمجرور.', 3)
ON CONFLICT (id) DO UPDATE SET
  exercise_id = EXCLUDED.exercise_id,
  prompt = EXCLUDED.prompt,
  options = EXCLUDED.options,
  correct_option = EXCLUDED.correct_option,
  explanation = EXCLUDED.explanation,
  display_order = EXCLUDED.display_order;

INSERT INTO public.questions (id, exercise_id, prompt, options, correct_option, explanation, display_order) VALUES
  ('2b28fe76-de25-5913-9355-917438bc981e', 'a7557508-0964-5ce4-8142-de402cc8c87f', 'أيّ جملةٍ استُعملت فيها «الفاء» استعمالًا صحيحًا (ترتيبٌ وتعقيب)؟', '[{"id":"a","text":"وصلَ المطرُ فجفَّتِ الأرضُ."},{"id":"b","text":"لمسَ النارَ فأبعدَ يدَهُ مسرعًا."},{"id":"c","text":"كبرَ فوُلدَ."},{"id":"d","text":"نضجَ الزرعُ فزُرعَ."}]'::jsonb, 'b', '«الفاء» تفيد ترتيبًا وتعقيبًا منطقيًّا: «لمسَ النارَ فأبعدَ يدَهُ»؛ أمّا «كبرَ فوُلدَ» و«نضجَ فزُرعَ» فعكستا الترتيب الطبيعيّ، و«وصلَ المطرُ فجفَّتِ» ناقضت السبب.', 4)
ON CONFLICT (id) DO UPDATE SET
  exercise_id = EXCLUDED.exercise_id,
  prompt = EXCLUDED.prompt,
  options = EXCLUDED.options,
  correct_option = EXCLUDED.correct_option,
  explanation = EXCLUDED.explanation,
  display_order = EXCLUDED.display_order;

INSERT INTO public.questions (id, exercise_id, prompt, options, correct_option, explanation, display_order) VALUES
  ('5ab10b0d-4355-5f33-97ad-e1a3e09613ad', 'a7557508-0964-5ce4-8142-de402cc8c87f', 'اقرأ: «كتبَ الرسالةَ بخطٍّ جميلٍ في المساءِ.» ما معاني الحرفين «الباء» و«في»؟', '[{"id":"a","text":"كلاهما لانتهاء الغاية"},{"id":"b","text":"«الباء» للاستعلاء، و«في» لابتداء الغاية"},{"id":"c","text":"«الباء» للاستعانة (الأداة/الوصف)، و«في» للظرفيّة الزمانيّة"},{"id":"d","text":"لا معنى لهما"}]'::jsonb, 'c', '«بخطٍّ» الباء فيها للاستعانة/الوصف (وصف كيفيّة الكتابة)، و«في المساءِ» تفيد الظرفيّة الزمانيّة (وقت الفعل)، وكلا الاسمين مجرورٌ بالكسرة.', 5)
ON CONFLICT (id) DO UPDATE SET
  exercise_id = EXCLUDED.exercise_id,
  prompt = EXCLUDED.prompt,
  options = EXCLUDED.options,
  correct_option = EXCLUDED.correct_option,
  explanation = EXCLUDED.explanation,
  display_order = EXCLUDED.display_order;

INSERT INTO public.questions (id, exercise_id, prompt, options, correct_option, explanation, display_order) VALUES
  ('29aab734-2939-5ba0-8eab-31b4e609549b', 'a7557508-0964-5ce4-8142-de402cc8c87f', 'قال تلميذٌ: «كلّ اسمٍ مكسورِ الآخرِ يكون مجرورًا بحرف جرّ». ما الأدقّ؟', '[{"id":"a","text":"صحيحٌ دائمًا"},{"id":"b","text":"خطأ؛ قد يكون الجرّ بالإضافة لا بالحرف (كتابُ التلميذِ)، فلا يلزم وجود حرف جرّ"},{"id":"c","text":"صحيح، لا جرّ إلّا بالحرف"},{"id":"d","text":"خطأ؛ المجرور لا يُكسر آخره"}]'::jsonb, 'b', 'الجرّ يكون بحرف الجرّ، وأيضًا بالإضافة؛ ففي «كتابُ التلميذِ» جُرَّ «التلميذِ» بالإضافة لا بحرفٍ، فالكسرةُ علامةُ جرٍّ سببُها قد لا يكون حرفًا.', 6)
ON CONFLICT (id) DO UPDATE SET
  exercise_id = EXCLUDED.exercise_id,
  prompt = EXCLUDED.prompt,
  options = EXCLUDED.options,
  correct_option = EXCLUDED.correct_option,
  explanation = EXCLUDED.explanation,
  display_order = EXCLUDED.display_order;

INSERT INTO public.exercises (id, chapter_id, subject_id, title, difficulty, xp_reward, reward_coins, mode, source, display_order) VALUES
  ('011a117b-02d3-5bde-b66d-31ab2d3db75d', 'cd792bd7-06ae-50eb-811e-0fc4ddc757ed', 'arabic-4eme', '📝 تدريب ⭐⭐⭐: مراجعة شاملة على الربط والجرّ', 3, 120, 30, 'boss', 'admin', 5)
ON CONFLICT (id) DO UPDATE SET
  chapter_id = EXCLUDED.chapter_id,
  subject_id = EXCLUDED.subject_id,
  title = EXCLUDED.title,
  difficulty = EXCLUDED.difficulty,
  xp_reward = EXCLUDED.xp_reward,
  reward_coins = EXCLUDED.reward_coins,
  mode = EXCLUDED.mode,
  display_order = EXCLUDED.display_order;

INSERT INTO public.questions (id, exercise_id, prompt, options, correct_option, explanation, display_order) VALUES
  ('9222d892-5881-5f05-8909-f5d251528fe3', '011a117b-02d3-5bde-b66d-31ab2d3db75d', 'في «نامَ القطُّ تحتَ الشجرةِ.»، ما الاسم المجرور بحرف الجرّ؟', '[{"id":"a","text":"الشجرةِ"},{"id":"b","text":"القطُّ"},{"id":"c","text":"نامَ"},{"id":"d","text":"تحتَ"}]'::jsonb, 'a', '«الشجرةِ» اسمٌ مجرورٌ بالكسرة (سبقه ما يقتضي الجرّ في تركيب المكان)، و«القطُّ» فاعلٌ مرفوعٌ بالضمّة.', 1)
ON CONFLICT (id) DO UPDATE SET
  exercise_id = EXCLUDED.exercise_id,
  prompt = EXCLUDED.prompt,
  options = EXCLUDED.options,
  correct_option = EXCLUDED.correct_option,
  explanation = EXCLUDED.explanation,
  display_order = EXCLUDED.display_order;

INSERT INTO public.questions (id, exercise_id, prompt, options, correct_option, explanation, display_order) VALUES
  ('5e1dc969-d721-51a0-a4db-8ca6b35e57eb', '011a117b-02d3-5bde-b66d-31ab2d3db75d', 'أيّ ممّا يلي أداةُ عطفٍ لا حرفُ جرّ؟', '[{"id":"a","text":"إلى"},{"id":"b","text":"في"},{"id":"c","text":"على"},{"id":"d","text":"ثمّ"}]'::jsonb, 'd', '«ثمّ» أداةُ عطفٍ تربط بين شيئين مع الترتيب والمهلة، أمّا «إلى، في، على» فحروفُ جرٍّ تجرّ الاسم بعدها.', 2)
ON CONFLICT (id) DO UPDATE SET
  exercise_id = EXCLUDED.exercise_id,
  prompt = EXCLUDED.prompt,
  options = EXCLUDED.options,
  correct_option = EXCLUDED.correct_option,
  explanation = EXCLUDED.explanation,
  display_order = EXCLUDED.display_order;

INSERT INTO public.questions (id, exercise_id, prompt, options, correct_option, explanation, display_order) VALUES
  ('e88668c5-e572-51e2-aea1-c3e7787c35dd', '011a117b-02d3-5bde-b66d-31ab2d3db75d', 'أكمل بحرف جرٍّ يفيد ابتداء الغاية: «بدأَ المطرُ ___ الصباحِ.»', '[{"id":"a","text":"على"},{"id":"b","text":"الواو"},{"id":"c","text":"مِن"},{"id":"d","text":"ثمّ"}]'::jsonb, 'c', '«مِن» تفيد ابتداء الغاية (الزمانيّة هنا): «بدأَ المطرُ من الصباحِ.»؛ أمّا «على» فللاستعلاء و«ثمّ/الواو» عطف.', 3)
ON CONFLICT (id) DO UPDATE SET
  exercise_id = EXCLUDED.exercise_id,
  prompt = EXCLUDED.prompt,
  options = EXCLUDED.options,
  correct_option = EXCLUDED.correct_option,
  explanation = EXCLUDED.explanation,
  display_order = EXCLUDED.display_order;

INSERT INTO public.questions (id, exercise_id, prompt, options, correct_option, explanation, display_order) VALUES
  ('2a7d21c6-8a45-5ff0-9752-72a61a178fe1', '011a117b-02d3-5bde-b66d-31ab2d3db75d', 'في «شربَ الماءَ فشكرَ اللهَ.»، ماذا أفادتِ الفاء؟', '[{"id":"a","text":"الجمع دون ترتيب"},{"id":"b","text":"المهلة الطويلة"},{"id":"c","text":"الظرفيّة"},{"id":"d","text":"الترتيب مع التعقيب (الشكر عقب الشرب)"}]'::jsonb, 'd', '«الفاء» تفيد الترتيب مع التعقيب الفوريّ؛ فالشكر جاء عقب الشرب مباشرةً، لا مع مهلةٍ كما في «ثمّ».', 4)
ON CONFLICT (id) DO UPDATE SET
  exercise_id = EXCLUDED.exercise_id,
  prompt = EXCLUDED.prompt,
  options = EXCLUDED.options,
  correct_option = EXCLUDED.correct_option,
  explanation = EXCLUDED.explanation,
  display_order = EXCLUDED.display_order;

INSERT INTO public.questions (id, exercise_id, prompt, options, correct_option, explanation, display_order) VALUES
  ('887ff000-063a-5356-9fda-ea4d9c38a1f3', '011a117b-02d3-5bde-b66d-31ab2d3db75d', 'اقرأ: «سافرَ الحجّاجُ من تونسَ إلى مكّةَ بالطائرةِ.» عيّن معنى «الباء» في «بالطائرةِ»:', '[{"id":"a","text":"الاستعانة (وسيلة السفر)"},{"id":"b","text":"الظرفيّة الزمانيّة"},{"id":"c","text":"ابتداء الغاية"},{"id":"d","text":"الاستعلاء"}]'::jsonb, 'a', '«الباء» في «بالطائرةِ» للاستعانة؛ فالطائرةُ وسيلةُ السفر، و«الطائرةِ» اسمٌ مجرورٌ بالكسرة.', 5)
ON CONFLICT (id) DO UPDATE SET
  exercise_id = EXCLUDED.exercise_id,
  prompt = EXCLUDED.prompt,
  options = EXCLUDED.options,
  correct_option = EXCLUDED.correct_option,
  explanation = EXCLUDED.explanation,
  display_order = EXCLUDED.display_order;

INSERT INTO public.questions (id, exercise_id, prompt, options, correct_option, explanation, display_order) VALUES
  ('826bf349-7d05-507c-8a0b-440d8b63ad21', '011a117b-02d3-5bde-b66d-31ab2d3db75d', 'اقرأ: «دقَّ الجرسُ فدخلَ التلاميذُ ثمّ بدأَ الدرسُ.» ما الفرق بين «الفاء» و«ثمّ» هنا؟', '[{"id":"a","text":"لا فرق، كلاهما للجمع"},{"id":"b","text":"«الفاء» للتعقيب الفوريّ (الدخول عقب الجرس)، و«ثمّ» للترتيب مع مهلة (بدء الدرس بعد حين)"},{"id":"c","text":"«الفاء» للمهلة و«ثمّ» للتعقيب الفوريّ"},{"id":"d","text":"كلاهما حرفُ جرّ"}]'::jsonb, 'b', '«الفاء» تفيد التعقيب الفوريّ: دخلوا فور دقّ الجرس؛ و«ثمّ» تفيد الترتيب مع مهلة: بدأ الدرس بعد دخولهم بقليل، فالأداتان مختلفتان في المعنى.', 6)
ON CONFLICT (id) DO UPDATE SET
  exercise_id = EXCLUDED.exercise_id,
  prompt = EXCLUDED.prompt,
  options = EXCLUDED.options,
  correct_option = EXCLUDED.correct_option,
  explanation = EXCLUDED.explanation,
  display_order = EXCLUDED.display_order;

INSERT INTO public.exercises (id, chapter_id, subject_id, title, difficulty, xp_reward, reward_coins, mode, source, display_order) VALUES
  ('89ecd518-b52b-5cbe-847e-b9cad502a1ea', '76e9daaa-eb20-58c8-ac32-7c74c36b98f0', 'arabic-4eme', 'اختبار فهم الدرس ⭐', 1, 20, 5, 'quiz', 'admin', 0)
ON CONFLICT (id) DO UPDATE SET
  chapter_id = EXCLUDED.chapter_id,
  subject_id = EXCLUDED.subject_id,
  title = EXCLUDED.title,
  difficulty = EXCLUDED.difficulty,
  xp_reward = EXCLUDED.xp_reward,
  reward_coins = EXCLUDED.reward_coins,
  mode = EXCLUDED.mode,
  display_order = EXCLUDED.display_order;

INSERT INTO public.questions (id, exercise_id, prompt, options, correct_option, explanation, display_order) VALUES
  ('a6ab5c97-6638-5624-adac-05f8a67c36cc', '89ecd518-b52b-5cbe-847e-b9cad502a1ea', 'الفعل الماضي يدلّ على حدثٍ:', '[{"id":"a","text":"يجري الآن"},{"id":"b","text":"سيجري في المستقبل"},{"id":"c","text":"وقعَ وانتهى قبل التكلّم"},{"id":"d","text":"مطلوبٍ حدوثه"}]'::jsonb, 'c', 'الفعل الماضي يدلّ على حدثٍ وقعَ وانتهى قبل زمن التكلّم، مثل «كتبَ» و«سافرَ أمسِ».', 1)
ON CONFLICT (id) DO UPDATE SET
  exercise_id = EXCLUDED.exercise_id,
  prompt = EXCLUDED.prompt,
  options = EXCLUDED.options,
  correct_option = EXCLUDED.correct_option,
  explanation = EXCLUDED.explanation,
  display_order = EXCLUDED.display_order;

INSERT INTO public.questions (id, exercise_id, prompt, options, correct_option, explanation, display_order) VALUES
  ('11023579-dc70-5817-98de-c17dedeadc70', '89ecd518-b52b-5cbe-847e-b9cad502a1ea', 'ما حروف المضارعة المجموعة في كلمة «أنيت»؟', '[{"id":"a","text":"الألف واللام والميم"},{"id":"b","text":"الهمزة والنون والياء والتاء"},{"id":"c","text":"الباء والكاف واللام"},{"id":"d","text":"السين والتاء والميم"}]'::jsonb, 'b', 'حروف المضارعة أربعة مجموعةٌ في «أنيت»: الهمزة (أكتبُ)، النون (نكتبُ)، الياء (يكتبُ)، التاء (تكتبُ).', 2)
ON CONFLICT (id) DO UPDATE SET
  exercise_id = EXCLUDED.exercise_id,
  prompt = EXCLUDED.prompt,
  options = EXCLUDED.options,
  correct_option = EXCLUDED.correct_option,
  explanation = EXCLUDED.explanation,
  display_order = EXCLUDED.display_order;

INSERT INTO public.questions (id, exercise_id, prompt, options, correct_option, explanation, display_order) VALUES
  ('88e7b13a-466d-59dc-bc51-eb4ad742f8ce', '89ecd518-b52b-5cbe-847e-b9cad502a1ea', 'أيّ الأفعال التالية فعلُ أمرٍ؟', '[{"id":"a","text":"كتبَ"},{"id":"b","text":"يكتبُ"},{"id":"c","text":"اكتبْ"},{"id":"d","text":"كاتبٌ"}]'::jsonb, 'c', '«اكتبْ» فعلُ أمرٍ يدلّ على طلبِ الكتابة، أمّا «كتبَ» فماضٍ و«يكتبُ» مضارعٌ و«كاتبٌ» اسمٌ لا فعل.', 3)
ON CONFLICT (id) DO UPDATE SET
  exercise_id = EXCLUDED.exercise_id,
  prompt = EXCLUDED.prompt,
  options = EXCLUDED.options,
  correct_option = EXCLUDED.correct_option,
  explanation = EXCLUDED.explanation,
  display_order = EXCLUDED.display_order;

INSERT INTO public.questions (id, exercise_id, prompt, options, correct_option, explanation, display_order) VALUES
  ('18a4f78d-f38e-53f9-832f-b27676b26f1a', '89ecd518-b52b-5cbe-847e-b9cad502a1ea', 'ما زمن الفعل «يلعبُ»؟', '[{"id":"a","text":"ماضٍ"},{"id":"b","text":"أمرٌ"},{"id":"c","text":"ليس فعلًا"},{"id":"d","text":"مضارعٌ، لأنّه بدأ بالياء (من حروف «أنيت»)"}]'::jsonb, 'd', '«يلعبُ» بدأ بالياء وهي من حروف المضارعة «أنيت»، فهو فعلٌ مضارعٌ يدلّ على حدثٍ يجري أو سيجري.', 4)
ON CONFLICT (id) DO UPDATE SET
  exercise_id = EXCLUDED.exercise_id,
  prompt = EXCLUDED.prompt,
  options = EXCLUDED.options,
  correct_option = EXCLUDED.correct_option,
  explanation = EXCLUDED.explanation,
  display_order = EXCLUDED.display_order;

INSERT INTO public.questions (id, exercise_id, prompt, options, correct_option, explanation, display_order) VALUES
  ('ccd1498f-a8a4-5876-a708-114f7ed55b77', '89ecd518-b52b-5cbe-847e-b9cad502a1ea', 'ما مضارع الفعل الماضي «جلسَ»؟', '[{"id":"a","text":"يجلسُ"},{"id":"b","text":"اجلسْ"},{"id":"c","text":"جالسٌ"},{"id":"d","text":"جلوسٌ"}]'::jsonb, 'a', 'نحوّل الماضي «جلسَ» إلى المضارع بزيادة حرف مضارعة في أوّله: «يجلسُ»؛ أمّا «اجلسْ» فأمرٌ و«جالسٌ» اسمُ فاعل.', 5)
ON CONFLICT (id) DO UPDATE SET
  exercise_id = EXCLUDED.exercise_id,
  prompt = EXCLUDED.prompt,
  options = EXCLUDED.options,
  correct_option = EXCLUDED.correct_option,
  explanation = EXCLUDED.explanation,
  display_order = EXCLUDED.display_order;

INSERT INTO public.exercises (id, chapter_id, subject_id, title, difficulty, xp_reward, reward_coins, mode, source, display_order) VALUES
  ('facbf212-340c-5393-aff6-999ddb39181e', '76e9daaa-eb20-58c8-ac32-7c74c36b98f0', 'arabic-4eme', '⭐ تمرين: نركب آلة الزمن', 1, 50, 10, 'practice', 'admin', 1)
ON CONFLICT (id) DO UPDATE SET
  chapter_id = EXCLUDED.chapter_id,
  subject_id = EXCLUDED.subject_id,
  title = EXCLUDED.title,
  difficulty = EXCLUDED.difficulty,
  xp_reward = EXCLUDED.xp_reward,
  reward_coins = EXCLUDED.reward_coins,
  mode = EXCLUDED.mode,
  display_order = EXCLUDED.display_order;

INSERT INTO public.questions (id, exercise_id, prompt, options, correct_option, explanation, display_order) VALUES
  ('590b559c-ea7c-5217-99f9-d95fea10404a', 'facbf212-340c-5393-aff6-999ddb39181e', 'ما زمن الفعل «شربَ»؟', '[{"id":"a","text":"ماضٍ"},{"id":"b","text":"مضارعٌ"},{"id":"c","text":"أمرٌ"},{"id":"d","text":"ليس فعلًا"}]'::jsonb, 'a', '«شربَ» يدلّ على حدثٍ وقعَ وانتهى، وآخره مفتوحٌ، فهو فعلٌ ماضٍ.', 1)
ON CONFLICT (id) DO UPDATE SET
  exercise_id = EXCLUDED.exercise_id,
  prompt = EXCLUDED.prompt,
  options = EXCLUDED.options,
  correct_option = EXCLUDED.correct_option,
  explanation = EXCLUDED.explanation,
  display_order = EXCLUDED.display_order;

INSERT INTO public.questions (id, exercise_id, prompt, options, correct_option, explanation, display_order) VALUES
  ('793178f1-0e0c-5a32-bd4c-7d93bc657013', 'facbf212-340c-5393-aff6-999ddb39181e', 'أيّ فعلٍ يبدأ بحرفٍ من حروف المضارعة «أنيت»؟', '[{"id":"a","text":"فتحَ"},{"id":"b","text":"نذهبُ"},{"id":"c","text":"اجلسْ"},{"id":"d","text":"ذهابٌ"}]'::jsonb, 'b', '«نذهبُ» بدأ بالنون وهي من حروف المضارعة «أنيت»، فهو مضارع؛ أمّا «فتحَ» فماضٍ و«اجلسْ» أمر.', 2)
ON CONFLICT (id) DO UPDATE SET
  exercise_id = EXCLUDED.exercise_id,
  prompt = EXCLUDED.prompt,
  options = EXCLUDED.options,
  correct_option = EXCLUDED.correct_option,
  explanation = EXCLUDED.explanation,
  display_order = EXCLUDED.display_order;

INSERT INTO public.questions (id, exercise_id, prompt, options, correct_option, explanation, display_order) VALUES
  ('7ff1e109-c5f9-560c-ac83-be9e61ca32db', 'facbf212-340c-5393-aff6-999ddb39181e', 'أيّ الأفعال التالية فعلُ أمرٍ؟', '[{"id":"a","text":"يقرأُ"},{"id":"b","text":"قرأَ"},{"id":"c","text":"اقرأْ"},{"id":"d","text":"قارئٌ"}]'::jsonb, 'c', '«اقرأْ» يدلّ على طلبِ القراءة، فهو فعلُ أمرٍ؛ أمّا «يقرأُ» فمضارعٌ و«قرأَ» ماضٍ و«قارئٌ» اسم.', 3)
ON CONFLICT (id) DO UPDATE SET
  exercise_id = EXCLUDED.exercise_id,
  prompt = EXCLUDED.prompt,
  options = EXCLUDED.options,
  correct_option = EXCLUDED.correct_option,
  explanation = EXCLUDED.explanation,
  display_order = EXCLUDED.display_order;

INSERT INTO public.questions (id, exercise_id, prompt, options, correct_option, explanation, display_order) VALUES
  ('1cbf7699-8ec5-5cf5-b328-50b2aa3ea29f', 'facbf212-340c-5393-aff6-999ddb39181e', 'ما مضارع الفعل «فتحَ»؟', '[{"id":"a","text":"افتحْ"},{"id":"b","text":"فاتحٌ"},{"id":"c","text":"يفتحُ"},{"id":"d","text":"فتّاحةٌ"}]'::jsonb, 'c', 'نزيد حرف مضارعةٍ في أوّل الماضي «فتحَ» فنحصل على المضارع «يفتحُ»؛ أمّا «افتحْ» فأمرٌ و«فاتحٌ» اسمُ فاعل.', 4)
ON CONFLICT (id) DO UPDATE SET
  exercise_id = EXCLUDED.exercise_id,
  prompt = EXCLUDED.prompt,
  options = EXCLUDED.options,
  correct_option = EXCLUDED.correct_option,
  explanation = EXCLUDED.explanation,
  display_order = EXCLUDED.display_order;

INSERT INTO public.questions (id, exercise_id, prompt, options, correct_option, explanation, display_order) VALUES
  ('c09acab8-1a06-50c9-bca7-a14257493ebd', 'facbf212-340c-5393-aff6-999ddb39181e', 'ما أمرُ الفعل المضارع «تجلسُ»؟', '[{"id":"a","text":"جلسَ"},{"id":"b","text":"اجلسْ"},{"id":"c","text":"جالسٌ"},{"id":"d","text":"يجلسُ"}]'::jsonb, 'b', 'من المضارع «تجلسُ» نصنع الأمر بحذف حرف المضارعة والطلب: «اجلسْ»؛ أمّا «جلسَ» فماضٍ و«يجلسُ» مضارع.', 5)
ON CONFLICT (id) DO UPDATE SET
  exercise_id = EXCLUDED.exercise_id,
  prompt = EXCLUDED.prompt,
  options = EXCLUDED.options,
  correct_option = EXCLUDED.correct_option,
  explanation = EXCLUDED.explanation,
  display_order = EXCLUDED.display_order;

INSERT INTO public.questions (id, exercise_id, prompt, options, correct_option, explanation, display_order) VALUES
  ('0d25a3c3-20d1-53ea-9437-9b8d8f843f47', 'facbf212-340c-5393-aff6-999ddb39181e', 'في «لعبتِ البنتُ.»، ما الذي دلّ على أنّ الفعل ماضٍ مؤنّث؟', '[{"id":"a","text":"حرف مضارعة في أوّله"},{"id":"b","text":"كونه طلبًا"},{"id":"c","text":"كونه اسمًا"},{"id":"d","text":"تاء التأنيث الساكنة في آخره (لعبتْ)"}]'::jsonb, 'd', 'الفعل الماضي تلحقه تاءُ التأنيث الساكنة مع الفاعل المؤنّث: «لعبتْ»، وهذه علامةٌ تدلّ على أنّه ماضٍ وفاعله مؤنّث.', 6)
ON CONFLICT (id) DO UPDATE SET
  exercise_id = EXCLUDED.exercise_id,
  prompt = EXCLUDED.prompt,
  options = EXCLUDED.options,
  correct_option = EXCLUDED.correct_option,
  explanation = EXCLUDED.explanation,
  display_order = EXCLUDED.display_order;

INSERT INTO public.exercises (id, chapter_id, subject_id, title, difficulty, xp_reward, reward_coins, mode, source, display_order) VALUES
  ('e0491f89-8f1b-5ec0-ba2d-b2a578689696', '76e9daaa-eb20-58c8-ac32-7c74c36b98f0', 'arabic-4eme', '⚔️ زعيم الفصل ⭐⭐⭐: قائد الأزمنة الثلاثة', 3, 120, 30, 'boss', 'admin', 2)
ON CONFLICT (id) DO UPDATE SET
  chapter_id = EXCLUDED.chapter_id,
  subject_id = EXCLUDED.subject_id,
  title = EXCLUDED.title,
  difficulty = EXCLUDED.difficulty,
  xp_reward = EXCLUDED.xp_reward,
  reward_coins = EXCLUDED.reward_coins,
  mode = EXCLUDED.mode,
  display_order = EXCLUDED.display_order;

INSERT INTO public.questions (id, exercise_id, prompt, options, correct_option, explanation, display_order) VALUES
  ('da246408-2ecf-5148-bbb9-e3f815da6abe', 'e0491f89-8f1b-5ec0-ba2d-b2a578689696', 'اقرأ: «خرجَ من البيتِ، ويمشي في الطريقِ، وسيصلُ قريبًا.» ما زمن «يمشي»؟', '[{"id":"a","text":"مضارعٌ (بدأ بالياء، يجري الآن)"},{"id":"b","text":"ماضٍ"},{"id":"c","text":"أمرٌ"},{"id":"d","text":"اسمٌ"}]'::jsonb, 'a', '«يمشي» بدأ بالياء من حروف «أنيت» ويدلّ على حدثٍ يجري الآن، فهو فعلٌ مضارع، بينما «خرجَ» ماضٍ.', 1)
ON CONFLICT (id) DO UPDATE SET
  exercise_id = EXCLUDED.exercise_id,
  prompt = EXCLUDED.prompt,
  options = EXCLUDED.options,
  correct_option = EXCLUDED.correct_option,
  explanation = EXCLUDED.explanation,
  display_order = EXCLUDED.display_order;

INSERT INTO public.questions (id, exercise_id, prompt, options, correct_option, explanation, display_order) VALUES
  ('fff61e24-8371-5555-88be-7cec6c2705fe', 'e0491f89-8f1b-5ec0-ba2d-b2a578689696', 'حوّل الفعل الماضي «سمعَ» إلى الأمر:', '[{"id":"a","text":"يسمعُ"},{"id":"b","text":"اسمعْ"},{"id":"c","text":"سامعٌ"},{"id":"d","text":"سماعٌ"}]'::jsonb, 'b', 'للوصول إلى الأمر نمرّ بالمضارع «يسمعُ» ثمّ نحذف حرف المضارعة ونطلب: «اسمعْ»؛ أمّا «يسمعُ» فمضارعٌ و«سامعٌ» اسم.', 2)
ON CONFLICT (id) DO UPDATE SET
  exercise_id = EXCLUDED.exercise_id,
  prompt = EXCLUDED.prompt,
  options = EXCLUDED.options,
  correct_option = EXCLUDED.correct_option,
  explanation = EXCLUDED.explanation,
  display_order = EXCLUDED.display_order;

INSERT INTO public.questions (id, exercise_id, prompt, options, correct_option, explanation, display_order) VALUES
  ('34a8222a-257f-5d9a-a639-00bce0ffa58e', 'e0491f89-8f1b-5ec0-ba2d-b2a578689696', 'أيّ صفٍّ صرّفَ الفعل في الأزمنة الثلاثة ترتيبًا صحيحًا (ماضٍ، مضارع، أمر)؟', '[{"id":"a","text":"يجلسُ — اجلسْ — جلسَ"},{"id":"b","text":"اجلسْ — جلسَ — يجلسُ"},{"id":"c","text":"جلسَ — يجلسُ — اجلسْ"},{"id":"d","text":"جالسٌ — جلوسٌ — مجلسٌ"}]'::jsonb, 'c', 'الترتيب الصحيح: ماضٍ «جلسَ» ثمّ مضارع «يجلسُ» ثمّ أمر «اجلسْ»؛ أمّا الخيار (د) فأسماءٌ لا أفعال.', 3)
ON CONFLICT (id) DO UPDATE SET
  exercise_id = EXCLUDED.exercise_id,
  prompt = EXCLUDED.prompt,
  options = EXCLUDED.options,
  correct_option = EXCLUDED.correct_option,
  explanation = EXCLUDED.explanation,
  display_order = EXCLUDED.display_order;

INSERT INTO public.questions (id, exercise_id, prompt, options, correct_option, explanation, display_order) VALUES
  ('aba2a443-1ad5-5a69-a39b-8a64c72d790c', 'e0491f89-8f1b-5ec0-ba2d-b2a578689696', 'في «اكتبي واجبَكِ يا مريمُ.»، ما زمن «اكتبي»؟', '[{"id":"a","text":"ماضٍ"},{"id":"b","text":"مضارعٌ"},{"id":"c","text":"اسمٌ"},{"id":"d","text":"أمرٌ (طلبٌ، ولحقته ياءُ المخاطبة)"}]'::jsonb, 'd', '«اكتبي» فعلُ أمرٍ يطلب الكتابة من المخاطَبة، وقد لحقته ياءُ المخاطبة الدالّة على المؤنّثة، فهو أمرٌ لا مضارع.', 4)
ON CONFLICT (id) DO UPDATE SET
  exercise_id = EXCLUDED.exercise_id,
  prompt = EXCLUDED.prompt,
  options = EXCLUDED.options,
  correct_option = EXCLUDED.correct_option,
  explanation = EXCLUDED.explanation,
  display_order = EXCLUDED.display_order;

INSERT INTO public.questions (id, exercise_id, prompt, options, correct_option, explanation, display_order) VALUES
  ('cdc1b23b-3fc2-5add-aa7c-5f6d3aaf6052', 'e0491f89-8f1b-5ec0-ba2d-b2a578689696', 'أيّ جملةٍ فعلُها ماضٍ رغم دلالة سياقها على عادةٍ متكرّرة؟', '[{"id":"a","text":"يستيقظُ مبكّرًا كلَّ يومٍ."},{"id":"b","text":"نهضَ الطفلُ من نومِهِ صباحَ أمسِ."},{"id":"c","text":"انهضْ مبكّرًا."},{"id":"d","text":"ناهضٌ نشيطٌ."}]'::jsonb, 'b', '«نهضَ» فعلٌ ماضٍ (وقعَ وانتهى، آخره مفتوح)، وقرينة «صباحَ أمسِ» تؤكّد المضيّ؛ أمّا «يستيقظُ» فمضارعٌ و«انهضْ» أمر.', 5)
ON CONFLICT (id) DO UPDATE SET
  exercise_id = EXCLUDED.exercise_id,
  prompt = EXCLUDED.prompt,
  options = EXCLUDED.options,
  correct_option = EXCLUDED.correct_option,
  explanation = EXCLUDED.explanation,
  display_order = EXCLUDED.display_order;

INSERT INTO public.questions (id, exercise_id, prompt, options, correct_option, explanation, display_order) VALUES
  ('707d57b0-c7eb-5869-9584-6aefb2453040', 'e0491f89-8f1b-5ec0-ba2d-b2a578689696', 'قال تلميذٌ: «كلّ فعلٍ يبدأ بهمزةٍ فهو فعلُ أمرٍ». ما الصحيح؟', '[{"id":"a","text":"صحيح، الهمزة علامةُ الأمر"},{"id":"b","text":"صحيح، كلّ مهموزٍ أمرٌ"},{"id":"c","text":"خطأ؛ قد تكون الهمزةُ حرفَ مضارعةٍ للمتكلّم (أكتبُ)، فالعبرة بالعلامة والمعنى"},{"id":"d","text":"خطأ؛ لا يبدأ فعلٌ بهمزة"}]'::jsonb, 'c', 'الخطأ الشائع: الحكم بالهمزة وحدها. الهمزة قد تكون حرفَ مضارعةٍ للمتكلّم «أكتبُ، أقرأُ» (مضارع)، وقد تكون همزةَ وصلٍ في الأمر «اكتبْ»؛ فنميّز بالعلامة والمعنى.', 6)
ON CONFLICT (id) DO UPDATE SET
  exercise_id = EXCLUDED.exercise_id,
  prompt = EXCLUDED.prompt,
  options = EXCLUDED.options,
  correct_option = EXCLUDED.correct_option,
  explanation = EXCLUDED.explanation,
  display_order = EXCLUDED.display_order;

INSERT INTO public.exercises (id, chapter_id, subject_id, title, difficulty, xp_reward, reward_coins, mode, source, display_order) VALUES
  ('73d998b7-e989-5657-90b1-be6ee9dcde4d', '76e9daaa-eb20-58c8-ac32-7c74c36b98f0', 'arabic-4eme', '⭐⭐ تمرين مراجعة (نمط امتحان): أزمنة الفعل', 2, 75, 15, 'practice', 'admin', 3)
ON CONFLICT (id) DO UPDATE SET
  chapter_id = EXCLUDED.chapter_id,
  subject_id = EXCLUDED.subject_id,
  title = EXCLUDED.title,
  difficulty = EXCLUDED.difficulty,
  xp_reward = EXCLUDED.xp_reward,
  reward_coins = EXCLUDED.reward_coins,
  mode = EXCLUDED.mode,
  display_order = EXCLUDED.display_order;

INSERT INTO public.questions (id, exercise_id, prompt, options, correct_option, explanation, display_order) VALUES
  ('72691d09-84ee-55ae-905f-282f8af60845', '73d998b7-e989-5657-90b1-be6ee9dcde4d', 'صنّف الفعل «نكتبُ» حسب زمنه:', '[{"id":"a","text":"ماضٍ"},{"id":"b","text":"مضارعٌ (بدأ بالنون)"},{"id":"c","text":"أمرٌ"},{"id":"d","text":"اسمٌ"}]'::jsonb, 'b', '«نكتبُ» بدأ بالنون من حروف المضارعة «أنيت»، فهو مضارعٌ يدلّ على المتكلّمين (نحن).', 1)
ON CONFLICT (id) DO UPDATE SET
  exercise_id = EXCLUDED.exercise_id,
  prompt = EXCLUDED.prompt,
  options = EXCLUDED.options,
  correct_option = EXCLUDED.correct_option,
  explanation = EXCLUDED.explanation,
  display_order = EXCLUDED.display_order;

INSERT INTO public.questions (id, exercise_id, prompt, options, correct_option, explanation, display_order) VALUES
  ('3b6a8224-d3da-5482-b82f-9c430578e7f7', '73d998b7-e989-5657-90b1-be6ee9dcde4d', 'أكمل بفعلٍ ماضٍ مناسب: «أمسِ ___ التلميذُ درسَهُ.»', '[{"id":"a","text":"حفظَ"},{"id":"b","text":"يحفظُ"},{"id":"c","text":"احفظْ"},{"id":"d","text":"حافظٌ"}]'::jsonb, 'a', 'قرينة «أمسِ» تدلّ على المضيّ، فنختار الماضي «حفظَ»: «أمسِ حفظَ التلميذُ درسَهُ.»؛ أمّا «يحفظُ» فمضارعٌ و«احفظْ» أمر.', 2)
ON CONFLICT (id) DO UPDATE SET
  exercise_id = EXCLUDED.exercise_id,
  prompt = EXCLUDED.prompt,
  options = EXCLUDED.options,
  correct_option = EXCLUDED.correct_option,
  explanation = EXCLUDED.explanation,
  display_order = EXCLUDED.display_order;

INSERT INTO public.questions (id, exercise_id, prompt, options, correct_option, explanation, display_order) VALUES
  ('dfc7ca3b-e2ee-5675-832a-0857462f1e76', '73d998b7-e989-5657-90b1-be6ee9dcde4d', 'حوّل «يلعبُ» إلى فعل أمرٍ:', '[{"id":"a","text":"لعبَ"},{"id":"b","text":"لاعبٌ"},{"id":"c","text":"العبْ"},{"id":"d","text":"يلاعبُ"}]'::jsonb, 'c', 'من المضارع «يلعبُ» نصنع الأمر بحذف حرف المضارعة والطلب: «العبْ»؛ أمّا «لعبَ» فماضٍ و«لاعبٌ» اسم.', 3)
ON CONFLICT (id) DO UPDATE SET
  exercise_id = EXCLUDED.exercise_id,
  prompt = EXCLUDED.prompt,
  options = EXCLUDED.options,
  correct_option = EXCLUDED.correct_option,
  explanation = EXCLUDED.explanation,
  display_order = EXCLUDED.display_order;

INSERT INTO public.questions (id, exercise_id, prompt, options, correct_option, explanation, display_order) VALUES
  ('a2b9f63c-e251-5d86-8444-1f454a3aa6ca', '73d998b7-e989-5657-90b1-be6ee9dcde4d', 'أيّ جملةٍ فعلُها مضارعٌ؟', '[{"id":"a","text":"كتبَ الواجبَ."},{"id":"b","text":"اكتبِ الواجبَ."},{"id":"c","text":"كاتبُ الواجبِ مجتهدٌ."},{"id":"d","text":"يكتبُ الواجبَ بخطٍّ جميلٍ."}]'::jsonb, 'd', '«يكتبُ» بدأ بالياء من حروف «أنيت» فهو مضارع؛ أمّا «كتبَ» فماضٍ و«اكتبِ» أمرٌ و«كاتبُ» اسم.', 4)
ON CONFLICT (id) DO UPDATE SET
  exercise_id = EXCLUDED.exercise_id,
  prompt = EXCLUDED.prompt,
  options = EXCLUDED.options,
  correct_option = EXCLUDED.correct_option,
  explanation = EXCLUDED.explanation,
  display_order = EXCLUDED.display_order;

INSERT INTO public.questions (id, exercise_id, prompt, options, correct_option, explanation, display_order) VALUES
  ('c41aec5b-7709-5ca7-afda-4b294186007b', '73d998b7-e989-5657-90b1-be6ee9dcde4d', 'ما ماضي الفعل المضارع «يذهبُ»؟', '[{"id":"a","text":"اذهبْ"},{"id":"b","text":"ذاهبٌ"},{"id":"c","text":"ذهابٌ"},{"id":"d","text":"ذهبَ"}]'::jsonb, 'd', 'نحذف حرف المضارعة من «يذهبُ» ونجعله ماضيًا مفتوح الآخر: «ذهبَ»؛ أمّا «اذهبْ» فأمرٌ و«ذاهبٌ» اسمُ فاعل.', 5)
ON CONFLICT (id) DO UPDATE SET
  exercise_id = EXCLUDED.exercise_id,
  prompt = EXCLUDED.prompt,
  options = EXCLUDED.options,
  correct_option = EXCLUDED.correct_option,
  explanation = EXCLUDED.explanation,
  display_order = EXCLUDED.display_order;

INSERT INTO public.questions (id, exercise_id, prompt, options, correct_option, explanation, display_order) VALUES
  ('e2c22649-4770-5d7e-8758-59e0a3f1ec4c', '73d998b7-e989-5657-90b1-be6ee9dcde4d', 'في «اشربْ ثمّ نمْ مبكّرًا.»، كم فعلَ أمرٍ في الجملة؟', '[{"id":"a","text":"فعلٌ واحد"},{"id":"b","text":"فعلان: «اشربْ» و«نمْ»"},{"id":"c","text":"لا فعل أمرٍ"},{"id":"d","text":"ثلاثة أفعال"}]'::jsonb, 'b', '«اشربْ» و«نمْ» كلاهما فعلُ أمرٍ يدلّ على الطلب، و«ثمّ» أداةُ عطفٍ تربط بينهما مع المهلة؛ فأفعال الأمر اثنان.', 6)
ON CONFLICT (id) DO UPDATE SET
  exercise_id = EXCLUDED.exercise_id,
  prompt = EXCLUDED.prompt,
  options = EXCLUDED.options,
  correct_option = EXCLUDED.correct_option,
  explanation = EXCLUDED.explanation,
  display_order = EXCLUDED.display_order;

INSERT INTO public.exercises (id, chapter_id, subject_id, title, difficulty, xp_reward, reward_coins, mode, source, display_order) VALUES
  ('d0029091-bb18-556c-a173-c758fd41f794', '76e9daaa-eb20-58c8-ac32-7c74c36b98f0', 'arabic-4eme', '👑 تحدّي النخبة ⭐⭐⭐⭐: سيّد الزمن', 4, 300, 60, 'challenge', 'admin', 4)
ON CONFLICT (id) DO UPDATE SET
  chapter_id = EXCLUDED.chapter_id,
  subject_id = EXCLUDED.subject_id,
  title = EXCLUDED.title,
  difficulty = EXCLUDED.difficulty,
  xp_reward = EXCLUDED.xp_reward,
  reward_coins = EXCLUDED.reward_coins,
  mode = EXCLUDED.mode,
  display_order = EXCLUDED.display_order;

INSERT INTO public.questions (id, exercise_id, prompt, options, correct_option, explanation, display_order) VALUES
  ('79404afe-4829-5bcb-8629-8270f3778794', 'd0029091-bb18-556c-a173-c758fd41f794', 'اقرأ: «استيقظَ سعدٌ، ويتناولُ فطورَهُ، ثمّ سيذهبُ إلى المدرسةِ.» صنّف الأفعال الثلاثة بالترتيب:', '[{"id":"a","text":"ماضٍ، مضارع، مضارع (يدلّ على المستقبل بقرينة سيذهبُ)"},{"id":"b","text":"ماضٍ، أمر، ماضٍ"},{"id":"c","text":"أمر، أمر، أمر"},{"id":"d","text":"مضارع، ماضٍ، أمر"}]'::jsonb, 'a', '«استيقظَ» ماضٍ، و«يتناولُ» مضارعٌ (الياء)، و«سيذهبُ» مضارعٌ دخلت عليه السين فدلّ على المستقبل؛ فالأفعال: ماضٍ، فمضارعان.', 1)
ON CONFLICT (id) DO UPDATE SET
  exercise_id = EXCLUDED.exercise_id,
  prompt = EXCLUDED.prompt,
  options = EXCLUDED.options,
  correct_option = EXCLUDED.correct_option,
  explanation = EXCLUDED.explanation,
  display_order = EXCLUDED.display_order;

INSERT INTO public.questions (id, exercise_id, prompt, options, correct_option, explanation, display_order) VALUES
  ('e6e6dec0-bca2-5074-a47c-56505ca9505d', 'd0029091-bb18-556c-a173-c758fd41f794', 'ما الأمر من الفعل المضارع «تقرأُ»، ومن «تأكلُ»؟', '[{"id":"a","text":"قرأَ — أكلَ"},{"id":"b","text":"اقرأْ — كُلْ"},{"id":"c","text":"يقرأُ — يأكلُ"},{"id":"d","text":"قارئٌ — آكلٌ"}]'::jsonb, 'b', 'أمرُ «تقرأُ» هو «اقرأْ»، وأمرُ «تأكلُ» هو «كُلْ» (حُذفت همزته في الأمر)؛ فكلاهما طلبٌ، أمّا (أ) فماضيان و(د) اسمان.', 2)
ON CONFLICT (id) DO UPDATE SET
  exercise_id = EXCLUDED.exercise_id,
  prompt = EXCLUDED.prompt,
  options = EXCLUDED.options,
  correct_option = EXCLUDED.correct_option,
  explanation = EXCLUDED.explanation,
  display_order = EXCLUDED.display_order;

INSERT INTO public.questions (id, exercise_id, prompt, options, correct_option, explanation, display_order) VALUES
  ('91b8a16b-1749-5c81-968c-e7767d608e69', 'd0029091-bb18-556c-a173-c758fd41f794', 'في «نمْ مبكّرًا تستيقظْ نشيطًا.»، ما زمنا «نمْ» و«تستيقظْ»؟', '[{"id":"a","text":"كلاهما ماضٍ"},{"id":"b","text":"كلاهما اسمٌ"},{"id":"c","text":"«نمْ» أمرٌ، و«تستيقظْ» مضارعٌ (بدأ بالتاء)"},{"id":"d","text":"«نمْ» مضارعٌ، و«تستيقظْ» أمرٌ"}]'::jsonb, 'c', '«نمْ» فعلُ أمرٍ (طلبٌ، ساكنُ الآخر)، و«تستيقظْ» مضارعٌ بدأ بالتاء من حروف «أنيت»؛ فلا نخلط بينهما رغم تجاورهما.', 3)
ON CONFLICT (id) DO UPDATE SET
  exercise_id = EXCLUDED.exercise_id,
  prompt = EXCLUDED.prompt,
  options = EXCLUDED.options,
  correct_option = EXCLUDED.correct_option,
  explanation = EXCLUDED.explanation,
  display_order = EXCLUDED.display_order;

INSERT INTO public.questions (id, exercise_id, prompt, options, correct_option, explanation, display_order) VALUES
  ('5136394b-877d-55c7-8326-f9944e1265cd', 'd0029091-bb18-556c-a173-c758fd41f794', 'أيّ الأفعال ماضٍ، رغم أنّ آخره ليس مفتوحًا ظاهرًا؟', '[{"id":"a","text":"ينجحُ"},{"id":"b","text":"انجحْ"},{"id":"c","text":"ناجحٌ"},{"id":"d","text":"نجحتْ (بتاء التأنيث الساكنة)"}]'::jsonb, 'd', '«نجحتْ» فعلٌ ماضٍ لحقته تاءُ التأنيث الساكنة مع الفاعل المؤنّث؛ فالتاء الساكنة في آخره علامةُ ماضٍ مؤنّث، لا مضارع ولا أمر.', 4)
ON CONFLICT (id) DO UPDATE SET
  exercise_id = EXCLUDED.exercise_id,
  prompt = EXCLUDED.prompt,
  options = EXCLUDED.options,
  correct_option = EXCLUDED.correct_option,
  explanation = EXCLUDED.explanation,
  display_order = EXCLUDED.display_order;

INSERT INTO public.questions (id, exercise_id, prompt, options, correct_option, explanation, display_order) VALUES
  ('eff51e37-f6d0-52ac-8b95-a5645b9a23e7', 'd0029091-bb18-556c-a173-c758fd41f794', 'اقرأ: «العبوا بالكرةِ.» ما زمن «العبوا»؟', '[{"id":"a","text":"فعلٌ ماضٍ"},{"id":"b","text":"فعلٌ مضارع"},{"id":"c","text":"فعلُ أمرٍ موجّهٌ لجماعةٍ (طلبُ اللعب منهم)"},{"id":"d","text":"اسمٌ"}]'::jsonb, 'c', '«العبوا» فعلُ أمرٍ متّصلٌ بواو الجماعة، يطلب اللعب من جماعة المخاطبين؛ فهو أمرٌ لا ماضٍ ولا مضارع.', 5)
ON CONFLICT (id) DO UPDATE SET
  exercise_id = EXCLUDED.exercise_id,
  prompt = EXCLUDED.prompt,
  options = EXCLUDED.options,
  correct_option = EXCLUDED.correct_option,
  explanation = EXCLUDED.explanation,
  display_order = EXCLUDED.display_order;

INSERT INTO public.questions (id, exercise_id, prompt, options, correct_option, explanation, display_order) VALUES
  ('afd47463-f370-5683-a630-6001e1feccc2', 'd0029091-bb18-556c-a173-c758fd41f794', 'قال تلميذٌ: «الفعل المبدوء بالتاء يكون دائمًا فعلَ أمرٍ». ما الأدقّ؟', '[{"id":"a","text":"صحيحٌ دائمًا"},{"id":"b","text":"خطأ؛ التاء من حروف المضارعة «أنيت»، فالمبدوء بها مضارعٌ غالبًا (تكتبُ، تلعبُ)"},{"id":"c","text":"صحيح، التاء علامةُ الأمر"},{"id":"d","text":"خطأ؛ لا يبدأ فعلٌ بالتاء"}]'::jsonb, 'b', 'الخطأ الشائع: ظنّ التاء علامةَ أمر. التاء حرفُ مضارعةٍ في «أنيت»، فالفعل المبدوء بها مضارعٌ غالبًا «تكتبُ، تشربُ»؛ وفعل الأمر يبدأ غالبًا بهمزة الوصل «اكتبْ».', 6)
ON CONFLICT (id) DO UPDATE SET
  exercise_id = EXCLUDED.exercise_id,
  prompt = EXCLUDED.prompt,
  options = EXCLUDED.options,
  correct_option = EXCLUDED.correct_option,
  explanation = EXCLUDED.explanation,
  display_order = EXCLUDED.display_order;

INSERT INTO public.exercises (id, chapter_id, subject_id, title, difficulty, xp_reward, reward_coins, mode, source, display_order) VALUES
  ('3787ec36-4885-5684-b285-c05dd9206bb0', '76e9daaa-eb20-58c8-ac32-7c74c36b98f0', 'arabic-4eme', '📝 تدريب ⭐⭐⭐: مراجعة شاملة على أزمنة الفعل', 3, 120, 30, 'boss', 'admin', 5)
ON CONFLICT (id) DO UPDATE SET
  chapter_id = EXCLUDED.chapter_id,
  subject_id = EXCLUDED.subject_id,
  title = EXCLUDED.title,
  difficulty = EXCLUDED.difficulty,
  xp_reward = EXCLUDED.xp_reward,
  reward_coins = EXCLUDED.reward_coins,
  mode = EXCLUDED.mode,
  display_order = EXCLUDED.display_order;

INSERT INTO public.questions (id, exercise_id, prompt, options, correct_option, explanation, display_order) VALUES
  ('a6600d18-05ec-5994-a335-6913a05eb4bb', '3787ec36-4885-5684-b285-c05dd9206bb0', 'ما زمن الفعل «سافرَ»؟', '[{"id":"a","text":"ماضٍ"},{"id":"b","text":"مضارعٌ"},{"id":"c","text":"أمرٌ"},{"id":"d","text":"اسمٌ"}]'::jsonb, 'a', '«سافرَ» يدلّ على حدثٍ وقعَ وانتهى وآخره مفتوح، فهو فعلٌ ماضٍ.', 1)
ON CONFLICT (id) DO UPDATE SET
  exercise_id = EXCLUDED.exercise_id,
  prompt = EXCLUDED.prompt,
  options = EXCLUDED.options,
  correct_option = EXCLUDED.correct_option,
  explanation = EXCLUDED.explanation,
  display_order = EXCLUDED.display_order;

INSERT INTO public.questions (id, exercise_id, prompt, options, correct_option, explanation, display_order) VALUES
  ('c37d00be-839d-5bfa-8c7b-f14b26d228d8', '3787ec36-4885-5684-b285-c05dd9206bb0', 'أيّ فعلٍ مضارعٌ بدأ بهمزة المضارعة (المتكلّم)؟', '[{"id":"a","text":"اكتبْ"},{"id":"b","text":"أكتبُ"},{"id":"c","text":"كتبَ"},{"id":"d","text":"كاتبٌ"}]'::jsonb, 'b', '«أكتبُ» مضارعٌ بدأ بهمزة المضارعة من «أنيت» ويدلّ على المتكلّم (أنا)؛ أمّا «اكتبْ» فأمرٌ بهمزة الوصل و«كتبَ» ماضٍ.', 2)
ON CONFLICT (id) DO UPDATE SET
  exercise_id = EXCLUDED.exercise_id,
  prompt = EXCLUDED.prompt,
  options = EXCLUDED.options,
  correct_option = EXCLUDED.correct_option,
  explanation = EXCLUDED.explanation,
  display_order = EXCLUDED.display_order;

INSERT INTO public.questions (id, exercise_id, prompt, options, correct_option, explanation, display_order) VALUES
  ('bdab971f-4b46-5525-9e88-589f5f92490a', '3787ec36-4885-5684-b285-c05dd9206bb0', 'حوّل الماضي «نظرَ» إلى المضارع:', '[{"id":"a","text":"انظرْ"},{"id":"b","text":"ناظرٌ"},{"id":"c","text":"ينظرُ"},{"id":"d","text":"نظرَ"}]'::jsonb, 'c', 'بزيادة حرف مضارعةٍ في أوّل «نظرَ» نحصل على المضارع «ينظرُ»؛ أمّا «انظرْ» فأمرٌ و«ناظرٌ» اسمُ فاعل.', 3)
ON CONFLICT (id) DO UPDATE SET
  exercise_id = EXCLUDED.exercise_id,
  prompt = EXCLUDED.prompt,
  options = EXCLUDED.options,
  correct_option = EXCLUDED.correct_option,
  explanation = EXCLUDED.explanation,
  display_order = EXCLUDED.display_order;

INSERT INTO public.questions (id, exercise_id, prompt, options, correct_option, explanation, display_order) VALUES
  ('f165d593-a2a9-542f-836c-c509e081dd8b', '3787ec36-4885-5684-b285-c05dd9206bb0', 'في «تشربُ القطّةُ الحليبَ.»، ما زمن «تشربُ»؟', '[{"id":"a","text":"ماضٍ"},{"id":"b","text":"أمرٌ"},{"id":"c","text":"مضارعٌ (بدأ بالتاء، والفاعل مؤنّث)"},{"id":"d","text":"اسمٌ"}]'::jsonb, 'c', '«تشربُ» بدأ بالتاء من حروف «أنيت» فهو مضارع، والتاء هنا لمضارعةِ الغائبة المؤنّثة (هي القطّةُ)؛ فهو مضارعٌ لا ماضٍ.', 4)
ON CONFLICT (id) DO UPDATE SET
  exercise_id = EXCLUDED.exercise_id,
  prompt = EXCLUDED.prompt,
  options = EXCLUDED.options,
  correct_option = EXCLUDED.correct_option,
  explanation = EXCLUDED.explanation,
  display_order = EXCLUDED.display_order;

INSERT INTO public.questions (id, exercise_id, prompt, options, correct_option, explanation, display_order) VALUES
  ('6e180cc8-5c6f-595d-b479-230ff5ce03a7', '3787ec36-4885-5684-b285-c05dd9206bb0', 'اقرأ: «اقرأْ كلَّ يومٍ تزددْ علمًا.» كم فعلًا فيها، وما أنواعها؟', '[{"id":"a","text":"فعلٌ واحدٌ ماضٍ"},{"id":"b","text":"فعلان: «اقرأْ» أمرٌ، و«تزددْ» مضارعٌ"},{"id":"c","text":"فعلان ماضيان"},{"id":"d","text":"لا فعل فيها"}]'::jsonb, 'b', '«اقرأْ» فعلُ أمرٍ (طلبٌ)، و«تزددْ» مضارعٌ بدأ بالتاء؛ فالجملة فيها فعلان مختلفان في الزمن.', 5)
ON CONFLICT (id) DO UPDATE SET
  exercise_id = EXCLUDED.exercise_id,
  prompt = EXCLUDED.prompt,
  options = EXCLUDED.options,
  correct_option = EXCLUDED.correct_option,
  explanation = EXCLUDED.explanation,
  display_order = EXCLUDED.display_order;

INSERT INTO public.questions (id, exercise_id, prompt, options, correct_option, explanation, display_order) VALUES
  ('23bf26c9-767d-5433-a696-fc9f2bd54a73', '3787ec36-4885-5684-b285-c05dd9206bb0', 'صرّف الفعل «وقفَ» في الأزمنة الثلاثة (ماضٍ، مضارع، أمر):', '[{"id":"a","text":"واقفٌ — وقوفٌ — موقفٌ"},{"id":"b","text":"يقفُ — قِفْ — وقفَ"},{"id":"c","text":"قِفْ — وقفَ — يقفُ"},{"id":"d","text":"وقفَ — يقفُ — قِفْ"}]'::jsonb, 'd', 'الترتيب الصحيح: ماضٍ «وقفَ» ثمّ مضارع «يقفُ» (حُذفت الواو) ثمّ أمر «قِفْ»؛ أمّا (أ) فأسماء، و(ب) و(ج) اختلّ فيهما الترتيب.', 6)
ON CONFLICT (id) DO UPDATE SET
  exercise_id = EXCLUDED.exercise_id,
  prompt = EXCLUDED.prompt,
  options = EXCLUDED.options,
  correct_option = EXCLUDED.correct_option,
  explanation = EXCLUDED.explanation,
  display_order = EXCLUDED.display_order;

INSERT INTO public.exercises (id, chapter_id, subject_id, title, difficulty, xp_reward, reward_coins, mode, source, display_order) VALUES
  ('c69ea5fd-902c-5988-86dc-747f4dd83c11', '1f0ce821-1543-5673-aeeb-0d71757bc7a8', 'arabic-4eme', 'اختبار فهم الدرس ⭐', 1, 20, 5, 'quiz', 'admin', 0)
ON CONFLICT (id) DO UPDATE SET
  chapter_id = EXCLUDED.chapter_id,
  subject_id = EXCLUDED.subject_id,
  title = EXCLUDED.title,
  difficulty = EXCLUDED.difficulty,
  xp_reward = EXCLUDED.xp_reward,
  reward_coins = EXCLUDED.reward_coins,
  mode = EXCLUDED.mode,
  display_order = EXCLUDED.display_order;

INSERT INTO public.questions (id, exercise_id, prompt, options, correct_option, explanation, display_order) VALUES
  ('f072d14a-0f27-5304-b9c7-26439819188b', 'c69ea5fd-902c-5988-86dc-747f4dd83c11', 'همزة القطع:', '[{"id":"a","text":"تُكتب وتُنطق دائمًا"},{"id":"b","text":"تسقط في النطق دائمًا"},{"id":"c","text":"لا تُكتب أبدًا"},{"id":"d","text":"تأتي في آخر الكلمة فقط"}]'::jsonb, 'a', 'همزة القطع تُكتب وتُنطق دائمًا في أوّل الكلام ووسطه، وتُرسم على الألف: «أَكلَ، أُمّ، إِلى».', 1)
ON CONFLICT (id) DO UPDATE SET
  exercise_id = EXCLUDED.exercise_id,
  prompt = EXCLUDED.prompt,
  options = EXCLUDED.options,
  correct_option = EXCLUDED.correct_option,
  explanation = EXCLUDED.explanation,
  display_order = EXCLUDED.display_order;

INSERT INTO public.questions (id, exercise_id, prompt, options, correct_option, explanation, display_order) VALUES
  ('7e1e3272-af04-547b-85fd-604250f75b62', 'c69ea5fd-902c-5988-86dc-747f4dd83c11', 'كيف نرسم همزة الوصل في أوّل الكلمة؟', '[{"id":"a","text":"أَ (همزة فوق الألف)"},{"id":"b","text":"ا (ألفًا بلا همزة)"},{"id":"c","text":"إِ (همزة تحت الألف)"},{"id":"d","text":"ة (تاء مربوطة)"}]'::jsonb, 'b', 'همزة الوصل تُرسم ألفًا بلا همزةٍ «ا»، وتسقط في النطق عند الوصل بما قبلها، مثل «اكتبْ، اسم».', 2)
ON CONFLICT (id) DO UPDATE SET
  exercise_id = EXCLUDED.exercise_id,
  prompt = EXCLUDED.prompt,
  options = EXCLUDED.options,
  correct_option = EXCLUDED.correct_option,
  explanation = EXCLUDED.explanation,
  display_order = EXCLUDED.display_order;

INSERT INTO public.questions (id, exercise_id, prompt, options, correct_option, explanation, display_order) VALUES
  ('0c6d2d7c-b79c-5042-8d13-eabc0d327ba1', 'c69ea5fd-902c-5988-86dc-747f4dd83c11', 'ما الرسم الصحيح لتنوين الفتح في كلمة «كتاب»؟', '[{"id":"a","text":"كتابٌ"},{"id":"b","text":"كتابٍ"},{"id":"c","text":"كتابًا"},{"id":"d","text":"كتابْ"}]'::jsonb, 'c', 'تنوين الفتح يُرسم بفتحتين مع زيادة ألفٍ في آخر الاسم غالبًا: «كتابًا»؛ أمّا «كتابٌ» فتنوين ضمٍّ و«كتابٍ» تنوين كسر.', 3)
ON CONFLICT (id) DO UPDATE SET
  exercise_id = EXCLUDED.exercise_id,
  prompt = EXCLUDED.prompt,
  options = EXCLUDED.options,
  correct_option = EXCLUDED.correct_option,
  explanation = EXCLUDED.explanation,
  display_order = EXCLUDED.display_order;

INSERT INTO public.questions (id, exercise_id, prompt, options, correct_option, explanation, display_order) VALUES
  ('a50f06bc-17d9-58fd-846f-3d3776a46a4d', 'c69ea5fd-902c-5988-86dc-747f4dd83c11', 'أيّ كلمةٍ تبدأ بهمزة قطعٍ؟', '[{"id":"a","text":"اكتبْ"},{"id":"b","text":"استمعَ"},{"id":"c","text":"ابن"},{"id":"d","text":"أَحمد"}]'::jsonb, 'd', '«أَحمد» تبدأ بهمزة قطعٍ تُنطق دائمًا (أَ)؛ أمّا «اكتبْ، استمعَ، ابن» فتبدأ بهمزة وصلٍ تسقط عند الوصل.', 4)
ON CONFLICT (id) DO UPDATE SET
  exercise_id = EXCLUDED.exercise_id,
  prompt = EXCLUDED.prompt,
  options = EXCLUDED.options,
  correct_option = EXCLUDED.correct_option,
  explanation = EXCLUDED.explanation,
  display_order = EXCLUDED.display_order;

INSERT INTO public.questions (id, exercise_id, prompt, options, correct_option, explanation, display_order) VALUES
  ('126679c0-5189-5957-9eb2-c760f1822e28', 'c69ea5fd-902c-5988-86dc-747f4dd83c11', 'أيّ كلمةٍ لا نزيد فيها ألفًا عند تنوين الفتح؟', '[{"id":"a","text":"شجرة (شجرةً)، لانتهائها بتاءٍ مربوطة"},{"id":"b","text":"باب (بابًا)"},{"id":"c","text":"قلم (قلمًا)"},{"id":"d","text":"ولد (ولدًا)"}]'::jsonb, 'a', 'ما ينتهي بتاءٍ مربوطةٍ لا نزيد فيه ألفًا عند تنوين الفتح: «شجرةً» لا «شجرةًا»؛ أمّا «باب، قلم، ولد» فتأخذ الألف.', 5)
ON CONFLICT (id) DO UPDATE SET
  exercise_id = EXCLUDED.exercise_id,
  prompt = EXCLUDED.prompt,
  options = EXCLUDED.options,
  correct_option = EXCLUDED.correct_option,
  explanation = EXCLUDED.explanation,
  display_order = EXCLUDED.display_order;

INSERT INTO public.exercises (id, chapter_id, subject_id, title, difficulty, xp_reward, reward_coins, mode, source, display_order) VALUES
  ('f8803af5-f54d-5bc5-94fe-58767cfc2a15', '1f0ce821-1543-5673-aeeb-0d71757bc7a8', 'arabic-4eme', '⭐ تمرين: نرسم الهمزة والتنوين', 1, 50, 10, 'practice', 'admin', 1)
ON CONFLICT (id) DO UPDATE SET
  chapter_id = EXCLUDED.chapter_id,
  subject_id = EXCLUDED.subject_id,
  title = EXCLUDED.title,
  difficulty = EXCLUDED.difficulty,
  xp_reward = EXCLUDED.xp_reward,
  reward_coins = EXCLUDED.reward_coins,
  mode = EXCLUDED.mode,
  display_order = EXCLUDED.display_order;

INSERT INTO public.questions (id, exercise_id, prompt, options, correct_option, explanation, display_order) VALUES
  ('03560a89-5ef4-5dd1-a89d-50295c86fecc', 'f8803af5-f54d-5bc5-94fe-58767cfc2a15', 'أين تُرسم همزة القطع المكسورة؟', '[{"id":"a","text":"تحت الألف: إِ"},{"id":"b","text":"فوق الألف: أَ"},{"id":"c","text":"بلا ألف"},{"id":"d","text":"في آخر الكلمة"}]'::jsonb, 'a', 'همزة القطع المكسورة تُرسم تحت الألف «إِ»، مثل «إِلى» و«إِبرة»؛ أمّا المفتوحة والمضمومة فتُرسمان فوق الألف.', 1)
ON CONFLICT (id) DO UPDATE SET
  exercise_id = EXCLUDED.exercise_id,
  prompt = EXCLUDED.prompt,
  options = EXCLUDED.options,
  correct_option = EXCLUDED.correct_option,
  explanation = EXCLUDED.explanation,
  display_order = EXCLUDED.display_order;

INSERT INTO public.questions (id, exercise_id, prompt, options, correct_option, explanation, display_order) VALUES
  ('4f2bdd39-6d5c-5908-bbb3-40302b3266f8', 'f8803af5-f54d-5bc5-94fe-58767cfc2a15', 'ما الرسم الصحيح لتنوين الضمّ في «قلم»؟', '[{"id":"a","text":"قلمًا"},{"id":"b","text":"قلمٌ"},{"id":"c","text":"قلمٍ"},{"id":"d","text":"قلمْ"}]'::jsonb, 'b', 'تنوين الضمّ يُرسم بضمّتين فوق آخر الحرف: «قلمٌ»؛ أمّا «قلمًا» فتنوين فتحٍ و«قلمٍ» تنوين كسر.', 2)
ON CONFLICT (id) DO UPDATE SET
  exercise_id = EXCLUDED.exercise_id,
  prompt = EXCLUDED.prompt,
  options = EXCLUDED.options,
  correct_option = EXCLUDED.correct_option,
  explanation = EXCLUDED.explanation,
  display_order = EXCLUDED.display_order;

INSERT INTO public.questions (id, exercise_id, prompt, options, correct_option, explanation, display_order) VALUES
  ('45b2e8b1-984d-5335-9cb8-1e4c7f96aac4', 'f8803af5-f54d-5bc5-94fe-58767cfc2a15', 'أيّ كلمةٍ تبدأ بهمزة وصلٍ (تسقط عند الوصل)؟', '[{"id":"a","text":"أَرنب"},{"id":"b","text":"أُمّ"},{"id":"c","text":"اسم"},{"id":"d","text":"إِبرة"}]'::jsonb, 'c', '«اسم» تبدأ بهمزة وصلٍ تسقط عند الوصل («واسمُهُ» تُنطق وسمُهُ)؛ أمّا «أَرنب، أُمّ، إِبرة» فهمزاتها قطعٌ تُنطق دائمًا.', 3)
ON CONFLICT (id) DO UPDATE SET
  exercise_id = EXCLUDED.exercise_id,
  prompt = EXCLUDED.prompt,
  options = EXCLUDED.options,
  correct_option = EXCLUDED.correct_option,
  explanation = EXCLUDED.explanation,
  display_order = EXCLUDED.display_order;

INSERT INTO public.questions (id, exercise_id, prompt, options, correct_option, explanation, display_order) VALUES
  ('2c5b2ae1-b2c1-5b74-a549-83013a729c4f', 'f8803af5-f54d-5bc5-94fe-58767cfc2a15', 'أكمل بتنوين الفتح الصحيح: «رأيتُ ___.»', '[{"id":"a","text":"طائرٌ"},{"id":"b","text":"طائرٍ"},{"id":"c","text":"طائرًا"},{"id":"d","text":"طائرْ"}]'::jsonb, 'c', 'المفعول به منوّنٌ بالفتح مع زيادة الألف: «رأيتُ طائرًا.»؛ أمّا «طائرٌ» فمرفوعٌ منوّنٌ بالضمّ لا يصلح مفعولًا.', 4)
ON CONFLICT (id) DO UPDATE SET
  exercise_id = EXCLUDED.exercise_id,
  prompt = EXCLUDED.prompt,
  options = EXCLUDED.options,
  correct_option = EXCLUDED.correct_option,
  explanation = EXCLUDED.explanation,
  display_order = EXCLUDED.display_order;

INSERT INTO public.questions (id, exercise_id, prompt, options, correct_option, explanation, display_order) VALUES
  ('5b26ac56-e406-5631-beaa-2910d2cfa410', 'f8803af5-f54d-5bc5-94fe-58767cfc2a15', 'أيّ فعلٍ أمرٍ يبدأ بهمزة وصلٍ صحيحةٍ في الرسم؟', '[{"id":"a","text":"أُكتبْ"},{"id":"b","text":"اكتبْ"},{"id":"c","text":"إِكتبْ"},{"id":"d","text":"أَكتبْ"}]'::jsonb, 'b', 'فعل الأمر الثلاثيّ يبدأ بهمزة وصلٍ تُرسم ألفًا بلا همزة: «اكتبْ»؛ فلا نضع عليها همزةَ قطعٍ «أُكتبْ» أو «إِكتبْ».', 5)
ON CONFLICT (id) DO UPDATE SET
  exercise_id = EXCLUDED.exercise_id,
  prompt = EXCLUDED.prompt,
  options = EXCLUDED.options,
  correct_option = EXCLUDED.correct_option,
  explanation = EXCLUDED.explanation,
  display_order = EXCLUDED.display_order;

INSERT INTO public.questions (id, exercise_id, prompt, options, correct_option, explanation, display_order) VALUES
  ('b5bda9bf-79f4-51f9-a2f6-3f9f584ee5c3', 'f8803af5-f54d-5bc5-94fe-58767cfc2a15', 'ما الكلمة المكتوبة كتابةً صحيحةً عند تنوين الفتح؟', '[{"id":"a","text":"شكرً"},{"id":"b","text":"أهلً"},{"id":"c","text":"بابً"},{"id":"d","text":"شكرًا"}]'::jsonb, 'd', 'تنوين الفتح يحتاج ألفًا في آخره: «شكرًا»؛ أمّا «شكرً» و«أهلً» و«بابً» فنُسيت فيها ألف تنوين الفتح.', 6)
ON CONFLICT (id) DO UPDATE SET
  exercise_id = EXCLUDED.exercise_id,
  prompt = EXCLUDED.prompt,
  options = EXCLUDED.options,
  correct_option = EXCLUDED.correct_option,
  explanation = EXCLUDED.explanation,
  display_order = EXCLUDED.display_order;

INSERT INTO public.exercises (id, chapter_id, subject_id, title, difficulty, xp_reward, reward_coins, mode, source, display_order) VALUES
  ('a2ddfceb-3548-592f-b767-bf3b7ee8ce83', '1f0ce821-1543-5673-aeeb-0d71757bc7a8', 'arabic-4eme', '⚔️ زعيم الفصل ⭐⭐⭐: حارس الرسم السليم', 3, 120, 30, 'boss', 'admin', 2)
ON CONFLICT (id) DO UPDATE SET
  chapter_id = EXCLUDED.chapter_id,
  subject_id = EXCLUDED.subject_id,
  title = EXCLUDED.title,
  difficulty = EXCLUDED.difficulty,
  xp_reward = EXCLUDED.xp_reward,
  reward_coins = EXCLUDED.reward_coins,
  mode = EXCLUDED.mode,
  display_order = EXCLUDED.display_order;

INSERT INTO public.questions (id, exercise_id, prompt, options, correct_option, explanation, display_order) VALUES
  ('73a4d23c-633d-5b61-8f7d-66ce5c146339', 'a2ddfceb-3548-592f-b767-bf3b7ee8ce83', 'بأيّ حيلةٍ نكشف نوع الهمزة في أوّل الكلمة؟', '[{"id":"a","text":"نضع قبلها واوًا وننطقها: إن بقيت مسموعةً فقطعٌ، وإن سقطت فوصلٌ"},{"id":"b","text":"نعدّ حروف الكلمة"},{"id":"c","text":"ننظر إلى آخر الكلمة"},{"id":"d","text":"نضع تنوينًا في آخرها"}]'::jsonb, 'a', 'نصل الكلمة بما قبلها (نضع واوًا مثلًا): «وأَكلَ» تبقى الهمزة مسموعةً فهي قطعٌ، و«واكتبْ» تسقط فهي وصلٌ؛ فالنطق عند الوصل هو الفيصل.', 1)
ON CONFLICT (id) DO UPDATE SET
  exercise_id = EXCLUDED.exercise_id,
  prompt = EXCLUDED.prompt,
  options = EXCLUDED.options,
  correct_option = EXCLUDED.correct_option,
  explanation = EXCLUDED.explanation,
  display_order = EXCLUDED.display_order;

INSERT INTO public.questions (id, exercise_id, prompt, options, correct_option, explanation, display_order) VALUES
  ('d3d00dd3-1eb1-59ea-bcba-b442d1b22d59', 'a2ddfceb-3548-592f-b767-bf3b7ee8ce83', 'أيّ مجموعةٍ كلُّها يبدأ بهمزة قطعٍ؟', '[{"id":"a","text":"اسم، ابن، اثنان"},{"id":"b","text":"أَحمد، إِبراهيم، أُسرة"},{"id":"c","text":"اكتبْ، اجلسْ، العبْ"},{"id":"d","text":"استمعَ، انطلقَ، اقتربَ"}]'::jsonb, 'b', '«أَحمد، إِبراهيم، أُسرة» همزاتها قطعٌ تُنطق دائمًا؛ أمّا مجموعتا الأمر والأفعال الخماسية «استمعَ» وأسماء «اسم، ابن» فهمزاتها وصل.', 2)
ON CONFLICT (id) DO UPDATE SET
  exercise_id = EXCLUDED.exercise_id,
  prompt = EXCLUDED.prompt,
  options = EXCLUDED.options,
  correct_option = EXCLUDED.correct_option,
  explanation = EXCLUDED.explanation,
  display_order = EXCLUDED.display_order;

INSERT INTO public.questions (id, exercise_id, prompt, options, correct_option, explanation, display_order) VALUES
  ('d7e7bcaa-e02f-5aae-84fe-c54eb32ef7ac', 'a2ddfceb-3548-592f-b767-bf3b7ee8ce83', 'صحّح الخطأ في رسم تنوين الفتح: «قابلتُ صديقً».', '[{"id":"a","text":"صديقٌ"},{"id":"b","text":"صديقٍ"},{"id":"c","text":"صديقًا"},{"id":"d","text":"صديقْ"}]'::jsonb, 'c', 'نُسيت ألف تنوين الفتح؛ والصواب زيادتها: «قابلتُ صديقًا.»، والكلمة مفعولٌ به منوّنٌ بالفتح.', 3)
ON CONFLICT (id) DO UPDATE SET
  exercise_id = EXCLUDED.exercise_id,
  prompt = EXCLUDED.prompt,
  options = EXCLUDED.options,
  correct_option = EXCLUDED.correct_option,
  explanation = EXCLUDED.explanation,
  display_order = EXCLUDED.display_order;

INSERT INTO public.questions (id, exercise_id, prompt, options, correct_option, explanation, display_order) VALUES
  ('6bd15388-fe19-50cb-a683-7e3bcad39f79', 'a2ddfceb-3548-592f-b767-bf3b7ee8ce83', 'أيّ كلمةٍ لا تأخذ ألفًا عند تنوين الفتح؟', '[{"id":"a","text":"ولد ← ولدًا"},{"id":"b","text":"قلم ← قلمًا"},{"id":"c","text":"باب ← بابًا"},{"id":"d","text":"ماء ← ماءً (همزة على ألف)"}]'::jsonb, 'd', 'ما ينتهي بهمزةٍ على ألفٍ لا نزيد بعده ألفًا: «ماءً» لا «ماءًا»؛ أمّا «ولد، قلم، باب» فتأخذ ألف تنوين الفتح.', 4)
ON CONFLICT (id) DO UPDATE SET
  exercise_id = EXCLUDED.exercise_id,
  prompt = EXCLUDED.prompt,
  options = EXCLUDED.options,
  correct_option = EXCLUDED.correct_option,
  explanation = EXCLUDED.explanation,
  display_order = EXCLUDED.display_order;

INSERT INTO public.questions (id, exercise_id, prompt, options, correct_option, explanation, display_order) VALUES
  ('565802e0-46bd-5870-818b-e3036fe4e036', 'a2ddfceb-3548-592f-b767-bf3b7ee8ce83', 'في «استمعَ الطفلُ إِلى أُمِّهِ.»، عيّن همزات القطع:', '[{"id":"a","text":"«استمعَ» فقط"},{"id":"b","text":"لا همزة قطع في الجملة"},{"id":"c","text":"«إِلى» و«أُمّ» (تُنطقان دائمًا)"},{"id":"d","text":"«الطفلُ» فقط"}]'::jsonb, 'c', '«إِلى» و«أُمّ» همزتاهما قطعٌ تُنطقان دائمًا؛ أمّا «استمعَ» فهمزتها وصلٌ تسقط عند الوصل («الطفلُ استمعَ» تُنطق الطفلُ سْتمعَ).', 5)
ON CONFLICT (id) DO UPDATE SET
  exercise_id = EXCLUDED.exercise_id,
  prompt = EXCLUDED.prompt,
  options = EXCLUDED.options,
  correct_option = EXCLUDED.correct_option,
  explanation = EXCLUDED.explanation,
  display_order = EXCLUDED.display_order;

INSERT INTO public.questions (id, exercise_id, prompt, options, correct_option, explanation, display_order) VALUES
  ('21ff7cd7-ba61-5bd8-8fd2-bf7a3ee10530', 'a2ddfceb-3548-592f-b767-bf3b7ee8ce83', 'قال تلميذٌ: «تنوين الفتح يحتاج ألفًا في كلّ الكلمات بلا استثناء». ما الصحيح؟', '[{"id":"a","text":"صحيحٌ دائمًا"},{"id":"b","text":"خطأ؛ لا ألف بعد التاء المربوطة (شجرةً) ولا بعد الهمزة على ألف (سماءً)"},{"id":"c","text":"صحيح، كلّ منوّنٍ بالفتح يأخذ ألفًا"},{"id":"d","text":"خطأ؛ تنوين الفتح لا ألف فيه أبدًا"}]'::jsonb, 'b', 'الخطأ الشائع: تعميم ألف تنوين الفتح. الأكثر يأخذ الألف «بابًا»، لكن لا ألف بعد التاء المربوطة «شجرةً» ولا بعد الهمزة على ألف «سماءً».', 6)
ON CONFLICT (id) DO UPDATE SET
  exercise_id = EXCLUDED.exercise_id,
  prompt = EXCLUDED.prompt,
  options = EXCLUDED.options,
  correct_option = EXCLUDED.correct_option,
  explanation = EXCLUDED.explanation,
  display_order = EXCLUDED.display_order;

INSERT INTO public.exercises (id, chapter_id, subject_id, title, difficulty, xp_reward, reward_coins, mode, source, display_order) VALUES
  ('b541a011-f83e-552c-98e2-f0e1934d2a4e', '1f0ce821-1543-5673-aeeb-0d71757bc7a8', 'arabic-4eme', '⭐⭐ تمرين مراجعة (نمط امتحان): الهمزة والتنوين', 2, 75, 15, 'practice', 'admin', 3)
ON CONFLICT (id) DO UPDATE SET
  chapter_id = EXCLUDED.chapter_id,
  subject_id = EXCLUDED.subject_id,
  title = EXCLUDED.title,
  difficulty = EXCLUDED.difficulty,
  xp_reward = EXCLUDED.xp_reward,
  reward_coins = EXCLUDED.reward_coins,
  mode = EXCLUDED.mode,
  display_order = EXCLUDED.display_order;

INSERT INTO public.questions (id, exercise_id, prompt, options, correct_option, explanation, display_order) VALUES
  ('136db51c-6857-5a30-bab9-5650203338e9', 'b541a011-f83e-552c-98e2-f0e1934d2a4e', 'ما الفرق الأساسيّ بين همزة القطع وهمزة الوصل؟', '[{"id":"a","text":"القطع تُنطق دائمًا، والوصل تسقط عند الوصل"},{"id":"b","text":"القطع في الآخر والوصل في الأوّل"},{"id":"c","text":"لا فرق بينهما"},{"id":"d","text":"الوصل تُنطق دائمًا والقطع تسقط"}]'::jsonb, 'a', 'همزة القطع تُكتب وتُنطق دائمًا، أمّا همزة الوصل فتُنطق في أوّل الكلام وتسقط عند وصلها بما قبلها.', 1)
ON CONFLICT (id) DO UPDATE SET
  exercise_id = EXCLUDED.exercise_id,
  prompt = EXCLUDED.prompt,
  options = EXCLUDED.options,
  correct_option = EXCLUDED.correct_option,
  explanation = EXCLUDED.explanation,
  display_order = EXCLUDED.display_order;

INSERT INTO public.questions (id, exercise_id, prompt, options, correct_option, explanation, display_order) VALUES
  ('1be72da3-f1da-565f-86d9-282c1f540bbb', 'b541a011-f83e-552c-98e2-f0e1934d2a4e', 'اختر الكلمة المرسومة رسمًا صحيحًا بهمزة قطعٍ:', '[{"id":"a","text":"اَكلَ"},{"id":"b","text":"أَكلَ"},{"id":"c","text":"اكلَ"},{"id":"d","text":"إكلَ"}]'::jsonb, 'b', '«أَكلَ» فعلٌ ماضٍ ثلاثيٌّ يبدأ بهمزة قطعٍ مفتوحةٍ فوق الألف «أَ»؛ أمّا الرسوم الأخرى فخاطئةٌ في موضع الهمزة أو حركتها.', 2)
ON CONFLICT (id) DO UPDATE SET
  exercise_id = EXCLUDED.exercise_id,
  prompt = EXCLUDED.prompt,
  options = EXCLUDED.options,
  correct_option = EXCLUDED.correct_option,
  explanation = EXCLUDED.explanation,
  display_order = EXCLUDED.display_order;

INSERT INTO public.questions (id, exercise_id, prompt, options, correct_option, explanation, display_order) VALUES
  ('e2076d40-4189-52e7-8d24-43d4b28459e7', 'b541a011-f83e-552c-98e2-f0e1934d2a4e', 'أكمل بتنوين الكسر الصحيح: «مررتُ بـ___.»', '[{"id":"a","text":"ولدًا"},{"id":"b","text":"ولدٌ"},{"id":"c","text":"ولدٍ"},{"id":"d","text":"ولدْ"}]'::jsonb, 'c', 'بعد حرف الجرّ «الباء» يأتي الاسم مجرورًا منوّنًا بالكسر: «مررتُ بولدٍ.»؛ أمّا «ولدًا» فتنوين فتحٍ و«ولدٌ» تنوين ضمّ.', 3)
ON CONFLICT (id) DO UPDATE SET
  exercise_id = EXCLUDED.exercise_id,
  prompt = EXCLUDED.prompt,
  options = EXCLUDED.options,
  correct_option = EXCLUDED.correct_option,
  explanation = EXCLUDED.explanation,
  display_order = EXCLUDED.display_order;

INSERT INTO public.questions (id, exercise_id, prompt, options, correct_option, explanation, display_order) VALUES
  ('f470c485-ee4d-5d6b-8354-4c1f62f178e5', 'b541a011-f83e-552c-98e2-f0e1934d2a4e', 'أيّ كلمةٍ كُتبت كتابةً خاطئةً عند تنوين الفتح؟', '[{"id":"a","text":"قرأتُ كتابًا"},{"id":"b","text":"شربتُ ماءً"},{"id":"c","text":"زرعتُ شجرةً"},{"id":"d","text":"أكلتُ تمرً"}]'::jsonb, 'd', '«تمرً» نُسيت فيها ألف تنوين الفتح؛ والصواب «تمرًا»؛ أمّا «كتابًا» فصحيحة، و«ماءً» و«شجرةً» لا تأخذان ألفًا (همزة على ألف، وتاء مربوطة).', 4)
ON CONFLICT (id) DO UPDATE SET
  exercise_id = EXCLUDED.exercise_id,
  prompt = EXCLUDED.prompt,
  options = EXCLUDED.options,
  correct_option = EXCLUDED.correct_option,
  explanation = EXCLUDED.explanation,
  display_order = EXCLUDED.display_order;

INSERT INTO public.questions (id, exercise_id, prompt, options, correct_option, explanation, display_order) VALUES
  ('ef5c3ae6-4724-590f-9bbd-351960ad351c', 'b541a011-f83e-552c-98e2-f0e1934d2a4e', 'أيّ كلمةٍ تبدأ بهمزة وصلٍ؟', '[{"id":"a","text":"أُستاذ"},{"id":"b","text":"أَسد"},{"id":"c","text":"إِناء"},{"id":"d","text":"ابن"}]'::jsonb, 'd', '«ابن» تبدأ بهمزة وصلٍ تسقط عند الوصل؛ أمّا «أُستاذ، أَسد، إِناء» فهمزاتها قطعٌ تُنطق دائمًا.', 5)
ON CONFLICT (id) DO UPDATE SET
  exercise_id = EXCLUDED.exercise_id,
  prompt = EXCLUDED.prompt,
  options = EXCLUDED.options,
  correct_option = EXCLUDED.correct_option,
  explanation = EXCLUDED.explanation,
  display_order = EXCLUDED.display_order;

INSERT INTO public.questions (id, exercise_id, prompt, options, correct_option, explanation, display_order) VALUES
  ('363c9123-6c33-57af-b4dc-d64ad5db9129', 'b541a011-f83e-552c-98e2-f0e1934d2a4e', 'في «اقرأْ كتابًا مفيدًا.»، عيّن الكلمة المبدوءة بهمزة وصلٍ والكلمة المنوّنة بالفتح:', '[{"id":"a","text":"الوصل «كتابًا»، والتنوين «اقرأْ»"},{"id":"b","text":"الوصل «اقرأْ»، والتنوين «كتابًا» (و«مفيدًا»)"},{"id":"c","text":"لا وصل ولا تنوين فيها"},{"id":"d","text":"الوصل «مفيدًا»، والتنوين «اقرأْ»"}]'::jsonb, 'b', '«اقرأْ» فعلُ أمرٍ يبدأ بهمزة وصلٍ، و«كتابًا» و«مفيدًا» منوّنان بالفتح مع ألفه؛ فاجتمع في الجملة الوصلُ والتنوين.', 6)
ON CONFLICT (id) DO UPDATE SET
  exercise_id = EXCLUDED.exercise_id,
  prompt = EXCLUDED.prompt,
  options = EXCLUDED.options,
  correct_option = EXCLUDED.correct_option,
  explanation = EXCLUDED.explanation,
  display_order = EXCLUDED.display_order;

INSERT INTO public.exercises (id, chapter_id, subject_id, title, difficulty, xp_reward, reward_coins, mode, source, display_order) VALUES
  ('7aacaf2a-47d8-500c-b8a9-74fd0df9cf1c', '1f0ce821-1543-5673-aeeb-0d71757bc7a8', 'arabic-4eme', '👑 تحدّي النخبة ⭐⭐⭐⭐: سيّد الإملاء', 4, 300, 60, 'challenge', 'admin', 4)
ON CONFLICT (id) DO UPDATE SET
  chapter_id = EXCLUDED.chapter_id,
  subject_id = EXCLUDED.subject_id,
  title = EXCLUDED.title,
  difficulty = EXCLUDED.difficulty,
  xp_reward = EXCLUDED.xp_reward,
  reward_coins = EXCLUDED.reward_coins,
  mode = EXCLUDED.mode,
  display_order = EXCLUDED.display_order;

INSERT INTO public.questions (id, exercise_id, prompt, options, correct_option, explanation, display_order) VALUES
  ('2a2c62b8-d4fe-5f28-8879-89d7de2e456f', '7aacaf2a-47d8-500c-b8a9-74fd0df9cf1c', 'اقرأ: «إِنَّ المعلّمَ استدعى التلميذَ.» عيّن نوع الهمزتين في «إِنَّ» و«استدعى»:', '[{"id":"a","text":"«إِنَّ» قطعٌ (تُنطق دائمًا)، و«استدعى» وصلٌ (تسقط عند الوصل)"},{"id":"b","text":"كلتاهما قطع"},{"id":"c","text":"كلتاهما وصل"},{"id":"d","text":"«إِنَّ» وصلٌ، و«استدعى» قطعٌ"}]'::jsonb, 'a', '«إِنَّ» همزتها قطعٌ مكسورةٌ تُنطق دائمًا، و«استدعى» فعلٌ سداسيٌّ همزته وصلٌ تسقط عند الوصل («المعلّمُ استدعى» تُنطق المعلّمُ سْتدعى).', 1)
ON CONFLICT (id) DO UPDATE SET
  exercise_id = EXCLUDED.exercise_id,
  prompt = EXCLUDED.prompt,
  options = EXCLUDED.options,
  correct_option = EXCLUDED.correct_option,
  explanation = EXCLUDED.explanation,
  display_order = EXCLUDED.display_order;

INSERT INTO public.questions (id, exercise_id, prompt, options, correct_option, explanation, display_order) VALUES
  ('e6ddffc1-9ea5-5089-a0ce-53c421dae498', '7aacaf2a-47d8-500c-b8a9-74fd0df9cf1c', 'صحّح الكلمات الثلاث في تنوين الفتح: «رأيتُ سماءًا صافيةً وطائرً».', '[{"id":"a","text":"سماءًا — صافية — طائرً (الكلّ صحيح)"},{"id":"b","text":"سماءً — صافيةً — طائرًا"},{"id":"c","text":"سماءً — صافيةًا — طائرً"},{"id":"d","text":"سماءًا — صافيةًا — طائرًا"}]'::jsonb, 'b', '«سماءً» همزةٌ على ألفٍ فلا تأخذ ألفًا زائدة، و«صافيةً» تاءٌ مربوطةٌ فلا ألف، و«طائرًا» تأخذ ألفَ تنوين الفتح؛ فالصواب: «سماءً صافيةً وطائرًا».', 2)
ON CONFLICT (id) DO UPDATE SET
  exercise_id = EXCLUDED.exercise_id,
  prompt = EXCLUDED.prompt,
  options = EXCLUDED.options,
  correct_option = EXCLUDED.correct_option,
  explanation = EXCLUDED.explanation,
  display_order = EXCLUDED.display_order;

INSERT INTO public.questions (id, exercise_id, prompt, options, correct_option, explanation, display_order) VALUES
  ('ab278efc-0194-5cca-881b-488c0df7f65c', '7aacaf2a-47d8-500c-b8a9-74fd0df9cf1c', 'أيّ سطرٍ كلُّ همزاته قطعٌ صحيحةُ الرسم؟', '[{"id":"a","text":"اخذَ احمدُ ابرةً واختُهُ معه"},{"id":"b","text":"أخذَ احمدُ إبرةً واختُه معه"},{"id":"c","text":"أَخذَ أَحمدُ إِبرةً وأُختُهُ معه"},{"id":"d","text":"اَخذَ اَحمدُ اِبرةً واُختُه معه"}]'::jsonb, 'c', 'همزات القطع تُرسم على الألف بحركتها: «أَخذَ، أَحمد، إِبرة، أُخت»؛ فالسطر (ج) رسمها سليمًا، والبقيّة أهملت الهمزة أو وضعتها في غير موضعها.', 3)
ON CONFLICT (id) DO UPDATE SET
  exercise_id = EXCLUDED.exercise_id,
  prompt = EXCLUDED.prompt,
  options = EXCLUDED.options,
  correct_option = EXCLUDED.correct_option,
  explanation = EXCLUDED.explanation,
  display_order = EXCLUDED.display_order;

INSERT INTO public.questions (id, exercise_id, prompt, options, correct_option, explanation, display_order) VALUES
  ('90fad209-363b-5f6f-aace-2873d5b7800d', '7aacaf2a-47d8-500c-b8a9-74fd0df9cf1c', 'في «اِجلسْ يا أَحمدُ واِقرأْ كتابًا.»، كم همزة وصلٍ وكم همزة قطعٍ؟', '[{"id":"a","text":"ثلاث همزات قطع"},{"id":"b","text":"لا همزة في الجملة"},{"id":"c","text":"قطعان ووصلٌ واحدة"},{"id":"d","text":"وصلان («اجلسْ، اقرأْ») وقطعٌ واحدةٌ («أَحمدُ»)"}]'::jsonb, 'd', '«اجلسْ» و«اقرأْ» فعلا أمرٍ همزتاهما وصلٌ، و«أَحمدُ» همزته قطعٌ تُنطق دائمًا؛ فالوصل اثنتان والقطع واحدة.', 4)
ON CONFLICT (id) DO UPDATE SET
  exercise_id = EXCLUDED.exercise_id,
  prompt = EXCLUDED.prompt,
  options = EXCLUDED.options,
  correct_option = EXCLUDED.correct_option,
  explanation = EXCLUDED.explanation,
  display_order = EXCLUDED.display_order;

INSERT INTO public.questions (id, exercise_id, prompt, options, correct_option, explanation, display_order) VALUES
  ('bd8bf93b-4044-51cb-b57c-28096b703a62', '7aacaf2a-47d8-500c-b8a9-74fd0df9cf1c', 'اقرأ: «ساعدْ أَخاكَ تجدْ عونًا.» أين الخطأ المحتمل في تنوين الفتح إن كُتب «عونً»؟', '[{"id":"a","text":"لا خطأ، «عونً» صحيحة"},{"id":"b","text":"يجب حذف التنوين كلِّه"},{"id":"c","text":"نُسيت ألف تنوين الفتح؛ الصواب «عونًا»"},{"id":"d","text":"يجب جعلها «عونٌ» بالضمّ"}]'::jsonb, 'c', '«عون» اسمٌ صحيح الآخر لا تاءَ مربوطةً فيه ولا همزةَ على ألف، فيأخذ ألفَ تنوين الفتح: «عونًا»؛ فكتابة «عونً» خطأٌ بنسيان الألف.', 5)
ON CONFLICT (id) DO UPDATE SET
  exercise_id = EXCLUDED.exercise_id,
  prompt = EXCLUDED.prompt,
  options = EXCLUDED.options,
  correct_option = EXCLUDED.correct_option,
  explanation = EXCLUDED.explanation,
  display_order = EXCLUDED.display_order;

INSERT INTO public.questions (id, exercise_id, prompt, options, correct_option, explanation, display_order) VALUES
  ('59a2e317-c565-5dd5-91ab-7d3cf0b6508f', '7aacaf2a-47d8-500c-b8a9-74fd0df9cf1c', 'قال تلميذٌ: «كلّ فعلٍ ماضٍ ثلاثيٍّ يبدأ بهمزةٍ تكون همزتُهُ وصلًا». ما الأدقّ؟', '[{"id":"a","text":"خطأ؛ الماضي الثلاثيّ المبدوء بهمزةٍ همزتُهُ قطعٌ (أَكلَ، أَخذَ)، والوصلُ في أمر الثلاثيّ والماضي الخماسيّ/السداسيّ"},{"id":"b","text":"صحيحٌ دائمًا"},{"id":"c","text":"صحيح، كلّ ماضٍ همزته وصل"},{"id":"d","text":"خطأ؛ الأفعال لا تبدأ بهمزة"}]'::jsonb, 'a', 'الخطأ الشائع: الخلط في موضع الوصل. الماضي الثلاثيّ «أَكلَ، أَخذَ» همزته قطعٌ، أمّا همزة الوصل ففي أمر الثلاثيّ «اكتبْ» وفي ماضي الخماسيّ والسداسيّ «انطلقَ، استقبلَ».', 6)
ON CONFLICT (id) DO UPDATE SET
  exercise_id = EXCLUDED.exercise_id,
  prompt = EXCLUDED.prompt,
  options = EXCLUDED.options,
  correct_option = EXCLUDED.correct_option,
  explanation = EXCLUDED.explanation,
  display_order = EXCLUDED.display_order;

INSERT INTO public.exercises (id, chapter_id, subject_id, title, difficulty, xp_reward, reward_coins, mode, source, display_order) VALUES
  ('51861816-8742-5981-abc5-ad691f1b2efc', '1f0ce821-1543-5673-aeeb-0d71757bc7a8', 'arabic-4eme', '📝 تدريب ⭐⭐⭐: مراجعة شاملة على الهمزة والتنوين', 3, 120, 30, 'boss', 'admin', 5)
ON CONFLICT (id) DO UPDATE SET
  chapter_id = EXCLUDED.chapter_id,
  subject_id = EXCLUDED.subject_id,
  title = EXCLUDED.title,
  difficulty = EXCLUDED.difficulty,
  xp_reward = EXCLUDED.xp_reward,
  reward_coins = EXCLUDED.reward_coins,
  mode = EXCLUDED.mode,
  display_order = EXCLUDED.display_order;

INSERT INTO public.questions (id, exercise_id, prompt, options, correct_option, explanation, display_order) VALUES
  ('3dcf8b28-3443-54e9-8a92-1aa0e7441589', '51861816-8742-5981-abc5-ad691f1b2efc', 'كيف تُرسم همزة القطع المضمومة في أوّل الكلمة؟', '[{"id":"a","text":"أُ (فوق الألف)"},{"id":"b","text":"إِ (تحت الألف)"},{"id":"c","text":"ا (بلا همزة)"},{"id":"d","text":"ـة (تاء مربوطة)"}]'::jsonb, 'a', 'همزة القطع المضمومة تُرسم فوق الألف «أُ»، مثل «أُمّ» و«أُسرة»؛ أمّا المكسورة فتحت الألف «إِ».', 1)
ON CONFLICT (id) DO UPDATE SET
  exercise_id = EXCLUDED.exercise_id,
  prompt = EXCLUDED.prompt,
  options = EXCLUDED.options,
  correct_option = EXCLUDED.correct_option,
  explanation = EXCLUDED.explanation,
  display_order = EXCLUDED.display_order;

INSERT INTO public.questions (id, exercise_id, prompt, options, correct_option, explanation, display_order) VALUES
  ('df4d2662-f16e-53ed-98dd-0e554fd729ee', '51861816-8742-5981-abc5-ad691f1b2efc', 'ما الرسم الصحيح لتنوين الفتح في «درس»؟', '[{"id":"a","text":"درسٌ"},{"id":"b","text":"درسًا"},{"id":"c","text":"درسٍ"},{"id":"d","text":"درسْ"}]'::jsonb, 'b', 'تنوين الفتح يُرسم بفتحتين مع زيادة ألفٍ: «درسًا»؛ أمّا «درسٌ» فتنوين ضمٍّ و«درسٍ» تنوين كسر.', 2)
ON CONFLICT (id) DO UPDATE SET
  exercise_id = EXCLUDED.exercise_id,
  prompt = EXCLUDED.prompt,
  options = EXCLUDED.options,
  correct_option = EXCLUDED.correct_option,
  explanation = EXCLUDED.explanation,
  display_order = EXCLUDED.display_order;

INSERT INTO public.questions (id, exercise_id, prompt, options, correct_option, explanation, display_order) VALUES
  ('e22a5477-a722-555b-abc0-0632be111d00', '51861816-8742-5981-abc5-ad691f1b2efc', 'أيّ كلمةٍ همزتها وصلٌ تسقط عند الوصل؟', '[{"id":"a","text":"أَمل"},{"id":"b","text":"إِناء"},{"id":"c","text":"أُفق"},{"id":"d","text":"انتبهَ"}]'::jsonb, 'd', '«انتبهَ» فعلٌ خماسيٌّ همزته وصلٌ تسقط عند الوصل؛ أمّا «أَمل، إِناء، أُفق» فهمزاتها قطعٌ تُنطق دائمًا.', 3)
ON CONFLICT (id) DO UPDATE SET
  exercise_id = EXCLUDED.exercise_id,
  prompt = EXCLUDED.prompt,
  options = EXCLUDED.options,
  correct_option = EXCLUDED.correct_option,
  explanation = EXCLUDED.explanation,
  display_order = EXCLUDED.display_order;

INSERT INTO public.questions (id, exercise_id, prompt, options, correct_option, explanation, display_order) VALUES
  ('6a7e552d-d808-513b-86f7-54bb272351c2', '51861816-8742-5981-abc5-ad691f1b2efc', 'أيّ جملةٍ فيها خطأٌ في رسم تنوين الفتح؟', '[{"id":"a","text":"اشتريتُ قميصًا جديدًا."},{"id":"b","text":"قرأتُ قصّةً قصيرةً."},{"id":"c","text":"شربتُ عصيرً باردًا."},{"id":"d","text":"زرعتُ نخلةً عاليةً."}]'::jsonb, 'c', '«عصيرً» نُسيت فيها ألف تنوين الفتح؛ والصواب «عصيرًا»؛ أمّا «قصّةً، نخلةً» فبتاءٍ مربوطةٍ لا ألفَ فيها، و«قميصًا» صحيحة.', 4)
ON CONFLICT (id) DO UPDATE SET
  exercise_id = EXCLUDED.exercise_id,
  prompt = EXCLUDED.prompt,
  options = EXCLUDED.options,
  correct_option = EXCLUDED.correct_option,
  explanation = EXCLUDED.explanation,
  display_order = EXCLUDED.display_order;

INSERT INTO public.questions (id, exercise_id, prompt, options, correct_option, explanation, display_order) VALUES
  ('c657d018-b67d-50ff-bdee-c298ad9c8252', '51861816-8742-5981-abc5-ad691f1b2efc', 'في «أَكلَ الطفلُ تفّاحةً واستراحَ.»، عيّن همزة القطع وهمزة الوصل:', '[{"id":"a","text":"لا همزة في الجملة"},{"id":"b","text":"كلتاهما قطع"},{"id":"c","text":"همزة القطع «أَكلَ»، وهمزة الوصل «استراحَ»"},{"id":"d","text":"همزة القطع «استراحَ»، وهمزة الوصل «أَكلَ»"}]'::jsonb, 'c', '«أَكلَ» ماضٍ ثلاثيٌّ همزته قطعٌ تُنطق دائمًا، و«استراحَ» ماضٍ سداسيٌّ همزته وصلٌ تسقط عند الوصل («الطفلُ استراحَ»).', 5)
ON CONFLICT (id) DO UPDATE SET
  exercise_id = EXCLUDED.exercise_id,
  prompt = EXCLUDED.prompt,
  options = EXCLUDED.options,
  correct_option = EXCLUDED.correct_option,
  explanation = EXCLUDED.explanation,
  display_order = EXCLUDED.display_order;

INSERT INTO public.questions (id, exercise_id, prompt, options, correct_option, explanation, display_order) VALUES
  ('9cddfbc2-4779-5d23-b0de-53bda703027e', '51861816-8742-5981-abc5-ad691f1b2efc', 'اقرأ: «العبْ يا وَلدُ ثمّ كُلْ تمرًا.» ما الكلمة المبدوءة بهمزة وصلٍ والكلمة المنوّنة بالفتح؟', '[{"id":"a","text":"الوصل «تمرًا»، والتنوين «العبْ»"},{"id":"b","text":"الوصل «العبْ»، والتنوين «تمرًا»"},{"id":"c","text":"لا وصل ولا تنوين"},{"id":"d","text":"الوصل «كُلْ»، والتنوين «وَلدُ»"}]'::jsonb, 'b', '«العبْ» فعلُ أمرٍ ثلاثيٌّ يبدأ بهمزة وصلٍ، و«تمرًا» اسمٌ منوّنٌ بالفتح مع ألفه؛ أمّا «كُلْ» فأمرٌ بلا همزة وصلٍ ظاهرة في رسمه.', 6)
ON CONFLICT (id) DO UPDATE SET
  exercise_id = EXCLUDED.exercise_id,
  prompt = EXCLUDED.prompt,
  options = EXCLUDED.options,
  correct_option = EXCLUDED.correct_option,
  explanation = EXCLUDED.explanation,
  display_order = EXCLUDED.display_order;

INSERT INTO public.exercises (id, chapter_id, subject_id, title, difficulty, xp_reward, reward_coins, mode, source, display_order) VALUES
  ('519cff0e-abf9-587b-8e15-9a3608e1705d', '83e3992c-d83f-557c-b38f-25b848b190a4', 'arabic-4eme', 'اختبار فهم الدرس ⭐', 1, 20, 5, 'quiz', 'admin', 0)
ON CONFLICT (id) DO UPDATE SET
  chapter_id = EXCLUDED.chapter_id,
  subject_id = EXCLUDED.subject_id,
  title = EXCLUDED.title,
  difficulty = EXCLUDED.difficulty,
  xp_reward = EXCLUDED.xp_reward,
  reward_coins = EXCLUDED.reward_coins,
  mode = EXCLUDED.mode,
  display_order = EXCLUDED.display_order;

INSERT INTO public.questions (id, exercise_id, prompt, options, correct_option, explanation, display_order) VALUES
  ('c7b5a4e4-ca0a-547f-a1af-3724df21eb57', '519cff0e-abf9-587b-8e15-9a3608e1705d', 'كيف تُنطق التاء المربوطة عند الوقف (التوقّف على الكلمة)؟', '[{"id":"a","text":"تاءً صريحة"},{"id":"b","text":"هاءً ساكنة"},{"id":"c","text":"ألفًا"},{"id":"d","text":"لا تُنطق أبدًا"}]'::jsonb, 'b', 'التاء المربوطة (ة) تُنطق هاءً ساكنةً عند الوقف: «شجرة ← شجرهْ»، وتُنطق تاءً عند الوصل.', 1)
ON CONFLICT (id) DO UPDATE SET
  exercise_id = EXCLUDED.exercise_id,
  prompt = EXCLUDED.prompt,
  options = EXCLUDED.options,
  correct_option = EXCLUDED.correct_option,
  explanation = EXCLUDED.explanation,
  display_order = EXCLUDED.display_order;

INSERT INTO public.questions (id, exercise_id, prompt, options, correct_option, explanation, display_order) VALUES
  ('2b4c0e71-361f-5d81-8635-fa520e6b42a2', '519cff0e-abf9-587b-8e15-9a3608e1705d', 'أيّ كلمةٍ تنتهي بتاءٍ مربوطة (ة)؟', '[{"id":"a","text":"بنت"},{"id":"b","text":"وردة"},{"id":"c","text":"كتبتْ"},{"id":"d","text":"وقت"}]'::jsonb, 'b', '«وردة» اسمٌ مؤنّثٌ ينتهي بتاءٍ مربوطةٍ تُنطق هاءً عند الوقف؛ أمّا «بنت» و«وقت» و«كتبتْ» فبتاءٍ مفتوحة.', 2)
ON CONFLICT (id) DO UPDATE SET
  exercise_id = EXCLUDED.exercise_id,
  prompt = EXCLUDED.prompt,
  options = EXCLUDED.options,
  correct_option = EXCLUDED.correct_option,
  explanation = EXCLUDED.explanation,
  display_order = EXCLUDED.display_order;

INSERT INTO public.questions (id, exercise_id, prompt, options, correct_option, explanation, display_order) VALUES
  ('860be2a8-94ab-574d-9f54-876b854c7fdb', '519cff0e-abf9-587b-8e15-9a3608e1705d', 'التاء في آخر الفعل الماضي «لعبتْ» هي:', '[{"id":"a","text":"مفتوحة (ت)، وتاء الفعل مفتوحةٌ دائمًا"},{"id":"b","text":"مربوطة (ة)"},{"id":"c","text":"همزة"},{"id":"d","text":"ألف"}]'::jsonb, 'a', 'تاء التأنيث في آخر الفعل الماضي مفتوحةٌ دائمًا: «لعبتْ» لا «لعبةْ»؛ فلا تُرسم مربوطةً في الأفعال.', 3)
ON CONFLICT (id) DO UPDATE SET
  exercise_id = EXCLUDED.exercise_id,
  prompt = EXCLUDED.prompt,
  options = EXCLUDED.options,
  correct_option = EXCLUDED.correct_option,
  explanation = EXCLUDED.explanation,
  display_order = EXCLUDED.display_order;

INSERT INTO public.questions (id, exercise_id, prompt, options, correct_option, explanation, display_order) VALUES
  ('0f101bd2-7de1-56fc-8d05-f18215ff824b', '519cff0e-abf9-587b-8e15-9a3608e1705d', 'ما الحيلة الذهبيّة للتمييز بين التاءين؟', '[{"id":"a","text":"نعدّ الحروف"},{"id":"b","text":"ننظر إلى أوّل الكلمة"},{"id":"c","text":"نقف على الكلمة: هاءً ← مربوطة، تاءً ← مفتوحة"},{"id":"d","text":"نضع همزةً في آخرها"}]'::jsonb, 'c', 'الحيلة الذهبيّة هي الوقف على الكلمة: إن سمعتَها هاءً فالتاء مربوطة «وردهْ»، وإن بقيت تاءً فهي مفتوحة «بنتْ».', 4)
ON CONFLICT (id) DO UPDATE SET
  exercise_id = EXCLUDED.exercise_id,
  prompt = EXCLUDED.prompt,
  options = EXCLUDED.options,
  correct_option = EXCLUDED.correct_option,
  explanation = EXCLUDED.explanation,
  display_order = EXCLUDED.display_order;

INSERT INTO public.questions (id, exercise_id, prompt, options, correct_option, explanation, display_order) VALUES
  ('6548e29b-7d16-598d-b9c2-444fc3da1988', '519cff0e-abf9-587b-8e15-9a3608e1705d', 'أيّ تمييزٍ صحيحٌ بين «اللعبة» و«لعبتْ»؟', '[{"id":"a","text":"كلتاهما بتاءٍ مربوطة"},{"id":"b","text":"كلتاهما بتاءٍ مفتوحة"},{"id":"c","text":"«اللعبة» فعلٌ و«لعبتْ» اسم"},{"id":"d","text":"«اللعبة» اسمٌ بتاءٍ مربوطة، و«لعبتْ» فعلٌ بتاءٍ مفتوحة"}]'::jsonb, 'd', '«اللعبة» اسمٌ مؤنّثٌ بتاءٍ مربوطةٍ تُنطق هاءً، و«لعبتْ» فعلٌ ماضٍ بتاءٍ مفتوحةٍ تبقى تاءً؛ فالنوع والرسم مختلفان.', 5)
ON CONFLICT (id) DO UPDATE SET
  exercise_id = EXCLUDED.exercise_id,
  prompt = EXCLUDED.prompt,
  options = EXCLUDED.options,
  correct_option = EXCLUDED.correct_option,
  explanation = EXCLUDED.explanation,
  display_order = EXCLUDED.display_order;

INSERT INTO public.exercises (id, chapter_id, subject_id, title, difficulty, xp_reward, reward_coins, mode, source, display_order) VALUES
  ('83a7ec3c-2c11-5048-bdb0-93cb38a42c2d', '83e3992c-d83f-557c-b38f-25b848b190a4', 'arabic-4eme', '⭐ تمرين: نميّز التاءين', 1, 50, 10, 'practice', 'admin', 1)
ON CONFLICT (id) DO UPDATE SET
  chapter_id = EXCLUDED.chapter_id,
  subject_id = EXCLUDED.subject_id,
  title = EXCLUDED.title,
  difficulty = EXCLUDED.difficulty,
  xp_reward = EXCLUDED.xp_reward,
  reward_coins = EXCLUDED.reward_coins,
  mode = EXCLUDED.mode,
  display_order = EXCLUDED.display_order;

INSERT INTO public.questions (id, exercise_id, prompt, options, correct_option, explanation, display_order) VALUES
  ('e0e06b65-97e1-51f7-ad7e-77754c9117f5', '83a7ec3c-2c11-5048-bdb0-93cb38a42c2d', 'أيّ كلمةٍ تنتهي بتاءٍ مربوطة (ة)؟', '[{"id":"a","text":"تلميذة"},{"id":"b","text":"بيت"},{"id":"c","text":"جلستْ"},{"id":"d","text":"صوت"}]'::jsonb, 'a', '«تلميذة» اسمٌ مؤنّثٌ ينتهي بتاءٍ مربوطةٍ تُنطق هاءً عند الوقف «تلميذهْ»؛ أمّا «بيت، صوت، جلستْ» فبتاءٍ مفتوحة.', 1)
ON CONFLICT (id) DO UPDATE SET
  exercise_id = EXCLUDED.exercise_id,
  prompt = EXCLUDED.prompt,
  options = EXCLUDED.options,
  correct_option = EXCLUDED.correct_option,
  explanation = EXCLUDED.explanation,
  display_order = EXCLUDED.display_order;

INSERT INTO public.questions (id, exercise_id, prompt, options, correct_option, explanation, display_order) VALUES
  ('4b460d72-4531-5429-a58a-674b2bfa00a9', '83a7ec3c-2c11-5048-bdb0-93cb38a42c2d', 'إذا وقفتَ على «حقيبة» فماذا تسمع في آخرها؟', '[{"id":"a","text":"تاءً صريحة"},{"id":"b","text":"هاءً ساكنة (حقيبهْ)"},{"id":"c","text":"ألفًا"},{"id":"d","text":"نونًا"}]'::jsonb, 'b', '«حقيبة» تنتهي بتاءٍ مربوطةٍ تُنطق هاءً عند الوقف: «حقيبهْ»، وهذا دليلٌ على أنّها تاءٌ مربوطة.', 2)
ON CONFLICT (id) DO UPDATE SET
  exercise_id = EXCLUDED.exercise_id,
  prompt = EXCLUDED.prompt,
  options = EXCLUDED.options,
  correct_option = EXCLUDED.correct_option,
  explanation = EXCLUDED.explanation,
  display_order = EXCLUDED.display_order;

INSERT INTO public.questions (id, exercise_id, prompt, options, correct_option, explanation, display_order) VALUES
  ('9da2d3c0-29d0-5e18-b4b9-dadeee3acfd5', '83a7ec3c-2c11-5048-bdb0-93cb38a42c2d', 'التاء في «كتبتُ الدرسَ» هي:', '[{"id":"a","text":"مربوطة (ة)"},{"id":"b","text":"همزة"},{"id":"c","text":"مفتوحة (ت)، وهي تاء الفاعل"},{"id":"d","text":"ألف"}]'::jsonb, 'c', '«كتبتُ» فعلٌ، والتاء فيه تاء الفاعل وهي مفتوحةٌ تبقى تاءً عند الوقف «كتبتْ»؛ فتاء الفعل لا تُرسم مربوطة.', 3)
ON CONFLICT (id) DO UPDATE SET
  exercise_id = EXCLUDED.exercise_id,
  prompt = EXCLUDED.prompt,
  options = EXCLUDED.options,
  correct_option = EXCLUDED.correct_option,
  explanation = EXCLUDED.explanation,
  display_order = EXCLUDED.display_order;

INSERT INTO public.questions (id, exercise_id, prompt, options, correct_option, explanation, display_order) VALUES
  ('0a1e8aa4-3354-57f5-9433-150ded1c7eaf', '83a7ec3c-2c11-5048-bdb0-93cb38a42c2d', 'أيّ كلمةٍ تنتهي بتاءٍ مفتوحة (ت)؟', '[{"id":"a","text":"وردة"},{"id":"b","text":"شجرة"},{"id":"c","text":"مدرسة"},{"id":"d","text":"بنت"}]'::jsonb, 'd', '«بنت» اسمٌ ينتهي بتاءٍ مفتوحةٍ تبقى تاءً عند الوقف «بنتْ»؛ أمّا «وردة، شجرة، مدرسة» فبتاءٍ مربوطةٍ تُنطق هاءً.', 4)
ON CONFLICT (id) DO UPDATE SET
  exercise_id = EXCLUDED.exercise_id,
  prompt = EXCLUDED.prompt,
  options = EXCLUDED.options,
  correct_option = EXCLUDED.correct_option,
  explanation = EXCLUDED.explanation,
  display_order = EXCLUDED.display_order;

INSERT INTO public.questions (id, exercise_id, prompt, options, correct_option, explanation, display_order) VALUES
  ('024a7748-d12e-58f7-bb7d-c137a4e53064', '83a7ec3c-2c11-5048-bdb0-93cb38a42c2d', 'ما الكتابة الصحيحة لفعل التأنيث الماضي؟', '[{"id":"a","text":"ذهبتْ البنتُ"},{"id":"b","text":"ذهبةْ البنتُ"},{"id":"c","text":"ذهبهْ البنتُ"},{"id":"d","text":"ذهبـا البنتُ"}]'::jsonb, 'a', 'تاء التأنيث في الفعل الماضي مفتوحةٌ دائمًا: «ذهبتْ البنتُ.»؛ فلا تُكتب مربوطةً «ذهبةْ» ولا هاءً «ذهبهْ».', 5)
ON CONFLICT (id) DO UPDATE SET
  exercise_id = EXCLUDED.exercise_id,
  prompt = EXCLUDED.prompt,
  options = EXCLUDED.options,
  correct_option = EXCLUDED.correct_option,
  explanation = EXCLUDED.explanation,
  display_order = EXCLUDED.display_order;

INSERT INTO public.questions (id, exercise_id, prompt, options, correct_option, explanation, display_order) VALUES
  ('e0927a33-3690-5170-8161-88f5341b6863', '83a7ec3c-2c11-5048-bdb0-93cb38a42c2d', 'أكمل باسمٍ مؤنّثٍ بتاءٍ مربوطة: «قطفتُ ___ حمراءَ.»', '[{"id":"a","text":"وردت"},{"id":"b","text":"وردهْ"},{"id":"c","text":"وردة"},{"id":"d","text":"ورد"}]'::jsonb, 'c', '«وردة» اسمٌ مؤنّثٌ يُكتب بتاءٍ مربوطة: «قطفتُ وردةً حمراءَ.»؛ فلا تُكتب تاؤها مفتوحةً «وردت» ولا هاءً صريحةً في الرسم «وردهْ».', 6)
ON CONFLICT (id) DO UPDATE SET
  exercise_id = EXCLUDED.exercise_id,
  prompt = EXCLUDED.prompt,
  options = EXCLUDED.options,
  correct_option = EXCLUDED.correct_option,
  explanation = EXCLUDED.explanation,
  display_order = EXCLUDED.display_order;

INSERT INTO public.exercises (id, chapter_id, subject_id, title, difficulty, xp_reward, reward_coins, mode, source, display_order) VALUES
  ('88873e6e-1bd0-5369-a4c9-2a84d6e67f5f', '83e3992c-d83f-557c-b38f-25b848b190a4', 'arabic-4eme', '⚔️ زعيم الفصل ⭐⭐⭐: حارس التاءين', 3, 120, 30, 'boss', 'admin', 2)
ON CONFLICT (id) DO UPDATE SET
  chapter_id = EXCLUDED.chapter_id,
  subject_id = EXCLUDED.subject_id,
  title = EXCLUDED.title,
  difficulty = EXCLUDED.difficulty,
  xp_reward = EXCLUDED.xp_reward,
  reward_coins = EXCLUDED.reward_coins,
  mode = EXCLUDED.mode,
  display_order = EXCLUDED.display_order;

INSERT INTO public.questions (id, exercise_id, prompt, options, correct_option, explanation, display_order) VALUES
  ('f4b8ce87-e860-52d7-8130-2f7120be6181', '88873e6e-1bd0-5369-a4c9-2a84d6e67f5f', 'أيّ مجموعةٍ كلُّها بتاءٍ مربوطة (ة)؟', '[{"id":"a","text":"فاطمة، مدرسة، شجرة"},{"id":"b","text":"بنت، بيت، وقت"},{"id":"c","text":"كتبتْ، لعبتْ، جلستْ"},{"id":"d","text":"صوت، نبت، موت"}]'::jsonb, 'a', '«فاطمة، مدرسة، شجرة» أسماءٌ مؤنّثةٌ بتاءٍ مربوطةٍ تُنطق هاءً عند الوقف؛ أمّا مجموعتا الأفعال والأسماء «بنت، بيت» فبتاءٍ مفتوحة.', 1)
ON CONFLICT (id) DO UPDATE SET
  exercise_id = EXCLUDED.exercise_id,
  prompt = EXCLUDED.prompt,
  options = EXCLUDED.options,
  correct_option = EXCLUDED.correct_option,
  explanation = EXCLUDED.explanation,
  display_order = EXCLUDED.display_order;

INSERT INTO public.questions (id, exercise_id, prompt, options, correct_option, explanation, display_order) VALUES
  ('f24177ea-a736-536d-bfa2-48ae4b15cc07', '88873e6e-1bd0-5369-a4c9-2a84d6e67f5f', 'صحّح خطأ الرسم في «العبت البنتُ في الحديقة».', '[{"id":"a","text":"العبة البنتُ"},{"id":"b","text":"لعبتْ البنتُ"},{"id":"c","text":"لعبهْ البنتُ"},{"id":"d","text":"لعبـا البنتُ"}]'::jsonb, 'b', 'الفعل الماضي المؤنّث يُكتب بتاءٍ مفتوحة: «لعبتْ البنتُ.»؛ فلا تُرسم مربوطةً ولا هاءً، وتاء الفعل مفتوحةٌ دائمًا.', 2)
ON CONFLICT (id) DO UPDATE SET
  exercise_id = EXCLUDED.exercise_id,
  prompt = EXCLUDED.prompt,
  options = EXCLUDED.options,
  correct_option = EXCLUDED.correct_option,
  explanation = EXCLUDED.explanation,
  display_order = EXCLUDED.display_order;

INSERT INTO public.questions (id, exercise_id, prompt, options, correct_option, explanation, display_order) VALUES
  ('b0f02104-aac9-5fe6-a7f2-8329c9906bbe', '88873e6e-1bd0-5369-a4c9-2a84d6e67f5f', 'إذا وقفتَ على «أخت» فسمعتَ «أختْ»، فالتاء فيها:', '[{"id":"a","text":"مربوطة (ة)"},{"id":"b","text":"همزة"},{"id":"c","text":"مفتوحة (ت)، لأنّها بقيت تاءً عند الوقف"},{"id":"d","text":"ألف"}]'::jsonb, 'c', '«أخت» وقفنا عليها فبقيت تاءً «أختْ» ولم تتحوّل هاءً، فهي تاءٌ مفتوحة؛ ولو كانت مربوطةً لقلنا «أخهْ».', 3)
ON CONFLICT (id) DO UPDATE SET
  exercise_id = EXCLUDED.exercise_id,
  prompt = EXCLUDED.prompt,
  options = EXCLUDED.options,
  correct_option = EXCLUDED.correct_option,
  explanation = EXCLUDED.explanation,
  display_order = EXCLUDED.display_order;

INSERT INTO public.questions (id, exercise_id, prompt, options, correct_option, explanation, display_order) VALUES
  ('6af32478-ff4e-5360-8bbe-2028a3cc45eb', '88873e6e-1bd0-5369-a4c9-2a84d6e67f5f', 'ميّز بين «اللعبة» و«لعبتْ» من حيث النوع والتاء:', '[{"id":"a","text":"كلتاهما اسمٌ بتاءٍ مربوطة"},{"id":"b","text":"كلتاهما فعلٌ بتاءٍ مفتوحة"},{"id":"c","text":"«اللعبة» فعلٌ، و«لعبتْ» اسم"},{"id":"d","text":"«اللعبة» اسمٌ بتاءٍ مربوطة، و«لعبتْ» فعلٌ بتاءٍ مفتوحة"}]'::jsonb, 'd', '«اللعبة» اسمٌ مؤنّثٌ بتاءٍ مربوطةٍ تُنطق هاءً «اللعبهْ»، و«لعبتْ» فعلٌ ماضٍ بتاءٍ مفتوحةٍ تبقى تاءً؛ فالكلمتان تختلفان نوعًا ورسمًا.', 4)
ON CONFLICT (id) DO UPDATE SET
  exercise_id = EXCLUDED.exercise_id,
  prompt = EXCLUDED.prompt,
  options = EXCLUDED.options,
  correct_option = EXCLUDED.correct_option,
  explanation = EXCLUDED.explanation,
  display_order = EXCLUDED.display_order;

INSERT INTO public.questions (id, exercise_id, prompt, options, correct_option, explanation, display_order) VALUES
  ('e2ee13fd-7c32-5613-b6db-78c4da05d1e0', '88873e6e-1bd0-5369-a4c9-2a84d6e67f5f', 'اقرأ: «زرعتْ المزارعةُ نبتةً.» عيّن التاء المفتوحة والتاء المربوطة:', '[{"id":"a","text":"كلتاهما مفتوحة"},{"id":"b","text":"المفتوحة في «نبتة»، والمربوطة في «زرعتْ»"},{"id":"c","text":"المفتوحة في «زرعتْ» (فعل)، والمربوطة في «نبتة» (اسم)"},{"id":"d","text":"لا تاء في الجملة"}]'::jsonb, 'c', '«زرعتْ» فعلٌ فتاؤه مفتوحةٌ (تبقى تاءً)، و«نبتة» اسمٌ مؤنّثٌ فتاؤه مربوطةٌ (تُنطق هاءً «نبتهْ»)؛ أمّا «المزارعة» فبتاءٍ مربوطةٍ أيضًا.', 5)
ON CONFLICT (id) DO UPDATE SET
  exercise_id = EXCLUDED.exercise_id,
  prompt = EXCLUDED.prompt,
  options = EXCLUDED.options,
  correct_option = EXCLUDED.correct_option,
  explanation = EXCLUDED.explanation,
  display_order = EXCLUDED.display_order;

INSERT INTO public.questions (id, exercise_id, prompt, options, correct_option, explanation, display_order) VALUES
  ('ab54b163-e1c5-5af9-952f-fdb45aab7663', '88873e6e-1bd0-5369-a4c9-2a84d6e67f5f', 'قال تلميذٌ: «كلّ كلمةٍ تنتهي بصوت التاء تُكتب بتاءٍ مربوطة». ما الصحيح؟', '[{"id":"a","text":"صحيحٌ دائمًا"},{"id":"b","text":"خطأ؛ نقف على الكلمة: إن بقيت تاءً فهي مفتوحة (بنتْ، كتبتْ)، وإن صارت هاءً فهي مربوطة (وردهْ)"},{"id":"c","text":"صحيح، كلّ تاءٍ مربوطة"},{"id":"d","text":"خطأ؛ لا تأتي التاء في آخر الكلمة"}]'::jsonb, 'b', 'الخطأ الشائع: تعميم التاء المربوطة. الفيصل هو الوقف: «بنتْ» و«كتبتْ» تبقى تاءً فهي مفتوحة، و«وردهْ» تصير هاءً فهي مربوطة؛ فلا نكتبها كلَّها مربوطة.', 6)
ON CONFLICT (id) DO UPDATE SET
  exercise_id = EXCLUDED.exercise_id,
  prompt = EXCLUDED.prompt,
  options = EXCLUDED.options,
  correct_option = EXCLUDED.correct_option,
  explanation = EXCLUDED.explanation,
  display_order = EXCLUDED.display_order;

INSERT INTO public.exercises (id, chapter_id, subject_id, title, difficulty, xp_reward, reward_coins, mode, source, display_order) VALUES
  ('243d9422-de24-5630-a742-321255e207f2', '83e3992c-d83f-557c-b38f-25b848b190a4', 'arabic-4eme', '⭐⭐ تمرين مراجعة (نمط امتحان): التاء المربوطة والمفتوحة', 2, 75, 15, 'practice', 'admin', 3)
ON CONFLICT (id) DO UPDATE SET
  chapter_id = EXCLUDED.chapter_id,
  subject_id = EXCLUDED.subject_id,
  title = EXCLUDED.title,
  difficulty = EXCLUDED.difficulty,
  xp_reward = EXCLUDED.xp_reward,
  reward_coins = EXCLUDED.reward_coins,
  mode = EXCLUDED.mode,
  display_order = EXCLUDED.display_order;

INSERT INTO public.questions (id, exercise_id, prompt, options, correct_option, explanation, display_order) VALUES
  ('8e96b205-87db-563c-86c2-e46df673836b', '243d9422-de24-5630-a742-321255e207f2', 'ما علامة التاء المربوطة عند الوقف؟', '[{"id":"a","text":"تُنطق هاءً ساكنة"},{"id":"b","text":"تبقى تاءً صريحة"},{"id":"c","text":"تُنطق ألفًا"},{"id":"d","text":"تُحذف"}]'::jsonb, 'a', 'التاء المربوطة (ة) تُنطق هاءً ساكنةً عند الوقف: «مكتبة ← مكتبهْ»؛ وهذه أبرز علامةٍ تميّزها عن المفتوحة.', 1)
ON CONFLICT (id) DO UPDATE SET
  exercise_id = EXCLUDED.exercise_id,
  prompt = EXCLUDED.prompt,
  options = EXCLUDED.options,
  correct_option = EXCLUDED.correct_option,
  explanation = EXCLUDED.explanation,
  display_order = EXCLUDED.display_order;

INSERT INTO public.questions (id, exercise_id, prompt, options, correct_option, explanation, display_order) VALUES
  ('7e35e30c-d393-5763-94ee-c2718f211256', '243d9422-de24-5630-a742-321255e207f2', 'أيّ كلمةٍ كُتبت كتابةً صحيحة؟', '[{"id":"a","text":"كتبَة المعلّمُ"},{"id":"b","text":"بنة مجتهدة"},{"id":"c","text":"مدرسة كبيرة"},{"id":"d","text":"جلسهْ التلميذُ"}]'::jsonb, 'c', '«مدرسة» و«كبيرة» اسمان مؤنّثان بتاءٍ مربوطةٍ صحيحة؛ أمّا «كتبة المعلّم» (الصواب كتبَ بلا تاء) و«بنة» (الصواب بنت) و«جلسهْ» (الصواب جلسَ) فخاطئة.', 2)
ON CONFLICT (id) DO UPDATE SET
  exercise_id = EXCLUDED.exercise_id,
  prompt = EXCLUDED.prompt,
  options = EXCLUDED.options,
  correct_option = EXCLUDED.correct_option,
  explanation = EXCLUDED.explanation,
  display_order = EXCLUDED.display_order;

INSERT INTO public.questions (id, exercise_id, prompt, options, correct_option, explanation, display_order) VALUES
  ('1d9ca212-7863-516e-881f-87d0f22f72f3', '243d9422-de24-5630-a742-321255e207f2', 'حوّل الفعل إلى المؤنّث بالكتابة الصحيحة: «قرأَ ← ___ البنتُ.»', '[{"id":"a","text":"قرأة"},{"id":"b","text":"قرأهْ"},{"id":"c","text":"قرأتْ"},{"id":"d","text":"قرأا"}]'::jsonb, 'c', 'نضيف تاء التأنيث المفتوحة إلى الفعل: «قرأتْ البنتُ.»؛ فتاء الفعل مفتوحةٌ دائمًا، لا مربوطةً «قرأة» ولا هاءً «قرأهْ».', 3)
ON CONFLICT (id) DO UPDATE SET
  exercise_id = EXCLUDED.exercise_id,
  prompt = EXCLUDED.prompt,
  options = EXCLUDED.options,
  correct_option = EXCLUDED.correct_option,
  explanation = EXCLUDED.explanation,
  display_order = EXCLUDED.display_order;

INSERT INTO public.questions (id, exercise_id, prompt, options, correct_option, explanation, display_order) VALUES
  ('1cc270cd-e645-5f17-a5e7-7988cddbf5c6', '243d9422-de24-5630-a742-321255e207f2', 'أيّ كلمةٍ تنتهي بتاءٍ مفتوحة (ت)؟', '[{"id":"a","text":"زهرة"},{"id":"b","text":"نافذة"},{"id":"c","text":"سيّارة"},{"id":"d","text":"وقت"}]'::jsonb, 'd', '«وقت» اسمٌ ينتهي بتاءٍ مفتوحةٍ تبقى تاءً عند الوقف «وقتْ»؛ أمّا «زهرة، نافذة، سيّارة» فبتاءٍ مربوطةٍ تُنطق هاءً.', 4)
ON CONFLICT (id) DO UPDATE SET
  exercise_id = EXCLUDED.exercise_id,
  prompt = EXCLUDED.prompt,
  options = EXCLUDED.options,
  correct_option = EXCLUDED.correct_option,
  explanation = EXCLUDED.explanation,
  display_order = EXCLUDED.display_order;

INSERT INTO public.questions (id, exercise_id, prompt, options, correct_option, explanation, display_order) VALUES
  ('a429b104-6905-534d-a9f8-ab48aade104b', '243d9422-de24-5630-a742-321255e207f2', 'اقرأ: «شاهدتُ نحلةً تجمعُ الرحيقَ.» ما نوع تاء «نحلة» وتاء «شاهدتُ»؟', '[{"id":"a","text":"كلتاهما مربوطة"},{"id":"b","text":"«نحلة» مربوطة (اسم)، و«شاهدتُ» مفتوحة (فعل، تاء الفاعل)"},{"id":"c","text":"«نحلة» مفتوحة، و«شاهدتُ» مربوطة"},{"id":"d","text":"كلتاهما مفتوحة (الاسم بتاءٍ مفتوحة)"}]'::jsonb, 'b', '«نحلة» اسمٌ مؤنّثٌ بتاءٍ مربوطةٍ (تُنطق هاءً «نحلهْ»)، و«شاهدتُ» فعلٌ وتاؤه تاء الفاعل مفتوحةٌ (تبقى تاءً)؛ فالنوعان مختلفان.', 5)
ON CONFLICT (id) DO UPDATE SET
  exercise_id = EXCLUDED.exercise_id,
  prompt = EXCLUDED.prompt,
  options = EXCLUDED.options,
  correct_option = EXCLUDED.correct_option,
  explanation = EXCLUDED.explanation,
  display_order = EXCLUDED.display_order;

INSERT INTO public.questions (id, exercise_id, prompt, options, correct_option, explanation, display_order) VALUES
  ('6f652e7c-cf94-521e-a52d-b170dbf26fcc', '243d9422-de24-5630-a742-321255e207f2', 'أكمل باسمٍ بتاءٍ مفتوحة: «جلسَتْ ___ بجانبي.»', '[{"id":"a","text":"أختة"},{"id":"b","text":"أختهْ"},{"id":"c","text":"أخهْ"},{"id":"d","text":"أختي"}]'::jsonb, 'd', '«أخت» اسمٌ بتاءٍ مفتوحةٍ، ومع الإضافة إلى ياء المتكلّم تبقى التاء مفتوحة: «أختي»؛ فلا تُرسم مربوطةً «أختة» ولا هاءً «أختهْ».', 6)
ON CONFLICT (id) DO UPDATE SET
  exercise_id = EXCLUDED.exercise_id,
  prompt = EXCLUDED.prompt,
  options = EXCLUDED.options,
  correct_option = EXCLUDED.correct_option,
  explanation = EXCLUDED.explanation,
  display_order = EXCLUDED.display_order;

INSERT INTO public.exercises (id, chapter_id, subject_id, title, difficulty, xp_reward, reward_coins, mode, source, display_order) VALUES
  ('83085632-cc96-5251-95de-7d76d598eeca', '83e3992c-d83f-557c-b38f-25b848b190a4', 'arabic-4eme', '👑 تحدّي النخبة ⭐⭐⭐⭐: سيّد التاءين', 4, 300, 60, 'challenge', 'admin', 4)
ON CONFLICT (id) DO UPDATE SET
  chapter_id = EXCLUDED.chapter_id,
  subject_id = EXCLUDED.subject_id,
  title = EXCLUDED.title,
  difficulty = EXCLUDED.difficulty,
  xp_reward = EXCLUDED.xp_reward,
  reward_coins = EXCLUDED.reward_coins,
  mode = EXCLUDED.mode,
  display_order = EXCLUDED.display_order;

INSERT INTO public.questions (id, exercise_id, prompt, options, correct_option, explanation, display_order) VALUES
  ('1f9b1da9-e7ba-5de8-9242-7e9402728a1b', '83085632-cc96-5251-95de-7d76d598eeca', 'اقرأ: «خرجتِ التلميذةُ من المدرسةِ ثمّ عادتْ.» كم تاءً مفتوحةً وكم مربوطة؟', '[{"id":"a","text":"مفتوحتان («خرجتِ، عادتْ» فعلان)، ومربوطتان («التلميذة، المدرسة»)"},{"id":"b","text":"أربع مفتوحات"},{"id":"c","text":"أربع مربوطات"},{"id":"d","text":"لا تاء في الجملة"}]'::jsonb, 'a', '«خرجتِ» و«عادتْ» فعلان فتاؤهما مفتوحةٌ (تبقى تاءً)، و«التلميذة» و«المدرسة» اسمان مؤنّثان بتاءٍ مربوطةٍ (تُنطق هاءً)؛ فمفتوحتان ومربوطتان.', 1)
ON CONFLICT (id) DO UPDATE SET
  exercise_id = EXCLUDED.exercise_id,
  prompt = EXCLUDED.prompt,
  options = EXCLUDED.options,
  correct_option = EXCLUDED.correct_option,
  explanation = EXCLUDED.explanation,
  display_order = EXCLUDED.display_order;

INSERT INTO public.questions (id, exercise_id, prompt, options, correct_option, explanation, display_order) VALUES
  ('d2b6d7cd-f3d4-5792-996b-377a4e93bbb9', '83085632-cc96-5251-95de-7d76d598eeca', 'صحّح الأخطاء في: «اللاعبت سجّلهْ هدفًا في المباراة».', '[{"id":"a","text":"اللاعبت سجّلهْ هدفًا في المباراة (صحيح)"},{"id":"b","text":"اللاعبة سجّلَ هدفًا في المباراة"},{"id":"c","text":"اللاعبه سجّلة هدفًا في المباراه"},{"id":"d","text":"اللاعبت سجّلة هدفًا في المبارات"}]'::jsonb, 'b', '«اللاعبة» اسمٌ مؤنّثٌ بتاءٍ مربوطة، و«سجّلَ» فعلٌ مذكّرٌ بلا تاءٍ (أو «سجّلتْ» للمؤنّث بتاءٍ مفتوحة)، و«المباراة» بتاءٍ مربوطة؛ فالصواب: «اللاعبة سجّلَ هدفًا في المباراة».', 2)
ON CONFLICT (id) DO UPDATE SET
  exercise_id = EXCLUDED.exercise_id,
  prompt = EXCLUDED.prompt,
  options = EXCLUDED.options,
  correct_option = EXCLUDED.correct_option,
  explanation = EXCLUDED.explanation,
  display_order = EXCLUDED.display_order;

INSERT INTO public.questions (id, exercise_id, prompt, options, correct_option, explanation, display_order) VALUES
  ('e31323e1-267d-5920-ac60-989be8589aa0', '83085632-cc96-5251-95de-7d76d598eeca', 'في «نَبْتةٌ» و«نبَتَتْ»، ما الفرق في نوع التاء وسببه؟', '[{"id":"a","text":"كلتاهما مربوطة لأنّهما من جذرٍ واحد"},{"id":"b","text":"كلتاهما مفتوحة"},{"id":"c","text":"«نبتة» اسمٌ فتاؤه مربوطة (نبتهْ)، و«نبتتْ» فعلٌ فتاؤه مفتوحة (تبقى تاءً)"},{"id":"d","text":"«نبتة» فعلٌ و«نبتتْ» اسم"}]'::jsonb, 'c', 'العبرة بنوع الكلمة لا بالجذر: «نبتة» اسمٌ مؤنّثٌ فتاؤه مربوطةٌ تُنطق هاءً، و«نبتتْ» فعلٌ ماضٍ فتاؤه مفتوحةٌ تبقى تاءً؛ فالاشتراك في الجذر لا يوحّد نوع التاء.', 3)
ON CONFLICT (id) DO UPDATE SET
  exercise_id = EXCLUDED.exercise_id,
  prompt = EXCLUDED.prompt,
  options = EXCLUDED.options,
  correct_option = EXCLUDED.correct_option,
  explanation = EXCLUDED.explanation,
  display_order = EXCLUDED.display_order;

INSERT INTO public.questions (id, exercise_id, prompt, options, correct_option, explanation, display_order) VALUES
  ('ca829698-b041-572a-948c-f427ddb3f587', '83085632-cc96-5251-95de-7d76d598eeca', 'أيّ سطرٍ رسمُ تاءاته كلِّها صحيح؟', '[{"id":"a","text":"كتبتْ فاطمةُ رسالةً جميلةً إلى أختها"},{"id":"b","text":"كتبة فاطمتُ رسالتً جميلت إلى أختهة"},{"id":"c","text":"كتبتْ فاطمت رسالة جميلة إلى أخته"},{"id":"d","text":"كتبه فاطمة رسالت جميله إلى اختها"}]'::jsonb, 'a', '«كتبتْ» فعلٌ بتاءٍ مفتوحة، و«فاطمة، رسالة، جميلة» أسماءٌ وصفاتٌ مؤنّثةٌ بتاءٍ مربوطة، و«أختها» بتاءٍ مفتوحة؛ فالسطر (أ) صحيحٌ كلُّه.', 4)
ON CONFLICT (id) DO UPDATE SET
  exercise_id = EXCLUDED.exercise_id,
  prompt = EXCLUDED.prompt,
  options = EXCLUDED.options,
  correct_option = EXCLUDED.correct_option,
  explanation = EXCLUDED.explanation,
  display_order = EXCLUDED.display_order;

INSERT INTO public.questions (id, exercise_id, prompt, options, correct_option, explanation, display_order) VALUES
  ('6ee2166e-e03e-545a-a201-b329821f9010', '83085632-cc96-5251-95de-7d76d598eeca', 'اقرأ: «البنتُ المهذّبةُ ساعدتْ جدّتَها.» عيّن التاءات الثلاث وأنواعها:', '[{"id":"a","text":"«البنت» مربوطة، و«المهذّبة» مفتوحة، و«ساعدتْ» مربوطة"},{"id":"b","text":"الكلّ مربوطة"},{"id":"c","text":"الكلّ مفتوحة"},{"id":"d","text":"«البنت» مفتوحة، و«المهذّبة» مربوطة، و«ساعدتْ» مفتوحة، و«جدّتها» مربوطة"}]'::jsonb, 'd', '«البنت» اسمٌ بتاءٍ مفتوحة (تبقى تاءً)، و«المهذّبة» صفةٌ مؤنّثةٌ بتاءٍ مربوطة، و«ساعدتْ» فعلٌ بتاءٍ مفتوحة، و«جدّتها» اسمٌ مؤنّثٌ بتاءٍ مربوطة قبل الضمير؛ فلكلٍّ نوعُه.', 5)
ON CONFLICT (id) DO UPDATE SET
  exercise_id = EXCLUDED.exercise_id,
  prompt = EXCLUDED.prompt,
  options = EXCLUDED.options,
  correct_option = EXCLUDED.correct_option,
  explanation = EXCLUDED.explanation,
  display_order = EXCLUDED.display_order;

INSERT INTO public.questions (id, exercise_id, prompt, options, correct_option, explanation, display_order) VALUES
  ('27057af2-512f-5997-b6c3-166f99a65494', '83085632-cc96-5251-95de-7d76d598eeca', 'قال تلميذٌ: «إذا أضفنا ضميرًا إلى الاسم المنتهي بتاءٍ مربوطةٍ بقيت مربوطةً في الرسم». ما الأدقّ؟', '[{"id":"a","text":"صحيحٌ دائمًا، لا تتغيّر"},{"id":"b","text":"صحيح، تبقى هاءً عند الإضافة"},{"id":"c","text":"خطأ؛ تُفتح التاء عند الإضافة فتصير مفتوحةً منطوقةً ومرسومةً تاءً: «جدّة ← جدّتها»"},{"id":"d","text":"خطأ؛ تُحذف التاء عند الإضافة"}]'::jsonb, 'c', 'عند إضافة الاسم المنتهي بتاءٍ مربوطةٍ إلى ضميرٍ تُنطق التاء وتُرسم مفتوحةً: «جدّة ← جدّتها»، «شجرة ← شجرتها»؛ لأنّها لم تعد في موضع الوقف.', 6)
ON CONFLICT (id) DO UPDATE SET
  exercise_id = EXCLUDED.exercise_id,
  prompt = EXCLUDED.prompt,
  options = EXCLUDED.options,
  correct_option = EXCLUDED.correct_option,
  explanation = EXCLUDED.explanation,
  display_order = EXCLUDED.display_order;

INSERT INTO public.exercises (id, chapter_id, subject_id, title, difficulty, xp_reward, reward_coins, mode, source, display_order) VALUES
  ('90f6ce51-4426-563a-ad14-dcde6f4afd90', '83e3992c-d83f-557c-b38f-25b848b190a4', 'arabic-4eme', '📝 تدريب ⭐⭐⭐: مراجعة شاملة على التاءين', 3, 120, 30, 'boss', 'admin', 5)
ON CONFLICT (id) DO UPDATE SET
  chapter_id = EXCLUDED.chapter_id,
  subject_id = EXCLUDED.subject_id,
  title = EXCLUDED.title,
  difficulty = EXCLUDED.difficulty,
  xp_reward = EXCLUDED.xp_reward,
  reward_coins = EXCLUDED.reward_coins,
  mode = EXCLUDED.mode,
  display_order = EXCLUDED.display_order;

INSERT INTO public.questions (id, exercise_id, prompt, options, correct_option, explanation, display_order) VALUES
  ('c47a44cb-7763-5d78-94a2-6c0f7394654d', '90f6ce51-4426-563a-ad14-dcde6f4afd90', 'أيّ كلمةٍ تنتهي بتاءٍ مربوطة (ة)؟', '[{"id":"a","text":"سبّورة"},{"id":"b","text":"بنت"},{"id":"c","text":"نامتْ"},{"id":"d","text":"بيت"}]'::jsonb, 'a', '«سبّورة» اسمٌ مؤنّثٌ بتاءٍ مربوطةٍ تُنطق هاءً عند الوقف «سبّورهْ»؛ أمّا «بنت، بيت، نامتْ» فبتاءٍ مفتوحة.', 1)
ON CONFLICT (id) DO UPDATE SET
  exercise_id = EXCLUDED.exercise_id,
  prompt = EXCLUDED.prompt,
  options = EXCLUDED.options,
  correct_option = EXCLUDED.correct_option,
  explanation = EXCLUDED.explanation,
  display_order = EXCLUDED.display_order;

INSERT INTO public.questions (id, exercise_id, prompt, options, correct_option, explanation, display_order) VALUES
  ('b9cf36e3-d400-5043-83a1-a19394d1e2d6', '90f6ce51-4426-563a-ad14-dcde6f4afd90', 'التاء في الفعل الماضي «شربتْ» هي:', '[{"id":"a","text":"مربوطة (ة)"},{"id":"b","text":"مفتوحة (ت)، وتاء الفعل مفتوحةٌ دائمًا"},{"id":"c","text":"همزة"},{"id":"d","text":"ألف"}]'::jsonb, 'b', '«شربتْ» فعلٌ ماضٍ، وتاء التأنيث فيه مفتوحةٌ دائمًا تبقى تاءً عند الوقف؛ فلا تُرسم مربوطةً «شربةْ».', 2)
ON CONFLICT (id) DO UPDATE SET
  exercise_id = EXCLUDED.exercise_id,
  prompt = EXCLUDED.prompt,
  options = EXCLUDED.options,
  correct_option = EXCLUDED.correct_option,
  explanation = EXCLUDED.explanation,
  display_order = EXCLUDED.display_order;

INSERT INTO public.questions (id, exercise_id, prompt, options, correct_option, explanation, display_order) VALUES
  ('c7b33c50-4fea-5b54-8c47-9430f4fbc1ad', '90f6ce51-4426-563a-ad14-dcde6f4afd90', 'صحّح خطأ الرسم في «الطفله رسمهْ لوحةً».', '[{"id":"a","text":"الطفله رسمهْ لوحت"},{"id":"b","text":"الطفلت رسمت لوحه"},{"id":"c","text":"الطفلة رسمتْ لوحةً"},{"id":"d","text":"الطفلة رسمة لوحة"}]'::jsonb, 'c', '«الطفلة» اسمٌ مؤنّثٌ بتاءٍ مربوطة، و«رسمتْ» فعلٌ بتاءٍ مفتوحة، و«لوحة» اسمٌ بتاءٍ مربوطة؛ فالصواب: «الطفلة رسمتْ لوحةً».', 3)
ON CONFLICT (id) DO UPDATE SET
  exercise_id = EXCLUDED.exercise_id,
  prompt = EXCLUDED.prompt,
  options = EXCLUDED.options,
  correct_option = EXCLUDED.correct_option,
  explanation = EXCLUDED.explanation,
  display_order = EXCLUDED.display_order;

INSERT INTO public.questions (id, exercise_id, prompt, options, correct_option, explanation, display_order) VALUES
  ('af1ceb87-884b-5389-b3aa-1292ae515738', '90f6ce51-4426-563a-ad14-dcde6f4afd90', 'إذا وقفتَ على «وقت» سمعتَ «وقتْ»، فالتاء فيها:', '[{"id":"a","text":"مربوطة"},{"id":"b","text":"همزة"},{"id":"c","text":"ألف"},{"id":"d","text":"مفتوحة (ت)، لأنّها بقيت تاءً عند الوقف"}]'::jsonb, 'd', '«وقت» وقفنا عليها فبقيت تاءً «وقتْ» ولم تتحوّل هاءً، فهي تاءٌ مفتوحة؛ ولو كانت مربوطةً لقلنا «وقهْ».', 4)
ON CONFLICT (id) DO UPDATE SET
  exercise_id = EXCLUDED.exercise_id,
  prompt = EXCLUDED.prompt,
  options = EXCLUDED.options,
  correct_option = EXCLUDED.correct_option,
  explanation = EXCLUDED.explanation,
  display_order = EXCLUDED.display_order;

INSERT INTO public.questions (id, exercise_id, prompt, options, correct_option, explanation, display_order) VALUES
  ('08bbfc55-7794-5c65-b5b9-d721716e41c1', '90f6ce51-4426-563a-ad14-dcde6f4afd90', 'اقرأ: «المعلّمةُ شرحتِ القاعدةَ.» عيّن التاء المربوطة والتاء المفتوحة:', '[{"id":"a","text":"كلتاهما مفتوحة"},{"id":"b","text":"المربوطة في «المعلّمة» و«القاعدة» (اسمان)، والمفتوحة في «شرحتِ» (فعل)"},{"id":"c","text":"المربوطة في «شرحتِ»، والمفتوحة في «المعلّمة»"},{"id":"d","text":"لا تاء في الجملة"}]'::jsonb, 'b', '«المعلّمة» و«القاعدة» اسمان مؤنّثان بتاءٍ مربوطةٍ (تُنطق هاءً)، و«شرحتِ» فعلٌ بتاءٍ مفتوحةٍ (تبقى تاءً)؛ فالاسمان مربوطان والفعل مفتوح.', 5)
ON CONFLICT (id) DO UPDATE SET
  exercise_id = EXCLUDED.exercise_id,
  prompt = EXCLUDED.prompt,
  options = EXCLUDED.options,
  correct_option = EXCLUDED.correct_option,
  explanation = EXCLUDED.explanation,
  display_order = EXCLUDED.display_order;

INSERT INTO public.questions (id, exercise_id, prompt, options, correct_option, explanation, display_order) VALUES
  ('fc3d0f2e-97e6-5df2-ba82-69292e1e8b34', '90f6ce51-4426-563a-ad14-dcde6f4afd90', 'أكمل بالكتابة الصحيحة عند إضافة الضمير: «أحضرتُ حقيبتي ثمّ فتحتُ ___.»', '[{"id":"a","text":"نافذتها (التاء تُفتح عند الإضافة)"},{"id":"b","text":"نافذةها"},{"id":"c","text":"نافذهْها"},{"id":"d","text":"نافذتـا"}]'::jsonb, 'a', '«نافذة» تاؤها مربوطة، لكن عند إضافتها إلى الضمير تُنطق وتُرسم مفتوحةً: «نافذتها»؛ لأنّها لم تعد في موضع الوقف.', 6)
ON CONFLICT (id) DO UPDATE SET
  exercise_id = EXCLUDED.exercise_id,
  prompt = EXCLUDED.prompt,
  options = EXCLUDED.options,
  correct_option = EXCLUDED.correct_option,
  explanation = EXCLUDED.explanation,
  display_order = EXCLUDED.display_order;

