-- Vague 5 — Annales (physique-chimie + Maitrise du francais).
-- Idempotent forward migration: new annales chapters + exercises + questions (FK-safe).

INSERT INTO public.chapters (id, subject_id, title, description, lesson_content, summary, display_order) VALUES
  ('b2e35220-fa37-5041-9ccc-4f6185e73e37', 'svt', 'سُبُر نموذجيّة ومراجعة شاملة', 'سُبُر على شاكلة امتحان الفيزياء–الكيمياء (الشعبة التقنية): تحليل وضعيّات وتجارب وتطبيق القوانين، مفكّكة إلى أسئلة QCM تمزج محاور السنة الثلاثة — الضوء (الانتشار والانعكاس والانكسار والعدسات)، والكهرباء (التيار المستمر وقانون أوم)، والكيمياء (الذرّات والجزيئات والتفاعل الكيميائي وموازنة المعادلات وانحفاظ الكتلة وpH والمحاليل).', '# 🏆 سُبُر نموذجيّة: منهجيّة امتحان الفيزياء–الكيمياء

> 🎯 «السبر ليس استظهارًا للقوانين، بل تطبيقها على وضعيّة جديدة بدقّة — أتقن المنهجيّة تتقن الامتحان!»

## 🧭 كيف تُقرأ ورقة السبر؟

يتكوّن سبر الفيزياء–الكيمياء عادةً من **وضعيّات** (دارة كهربائية، تجربة كيميائية، مسار شعاع ضوئي عبر عدسة). كلّ وضعيّة تُختبر فيها:

1. **الفهم**: قراءة المعطيات (القيم والوحدات) واستخراج المطلوب.
2. **التطبيق**: اختيار القانون المناسب وتعويض القيم.
3. **النقد**: التحقّق من معقوليّة النتيجة ووحدتها.

> ⚠️ أوّل خطأ يُفقد النقاط هو **تجاهل الوحدات**: قيمة بلا وحدة قيمة خاطئة.

## ⚡ منهجيّة الكهرباء — قراءة الدارة وتطبيق قانون أوم

عند تحليل دارة كهربائية:

- حدّد نوع التركيب: **تسلسل** (تيار واحد مشترك) أم **توازي** (توتر واحد مشترك).
- اكتب المعطيات بوحداتها: U بالفولط (V)، I بالأمبير (A)، R بالأوم (Ω).
- طبّق **قانون أوم** بالشكل المناسب للمجهول:

$$
U = R \times I \quad|\quad I = \frac{U}{R} \quad|\quad R = \frac{U}{I}
$$

- في **التسلسل**: I واحد، U = U₁ + U₂، R_total = R₁ + R₂.
- في **التوازي**: U واحد، I = I₁ + I₂، المقاومة الإجمالية أصغر من أصغر مقاومة.

> 🗡️ الخطأ الشائع: **قلب قانون أوم** (قسمة بدل ضرب). إذا طُلب U والمعطيات R وI فالعمليّة **ضرب** لا قسمة.

**مثال محلول**: مقاومة R = 50 Ω يمرّ بها I = 0,4 A.
U = R × I = 50 × 0,4 = **20 V**.

## 🧪 منهجيّة الكيمياء — التفاعل والموازنة وانحفاظ الكتلة

عند تحليل تفاعل كيميائي:

- ميّز **المتفاعلات** (يسار السهم) عن **النواتج** (يمين السهم).
- **وازِن** المعادلة بتعديل **المعاملات** أمام الصيغ فقط (لا تغيّر الأرقام السفلية).
- تحقّق أنّ عدد ذرّات كلّ عنصر متساوٍ في الطرفين (مبدأ **انحفاظ المادّة**).
- طبّق **انحفاظ الكتلة**: مجموع كتل المتفاعلات = مجموع كتل النواتج.

$$
m_{\text{المتفاعلات}} = m_{\text{النواتج}}
$$

**مثال محلول**: H₂ + O₂ → H₂O ليست موزونة (الأكسجين 2 يسارًا و1 يمينًا).
بالموازنة: **2H₂ + O₂ → 2H₂O** (الهيدروجين 4=4، الأكسجين 2=2).

> 🗡️ الخطأ الشائع: تغيير الأرقام السفلية لموازنة المعادلة — هذا يغيّر هويّة المادّة نفسها.

## 🔮 منهجيّة الضوء — مسار الشعاع عبر العدسة المجمّعة

عند دراسة تكوين صورة بعدسة مجمّعة:

- **البُعد البؤري** f والقدرة C مرتبطان بـ: C = 1/f (بشرط f **بالمتر**).
- موضع الجسم يحدّد طبيعة الصورة:
  - d > 2f: صورة حقيقية مقلوبة **مصغّرة**.
  - d = 2f: صورة حقيقية مقلوبة **مساوية**.
  - f < d < 2f: صورة حقيقية مقلوبة **مكبّرة**.
  - d < f: صورة تخيّليّة معتدلة مكبّرة (مبدأ المكبّرة).

$$
C = \frac{1}{f} \quad (f \text{ بالمتر})
$$

> 🗡️ الخطأ الشائع: حساب القدرة من f بالسنتيمتر مباشرةً. **حوّل دائمًا** f إلى المتر قبل الحساب.

**مثال محلول**: عدسة f = 25 cm = 0,25 m ⟹ C = 1/0,25 = **4 δ**.

## ✅ قائمة التحقّق قبل التسليم

- هل عوّضتُ القيم بوحداتها الصحيحة؟
- هل النتيجة لها **وحدة** ومعقولة في سياق الوضعيّة؟
- هل المعادلة الكيميائية **موزونة** فعلًا (ذرّات كلّ عنصر متساوية)؟
- هل حوّلتُ الوحدات (cm → m، mA → A) قبل التعويض؟

> 🏆 من يتقن المنهجيّة الثلاثة — كهرباء وكيمياء وضوء — يجتاز السبر بثقة!', '# 📜 ملخّص: سُبُر نموذجيّة ومراجعة شاملة

- **المنهجيّة العامّة**: فهم المعطيات (بوحداتها) ← اختيار القانون ← التعويض ← نقد النتيجة. لا قيمة بلا وحدة.
- **الكهرباء — قانون أوم**: U = R × I (وكذلك I = U/R و R = U/I). تسلسل: I مشترك، U = U₁+U₂، R = R₁+R₂. توازي: U مشترك، I = I₁+I₂. لا تقلب القانون (ضرب مكان قسمة).
- **الكيمياء — التفاعل**: وازِن بتغيير **المعاملات** فقط؛ ذرّات كلّ عنصر متساوية في الطرفين. انحفاظ الكتلة: m(المتفاعلات) = m(النواتج). مثال: 2H₂ + O₂ → 2H₂O.
- **الكيمياء — pH والمحاليل**: pH < 7 حمضي، pH = 7 محايد، pH > 7 قاعدي. التخفيف بالماء يقرّب pH المحلول الحمضي من 7 (يرفعه).
- **الضوء — العدسات**: C = 1/f مع f **بالمتر** (cm → m أوّلًا). d > 2f صورة مصغّرة، d = 2f مساوية، f<d<2f مكبّرة، d<f تخيّليّة مكبّرة (مكبّرة).
- **التحقّق دائمًا**: الوحدة موجودة + النتيجة معقولة + المعادلة موزونة + الوحدات محوّلة.', 9),
  ('2567b64f-bd7c-5121-8690-413031a1ac80', 'fr-mastery', 'Annales & épreuves de synthèse', 'Des épreuves de synthèse exigeantes qui mêlent, sur un même texte, les quatre axes du module : compréhension fine et inférence, syntaxe, grammaire et lexique de précision. Niveau perfectionnement, au-delà du tronc commun.', '# Annales & épreuves de synthèse — Méthodologie

> « Une épreuve de synthèse ne juge pas une compétence isolée : elle révèle la cohérence de votre lecture, de votre analyse de la phrase et de votre maîtrise des mots. »

Une **épreuve de synthèse** part toujours d''un texte exigeant — extrait littéraire, page d''essai, chronique argumentée — et l''interroge sur **quatre fronts à la fois** : compréhension fine, syntaxe, grammaire, lexique de précision. Réussir, c''est articuler ces quatre lectures sans jamais les séparer du texte.

## 1. D''abord, lire en profondeur (compréhension fine)

Avant toute question de langue, on **comprend l''intention** du texte.

- **Dénoté / connoté** : distinguer ce qui est dit explicitement de ce qui est suggéré (sous-entendu, ironie, présupposé).
- **Inférence** : tirer une conclusion que le texte ne formule pas mais qu''il rend nécessaire (« il était déjà trop tard » → la décision était prise).
- **Tonalité et visée** : repérer si l''auteur informe, persuade, dénonce, émeut — l''oxymore, l''anaphore ou la question rhétorique trahissent souvent une thèse cachée.

**Méthode** : reformuler la thèse de l''auteur en une phrase avant d''aborder le détail. Une compréhension juste oriente toutes les autres réponses.

## 2. Analyser la phrase (syntaxe)

La syntaxe étudie **comment la phrase est construite** et comment ce montage produit du sens.

- **Subordination** : reconnaître la nature de la subordonnée (relative, complétive, circonstancielle) et la fonction qu''elle occupe ; une cause, une concession ou une hypothèse ne pèsent pas du même poids dans l''argument.
- **Ponctuation expressive** : le point-virgule lie deux propositions parallèles ; les deux-points annoncent une explication ou une conséquence ; le tiret isole une rupture ou une chute.
- **Ordre des mots et mise en relief** : l''antéposition, la tournure clivée (« c''est… qui »), l''apposition orientent l''emphase et donc l''interprétation.

**Méthode** : pour chaque phrase complexe, repérer la proposition principale, puis la dépendance et la valeur logique de chaque subordonnée.

## 3. Vérifier la correction (grammaire)

La grammaire contrôle les **accords**, les **modes et temps**, et la **cohérence temporelle**.

- **Accords délicats** : participe passé avec _avoir_ (COD antéposé), participe passé des verbes pronominaux, accords du sujet inversé ou collectif.
- **Modes et temps** : le subjonctif après l''expression du doute, de la volonté, de la concession ; le conditionnel d''hypothèse ou d''information non confirmée ; l''imparfait/passé simple dans le récit.
- **Concordance des temps** : harmoniser le temps de la subordonnée avec celui de la principale (« je croyais qu''il **viendrait** », et non « viendra »).

**Méthode** : remonter au déclencheur (verbe principal, conjonction) pour décider du mode et du temps, plutôt que de se fier à l''oreille.

## 4. Peser chaque mot (lexique de précision)

Le lexique exigeant départage des candidats par des **nuances fines**.

- **Paronymes** : ne pas confondre les mots proches par la forme (_influer / influencer_, _éminent / imminent_, _conjecture / conjoncture_, _collision / collusion_).
- **Registres** : ajuster le mot au ton du texte (soutenu, courant, familier) — un terme familier ruine une analyse soutenue.
- **Sens figuré et connotation** : un même mot change de valeur selon le contexte (_acéré_, _limpide_, _âpre_) ; identifier le sens activé par la phrase.

**Méthode** : remplacer mentalement le mot par chaque distracteur et vérifier la construction (transitivité, préposition) et la cohérence de sens.

## 5. La démarche de synthèse, pas à pas

1. **Lire le texte deux fois** : la première pour le sens global, la seconde crayon en main.
2. **Cartographier la thèse** : une phrase qui résume l''intention de l''auteur.
3. **Traiter chaque question selon son axe**, mais toujours en revenant au texte : la bonne réponse est celle que le texte autorise, pas celle qui « sonne » bien.
4. **Traquer les pièges fins** : paronyme glissé dans un distracteur, fausse régularité d''accord, mode plausible mais non commandé par le déclencheur.
5. **Justifier intérieurement** : pour la clé retenue, savoir dire pourquoi elle est juste **et** pourquoi chaque autre est fausse. C''est le réflexe qui sépare le perfectionnement de l''à-peu-près.', '# Résumé — Annales & épreuves de synthèse

- **Principe** : une épreuve de synthèse part d''un texte exigeant et l''interroge simultanément sur quatre axes — compréhension fine, syntaxe, grammaire, lexique. Toujours revenir au texte : la bonne réponse est celle qu''il autorise.
- **Compréhension fine** : distinguer dénoté et connoté ; inférer ce que le texte rend nécessaire sans le dire ; repérer la tonalité et la visée (oxymore, anaphore, question rhétorique trahissent une thèse).
- **Syntaxe** : identifier la nature et la fonction des subordonnées (relative, complétive, circonstancielle) ; lire la ponctuation expressive (point-virgule, deux-points, tiret) ; repérer la mise en relief (antéposition, tournure clivée « c''est… qui »).
- **Grammaire** : maîtriser les accords délicats (participe passé avec _avoir_ et COD antéposé, verbes pronominaux) ; choisir le mode et le temps d''après le déclencheur (subjonctif après doute/volonté/concession, conditionnel d''hypothèse) ; respecter la concordance des temps.
- **Lexique de précision** : éviter les paronymes (_influer/influencer_, _éminent/imminent_, _conjecture/conjoncture_, _collision/collusion_) ; ajuster le registre au ton du texte ; identifier le sens figuré ou la connotation activée par le contexte.
- **Démarche** : lire deux fois → résumer la thèse en une phrase → traiter chaque question selon son axe → traquer les pièges fins (paronyme caché, fausse régularité, mode plausible mais non commandé) → justifier la clé ET réfuter chaque distracteur.', 5)
ON CONFLICT (id) DO UPDATE SET
  subject_id = EXCLUDED.subject_id,
  title = EXCLUDED.title,
  description = EXCLUDED.description,
  lesson_content = EXCLUDED.lesson_content,
  summary = EXCLUDED.summary,
  display_order = EXCLUDED.display_order;

INSERT INTO public.exercises (id, chapter_id, subject_id, title, difficulty, xp_reward, reward_coins, mode, source, display_order) VALUES
  ('e4664661-53c0-52a7-b2b1-1195c085ebcb', 'b2e35220-fa37-5041-9ccc-4f6185e73e37', 'svt', 'اختبار مراجعة شاملة: ضوء + كهرباء + كيمياء', 1, 20, 5, 'quiz', 'admin', 0),
  ('1e96ef97-b150-58ae-aa74-945473352b23', 'b2e35220-fa37-5041-9ccc-4f6185e73e37', 'svt', '📝 سبر نموذجي 1: وضعيّات تطبيقية (تدريب)', 2, 50, 10, 'practice', 'admin', 1),
  ('e2a437e0-aeea-5e14-ae20-8a53cb85c225', 'b2e35220-fa37-5041-9ccc-4f6185e73e37', 'svt', '⚔️ سبر نموذجي 2: تحليل وضعيّات (زعيم الفصل)', 3, 120, 30, 'boss', 'admin', 2),
  ('cfb1570d-afbc-532a-84f8-7a206484383c', 'b2e35220-fa37-5041-9ccc-4f6185e73e37', 'svt', '👑 تحدّي النخبة: سبر امتحاني شامل', 4, 300, 60, 'challenge', 'admin', 3),
  ('b9f2bdad-5941-5c18-8f7a-6a75f83de4c7', '2567b64f-bd7c-5121-8690-413031a1ac80', 'fr-mastery', 'Diagnostic — Épreuve de synthèse', 1, 20, 5, 'quiz', 'admin', 0),
  ('38655883-4f78-5df4-b448-466ffb2dd3b2', '2567b64f-bd7c-5121-8690-413031a1ac80', 'fr-mastery', 'Palier 1 — Épreuve de synthèse : un portrait en demi-teinte', 2, 50, 10, 'practice', 'admin', 1),
  ('6419b53e-71ab-5c5e-9801-72544a707d1a', '2567b64f-bd7c-5121-8690-413031a1ac80', 'fr-mastery', 'Palier 2 — Épreuve de synthèse : la rumeur (Boss)', 3, 120, 25, 'boss', 'admin', 2),
  ('29169835-f5bb-546d-b09a-54a5fc7e260f', '2567b64f-bd7c-5121-8690-413031a1ac80', 'fr-mastery', '🔥 Palier 3 — Épreuve de synthèse : l''éloge ambigu (Défi)', 4, 300, 60, 'challenge', 'admin', 3)
ON CONFLICT (id) DO UPDATE SET
  chapter_id = EXCLUDED.chapter_id,
  subject_id = EXCLUDED.subject_id,
  title = EXCLUDED.title,
  difficulty = EXCLUDED.difficulty,
  xp_reward = EXCLUDED.xp_reward,
  reward_coins = EXCLUDED.reward_coins,
  mode = EXCLUDED.mode,
  display_order = EXCLUDED.display_order;

INSERT INTO public.questions (id, exercise_id, prompt, options, correct_option, explanation, display_order) VALUES
  ('11b0e0e2-c4f7-526a-ad0a-d4ca7e65ceb2', 'e4664661-53c0-52a7-b2b1-1195c085ebcb', 'في دارة كهربائية تسلسلية، يمرّ تيار I = 0,3 A في مقاومة R = 40 Ω. ما التوتر U على طرفَيها؟', '[{"id":"a","text":"133,3 V"},{"id":"b","text":"12 V"},{"id":"c","text":"40,3 V"},{"id":"d","text":"1,2 V"}]'::jsonb, 'b', 'نطبّق قانون أوم بالشكل المناسب للمجهول U: U = R × I = 40 × 0,3 = 12 V. الخيار 133,3 V خطأ ناتج عن قلب القانون (40 ÷ 0,3)، وهو خطأ شائع.', 1),
  ('aa1d367b-3e60-5b20-8904-2c469bf25380', 'e4664661-53c0-52a7-b2b1-1195c085ebcb', 'المعادلة التالية تمثّل احتراق الكربون: C + O₂ → CO₂. هل هي موزونة؟', '[{"id":"a","text":"نعم، عدد ذرّات كلّ عنصر متساوٍ في الطرفين"},{"id":"b","text":"لا، يجب أن تصبح 2C + O₂ → CO₂"},{"id":"c","text":"لا، يجب أن تصبح C + 2O₂ → CO₂"},{"id":"d","text":"لا يمكن معرفة ذلك دون معرفة الكتل"}]'::jsonb, 'a', 'نحصي ذرّات كلّ عنصر: الكربون 1 يسارًا (C) و1 يمينًا (CO₂) ✓؛ الأكسجين 2 يسارًا (O₂) و2 يمينًا (CO₂) ✓. بما أنّ عدد ذرّات كلّ عنصر متساوٍ في الطرفين فالمعادلة موزونة فعلًا.', 2),
  ('3a0a3dca-8a63-5182-bac1-d2e8aaa1ffcf', 'e4664661-53c0-52a7-b2b1-1195c085ebcb', 'محلول قيمة pH فيه تساوي 3. كيف نصنّفه؟', '[{"id":"a","text":"قاعدي"},{"id":"b","text":"محايد"},{"id":"c","text":"حمضي"},{"id":"d","text":"نقيّ خالٍ من الأيونات"}]'::jsonb, 'c', 'سلّم pH يمتدّ من 0 إلى 14: pH < 7 محلول حمضي، pH = 7 محايد، pH > 7 قاعدي. وبما أنّ 3 < 7 فالمحلول حمضي.', 3),
  ('1c2aca25-b0a3-52b5-8bd8-0bfac8ec031e', 'e4664661-53c0-52a7-b2b1-1195c085ebcb', 'عدسة مجمّعة بُعدها البؤري f = 50 cm. ما قدرتها C بالديوبتر (δ)؟', '[{"id":"a","text":"C = 50 δ"},{"id":"b","text":"C = 0,02 δ"},{"id":"c","text":"C = 2 δ"},{"id":"d","text":"C = 5 δ"}]'::jsonb, 'c', 'القدرة C = 1/f بشرط أن يكون f بالمتر. نحوّل: f = 50 cm = 0,50 m. إذن C = 1 / 0,50 = 2 δ. الخطأ الشائع هو استعمال f بالسنتيمتر فيُعطي 1/50 = 0,02، لذا يجب التحويل إلى المتر أوّلًا.', 4),
  ('84dc8944-00fa-5e9c-b67a-fbf031429284', 'e4664661-53c0-52a7-b2b1-1195c085ebcb', 'تفاعل بين متفاعلَين كتلتاهما 5 g و 11 g أعطى ناتجًا واحدًا. ما كتلة الناتج وفق انحفاظ الكتلة؟', '[{"id":"a","text":"6 g"},{"id":"b","text":"16 g"},{"id":"c","text":"11 g"},{"id":"d","text":"55 g"}]'::jsonb, 'b', 'بمبدأ انحفاظ الكتلة: كتلة النواتج = مجموع كتل المتفاعلات = 5 + 11 = 16 g. الخيار 6 g خطأ ناتج عن طرح بدل جمع.', 5),
  ('d7e8f052-8a89-50a5-a990-dd2313f6736e', 'e4664661-53c0-52a7-b2b1-1195c085ebcb', 'مقاومتان R₁ = 10 Ω و R₂ = 15 Ω موصولتان على التسلسل بمصدر توتّره U = 5 V. ما شدّة التيار I في الدارة؟', '[{"id":"a","text":"0,5 A"},{"id":"b","text":"0,2 A"},{"id":"c","text":"1,25 A"},{"id":"d","text":"125 A"}]'::jsonb, 'b', 'في التسلسل: R_total = R₁ + R₂ = 10 + 15 = 25 Ω. ثمّ I = U / R_total = 5 / 25 = 0,2 A. هذا التيار نفسه يمرّ في كلّ من R₁ و R₂.', 6),
  ('ecc2f575-6ed9-5206-b2ec-34280a1ff6ed', 'e4664661-53c0-52a7-b2b1-1195c085ebcb', 'ما الموازنة الصحيحة لتفاعل تكوّن الماء من عنصرَيه: H₂ + O₂ → H₂O؟', '[{"id":"a","text":"H₂ + O₂ → H₂O"},{"id":"b","text":"2H₂ + O₂ → 2H₂O"},{"id":"c","text":"H₂ + O₂ → 2H₂O"},{"id":"d","text":"2H₂ + 2O₂ → H₂O"}]'::jsonb, 'b', 'نوازن بتعديل المعاملات فقط. الصيغة الأصلية غير موزونة (الأكسجين 2 يسارًا و1 يمينًا). بوضع 2H₂ + O₂ → 2H₂O: الهيدروجين يسارًا 2×2=4 ويمينًا 2×2=4 ✓؛ الأكسجين يسارًا 2 ويمينًا 2×1=2 ✓. إذن المعادلة موزونة.', 7),
  ('d80a90fe-0107-5376-9799-ea15ab567637', 'e4664661-53c0-52a7-b2b1-1195c085ebcb', 'وُضع جسم أمام عدسة مجمّعة على بُعد يفوق ضعف البُعد البؤري (d > 2f). ما طبيعة الصورة المتكوّنة؟', '[{"id":"a","text":"حقيقية مقلوبة مصغّرة"},{"id":"b","text":"حقيقية معتدلة مكبّرة"},{"id":"c","text":"تخيّليّة معتدلة مكبّرة"},{"id":"d","text":"لا تتكوّن أيّ صورة"}]'::jsonb, 'a', 'حين يكون الجسم بعيدًا (d > 2f) تتقاطع الأشعّة بعد العدسة فتتكوّن صورة حقيقية يمكن إسقاطها على شاشة، وتكون مقلوبة (لتقاطع الأشعّة) ومصغّرة (لأنّها أقرب إلى العدسة من الجسم). وعلى هذا المبدأ تعمل آلة التصوير.', 8),
  ('3e90f166-17c9-578e-8714-e1035c64d5a7', '1e96ef97-b150-58ae-aa74-945473352b23', 'الوضعيّة (كهرباء): دارة بسيطة فيها مصباح مقاومته R = 30 Ω وأمبيرمتر يقرأ I = 0,2 A. ما التوتر U على طرفَي المصباح؟', '[{"id":"a","text":"150 V"},{"id":"b","text":"30,2 V"},{"id":"c","text":"6 V"},{"id":"d","text":"0,006 V"}]'::jsonb, 'c', 'المطلوب U، والمعطيات R وI، فنطبّق قانون أوم بشكله المباشر: U = R × I = 30 × 0,2 = 6 V. الخيار 150 V خطأ ناتج عن قلب القانون (30 ÷ 0,2).', 1),
  ('3f2421ee-d767-51bf-8746-a44d42703b67', '1e96ef97-b150-58ae-aa74-945473352b23', 'الوضعيّة (كيمياء): تجربة احتراق غاز الميثان وفق المعادلة CH₄ + 2O₂ → CO₂ + 2H₂O. كم جزيء ماء ينتج عن كلّ جزيء ميثان؟', '[{"id":"a","text":"جزيء واحد"},{"id":"b","text":"جزيئان"},{"id":"c","text":"أربعة جزيئات"},{"id":"d","text":"لا ينتج ماء"}]'::jsonb, 'b', 'المعامل أمام H₂O في المعادلة هو 2، أي أنّ كلّ جزيء ميثان (CH₄) يعطي جزيئَين من الماء (2H₂O). المعامل يقرأ مباشرةً من المعادلة الموزونة.', 2),
  ('993af936-bc6d-5186-8a5a-a966b4f40aac', '1e96ef97-b150-58ae-aa74-945473352b23', 'الوضعيّة (ضوء): شعاع ضوئي ينتقل من الهواء إلى الماء (الماء أكثر كثافة بصرية). كيف ينكسر الشعاع عند سطح الفصل؟', '[{"id":"a","text":"ينكسر مبتعدًا عن الناظم (i₂ > i₁)"},{"id":"b","text":"ينكسر مقتربًا من الناظم (i₂ < i₁)"},{"id":"c","text":"يواصل في خطّ مستقيم دون انكسار"},{"id":"d","text":"ينعكس كلّيًّا دون أن ينفذ"}]'::jsonb, 'b', 'عند الانتقال من وسط أقلّ كثافة بصرية (الهواء) إلى وسط أكثر كثافة (الماء) ينكسر الشعاع نحو الناظم، فتكون زاوية الانكسار i₂ أصغر من زاوية الورود i₁.', 3),
  ('3a6aac6d-171e-5498-80f9-8b7aa986a6ea', '1e96ef97-b150-58ae-aa74-945473352b23', 'الوضعيّة (كهرباء): مقاومتان R₁ = 20 Ω و R₂ = 30 Ω موصولتان على التسلسل. ما المقاومة الإجمالية للدارة؟', '[{"id":"a","text":"12 Ω"},{"id":"b","text":"50 Ω"},{"id":"c","text":"600 Ω"},{"id":"d","text":"10 Ω"}]'::jsonb, 'b', 'في التركيب على التسلسل تُجمع المقاومات: R_total = R₁ + R₂ = 20 + 30 = 50 Ω. الخيار 12 Ω خطأ لأنّه يطبّق قاعدة التوازي (1/R = 1/20 + 1/30) في موضع التسلسل.', 4),
  ('4ce33a62-ca4f-5151-af7d-c3538937cb4a', '1e96ef97-b150-58ae-aa74-945473352b23', 'الوضعيّة (كيمياء): قياس pH لثلاثة محاليل أعطى: محلول أ pH = 2، محلول ب pH = 7، محلول ج pH = 11. أيّ ترتيب صحيح؟', '[{"id":"a","text":"أ حمضي، ب محايد، ج قاعدي"},{"id":"b","text":"أ قاعدي، ب محايد، ج حمضي"},{"id":"c","text":"أ محايد، ب حمضي، ج قاعدي"},{"id":"d","text":"الثلاثة محايدة"}]'::jsonb, 'a', 'وفق سلّم pH: قيمة أقلّ من 7 حمضية، تساوي 7 محايدة، أكبر من 7 قاعدية. إذن أ (2) حمضي، ب (7) محايد، ج (11) قاعدي.', 5),
  ('50dcbcda-e6f6-52e7-ad54-96dd78e5a8e2', '1e96ef97-b150-58ae-aa74-945473352b23', 'الوضعيّة (ضوء): عدسة مجمّعة بُعدها البؤري f = 20 cm. ما قدرتها C بالديوبتر؟', '[{"id":"a","text":"C = 20 δ"},{"id":"b","text":"C = 0,05 δ"},{"id":"c","text":"C = 5 δ"},{"id":"d","text":"C = 2 δ"}]'::jsonb, 'c', 'القدرة C = 1/f مع f بالمتر. نحوّل: f = 20 cm = 0,20 m. إذن C = 1 / 0,20 = 5 δ. الخطأ الشائع هو نسيان تحويل cm إلى m فيُحسب 1/20 = 0,05.', 6),
  ('e2f1526e-3a54-504a-ad01-619273046472', 'e2a437e0-aeea-5e14-ae20-8a53cb85c225', 'وضعيّة (كهرباء): دارة تسلسلية بها مصدر U = 6 V ومقاومتان R₁ = 10 Ω و R₂ = 5 Ω. احسب شدّة التيار I في الدارة.', '[{"id":"a","text":"0,4 A"},{"id":"b","text":"1,2 A"},{"id":"c","text":"0,6 A"},{"id":"d","text":"2,5 A"}]'::jsonb, 'a', 'في التسلسل: R_total = R₁ + R₂ = 10 + 5 = 15 Ω. ثمّ I = U / R_total = 6 / 15 = 0,4 A. الخيار 1,2 A خطأ ناتج عن قلب القانون (15 ÷ ... ) أو استعمال مقاومة واحدة فقط.', 1),
  ('9fac4f19-53d7-5c31-a08d-a74739ef5a9a', 'e2a437e0-aeea-5e14-ae20-8a53cb85c225', 'وضعيّة (كيمياء): سُخّن 8 g من النحاس في الهواء فاتّحد بالأكسجين وأعطى 10 g من أكسيد النحاس. ما كتلة الأكسجين التي اتّحدت مع النحاس؟', '[{"id":"a","text":"18 g"},{"id":"b","text":"2 g"},{"id":"c","text":"8 g"},{"id":"d","text":"10 g"}]'::jsonb, 'b', 'بمبدأ انحفاظ الكتلة: كتلة المتفاعلات = كتلة النواتج، أي m(نحاس) + m(أكسجين) = m(أكسيد النحاس). إذن m(أكسجين) = 10 − 8 = 2 g. الخيار 18 g خطأ ناتج عن جمع الكتل بدل طرحها.', 2),
  ('230f10ac-5918-548b-8e11-39060aaed475', 'e2a437e0-aeea-5e14-ae20-8a53cb85c225', 'وضعيّة (ضوء): وُضع جسم أمام عدسة مجمّعة على بُعد يساوي تمامًا ضعف البُعد البؤري (d = 2f). ما طبيعة الصورة وحجمها؟', '[{"id":"a","text":"حقيقية مقلوبة مصغّرة"},{"id":"b","text":"حقيقية مقلوبة مساوية للجسم في الحجم"},{"id":"c","text":"تخيّليّة معتدلة مكبّرة"},{"id":"d","text":"حقيقية معتدلة مكبّرة"}]'::jsonb, 'b', 'عند d = 2f تتكوّن صورة حقيقية (الأشعّة تتقاطع فعليًّا)، مقلوبة (لتقاطع الأشعّة)، ومساوية للجسم في الحجم (التكبير |γ| = 1). وهذه الحالة هي الحدّ الفاصل بين الصورة المصغّرة (d > 2f) والمكبّرة (f < d < 2f).', 3),
  ('4206e6fd-2b14-5b27-91eb-8c40852de0c6', 'e2a437e0-aeea-5e14-ae20-8a53cb85c225', 'وضعيّة (كهرباء) — تتمّة السؤال السابق (I = 0,4 A، R₁ = 10 Ω): ما التوتر U₁ على طرفَي المقاومة R₁؟', '[{"id":"a","text":"6 V"},{"id":"b","text":"4 V"},{"id":"c","text":"2 V"},{"id":"d","text":"25 V"}]'::jsonb, 'b', 'التيار نفسه يمرّ في كلّ عناصر التسلسل (I = 0,4 A). نطبّق قانون أوم على R₁: U₁ = R₁ × I = 10 × 0,4 = 4 V. وللتحقّق: U₂ = R₂ × I = 5 × 0,4 = 2 V، ومجموعهما U₁ + U₂ = 4 + 2 = 6 V = توتر المصدر ✓.', 4),
  ('baf3dea8-a92c-5685-a52a-02d988942e1d', 'e2a437e0-aeea-5e14-ae20-8a53cb85c225', 'وضعيّة (كيمياء): يُمثَّل احتراق الكربون في وفرة من الأكسجين بالمعادلة غير الموزونة C + O₂ → CO. ما الموازنة الصحيحة لتكوين أحادي أكسيد الكربون CO؟', '[{"id":"a","text":"C + O₂ → CO"},{"id":"b","text":"2C + O₂ → 2CO"},{"id":"c","text":"C + 2O₂ → 2CO"},{"id":"d","text":"2C + 2O₂ → 2CO"}]'::jsonb, 'b', 'في الصيغة الأصلية الأكسجين 2 يسارًا (O₂) و1 يمينًا (CO) فهي غير موزونة. بوضع 2C + O₂ → 2CO: الكربون يسارًا 2 ويمينًا 2×1=2 ✓؛ الأكسجين يسارًا 2 ويمينًا 2×1=2 ✓. إذن المعادلة موزونة. نوازن بتغيير المعاملات فقط لا الأرقام السفلية.', 5),
  ('8c02a838-5105-5c40-9106-8b252a765096', 'e2a437e0-aeea-5e14-ae20-8a53cb85c225', 'وضعيّة (ضوء): عدسة مجمّعة قدرتها C = 4 δ. ما بُعدها البؤري f بالسنتيمتر؟', '[{"id":"a","text":"f = 4 cm"},{"id":"b","text":"f = 0,25 cm"},{"id":"c","text":"f = 25 cm"},{"id":"d","text":"f = 40 cm"}]'::jsonb, 'c', 'من العلاقة C = 1/f نستخرج f = 1/C = 1/4 = 0,25 m. والمطلوب بالسنتيمتر: 0,25 m = 25 cm. الخيار 4 cm خطأ ناتج عن الخلط بين القدرة والبُعد البؤري، والخيار 0,25 cm خطأ في عدم تحويل المتر إلى سنتيمتر.', 6),
  ('1cd2aee2-52d5-56c4-a482-e969177b3b8d', 'cfb1570d-afbc-532a-84f8-7a206484383c', 'وضعيّة (كهرباء): مقاومتان R₁ = 6 Ω و R₂ = 3 Ω موصولتان على التوازي بمصدر U = 12 V. احسب شدّة التيار الكلّي I الذي يسحبه المصدر.', '[{"id":"a","text":"1,33 A"},{"id":"b","text":"6 A"},{"id":"c","text":"0,75 A"},{"id":"d","text":"4 A"}]'::jsonb, 'b', 'في التوازي التوتر نفسه على كلّ مقاومة (U₁ = U₂ = 12 V). نحسب تيار كلّ فرع: I₁ = U/R₁ = 12/6 = 2 A، و I₂ = U/R₂ = 12/3 = 4 A. التيار الكلّي = مجموع تيارات الفروع: I = I₁ + I₂ = 2 + 4 = 6 A. (تحقّق بالمقاومة الإجمالية: 1/R = 1/6 + 1/3 = 3/6 = 1/2 ⟹ R = 2 Ω، و I = 12/2 = 6 A ✓.)', 1),
  ('e45fc2a9-973d-55ef-95ef-71201603dddb', 'cfb1570d-afbc-532a-84f8-7a206484383c', 'وضعيّة (كيمياء): تحترق صفيحة من المغنيزيوم في الأكسجين فينتج أكسيد المغنيزيوم MgO وفق Mg + O₂ → MgO. ما الموازنة الصحيحة؟', '[{"id":"a","text":"Mg + O₂ → MgO"},{"id":"b","text":"2Mg + O₂ → 2MgO"},{"id":"c","text":"Mg + 2O₂ → 2MgO"},{"id":"d","text":"2Mg + 2O₂ → 2MgO"}]'::jsonb, 'b', 'في الصيغة الأصلية الأكسجين 2 يسارًا (O₂) و1 يمينًا (MgO) فهي غير موزونة. بوضع 2Mg + O₂ → 2MgO: المغنيزيوم يسارًا 2 ويمينًا 2 ✓؛ الأكسجين يسارًا 2 ويمينًا 2×1=2 ✓. إذن المعادلة موزونة. تذكّر: نوازن بالمعاملات فقط.', 2),
  ('d63138e7-5f2f-564e-99c3-b32e3bd06537', 'cfb1570d-afbc-532a-84f8-7a206484383c', 'وضعيّة (كيمياء): في تفاعل احتراق المغنيزيوم احترق 6 g من المغنيزيوم مع 4 g من الأكسجين. ما كتلة أكسيد المغنيزيوم المتكوّن، وهل بقي متفاعل دون استهلاك إن علمنا أنّ كلّ الكتلتَين تفاعلتا؟', '[{"id":"a","text":"10 g، ولم يبقَ متفاعل"},{"id":"b","text":"2 g، وبقي أكسجين"},{"id":"c","text":"24 g، ولم يبقَ متفاعل"},{"id":"d","text":"6 g، وبقي مغنيزيوم"}]'::jsonb, 'a', 'بانحفاظ الكتلة وبما أنّ الكتلتَين تفاعلتا بالكامل: كتلة الناتج = مجموع كتل المتفاعلات = 6 + 4 = 10 g. ولأنّ المتفاعلَين استُهلكا كلّيًّا فلم يبقَ شيء. الخيار 2 g خطأ ناتج عن الطرح بدل الجمع.', 3),
  ('fc12a31a-4129-5b3f-8017-60fd366a6949', 'cfb1570d-afbc-532a-84f8-7a206484383c', 'وضعيّة (ضوء): جسم وُضع على بُعد OA = 30 cm أمام عدسة مجمّعة بُعدها البؤري f = 20 cm. باستعمال علاقة المقرّبات (1/OA'' − 1/OA = 1/f) مع الاتّجاه الجبري (OA = −30 cm)، ما موضع الصورة OA''؟', '[{"id":"a","text":"OA'' = +60 cm (صورة حقيقية خلف العدسة)"},{"id":"b","text":"OA'' = +12 cm (صورة حقيقية خلف العدسة)"},{"id":"c","text":"OA'' = −60 cm (صورة تخيّليّة أمام العدسة)"},{"id":"d","text":"OA'' = +50 cm (صورة حقيقية خلف العدسة)"}]'::jsonb, 'a', 'نطبّق العلاقة: 1/OA'' = 1/f + 1/OA = 1/20 + 1/(−30). بتوحيد المقام (60): = 3/60 − 2/60 = 1/60 ⟹ OA'' = +60 cm. الإشارة الموجبة تدلّ على أنّ الصورة خلف العدسة (في الجهة المقابلة للجسم)، فهي صورة حقيقية. ولأنّ f < OA < 2f (20 < 30 < 40) فالصورة مكبّرة.', 4),
  ('f469f129-db29-5c93-8857-0ce1abc2b6ba', 'cfb1570d-afbc-532a-84f8-7a206484383c', 'وضعيّة (ضوء) — تتمّة: في السؤال السابق (OA = −30 cm، OA'' = +60 cm) كان طول الجسم AB = 2 cm. ما طول الصورة |A''B''| واتّجاهها؟', '[{"id":"a","text":"|A''B''| = 4 cm، مقلوبة"},{"id":"b","text":"|A''B''| = 4 cm، معتدلة"},{"id":"c","text":"|A''B''| = 1 cm، مقلوبة"},{"id":"d","text":"|A''B''| = 2 cm، مقلوبة"}]'::jsonb, 'a', 'نحسب التكبير الخطّي: γ = OA''/OA = (+60)/(−30) = −2. الإشارة السالبة تعني الصورة مقلوبة، و|γ| = 2 يعني مكبّرة مرّتين. طول الصورة: |A''B''| = |γ| × AB = 2 × 2 = 4 cm. إذن صورة مقلوبة طولها 4 cm، وهو ما يوافق الصورة الحقيقية المكبّرة عندما يكون الجسم بين f و 2f.', 5),
  ('de42712b-4607-538b-989e-490da770e0fc', 'cfb1570d-afbc-532a-84f8-7a206484383c', 'وضعيّة (كهرباء/تركيب): دارة فيها مصدر U = 12 V يغذّي مقاومتَين على التسلسل R₁ = 4 Ω و R₂ = 8 Ω. ما القدرة الكهربائية المستهلكة في R₂ (تُحسب بـ P = U₂ × I)؟', '[{"id":"a","text":"8 W"},{"id":"b","text":"1 A فقط"},{"id":"c","text":"16 W"},{"id":"d","text":"96 W"}]'::jsonb, 'a', 'الخطوة 1 — التيار: R_total = R₁ + R₂ = 4 + 8 = 12 Ω، و I = U/R_total = 12/12 = 1 A (نفسه في كلّ التسلسل). الخطوة 2 — التوتر على R₂: U₂ = R₂ × I = 8 × 1 = 8 V. الخطوة 3 — القدرة: P₂ = U₂ × I = 8 × 1 = 8 W. الخيار 96 W خطأ ناتج عن استعمال توتر المصدر الكامل (12 V) بدل التوتر الجزئي U₂.', 6),
  ('6d99f9d8-fcb6-5a7d-9baf-459d334b4cd6', 'b9f2bdad-5941-5c18-8f7a-6a75f83de4c7', 'Lisez ce passage :

« On vantait partout sa générosité ; il ne donnait pourtant qu''à ceux dont il attendait un retour. Les nécessiteux véritables, eux, restaient à sa porte. »

Que laisse inférer ce passage sur le personnage ?', '[{"id":"a","text":"Sa générosité est sincère mais mal comprise du public."},{"id":"b","text":"Sa prétendue générosité n''est qu''un calcul intéressé."},{"id":"c","text":"Il aide en priorité les personnes les plus démunies."},{"id":"d","text":"Il ignore que sa réputation est usurpée."}]'::jsonb, 'b', 'L''opposition marquée par « pourtant » entre la réputation (« on vantait sa générosité ») et les faits (« il ne donnait qu''à ceux dont il attendait un retour ») révèle un intérêt déguisé en bienfaisance ; le sort des « nécessiteux véritables » le confirme. (a) prend la réputation pour argent comptant. (c) est l''inverse de ce que dit le texte. (d) invente un état mental absent du passage.', 1),
  ('ab216150-dd83-579a-8f57-80bb1ed85e02', 'b9f2bdad-5941-5c18-8f7a-6a75f83de4c7', 'Dans la phrase « Le rapport, que la commission avait longtemps tenu secret, fut enfin rendu public », quelle est la nature et la fonction de la proposition « que la commission avait longtemps tenu secret » ?', '[{"id":"a","text":"Une subordonnée complétive, COD du verbe « fut »."},{"id":"b","text":"Une subordonnée relative, complément de l''antécédent « rapport »."},{"id":"c","text":"Une subordonnée circonstancielle de cause."},{"id":"d","text":"Une proposition indépendante juxtaposée."}]'::jsonb, 'b', 'Introduite par le pronom relatif « que » (qui reprend l''antécédent « rapport » et y exerce la fonction de COD de « avait tenu »), la proposition est une subordonnée relative qui complète le nom « rapport ». Une complétive (a) serait introduite par la conjonction « que » et compléterait un verbe, non un nom. Il n''y a ni valeur causale (c) ni juxtaposition (d) : la proposition est enchâssée et dépend du nom.', 2),
  ('e2e27486-5901-5b7b-9f51-3fe5324ca8d7', 'b9f2bdad-5941-5c18-8f7a-6a75f83de4c7', 'Quelle phrase respecte correctement l''accord du participe passé ?', '[{"id":"a","text":"Les décisions que le conseil a prises ont surpris l''assemblée."},{"id":"b","text":"Les décisions que le conseil a pris ont surpris l''assemblée."},{"id":"c","text":"Les décisions que le conseil a prise ont surpris l''assemblée."},{"id":"d","text":"Les décisions que le conseil ont prises ont surpris l''assemblée."}]'::jsonb, 'a', 'Avec l''auxiliaire « avoir », le participe passé s''accorde avec le COD lorsque celui-ci est placé avant le verbe. Ici le COD est « que », mis pour « les décisions » (féminin pluriel), antéposé : on écrit donc « prises ». (b) et (c) négligent ou faussent l''accord. (d) commet en outre une faute d''accord sujet-verbe (« le conseil ont »).', 3),
  ('3abac0a4-d792-5edc-93ef-a33f33d4859e', 'b9f2bdad-5941-5c18-8f7a-6a75f83de4c7', 'Choisissez le mot juste : « Faute de preuves, l''enquêteur en fut réduit à de simples ______ sur le mobile du crime. »', '[{"id":"a","text":"conjonctures"},{"id":"b","text":"conjectures"},{"id":"c","text":"confitures"},{"id":"d","text":"conjugaisons"}]'::jsonb, 'b', '« Conjecture » désigne une hypothèse fondée sur des indices incertains : « faute de preuves » impose ce sens. Le paronyme « conjoncture » (a) désigne une situation économique ou sociale à un moment donné et ne convient pas. (c) et (d) sont des intrus sans rapport sémantique, glissés pour tester la lecture attentive.', 4),
  ('3375ad20-96fe-554b-9520-fc7939ef43fb', 'b9f2bdad-5941-5c18-8f7a-6a75f83de4c7', 'Lisez ce passage :

« Il prétendait n''avoir rien remarqué. Mais ses mains tremblaient, sa voix se brisait, et il évitait soigneusement de croiser nos regards. »

Quel est l''effet produit par la succession des trois notations après « Mais » ?', '[{"id":"a","text":"Une énumération accumulative qui dément, par les indices physiques, la dénégation du personnage."},{"id":"b","text":"Une gradation descendante qui atténue progressivement le trouble du personnage."},{"id":"c","text":"Une comparaison qui rapproche le personnage d''un coupable type."},{"id":"d","text":"Une digression qui détourne l''attention du sujet principal."}]'::jsonb, 'a', 'Les trois propositions juxtaposées (« ses mains tremblaient, sa voix se brisait, et il évitait… ») forment une accumulation d''indices corporels qui contredisent la dénégation initiale (« il prétendait n''avoir rien remarqué ») : le « Mais » articule cette opposition. Il n''y a pas d''affaiblissement (b), pas de comparaison explicite (c), et ces notations sont au cœur du propos, non une digression (d).', 5),
  ('766d61e0-2be1-5e35-979c-76c48ce2154c', 'b9f2bdad-5941-5c18-8f7a-6a75f83de4c7', 'Complétez en respectant la concordance des temps : « Je savais bien qu''un jour il ______ la vérité, quelles qu''en fussent les conséquences. »', '[{"id":"a","text":"dira"},{"id":"b","text":"dirait"},{"id":"c","text":"dise"},{"id":"d","text":"ait dit"}]'::jsonb, 'b', 'La principale est au passé (« je savais »), et la subordonnée exprime un fait postérieur à ce moment passé : on emploie alors le conditionnel présent à valeur de futur dans le passé, « dirait ». Le futur « dira » (a) conviendrait après une principale au présent. Le subjonctif (c) n''est pas commandé ici par « savoir » à la forme affirmative. (d) introduit un temps composé sans justification.', 6),
  ('82f28540-d59d-5d25-b090-d08b1f2dcc68', 'b9f2bdad-5941-5c18-8f7a-6a75f83de4c7', 'Lisez ce passage :

« La réforme, présentée comme une avancée sociale, ne profitera, en réalité, qu''aux mieux pourvus. On l''a parée de toutes les vertus ; le temps en dira la véritable nature. »

Quel mot ou groupe de mots porte le plus nettement la prise de position critique de l''auteur ?', '[{"id":"a","text":"« présentée comme une avancée sociale »"},{"id":"b","text":"« en réalité »"},{"id":"c","text":"« la réforme »"},{"id":"d","text":"« le temps »"}]'::jsonb, 'b', 'La locution « en réalité » oppose explicitement l''apparence (« présentée comme une avancée ») à ce que l''auteur tient pour le fait véritable : elle signale le démenti et donc la position critique. « Présentée comme » (a) introduit certes l''apparence trompeuse mais c''est « en réalité » qui marque la rupture critique. « La réforme » (c) et « le temps » (d) sont des éléments neutres du propos.', 7),
  ('b09c3bfa-b228-56cd-99f9-54366c124d14', 'b9f2bdad-5941-5c18-8f7a-6a75f83de4c7', 'Dans la phrase « Ses remarques acérées blessaient sans qu''il en eût conscience », quel énoncé analyse correctement à la fois le sens de « acérées » et le mode du verbe « eût » ?', '[{"id":"a","text":"« Acérées » signifie chaleureuses ; « eût » est un conditionnel passé."},{"id":"b","text":"« Acérées » signifie incisives, mordantes ; « eût » est un subjonctif imparfait commandé par « sans que »."},{"id":"c","text":"« Acérées » signifie maladroites ; « eût » est un plus-que-parfait de l''indicatif."},{"id":"d","text":"« Acérées » signifie hésitantes ; « eût » est un futur antérieur."}]'::jsonb, 'b', '« Acéré », au sens figuré, qualifie des propos tranchants, mordants — cohérent avec « blessaient ». La locution conjonctive « sans que » commande le subjonctif : « eût » est ici un subjonctif imparfait (forme soutenue de « ait »), et non un conditionnel (a), un indicatif plus-que-parfait (c) ou un futur antérieur (d). Les sens proposés en (a), (c) et (d) contredisent en outre l''idée de blessure.', 8),
  ('f8565956-c4bb-50ef-ab48-27cbb2f6ef63', '38655883-4f78-5df4-b448-466ffb2dd3b2', 'Lisez attentivement ce texte, support de toute l''épreuve :

« Monsieur Lévêque passait, dans le quartier, pour un homme affable. Il saluait chacun, s''enquérait de la santé des uns, des affaires des autres ; nul ne l''avait jamais entendu hausser le ton. Pourtant, ceux qui travaillaient sous ses ordres en parlaient à voix basse : derrière les portes closes, l''homme affable se faisait âpre, et sa courtoisie de façade tombait comme un masque. »

[COMPRÉHENSION] Quelle vérité sur le personnage ce texte conduit-il à inférer ?', '[{"id":"a","text":"Sa courtoisie publique masque une dureté que seuls ses subordonnés connaissent."},{"id":"b","text":"Il est uniformément doux, en public comme en privé."},{"id":"c","text":"Les habitants du quartier le détestent ouvertement."},{"id":"d","text":"Ses subordonnés le respectent pour sa franchise constante."}]'::jsonb, 'a', 'L''opposition annoncée par « Pourtant » oppose la réputation publique (« un homme affable ») au témoignage des subordonnés (« âpre », « courtoisie de façade »), et l''image du « masque » qui « tombe » scelle l''inférence : la douceur n''est qu''une apparence. (b) ignore le « Pourtant » et le second visage du personnage. (c) est faux : le quartier l''apprécie. (d) contredit le ton inquiet (« à voix basse ») des subordonnés.', 1),
  ('ccb068ce-d222-5367-99dd-98988ced687b', '38655883-4f78-5df4-b448-466ffb2dd3b2', '[LEXIQUE] Dans le texte, l''adjectif « âpre » appliqué à l''homme « derrière les portes closes » signifie :', '[{"id":"a","text":"Aimable et chaleureux."},{"id":"b","text":"Rude, dur et désagréable dans ses rapports."},{"id":"c","text":"Distrait et insouciant."},{"id":"d","text":"Timide et effacé."}]'::jsonb, 'b', '« Âpre », au sens propre, qualifie une saveur rude ; au sens figuré, un caractère ou un ton dur, rêche, sans douceur. Le contexte (opposition à « affable », « masque » qui tombe) impose cette valeur. (a) en est l''antonyme. (c) et (d) introduisent des traits absents du texte et incompatibles avec la dureté décrite.', 2),
  ('28fc8b33-1a6c-5e88-9c8f-57e07682634d', '38655883-4f78-5df4-b448-466ffb2dd3b2', '[SYNTAXE] Dans la phrase « ceux qui travaillaient sous ses ordres en parlaient à voix basse », quelle est la fonction de la proposition « qui travaillaient sous ses ordres » ?', '[{"id":"a","text":"Subordonnée relative, complément de l''antécédent « ceux »."},{"id":"b","text":"Subordonnée complétive, COD de « parlaient »."},{"id":"c","text":"Subordonnée circonstancielle de temps."},{"id":"d","text":"Proposition principale."}]'::jsonb, 'a', 'Le pronom relatif « qui » reprend l''antécédent « ceux » et introduit une relative qui le détermine (de qui parle-t-on ? de ceux qui travaillaient sous ses ordres). Une complétive (b) serait introduite par « que » conjonction et compléterait un verbe. Il n''y a pas de valeur temporelle (c), et la principale est « ceux… en parlaient à voix basse » (d).', 3),
  ('966c30fa-0738-5b10-8f72-7d212cdac238', '38655883-4f78-5df4-b448-466ffb2dd3b2', '[GRAMMAIRE] Quelle réécriture conserve un accord parfaitement correct ?', '[{"id":"a","text":"La courtoisie qu''il avait affichée toute la journée tomba d''un coup."},{"id":"b","text":"La courtoisie qu''il avait affiché toute la journée tomba d''un coup."},{"id":"c","text":"La courtoisie qu''il avait affichés toute la journée tomba d''un coup."},{"id":"d","text":"La courtoisie qu''il avaient affichée toute la journée tomba d''un coup."}]'::jsonb, 'a', 'Avec « avoir », le participe passé s''accorde avec le COD antéposé : ici « qu'' » mis pour « la courtoisie » (féminin singulier), placé avant « avait affichée » → « affichée ». (b) néglige l''accord. (c) met un pluriel injustifié. (d) commet en outre une faute d''accord sujet-verbe (« il avaient »).', 4),
  ('b39f3841-74ef-53de-8648-ee43d15429b8', '38655883-4f78-5df4-b448-466ffb2dd3b2', '[LEXIQUE — paronymes] Pour qualifier la fausse cordialité du personnage, on pourrait dire qu''il faisait preuve de « ______ ». Choisissez le mot juste, sans le confondre avec son paronyme.', '[{"id":"a","text":"dissimulation"},{"id":"b","text":"dissipation"},{"id":"c","text":"dissertation"},{"id":"d","text":"dissension"}]'::jsonb, 'a', '« Dissimulation » désigne l''action de cacher ses véritables sentiments ou intentions — exactement le « masque » décrit dans le texte. « Dissipation » (b) évoque le fait de gaspiller, ou un manque de concentration. « Dissertation » (c) est un exercice écrit. « Dissension » (d) désigne un désaccord profond entre personnes. Seul (a) convient au sens visé.', 5),
  ('8e09901c-fd3c-5a9c-9544-0216fdde2ac8', '38655883-4f78-5df4-b448-466ffb2dd3b2', '[GRAMMAIRE — concordance] Complétez en respectant la concordance des temps : « Ses subordonnés affirmaient que, dès que la porte ______, l''homme changeait de visage. »', '[{"id":"a","text":"se referme"},{"id":"b","text":"se refermait"},{"id":"c","text":"se refermera"},{"id":"d","text":"se soit refermée"}]'::jsonb, 'b', 'La principale est au passé (« affirmaient ») et décrit une habitude passée (« changeait de visage ») : la subordonnée temporelle, qui exprime une action concomitante et répétée dans ce cadre passé, prend l''imparfait, « se refermait ». Le présent (a) et le futur (c) rompent la concordance avec un récit au passé. Le subjonctif (d) n''est pas commandé par « dès que », qui régit l''indicatif.', 6),
  ('4f70f10b-563d-576a-8424-b798ff3c453f', '6419b53e-71ab-5c5e-9801-72544a707d1a', '[LEXIQUE — sens précis] Dans le texte, le verbe « colporter » signifie :', '[{"id":"a","text":"Démentir publiquement une fausse nouvelle."},{"id":"b","text":"Répandre, propager de bouche à oreille une nouvelle, souvent une rumeur."},{"id":"c","text":"Vérifier l''exactitude d''une information avant de la diffuser."},{"id":"d","text":"Garder une information pour soi par discrétion."}]'::jsonb, 'b', '« Colporter » (étymologiquement « porter à son cou », comme le marchand ambulant) signifie répandre, propager une nouvelle de proche en proche — péjoratif quand il s''agit d''une rumeur. Le contexte (« tous l''ont colportée ») confirme l''idée de diffusion. (a), (c) et (d) décrivent des comportements inverses (démentir, vérifier, taire).', 1),
  ('759d6691-82c9-58b7-b4a1-8528cea9c6ce', '6419b53e-71ab-5c5e-9801-72544a707d1a', 'Lisez ce texte, support de toute l''épreuve :

« La rumeur ne marche jamais seule : elle avance escortée de tous ceux qui jurent ne pas y croire et qui, pourtant, la répètent. Chacun la transmet en l''allégeant de sa propre responsabilité — « on dit que… », « il paraît que… » —, si bien qu''à la fin nul ne l''a affirmée et que tous l''ont colportée. C''est là sa ruse : naître de personne pour s''imposer à tous. »

[COMPRÉHENSION — implicite] Quelle idée l''auteur défend-il à travers ce texte ?', '[{"id":"a","text":"La rumeur se propage précisément parce que chacun s''en croit irresponsable tout en la diffusant."},{"id":"b","text":"La rumeur ne circule que parmi ceux qui y croient sincèrement."},{"id":"c","text":"La rumeur disparaît dès que personne ne veut l''affirmer."},{"id":"d","text":"La rumeur est toujours fondée sur des faits vérifiables."}]'::jsonb, 'a', 'Le paradoxe central — « nul ne l''a affirmée et tous l''ont colportée » — montre que la diffusion repose sur la déresponsabilisation de chacun (« en l''allégeant de sa propre responsabilité »). (b) est contredit par « ceux qui jurent ne pas y croire et qui la répètent ». (c) inverse la thèse : c''est justement que personne ne l''assume qu''elle prospère. (d) n''a aucun appui dans le texte.', 2),
  ('bebb8ff8-4c6c-58af-864a-e214786fe43e', '6419b53e-71ab-5c5e-9801-72544a707d1a', '[SYNTAXE — ponctuation et structure] Dans la phrase « C''est là sa ruse : naître de personne pour s''imposer à tous », quelle est la valeur des deux-points ?', '[{"id":"a","text":"Ils annoncent une explication : ce qui suit définit en quoi consiste « sa ruse »."},{"id":"b","text":"Ils introduisent une citation rapportée au discours direct."},{"id":"c","text":"Ils marquent une simple énumération de plusieurs éléments."},{"id":"d","text":"Ils signalent une opposition entre deux propositions contraires."}]'::jsonb, 'a', 'Les deux-points introduisent ici une explicitation : après avoir nommé « sa ruse », l''auteur précise en quoi elle consiste (« naître de personne pour s''imposer à tous »). Ce n''est pas une citation (b) — il n''y a ni guillemets ni verbe de parole —, ni une énumération (c), ni une opposition (d), qui appellerait plutôt « mais » ou un point-virgule entre deux idées contraires.', 3),
  ('29709e99-70e0-597e-b8e5-c5efe47be0b5', '6419b53e-71ab-5c5e-9801-72544a707d1a', '[LEXIQUE — paronymes] Pour désigner la personne qui propage une rumeur, on emploiera le mot juste. Lequel, sans le confondre avec son paronyme ?', '[{"id":"a","text":"un délateur"},{"id":"b","text":"un détracteur"},{"id":"c","text":"un colporteur"},{"id":"d","text":"un correcteur"}]'::jsonb, 'c', '« Colporteur » (de rumeurs) désigne celui qui les répand, en cohérence avec le verbe « colporter » du texte. « Délateur » (a) dénonce quelqu''un aux autorités. « Détracteur » (b) critique et cherche à rabaisser une personne ou une œuvre. « Correcteur » (d) corrige des fautes. Seul « colporteur » nomme l''agent de la propagation.', 4),
  ('388e036e-cd33-5c4e-9d91-4d1600e416ad', '6419b53e-71ab-5c5e-9801-72544a707d1a', '[GRAMMAIRE — mode] Réécrivons l''idée du texte : « Il est étonnant que personne n''______ jamais cette rumeur et que tous la répandent. » Quelle forme verbale convient ?', '[{"id":"a","text":"affirme"},{"id":"b","text":"affirmera"},{"id":"c","text":"a affirmé"},{"id":"d","text":"affirmait"}]'::jsonb, 'a', 'La tournure « Il est étonnant que… » exprime un sentiment et commande le subjonctif : on écrit « n''affirme » (subjonctif présent), en parallèle avec « que tous la répandent », lui aussi au subjonctif. Le futur (b), le passé composé de l''indicatif (c) et l''imparfait de l''indicatif (d) ne sont pas régis par cette construction expressive.', 5),
  ('a5511b2b-1054-5205-bebc-e62e6ba38318', '6419b53e-71ab-5c5e-9801-72544a707d1a', '[SYNTAXE + COMPRÉHENSION] La proposition « si bien qu''à la fin nul ne l''a affirmée et que tous l''ont colportée » est une subordonnée. Quelle est sa valeur logique, et que souligne-t-elle dans l''argumentation ?', '[{"id":"a","text":"Valeur de conséquence : elle expose le résultat du mécanisme décrit (la déresponsabilisation aboutit à une diffusion anonyme)."},{"id":"b","text":"Valeur de cause : elle indique pourquoi la rumeur existe."},{"id":"c","text":"Valeur de but : elle exprime l''objectif visé par les locuteurs."},{"id":"d","text":"Valeur de condition : elle pose une hypothèse non réalisée."}]'::jsonb, 'a', 'La locution « si bien que » introduit une subordonnée circonstancielle de conséquence : elle énonce le résultat du processus décrit juste avant (chacun allège sa responsabilité). Elle souligne ainsi le paradoxe — diffusion maximale, responsabilité nulle. Ce n''est pas une cause (b : on dirait « parce que »), ni un but (c : « afin que »), ni une condition (d : « si »).', 6),
  ('095ee978-daef-52a9-ac8d-046d80c81024', '29169835-f5bb-546d-b09a-54a5fc7e260f', '[LEXIQUE — paronyme/nuance] Dans le texte, le mot « pusillanime » signifie :', '[{"id":"a","text":"Magnanime, d''une grandeur d''âme généreuse."},{"id":"b","text":"Qui manque de courage, craintif devant le risque et la décision."},{"id":"c","text":"Méticuleux et soucieux du détail."},{"id":"d","text":"Versatile, qui change sans cesse d''avis."}]'::jsonb, 'b', '« Pusillanime » (du latin pusillus animus, « âme petite ») qualifie celui qui manque de courage et de fermeté, qui recule devant le risque. Le contexte (« peur déguisée en sagesse », « jamais il ne s''engageait qu''à demi ») l''impose. « Magnanime » (a) en est presque l''antonyme moral. (c) et (d) décrivent d''autres défauts (minutie, inconstance) sans rapport avec l''absence de courage.', 1),
  ('af7c8f70-d1a9-50c6-a081-1efc1c20792b', '29169835-f5bb-546d-b09a-54a5fc7e260f', 'Lisez ce texte exigeant, support de toute l''épreuve :

« On le disait prudent ; il n''était que pusillanime. Cette prudence dont on le créditait, et qu''il revendiquait volontiers, n''était qu''une peur déguisée en sagesse. Jamais il n''avançait sans s''être ménagé une retraite ; jamais il ne s''engageait qu''à demi, de sorte qu''on ne pût lui reprocher ni l''échec, dont il se lavait par avance, ni le succès, qu''il n''avait jamais vraiment risqué. Eût-il osé une seule fois, on l''eût peut-être admiré ; il préféra qu''on l''estimât, ce qui coûte moins. »

[COMPRÉHENSION — implicite/ironie] Quelle est la thèse réelle de l''auteur sur ce personnage ?', '[{"id":"a","text":"L''auteur célèbre une prudence exemplaire qui a préservé le personnage de tout échec."},{"id":"b","text":"Sous couvert de prudence, le personnage dissimule une lâcheté calculée qui lui épargne tout risque."},{"id":"c","text":"Le personnage est un audacieux que la rumeur a injustement diminué."},{"id":"d","text":"L''auteur reste neutre et se contente de décrire un tempérament mesuré."}]'::jsonb, 'b', 'Dès la première phrase, l''antithèse « prudent / pusillanime » dévoile la critique, confirmée par « une peur déguisée en sagesse » et par le calcul décrit (ni échec ni succès, jamais rien risqué). (a) prend l''éloge apparent au pied de la lettre. (c) inverse le portrait : le texte nie toute audace (« jamais… qu''à demi »). (d) ignore l''ironie mordante et le jugement explicite de l''auteur.', 2),
  ('b1d2bc86-bf86-527b-8ddf-69e22c4356e2', '29169835-f5bb-546d-b09a-54a5fc7e260f', '[GRAMMAIRE — mode/temps soutenu] Dans « Eût-il osé une seule fois, on l''eût peut-être admiré », comment analyse-t-on les deux formes en « eût » ?', '[{"id":"a","text":"Ce sont deux conditionnels passés (2e forme) exprimant une hypothèse non réalisée dans le passé ; « Eût-il osé » équivaut à « S''il avait osé »."},{"id":"b","text":"Ce sont deux subjonctifs présents marquant un souhait."},{"id":"c","text":"Ce sont deux passés simples de l''indicatif énonçant des faits avérés."},{"id":"d","text":"Ce sont deux futurs antérieurs annonçant des événements certains."}]'::jsonb, 'a', '« Eût osé » et « eût admiré » sont des conditionnels passés deuxième forme (homonymes du plus-que-parfait du subjonctif), tournure soutenue de l''irréel du passé. L''inversion « Eût-il osé » remplace « S''il avait osé » et pose une hypothèse contraire aux faits (il n''a jamais osé). Ce ne sont ni des subjonctifs de souhait (b), ni des passés simples de faits réels (c) — le texte dit l''inverse —, ni des futurs antérieurs (d).', 3),
  ('ff3d65f3-a07b-5787-8931-694b37d358e9', '29169835-f5bb-546d-b09a-54a5fc7e260f', '[SYNTAXE — subordination et logique] La proposition « de sorte qu''on ne pût lui reprocher ni l''échec… ni le succès… » : quelle est sa valeur, et qu''apporte le mode du verbe « pût » ?', '[{"id":"a","text":"Conséquence visée : le subjonctif « pût » marque que ce résultat était recherché, presque un but que le personnage s''assignait."},{"id":"b","text":"Cause réelle : le subjonctif indique un fait certain et accompli."},{"id":"c","text":"Comparaison : la subordonnée met deux situations en parallèle."},{"id":"d","text":"Temps : la subordonnée situe l''action dans la durée."}]'::jsonb, 'a', '« De sorte que » suivi du subjonctif (« pût ») exprime une conséquence voulue, teintée de finalité : le personnage agissait à demi afin qu''on ne pût rien lui reprocher. Le subjonctif souligne précisément ce caractère recherché (par opposition à « de sorte qu''on ne pouvait », indicatif, qui signalerait une simple conséquence de fait). Il ne s''agit ni d''une cause (b), ni d''une comparaison (c), ni d''une circonstancielle de temps (d).', 4),
  ('a4021c34-6085-5253-a2df-13d29fdee570', '29169835-f5bb-546d-b09a-54a5fc7e260f', '[GRAMMAIRE — accord du participe passé] Choisissez la phrase dont l''accord est rigoureusement correct.', '[{"id":"a","text":"Les retraites qu''il s''était toujours ménagées le protégeaient de tout reproche."},{"id":"b","text":"Les retraites qu''il s''était toujours ménagé le protégeaient de tout reproche."},{"id":"c","text":"Les retraites qu''il s''était toujours ménagés le protégeaient de tout reproche."},{"id":"d","text":"Les retraites qu''il s''était toujours ménager le protégeaient de tout reproche."}]'::jsonb, 'a', 'Avec un verbe pronominal comme « se ménager », le participe passé s''accorde avec le COD s''il précède le verbe. Ici « se » est COI (ménager quelque chose à soi) et le COD est « qu'' », mis pour « les retraites » (féminin pluriel), antéposé → « ménagées ». (b) et (c) faussent le genre ou le nombre de l''accord. (d) emploie un infinitif à la place du participe : faute majeure.', 5),
  ('bd984a6b-8d79-5b8b-9bcb-e48edf379300', '29169835-f5bb-546d-b09a-54a5fc7e260f', '[LEXIQUE + COMPRÉHENSION] La chute « il préféra qu''on l''estimât, ce qui coûte moins » repose sur une distinction fine entre « admirer » et « estimer ». Quelle interprétation est la plus juste ?', '[{"id":"a","text":"« Admirer » suppose l''éclat d''un acte risqué, tandis qu''« estimer » se contente d''un mérite tranquille ; le personnage choisit la reconnaissance la moins exigeante."},{"id":"b","text":"« Admirer » et « estimer » sont strictement synonymes ; la phrase ne fait que les répéter."},{"id":"c","text":"« Estimer » implique plus d''enthousiasme qu''« admirer » ; le personnage vise donc le sentiment le plus fort."},{"id":"d","text":"« Estimer » signifie ici « évaluer une quantité » ; la phrase porte sur un calcul chiffré."}]'::jsonb, 'a', 'L''admiration naît d''un éclat, d''un exploit qui force l''enthousiasme ; l''estime, plus mesurée, reconnaît un mérite sans transport. La chute ironique (« ce qui coûte moins ») confirme que le personnage préfère cette reconnaissance modeste, qui n''exige aucun risque. (b) nie une nuance que le texte exploite précisément. (c) intervertit l''intensité des deux termes. (d) confond le sens moral d''« estimer » avec son sens d''évaluation quantitative, hors contexte ici.', 6)
ON CONFLICT (id) DO UPDATE SET
  exercise_id = EXCLUDED.exercise_id,
  prompt = EXCLUDED.prompt,
  options = EXCLUDED.options,
  correct_option = EXCLUDED.correct_option,
  explanation = EXCLUDED.explanation,
  display_order = EXCLUDED.display_order;

