-- =========================================================
-- GENERATED FILE — do not edit by hand.
-- Subject: svt (Sciences physiques)
-- Regenerate with: npm run content:build
-- Source of truth: content/svt/
-- =========================================================

INSERT INTO public.subjects (id, name_fr, description, attribute, color_token, icon, display_order, content_language) VALUES
  ('svt', 'Sciences physiques', 'الضوء والكهرباء والكيمياء وفق برنامج العلوم الفيزيائية للسنة التاسعة أساسي', 'Observation', 'subject-svt', 'Atom', 4, 'ar')
ON CONFLICT (id) DO UPDATE SET
  name_fr = EXCLUDED.name_fr,
  description = EXCLUDED.description,
  attribute = EXCLUDED.attribute,
  color_token = EXCLUDED.color_token,
  icon = EXCLUDED.icon,
  display_order = EXCLUDED.display_order,
  content_language = EXCLUDED.content_language;

-- Prune admin-authored content that is no longer in the source tree.
DO $$
BEGIN
  IF to_regclass('public.dungeon_run_questions') IS NOT NULL THEN
    DELETE FROM public.dungeon_run_questions d
    USING public.questions q, public.exercises e
    WHERE d.question_id = q.id
      AND q.exercise_id = e.id
      AND e.subject_id = 'svt'
      AND e.source = 'admin'
      AND q.id NOT IN ('52d8717b-1c43-560a-a90c-be89d2392f61', 'c0d3540e-6bcd-54fc-bd09-53bc66aa4804', 'ae8f4387-96f1-59a1-a6e6-7e2588de9711', '5690eecf-c76c-54a1-842a-fd503204f945', '426ed470-9a87-53ba-af50-0208d0da05df', '3520e9b6-2c60-5bdb-9452-faf19f751575', '81f6c3b2-6342-5561-927e-2e6ebed08499', 'a617b749-a476-50aa-9d77-27dcf968ea8a', '37d2536d-d2c7-5e45-abcb-8e00d8076e79', 'a8b17c3a-a10b-5ceb-9d4f-8110c42aaee3', 'f5fb35c5-5154-5d48-b3f7-7a390b017440', 'd88cfa81-9602-5207-baae-4cdb136464a2', '83fb403f-75d9-556c-b0a6-63498590cb6b', 'ae3a8765-e3bc-5de4-aad9-c042423ec09d', 'f94cd634-522e-5e75-b7d3-b3e59f27c9cc', '44e1f184-a612-5cdc-a9ba-8533a8834f1d', '69783a50-a7a5-5876-9b7f-29fce45939a8', 'e9b6e6d0-5a21-5a1e-82c4-0c31d41c49a1', '662aeb79-a0c0-5810-b904-6bcb1bb4489c', 'aa27adbe-7cfc-5d30-80b2-7bf20234858b', '6715516e-0d9b-5bd4-a40f-05576bca75fc', 'b08985be-aebe-5647-bc97-865457e42791', '44ddcd17-bb19-5228-ba8b-4211de3562b1', '5e56c005-d7b1-56c6-939c-b2c6cfdb7d38', 'afa792ec-5971-53a8-a4ca-10f21e3027d3', '8784db1c-4b9f-524a-a0e7-124a23220be1', 'da07a20a-588b-5a3f-8fd5-7530377d7fd5', '7b11338c-156d-51a0-8261-6e81584fe742', 'c5e3e513-f9d8-5784-92af-6817ddd63335', 'df25cbc2-c7e3-5ff2-9847-7b1d36b7ee43', '83068f98-093a-50c4-a79b-d309fd03c87a', '3f12af12-f050-52c2-a1db-8fad4a8decaa', 'c9ea1556-ee82-55db-8a40-d7be20088539', 'b9988cb9-26e9-527f-bbc6-edcb45251559', '2c42d55c-cdd9-55de-aa2e-42cf5814f6af', '2d726520-6cd0-5c8e-83fa-f1f921a5596f', 'c82436f1-08a1-59e7-b547-318b3f88c7e1', 'b7848d4b-3e45-523c-b1a3-503e8a557e2e', '5cef7a64-a500-54ae-ba70-57009499ed97', '58fc540e-f2c8-5ec7-8a5f-b7f4f3c5c2ab', '76664654-c161-5832-98f0-bc64f4e97610', 'c0c0bb99-7beb-5f79-86e3-ae6df1b48834', '22840768-e8e7-56f5-a5c5-2491212fc033', '674ae4f4-ad03-5554-823c-749fcbdef4ac', 'e5470327-b001-55f1-9629-5301f11c075f', '1b6f08de-dd25-5cd5-9f6b-46ad4c851bb5', 'b341e3ea-d1b3-5169-8076-a8dd68eb74e9', 'd1ec52c7-8aaa-5f80-a11f-b5b11e512e04', '3be8161b-761a-5a62-a43a-fb96a0c3efb5', 'a171368a-bd36-5525-b952-4b9ba55fefdc', 'be775c57-89b4-5695-9b51-88cba6a39523', '154942ef-f876-504d-9a3d-e5ac1aa4cdbd', '30dc7a1c-f5ae-5380-ad46-822772fecdb1', '261a37e4-5541-5c2c-9229-138fcb398c34', '953e4839-3ddd-5cab-9209-da4c6fd4f6ac', '4b30b1bc-02ad-5baa-9169-342bb966f50e', '737e9f0f-f2d2-5228-a098-d670ad9fc910', '78195190-fc1d-5564-a743-5b77fe7834cc', 'cc2b2eda-e8eb-5c01-ab28-c54e17bba99f', '382486af-141f-5d5b-ad27-0edf365442ff', '20eca5c0-7450-520f-98e6-70065fe31efc', 'f76b245f-3e8f-50ec-9a9d-8676fcce9aac', '472f2736-7a87-57ee-892a-3947d612b368', '00b35176-0c2a-569a-b53c-3fcba9c5f686', 'de7a8c8a-11ab-5845-a18b-ea09a25f0ebd', '26d1cfe6-94c3-5c57-aeec-d0c5388828e6', 'eb0a741b-59df-562f-8139-4e96e205790c', 'b01b9503-2b8d-557b-9f97-a1e65a8f73bd', 'c687b5ae-4a3f-5a77-8f52-feb83e25dda8', '73fd748f-4a38-57a5-9e17-b9c62963e4d3', '95f04cfb-fc30-5317-a00a-ad2938f3b265', 'b23d29b0-9449-51de-8291-a8a59fd70933', 'd421aa28-cfb5-54ae-b986-765a29301f0e', '1f6bacee-755c-5a84-97c4-6cfeb4a30a7d', '55175f89-37f1-5093-be10-635d8cf97a74', '192af321-7e53-5849-900d-cb4c1814f863', 'ea79b802-7f5c-5f15-99a8-70d5c96b57b7', '53586353-b2ea-5962-8d4e-863c37d7367c', '8a56a677-e9ad-5b29-a153-45ba0e93741f', '8d7d1022-2db4-58cf-8902-1b61fe4128ad', 'b46481cb-0b1f-5b2d-8a3d-a1d7bdc16b37', '5fc6de1c-ebe0-5e6e-8fe4-f25fe4e9a09c', '04ac5da9-6bb3-5134-a3a6-0d508cf804bf', '9e8aff14-50ea-5585-9d86-d673d817419c', '07cabb70-9805-5e1d-a27a-644d6106e340', '0f9d875f-e551-5d18-8c2d-f3729b2ebd37', 'a3d39a96-e07d-5833-858e-6043d1c12b0a', 'bd99b9e5-1333-5efa-8a25-355e3246d020', '98af36c6-103f-5681-b3de-b09cc452cce3', 'f2fdbf90-7703-597c-ab64-2f65be736da6', 'dc852d16-39cc-580a-94c7-c31d1e146368', 'cdb6fa80-3981-5d0c-bfe0-380f76481070', 'cf29f7c2-8e2e-5cca-8414-35e1ff94aa6c', 'f821d1c7-4eb5-56e7-ac5e-18bf8df9110b', '24380511-202c-5ce8-9260-3708c9d74d6e', '5331c75a-150d-534f-a688-7318cc0f95f1', '55e16890-ab5d-56d6-b33a-6048d53a5cdf', '6a308347-9fb2-5918-a818-9da7e2510b26', '34aa0eab-bfbb-5f40-9291-98b7e9242788', '78c2c95e-9eb1-522d-b0e2-57c3049564c1', '24284667-64ac-573b-8987-f68e74c448a4', '7b79c439-4e9e-58bd-a167-0ad9f220e008', '60e38c82-e263-5d1d-ada7-21006fdcd533', '9d5722ec-f19f-518d-88b1-b33051a3a937', '2a3c50bc-d7ee-5b80-af81-21f5c1a89d80', '9afc4975-4346-50d6-9565-fee46fd8703f', '4a4eb02a-172a-533f-b615-d23ca18df1ed', '03d3ffec-8982-54e8-af46-bdc34a74db49', 'ba4c35da-a412-5a63-b560-0ae9098103da', 'f135d69e-e440-5280-a33f-857bd03ac27c', '50b9583a-ed55-5045-8898-733dee8955c0', '0a82487d-cc54-5bcb-822d-c146d76f1434', '9db33979-7743-5936-b6c7-a3d6f94ceca9', 'e5d52986-ff3e-5025-a7b9-255341e0839e', 'd3c44940-7ad2-559e-965e-959fbc2e7375', '41266bf3-a20d-5622-ad0f-84d45d288549', 'c9173622-de37-5b06-bd5f-9c3201286a3e', '03d2fda0-9268-5fd0-8a40-9a8c78c5b489', '9972807a-49be-58b7-8a97-01dc9cb6dbbc', 'b149f757-11cd-5672-ba11-d76d0213d466', '81062ac7-2097-5411-9a9e-ad5d73afadf8', '9a0c155f-79a0-568b-9ae7-565ef9002d29', '88200d7c-d007-514e-9fff-98830902cd8b', '6415c31b-bea6-5a0b-8e7a-8189179ffeb4', 'a6e4f1ad-f2dd-55ef-8e05-a98c740e1f40', '70bf4cf9-af39-51ba-a21f-c63ed8494aa5', '52a0d161-eb83-5d7c-87b7-fb8dda4cd2ca', '34b745c3-3d21-5c6e-b777-7b198d981cf1', '19074ba1-dca3-523b-8070-2aea8451ec5a', '80515582-5b5b-55d7-accd-a0156424b884', '8fc16747-a960-50b3-9874-c793e3dd240b', '4c8c17b0-8f75-5e45-b749-2295628a70de', 'c747b840-1d28-51a2-b0b5-825fd5eeb525', '0c3edbd1-43d7-59a2-9731-68f282c315f7', '4c6d3e90-677a-5b28-8ff3-05873bda0227', '626562e0-0107-5931-a5c3-c85b50adcbaf');
  END IF;
END $$;
DELETE FROM public.exercises WHERE subject_id = 'svt' AND source = 'admin' AND id NOT IN ('2847ee40-bab5-593a-afce-c051410adabf', '2c90abf4-246f-5ca7-bce2-e8a553e79052', '738049b5-6688-53ba-8f47-c5fea00f2b0b', 'f781672c-d268-5690-a4e7-2a92916e8abb', '71b0fee4-b5db-52e4-8e51-14426ab378c6', 'a18d4cb2-cdcc-506c-86e8-d099fa6d96e1', '1da0695e-2e04-56bd-9f84-120f0b841b71', 'd08d38a1-4e65-593c-97ac-fc646167bd6f', 'cfe8e5ad-8d29-5084-9e65-d6fb15aae2aa', 'cba20902-9fc8-56e2-af36-015bf8f16761', '9b865bc8-65e0-5dea-a117-9c1c5ce40bf4', 'f431df6e-67d9-56e3-91f5-590546de1fca', '887a72dd-e999-5b85-85b3-611050765028', '07576f0b-3c33-598e-80e6-79b3ce4364ab', '107c0650-6e11-5652-b548-d850f77b6e0a', '76c65ba5-f79a-52a8-b7c0-2a9f2910bb70', '24df4d84-60f7-5d08-804d-2b85bc32228b', 'e5ca2d8d-4123-5574-90f6-a5c907c89481', '3b556dba-b4f8-5797-8b33-0bc24deb47b2', '9795d4ab-4ba5-58f5-bbb7-a2d8a35ab255', '7d98ea97-fb08-5cf9-874c-b1c7d35858a7', '4f7081aa-19ca-51d2-89bf-53c0df39a751', 'fe9e08f4-5a19-593f-adfc-78f5531c63b1', '312fd190-acd6-519d-b510-a59663bf790c');
DELETE FROM public.questions WHERE exercise_id IN ('2847ee40-bab5-593a-afce-c051410adabf', '2c90abf4-246f-5ca7-bce2-e8a553e79052', '738049b5-6688-53ba-8f47-c5fea00f2b0b', 'f781672c-d268-5690-a4e7-2a92916e8abb', '71b0fee4-b5db-52e4-8e51-14426ab378c6', 'a18d4cb2-cdcc-506c-86e8-d099fa6d96e1', '1da0695e-2e04-56bd-9f84-120f0b841b71', 'd08d38a1-4e65-593c-97ac-fc646167bd6f', 'cfe8e5ad-8d29-5084-9e65-d6fb15aae2aa', 'cba20902-9fc8-56e2-af36-015bf8f16761', '9b865bc8-65e0-5dea-a117-9c1c5ce40bf4', 'f431df6e-67d9-56e3-91f5-590546de1fca', '887a72dd-e999-5b85-85b3-611050765028', '07576f0b-3c33-598e-80e6-79b3ce4364ab', '107c0650-6e11-5652-b548-d850f77b6e0a', '76c65ba5-f79a-52a8-b7c0-2a9f2910bb70', '24df4d84-60f7-5d08-804d-2b85bc32228b', 'e5ca2d8d-4123-5574-90f6-a5c907c89481', '3b556dba-b4f8-5797-8b33-0bc24deb47b2', '9795d4ab-4ba5-58f5-bbb7-a2d8a35ab255', '7d98ea97-fb08-5cf9-874c-b1c7d35858a7', '4f7081aa-19ca-51d2-89bf-53c0df39a751', 'fe9e08f4-5a19-593f-adfc-78f5531c63b1', '312fd190-acd6-519d-b510-a59663bf790c') AND id NOT IN ('52d8717b-1c43-560a-a90c-be89d2392f61', 'c0d3540e-6bcd-54fc-bd09-53bc66aa4804', 'ae8f4387-96f1-59a1-a6e6-7e2588de9711', '5690eecf-c76c-54a1-842a-fd503204f945', '426ed470-9a87-53ba-af50-0208d0da05df', '3520e9b6-2c60-5bdb-9452-faf19f751575', '81f6c3b2-6342-5561-927e-2e6ebed08499', 'a617b749-a476-50aa-9d77-27dcf968ea8a', '37d2536d-d2c7-5e45-abcb-8e00d8076e79', 'a8b17c3a-a10b-5ceb-9d4f-8110c42aaee3', 'f5fb35c5-5154-5d48-b3f7-7a390b017440', 'd88cfa81-9602-5207-baae-4cdb136464a2', '83fb403f-75d9-556c-b0a6-63498590cb6b', 'ae3a8765-e3bc-5de4-aad9-c042423ec09d', 'f94cd634-522e-5e75-b7d3-b3e59f27c9cc', '44e1f184-a612-5cdc-a9ba-8533a8834f1d', '69783a50-a7a5-5876-9b7f-29fce45939a8', 'e9b6e6d0-5a21-5a1e-82c4-0c31d41c49a1', '662aeb79-a0c0-5810-b904-6bcb1bb4489c', 'aa27adbe-7cfc-5d30-80b2-7bf20234858b', '6715516e-0d9b-5bd4-a40f-05576bca75fc', 'b08985be-aebe-5647-bc97-865457e42791', '44ddcd17-bb19-5228-ba8b-4211de3562b1', '5e56c005-d7b1-56c6-939c-b2c6cfdb7d38', 'afa792ec-5971-53a8-a4ca-10f21e3027d3', '8784db1c-4b9f-524a-a0e7-124a23220be1', 'da07a20a-588b-5a3f-8fd5-7530377d7fd5', '7b11338c-156d-51a0-8261-6e81584fe742', 'c5e3e513-f9d8-5784-92af-6817ddd63335', 'df25cbc2-c7e3-5ff2-9847-7b1d36b7ee43', '83068f98-093a-50c4-a79b-d309fd03c87a', '3f12af12-f050-52c2-a1db-8fad4a8decaa', 'c9ea1556-ee82-55db-8a40-d7be20088539', 'b9988cb9-26e9-527f-bbc6-edcb45251559', '2c42d55c-cdd9-55de-aa2e-42cf5814f6af', '2d726520-6cd0-5c8e-83fa-f1f921a5596f', 'c82436f1-08a1-59e7-b547-318b3f88c7e1', 'b7848d4b-3e45-523c-b1a3-503e8a557e2e', '5cef7a64-a500-54ae-ba70-57009499ed97', '58fc540e-f2c8-5ec7-8a5f-b7f4f3c5c2ab', '76664654-c161-5832-98f0-bc64f4e97610', 'c0c0bb99-7beb-5f79-86e3-ae6df1b48834', '22840768-e8e7-56f5-a5c5-2491212fc033', '674ae4f4-ad03-5554-823c-749fcbdef4ac', 'e5470327-b001-55f1-9629-5301f11c075f', '1b6f08de-dd25-5cd5-9f6b-46ad4c851bb5', 'b341e3ea-d1b3-5169-8076-a8dd68eb74e9', 'd1ec52c7-8aaa-5f80-a11f-b5b11e512e04', '3be8161b-761a-5a62-a43a-fb96a0c3efb5', 'a171368a-bd36-5525-b952-4b9ba55fefdc', 'be775c57-89b4-5695-9b51-88cba6a39523', '154942ef-f876-504d-9a3d-e5ac1aa4cdbd', '30dc7a1c-f5ae-5380-ad46-822772fecdb1', '261a37e4-5541-5c2c-9229-138fcb398c34', '953e4839-3ddd-5cab-9209-da4c6fd4f6ac', '4b30b1bc-02ad-5baa-9169-342bb966f50e', '737e9f0f-f2d2-5228-a098-d670ad9fc910', '78195190-fc1d-5564-a743-5b77fe7834cc', 'cc2b2eda-e8eb-5c01-ab28-c54e17bba99f', '382486af-141f-5d5b-ad27-0edf365442ff', '20eca5c0-7450-520f-98e6-70065fe31efc', 'f76b245f-3e8f-50ec-9a9d-8676fcce9aac', '472f2736-7a87-57ee-892a-3947d612b368', '00b35176-0c2a-569a-b53c-3fcba9c5f686', 'de7a8c8a-11ab-5845-a18b-ea09a25f0ebd', '26d1cfe6-94c3-5c57-aeec-d0c5388828e6', 'eb0a741b-59df-562f-8139-4e96e205790c', 'b01b9503-2b8d-557b-9f97-a1e65a8f73bd', 'c687b5ae-4a3f-5a77-8f52-feb83e25dda8', '73fd748f-4a38-57a5-9e17-b9c62963e4d3', '95f04cfb-fc30-5317-a00a-ad2938f3b265', 'b23d29b0-9449-51de-8291-a8a59fd70933', 'd421aa28-cfb5-54ae-b986-765a29301f0e', '1f6bacee-755c-5a84-97c4-6cfeb4a30a7d', '55175f89-37f1-5093-be10-635d8cf97a74', '192af321-7e53-5849-900d-cb4c1814f863', 'ea79b802-7f5c-5f15-99a8-70d5c96b57b7', '53586353-b2ea-5962-8d4e-863c37d7367c', '8a56a677-e9ad-5b29-a153-45ba0e93741f', '8d7d1022-2db4-58cf-8902-1b61fe4128ad', 'b46481cb-0b1f-5b2d-8a3d-a1d7bdc16b37', '5fc6de1c-ebe0-5e6e-8fe4-f25fe4e9a09c', '04ac5da9-6bb3-5134-a3a6-0d508cf804bf', '9e8aff14-50ea-5585-9d86-d673d817419c', '07cabb70-9805-5e1d-a27a-644d6106e340', '0f9d875f-e551-5d18-8c2d-f3729b2ebd37', 'a3d39a96-e07d-5833-858e-6043d1c12b0a', 'bd99b9e5-1333-5efa-8a25-355e3246d020', '98af36c6-103f-5681-b3de-b09cc452cce3', 'f2fdbf90-7703-597c-ab64-2f65be736da6', 'dc852d16-39cc-580a-94c7-c31d1e146368', 'cdb6fa80-3981-5d0c-bfe0-380f76481070', 'cf29f7c2-8e2e-5cca-8414-35e1ff94aa6c', 'f821d1c7-4eb5-56e7-ac5e-18bf8df9110b', '24380511-202c-5ce8-9260-3708c9d74d6e', '5331c75a-150d-534f-a688-7318cc0f95f1', '55e16890-ab5d-56d6-b33a-6048d53a5cdf', '6a308347-9fb2-5918-a818-9da7e2510b26', '34aa0eab-bfbb-5f40-9291-98b7e9242788', '78c2c95e-9eb1-522d-b0e2-57c3049564c1', '24284667-64ac-573b-8987-f68e74c448a4', '7b79c439-4e9e-58bd-a167-0ad9f220e008', '60e38c82-e263-5d1d-ada7-21006fdcd533', '9d5722ec-f19f-518d-88b1-b33051a3a937', '2a3c50bc-d7ee-5b80-af81-21f5c1a89d80', '9afc4975-4346-50d6-9565-fee46fd8703f', '4a4eb02a-172a-533f-b615-d23ca18df1ed', '03d3ffec-8982-54e8-af46-bdc34a74db49', 'ba4c35da-a412-5a63-b560-0ae9098103da', 'f135d69e-e440-5280-a33f-857bd03ac27c', '50b9583a-ed55-5045-8898-733dee8955c0', '0a82487d-cc54-5bcb-822d-c146d76f1434', '9db33979-7743-5936-b6c7-a3d6f94ceca9', 'e5d52986-ff3e-5025-a7b9-255341e0839e', 'd3c44940-7ad2-559e-965e-959fbc2e7375', '41266bf3-a20d-5622-ad0f-84d45d288549', 'c9173622-de37-5b06-bd5f-9c3201286a3e', '03d2fda0-9268-5fd0-8a40-9a8c78c5b489', '9972807a-49be-58b7-8a97-01dc9cb6dbbc', 'b149f757-11cd-5672-ba11-d76d0213d466', '81062ac7-2097-5411-9a9e-ad5d73afadf8', '9a0c155f-79a0-568b-9ae7-565ef9002d29', '88200d7c-d007-514e-9fff-98830902cd8b', '6415c31b-bea6-5a0b-8e7a-8189179ffeb4', 'a6e4f1ad-f2dd-55ef-8e05-a98c740e1f40', '70bf4cf9-af39-51ba-a21f-c63ed8494aa5', '52a0d161-eb83-5d7c-87b7-fb8dda4cd2ca', '34b745c3-3d21-5c6e-b777-7b198d981cf1', '19074ba1-dca3-523b-8070-2aea8451ec5a', '80515582-5b5b-55d7-accd-a0156424b884', '8fc16747-a960-50b3-9874-c793e3dd240b', '4c8c17b0-8f75-5e45-b749-2295628a70de', 'c747b840-1d28-51a2-b0b5-825fd5eeb525', '0c3edbd1-43d7-59a2-9731-68f282c315f7', '4c6d3e90-677a-5b28-8ff3-05873bda0227', '626562e0-0107-5931-a5c3-c85b50adcbaf');
DELETE FROM public.chapters c WHERE c.subject_id = 'svt' AND c.id NOT IN ('bbf34e0d-c9ae-578e-8880-c3b5d4ecf5d4', 'b0333447-8e00-556a-97b4-680f9c12f200', 'ba9daafc-27c7-5e69-aaaf-eb26f11fae73', '4c10b91f-7bff-5a39-9b21-4f29a7f25d1c', '4dffb31a-ec0d-5def-90db-3ab72e4936d7', '5be5e862-63b0-5bbf-ba43-676b67a97793', '1ef832e7-2310-5ebc-9ddd-7d3d868d77cb', 'cb55bcb6-c41c-5c05-b94a-fad88e81e703') AND NOT EXISTS (SELECT 1 FROM public.exercises e WHERE e.chapter_id = c.id);

INSERT INTO public.chapters (id, subject_id, title, description, lesson_content, summary, display_order) VALUES
  ('bbf34e0d-c9ae-578e-8880-c3b5d4ecf5d4', 'svt', 'الانتشار المستقيمي للضوء', 'المصادر الضوئية، الأجسام المرئية، الانتشار المستقيمي، الشعاع الضوئي، الظلّ والكسوف والخسوف', '# ⚔️ الانتشار المستقيمي للضوء

> 💡 «الضوء محارب سريع يسلك دائمًا أقصر طريق: الخطّ المستقيم.»

## 🏰 المصادر الضوئية

نميّز بين نوعين من المصادر:

- **المصدر الأوّلي**: جسم ينتج الضوء بنفسه (الشمس، النجوم، المصباح، اللهب).
- **المصدر الثانوي**: جسم لا ينتج الضوء بل **يبعثه بعد أن يتلقّاه** (القمر، الكواكب، الجدار المضاء).

## ⚡ الأجسام المضيئة والأجسام المرئية

- **الجسم المضيء**: يرسل ضوءًا (مصدر أوّلي أو ثانوي).
- نرى **جسمًا غير مضيء** عندما يصلنا الضوء **المنعكس** عنه ويدخل أعيننا.

> 🗡️ لا رؤية في الظلام التامّ: لا بدّ من ضوء يدخل العين.

## 🛡️ الانتشار المستقيمي للضوء

في **وسط شفّاف ومتجانس**، ينتشر الضوء في **خطوط مستقيمة**.

نتأكّد من ذلك بمشاهدة شعاع الشمس عبر غبار، أو بتسديد النظر عبر ثقوب متراصفة.

> ⚠️ الشرط مهمّ: «شفّاف **ومتجانس**»؛ فإذا تغيّر الوسط انكسر الضوء (درس لاحق).

## 🔮 الشعاع والحزمة الضوئية

- **الشعاع الضوئي**: خطّ مستقيم مسهّم يمثّل مسار الضوء واتّجاهه.
- **الحزمة الضوئية**: مجموعة أشعّة، وقد تكون متوازية أو متقاربة أو متباعدة.

سرعة الضوء في الفراغ كبيرة جدًّا:

$$ c ≈ 300\,000 \text{ km/s} = 3 \times 10^{8} \text{ m/s} $$

## 🌑 تطبيق: الظلّ

عند اعتراض جسم معتم لحزمة ضوئية يتكوّن:

- **ظلّ النفس**: الجزء غير المضاء من الجسم نفسه.
- **الظلّ المحمول**: المنطقة المظلمة المتكوّنة على حاجز خلف الجسم.

## 🌒 الكسوف والخسوف

- **كسوف الشمس**: يحدث عندما يتوسّط **القمرُ** بين الشمس والأرض فيحجب ضوءها.
- **خسوف القمر**: يحدث عندما تتوسّط **الأرضُ** بين الشمس والقمر فيقع القمر في ظلّها.

> 🏆 فهمتَ كيف يسير الضوء؛ في الفصل القادم سنرى ماذا يحدث حين يصطدم بمرآة: **الانعكاس**.', '# 📜 ملخّص: الانتشار المستقيمي للضوء

- **مصدر أوّلي**: ينتج الضوء (الشمس، المصباح). **مصدر ثانوي**: يبعثه بعد تلقّيه (القمر).
- نرى الجسم غير المضيء بفضل الضوء **المنعكس** عنه الذي يدخل العين.
- في وسط **شفّاف ومتجانس**، ينتشر الضوء في **خطوط مستقيمة**.
- **الشعاع الضوئي**: خطّ مستقيم مسهّم يمثّل مسار الضوء. سرعة الضوء في الفراغ c ≈ 3×10⁸ م/ث.
- **ظلّ النفس**: الجزء غير المضاء من الجسم؛ **الظلّ المحمول**: على حاجز خلفه.
- **كسوف الشمس**: القمر بين الشمس والأرض. **خسوف القمر**: الأرض بين الشمس والقمر.', 1)
ON CONFLICT (id) DO UPDATE SET
  subject_id = EXCLUDED.subject_id,
  title = EXCLUDED.title,
  description = EXCLUDED.description,
  lesson_content = EXCLUDED.lesson_content,
  summary = EXCLUDED.summary,
  display_order = EXCLUDED.display_order;

INSERT INTO public.chapters (id, subject_id, title, description, lesson_content, summary, display_order) VALUES
  ('b0333447-8e00-556a-97b4-680f9c12f200', 'svt', 'انعكاس الضوء على مرآة مستوية', 'ظاهرة انعكاس الضوء؛ الشعاع الوارد والشعاع المنعكس والناظم ونقطة الورود؛ قانونا الانعكاس؛ الصورة في المرآة المستوية (تخيّلية، مماثلة، متناظرة)', '# ⚔️ انعكاس الضوء على مرآة مستوية

> 💡 «المرآة المستوية درع يردّ الضوء: زاوية الهجوم تساوي زاوية الردّ!»

## 🏰 ظاهرة الانعكاس

عندما يصطدم شعاع ضوئي بسطح عاكس (كالمرآة)، فإنّه لا ينفذ ولا يُمتصّ بل **يرتدّ** عنه. هذه الظاهرة تُسمّى **انعكاس الضوء**.

نلاحظها في حياتنا اليومية: المرايا، سطح الماء الساكن، الأسطح اللامعة.

## ⚡ عناصر الانعكاس

عند نقطة الورود **I** على المرآة نميّز:

- **الشعاع الوارد**: الشعاع الضوئي المتّجه نحو سطح المرآة.
- **نقطة الورود (I)**: النقطة التي يصطدم عندها الشعاع بالمرآة.
- **الناظم (N)**: الخطّ المستقيم العموديّ على سطح المرآة عند نقطة الورود.
- **الشعاع المنعكس**: الشعاع الذي يرتدّ عن سطح المرآة بعد الاصطدام.
- **زاوية الورود (i)**: الزاوية بين الشعاع الوارد والناظم.
- **زاوية الانعكاس (r)**: الزاوية بين الشعاع المنعكس والناظم.

> ⚠️ الزوايا تُقاس دائمًا بين الشعاع والناظم، وليس بين الشعاع وسطح المرآة.

## 🛡️ قانونا الانعكاس

تخضع ظاهرة الانعكاس لقانونين أساسيّين:

**القانون الأوّل:** الشعاع الوارد والشعاع المنعكس والناظم عند نقطة الورود، كلّها تقع في **مستوٍ واحد**.

**القانون الثاني:** زاوية الورود تساوي زاوية الانعكاس:

$$ i = r $$

> 🗡️ مثال: إذا سقط شعاع على مرآة بزاوية ورود 35°، فإنّ زاوية انعكاسه 35° أيضًا.

## 🔮 حالة خاصّة: الشعاع العموديّ

إذا وردَ شعاع ضوئي **عموديًّا** على سطح المرآة (أي على طول الناظم)، فإنّ زاوية الورود = 0° وبالتالي زاوية الانعكاس = 0°: يرتدّ الشعاع على **نفس مساره**.

## 🌟 تكوين الصورة في المرآة المستوية

يمكن تحديد صورة نقطة ما (A) في المرآة المستوية برسم شعاعَين وارِدَين وإيجاد تقاطع شعاعَيهما المنعكسَين (أو امتداداتهما خلف المرآة).

خصائص الصورة في المرآة المستوية:

| الخاصيّة            | التفصيل                                     |
| ------------------- | ------------------------------------------- |
| تخيّلية             | لا يمكن إسقاطها على شاشة                    |
| مماثلة (بنفس الحجم) | حجم الصورة = حجم الجسم                      |
| متناظرة             | الجسم وصورته متناظران بالنسبة لمستوى المرآة |

> 💡 المسافة من الجسم إلى المرآة = المسافة من الصورة إلى المرآة.

## 🌑 التطبيقات

- **المرايا في الحياة اليومية**: الحلاقة، تصحيح الهيئة، السيارات (مرآة الرؤية الخلفية).
- **المنارات والمناظير**: تستعمل مرايا لتوجيه وتركيز الضوء.
- **مبدأ الانعكاس المنتشر**: السطوح الخشنة تعكس الضوء في اتّجاهات متعدّدة فنرى الأجسام من جهات مختلفة.

## 🏆 ملخّص رسومي

```
        الشعاع الوارد      الشعاع المنعكس
              \                /
               \  i   =   r  /
                \           /
         --------I-----------  ← سطح المرآة
                 |
              الناظم N
```

> 🏆 أتقنتَ قوانين الانعكاس! في الفصل القادم سنكتشف ما يحدث حين يخترق الضوء وسطًا شفّافًا آخر: **الانكسار والعدسات**.', '# 📜 ملخّص: انعكاس الضوء على مرآة مستوية

- **الانعكاس**: ارتداد الشعاع الضوئي عن سطح عاكس دون نفاذ أو امتصاص.
- **عناصر الانعكاس**: الشعاع الوارد، نقطة الورود (I)، الناظم (عمودي على المرآة)، الشعاع المنعكس.
- **القانون الأوّل**: الشعاع الوارد والمنعكس والناظم في **مستوٍ واحد**.
- **القانون الثاني**: زاوية الورود = زاوية الانعكاس: **i = r**.
- **شعاع عمودي** على المرآة (i = 0°): يرتدّ على نفس مساره (r = 0°).
- **الصورة في المرآة المستوية**: تخيّلية، مماثلة (نفس الحجم)، متناظرة مع الجسم بالنسبة للمرآة.
- المسافة جسم←مرآة = المسافة صورة←مرآة.', 2)
ON CONFLICT (id) DO UPDATE SET
  subject_id = EXCLUDED.subject_id,
  title = EXCLUDED.title,
  description = EXCLUDED.description,
  lesson_content = EXCLUDED.lesson_content,
  summary = EXCLUDED.summary,
  display_order = EXCLUDED.display_order;

INSERT INTO public.chapters (id, subject_id, title, description, lesson_content, summary, display_order) VALUES
  ('ba9daafc-27c7-5e69-aaaf-eb26f11fae73', 'svt', 'انكسار الضوء والعدسات الرقيقة', 'انكسار الضوء عند عبوره بين وسطين شفّافين؛ قوانين الانكسار؛ العدسات المجمّعة والمفرّقة والبُعد البؤري؛ الصورة عبر عدسة مجمّعة وتطبيقاتها', '# ⚔️ انكسار الضوء والعدسات الرقيقة

> 💡 «حين يعبر الضوء حدود وسطين شفّافين، يغيّر مساره كالمحارب الذكيّ الذي يُعيد ترتيب خطواته!»

## 🏰 ظاهرة الانكسار

عندما ينتقل شعاع ضوئي من وسط شفّاف إلى وسط شفّاف آخر مختلف (مثلاً من الهواء إلى الزجاج)، **يغيّر اتّجاهه** عند سطح الفصل بين الوسطين. هذه الظاهرة تُسمّى **انكسار الضوء**.

أمثلة من الحياة اليومية:

- ملعقة تبدو «مكسورة» حين توضع في كوب ماء.
- الأسماك في حوض الماء تبدو في غير مكانها الحقيقي.
- قوس قزح الناتج عن انكسار الضوء في قطرات المطر.

## ⚡ عناصر الانكسار

عند سطح الفصل بين الوسطَين عند نقطة الورود **I** نميّز:

- **الشعاع الوارد**: الشعاع الضوئي القادم من الوسط الأوّل.
- **الشعاع المنكسر**: الشعاع الذي يواصل مساره في الوسط الثاني مع تغيير الاتّجاه.
- **الناظم (N)**: الخطّ العموديّ على سطح الفصل عند نقطة الورود.
- **زاوية الورود (i₁)**: الزاوية بين الشعاع الوارد والناظم (في الوسط الأوّل).
- **زاوية الانكسار (i₂)**: الزاوية بين الشعاع المنكسر والناظم (في الوسط الثاني).

> ⚠️ تُقاس الزوايا دائمًا بين الشعاع والناظم، لا بين الشعاع وسطح الفصل.

## 🛡️ قاعدة الانكسار

إذا انتقل الضوء من وسط **أقلّ كثافة** (كالهواء) إلى وسط **أكثر كثافة** (كالماء أو الزجاج):

- **ينكسر نحو الناظم**: زاوية الانكسار **أصغر** من زاوية الورود (i₂ < i₁).

إذا انتقل من وسط **أكثر كثافة** إلى وسط **أقلّ كثافة**:

- **ينكسر بعيدًا عن الناظم**: زاوية الانكسار **أكبر** من زاوية الورود (i₂ > i₁).

> 🗡️ حالة خاصّة: إذا سقط الشعاع **عموديًّا** (i₁ = 0°) على سطح الفصل، فلا ينكسر ويواصل مساره بخطٍّ مستقيم (i₂ = 0°).

## 🔮 العدسات الرقيقة

**العدسة الرقيقة** قطعة شفّافة (عادةً زجاج) محدودة بسطحَين كرويَّين (أو سطح كروي وسطح مستوٍ). تستخدم ظاهرة الانكسار لتجميع أشعّة الضوء أو تفريقها.

نميّز نوعَين:

| النوع                    | الشكل           | التأثير                              |
| ------------------------ | --------------- | ------------------------------------ |
| **عدسة مجمّعة (محدّبة)** | أثخن في المنتصف | تجمّع الأشعّة الموازية في نقطة واحدة |
| **عدسة مفرّقة (مقعّرة)** | أرقّ في المنتصف | تفرّق الأشعّة الموازية               |

## 🌟 عناصر العدسة المجمّعة

- **المركز البصري (O)**: النقطة المركزية للعدسة؛ أيّ شعاع يمرّ بها يواصل مساره دون انكسار.
- **المحور البصري**: الخطّ العموديّ على العدسة المارّ بالمركز البصري.
- **البؤرة (F)**: النقطة التي تلتقي عندها الأشعّة الموازية للمحور بعد مرورها بالعدسة المجمّعة.
- **البُعد البؤري (f)**: المسافة بين المركز البصري والبؤرة.

$$f = OF$$

> 💡 كلّما كانت العدسة أكثر تحدّبًا (أثخن)، كان البُعد البؤري أصغر وقوّة التجميع أكبر.

## 🌑 الصورة عبر عدسة مجمّعة

تعتمد طبيعة الصورة على موضع الجسم بالنسبة للبؤرة:

| موضع الجسم                     | طبيعة الصورة | حجمها  | اتّجاهها |
| ------------------------------ | ------------ | ------ | -------- |
| خارج مسافة بؤريّتَين (d > 2f)  | حقيقية       | مصغّرة | مقلوبة   |
| عند ضعف البُعد البؤري (d = 2f) | حقيقية       | مساوية | مقلوبة   |
| بين f و 2f                     | حقيقية       | مكبّرة | مقلوبة   |
| داخل البُعد البؤري (d < f)     | تخيّلية      | مكبّرة | معتدلة   |

> 🗡️ أشعّة البناء الثلاثة: (1) الشعاع الموازي للمحور → ينكسر مارًّا بـ F. (2) الشعاع المارّ بـ O → يواصل مساره مستقيمًا. (3) الشعاع المارّ بـ F → ينكسر موازيًا للمحور.

## 🏆 التطبيقات

- **العين البشرية**: عدسة حيّة مجمّعة (العدسيّة) تكوّن صورة حقيقية مقلوبة على الشبكية. الدماغ يعيد تصحيح الاتّجاه.
- **العدسة المكبّرة**: عدسة مجمّعة تُستعمل مع وضع الجسم داخل البُعد البؤري فتعطي صورة تخيّلية مكبّرة معتدلة.
- **النظارات الطبّية**: عدسات مجمّعة (لقصار النظر المدّ) أو مفرّقة (لقصار النظر القريب) لتصحيح عيوب الإبصار.
- **الكاميرات والمجاهر**: تستعمل أنظمة من العدسات لتكبير الأجسام الدقيقة أو تصوير المشاهد البعيدة.

> 🏆 أتقنتَ أسرار الانكسار والعدسات! في الفصل القادم سننتقل إلى عالم المادّة لنكتشف الذرّات والجزيئات.', '# 📜 ملخّص: انكسار الضوء والعدسات الرقيقة

- **الانكسار**: تغيير اتّجاه الضوء عند انتقاله من وسط شفّاف إلى آخر مختلف في الكثافة البصرية.
- من وسط أقلّ كثافة إلى أكثر: ينكسر **نحو الناظم** (i₂ < i₁). والعكس بالعكس.
- شعاع عمودي على سطح الفصل (i₁ = 0°): يواصل مساره دون انكسار.
- **عدسة مجمّعة (محدّبة)**: أثخن في المنتصف، تجمّع الأشعّة الموازية في البؤرة F.
- **عدسة مفرّقة (مقعّرة)**: أرقّ في المنتصف، تفرّق الأشعّة.
- **البُعد البؤري f**: المسافة من المركز البصري O إلى البؤرة F.
- الصورة عبر عدسة مجمّعة: حقيقية مقلوبة إن كان الجسم خارج f، تخيّلية معتدلة مكبّرة إن كان داخل f.
- **تطبيقات**: العين (عدسيّة حيّة)، العدسة المكبّرة، النظارات، الكاميرات.', 3)
ON CONFLICT (id) DO UPDATE SET
  subject_id = EXCLUDED.subject_id,
  title = EXCLUDED.title,
  description = EXCLUDED.description,
  lesson_content = EXCLUDED.lesson_content,
  summary = EXCLUDED.summary,
  display_order = EXCLUDED.display_order;

INSERT INTO public.chapters (id, subject_id, title, description, lesson_content, summary, display_order) VALUES
  ('4c10b91f-7bff-5a39-9b21-4f29a7f25d1c', 'svt', 'الذرّات والجزيئات والرموز الكيميائية', 'مكوّنات الذرّة (نواة + إلكترونات)؛ العنصر الكيميائي ورمزه؛ الجزيء والصيغة الكيميائية؛ الفرق بين الذرّة والجزيء؛ قراءة الصيغ وعدّ الذرّات', '# ⚔️ الذرّات والجزيئات والرموز الكيميائية

> 💡 «الذرّة أصغر جنديّ في جيش المادّة — لا تراها بالعين، لكنّها تبني كلّ شيء!»

## 🏰 الذرّة: اللبنة الأساسية للمادّة

**الذرّة** هي أصغر جزء من المادّة يحتفظ بخصائص العنصر الكيميائي. حجمها صغير جدًّا جدًّا: قُطر الذرّة يقارب 10⁻¹⁰ متر (أنغستروم واحد).

تتكوّن الذرّة من جزأين رئيسيَّين:

- **النواة**: في مركز الذرّة، تحتوي على:
  - **بروتونات**: جسيمات موجبة الشحنة (+).
  - **نيوترونات**: جسيمات عديمة الشحنة (محايدة).
- **الإلكترونات**: جسيمات سالبة الشحنة (−) تدور حول النواة في مستويات طاقة تُسمّى «المدارات» أو «الأغلفة».

> ⚠️ الذرّة في مجملها **متعادلة كهربائيًّا**: عدد البروتونات = عدد الإلكترونات.

## ⚡ العنصر الكيميائي والرمز

**العنصر الكيميائي** هو مجموعة ذرّات لها نفس عدد البروتونات في النواة (يُسمّى **العدد الذري Z**).

يُمثَّل كلّ عنصر برمز دوليّ (حرف أو حرفان):

| العنصر     | الرمز | العدد الذري Z |
| ---------- | ----- | ------------- |
| الهيدروجين | H     | 1             |
| الأكسجين   | O     | 8             |
| الكربون    | C     | 6             |
| الصوديوم   | Na    | 11            |
| الكلور     | Cl    | 17            |
| النيتروجين | N     | 7             |
| الكبريت    | S     | 16            |
| الكالسيوم  | Ca    | 20            |

> 🗡️ الرمز يبدأ دائمًا بحرف كبير، ويُكمَل بحرف صغير عند الحاجة (Na لا NA ولا na).

## 🛡️ الجزيء والصيغة الكيميائية

**الجزيء** هو أصغر جزء من مادّة يحتفظ بخصائصها الكيميائية. يتكوّن من ذرّتَين أو أكثر مرتبطة بروابط كيميائية.

**الصيغة الكيميائية** تُبيّن:

- **نوع** الذرّات المكوِّنة للجزيء (الرموز).
- **عدد** كلّ نوع من الذرّات (الأرقام السفلية).

أمثلة:

| الجزيء             | الصيغة | نوع الذرّات وعددها      |
| ------------------ | ------ | ----------------------- |
| الماء              | H₂O    | ذرّتان H + ذرّة O واحدة |
| الأكسجين           | O₂     | ذرّتان O                |
| ثاني أكسيد الكربون | CO₂    | ذرّة C + ذرّتان O       |
| الميتان            | CH₄    | ذرّة C + 4 ذرّات H      |
| الأمونياك          | NH₃    | ذرّة N + 3 ذرّات H      |

> 💡 إذا لم يُكتب رقم بجانب الرمز فهو يعني ذرّة **واحدة** (H₂O: ذرّة O واحدة).

## 🔮 الفرق بين الذرّة والجزيء

|                  | الذرّة                 | الجزيء              |
| ---------------- | ---------------------- | ------------------- |
| **التعريف**      | أصغر جزء من عنصر       | مجموعة ذرّات مرتبطة |
| **التركيب**      | نواة + إلكترونات       | ذرّتان أو أكثر      |
| **مثال**         | ذرّة أكسجين O          | جزيء أكسجين O₂      |
| **الوجود الحرّ** | نادر (للغازات النبيلة) | شائع في المواد      |

> ⚠️ الأكسجين الموجود في الهواء يوجد في شكل جزيئات O₂ لا ذرّات منفردة O.

## 🌟 قراءة الصيغ وعدّ الذرّات

لعدّ ذرّات جزيء ما، اجمع الأرقام السفلية لكلّ عنصر:

**مثال:** جزيء H₂SO₄ (حمض الكبريتيك):

- ذرّتا هيدروجين (H₂) → 2
- ذرّة كبريت (S) → 1
- أربع ذرّات أكسجين (O₄) → 4
- **الإجمالي: 7 ذرّات**

**مثال:** جزيء Ca(OH)₂ (هيدروكسيد الكالسيوم):

- الرقم 2 خارج القوسَين يضرب كلّ ما بداخلهما:
- ذرّة Ca: 1 ، ذرّتا O: 2 ، ذرّتا H: 2
- **الإجمالي: 5 ذرّات**

## 🌑 العناصر في الجدول الدوري

تُصنَّف العناصر في **الجدول الدوري للعناصر** بحسب أعدادها الذريّة. يضمّ الجدول الحالي 118 عنصرًا. أهمّ ما يجب حفظه في مرحلتنا:

- **H** (هيدروجين، Z=1): أخفّ العناصر وأوفرها في الكون.
- **C** (كربون، Z=6): أساس الكيمياء العضوية والحياة.
- **N** (نيتروجين، Z=7): يشكّل 78% من هواء الغلاف الجوّي.
- **O** (أكسجين، Z=8): ضروري للتنفّس والاحتراق.
- **Na** (صوديوم، Z=11) و **Cl** (كلور، Z=17): يكوّنان معًا ملح الطعام NaCl.

## 🏆 خلاصة

```
المادّة → مكوّنة من جزيئات
الجزيء → مكوّن من ذرّات
الذرّة → نواة (بروتونات + نيوترونات) + إلكترونات
```

> 🏆 عرفتَ الآن اللبنات الأساسية للمادّة! في الفصل القادم سندرس ما يحدث حين تتفاعل الجزيئات مع بعضها: **التفاعل الكيميائي**.', '# 📜 ملخّص: الذرّات والجزيئات والرموز الكيميائية

- **الذرّة**: أصغر جزء من عنصر؛ تتكوّن من **نواة** (بروتونات + نيوترونات) + **إلكترونات** تدور حولها. الذرّة متعادلة كهربائيًّا (عدد البروتونات = عدد الإلكترونات).
- **العنصر الكيميائي**: مجموعة ذرّات بنفس العدد الذري Z. يُمثَّل برمز دوليّ: H، O، C، Na، Cl، N، S، Ca…
- **الجزيء**: أصغر جزء من مادّة يحتفظ بخصائصها؛ يتكوّن من ذرّتَين أو أكثر مرتبطة.
- **الصيغة الكيميائية**: تُبيّن نوع الذرّات وعددها: H₂O (ذرّتا H + ذرّة O)، O₂، CO₂، CH₄.
- لعدّ الذرّات: اجمع الأرقام السفلية لكلّ عنصر (الرقم غير المكتوب = 1).
- الأكسجين في الهواء يوجد على شكل جزيء **O₂** لا ذرّة منفردة.', 4)
ON CONFLICT (id) DO UPDATE SET
  subject_id = EXCLUDED.subject_id,
  title = EXCLUDED.title,
  description = EXCLUDED.description,
  lesson_content = EXCLUDED.lesson_content,
  summary = EXCLUDED.summary,
  display_order = EXCLUDED.display_order;

INSERT INTO public.chapters (id, subject_id, title, description, lesson_content, summary, display_order) VALUES
  ('4dffb31a-ec0d-5def-90db-3ab72e4936d7', 'svt', 'التفاعل الكيميائي والمعادلة الكيميائية', 'المتفاعلات والنواتج، انحفاظ الكتلة، كتابة المعادلة الكيميائية وموازنتها', '# ⚔️ التفاعل الكيميائي والمعادلة الكيميائية

> 💡 «في التحوّل الكيميائي تختفي موادّ وتظهر أخرى… لكن لا شيء يضيع: المادّة تتحوّل ولا تفنى.»

## 🏰 التحوّل الكيميائي

**التفاعل الكيميائي** تحوّل تختفي خلاله موادّ (المتفاعلات) وتتكوّن موادّ جديدة (النواتج) لها خصائص مختلفة.

- **المتفاعلات**: الموادّ الموجودة قبل التفاعل.
- **النواتج**: الموادّ المتكوّنة بعد التفاعل.

> 🗡️ مؤشّرات حدوث تفاعل: تغيّر اللون، انطلاق غاز، تكوّن راسب، انبعاث حرارة أو ضوء.

## ⚡ تحوّل كيميائي أم فيزيائي؟

- **تحوّل فيزيائي**: تتغيّر الحالة أو الشكل دون تغيّر طبيعة المادّة (ذوبان الجليد، تبخّر الماء).
- **تحوّل كيميائي**: تظهر موادّ **جديدة** (احتراق الورق، صدأ الحديد).

## 🛡️ قانون انحفاظ الكتلة (لافوازييه)

> «لا شيء يُفقَد، لا شيء يُخلَق، كلّ شيء يتحوّل.»

في تفاعل كيميائي، **كتلة المتفاعلات = كتلة النواتج**.

$$ m*{\text{المتفاعلات}} = m*{\text{النواتج}} $$

فلو تفاعل 4 g من الميثان مع 16 g من الأكسجين، كانت كتلة النواتج 20 g.

## 🔮 المعادلة الكيميائية

نكتب التفاعل بالرموز والصيغ، مع سهم من المتفاعلات نحو النواتج:

$$ \text{المتفاعلات} \rightarrow \text{النواتج} $$

مثال احتراق الكربون:

$$ C + O_2 \rightarrow CO_2 $$

## 🧮 موازنة المعادلة

بسبب انحفاظ المادّة، يجب أن يكون **عدد ذرّات كلّ عنصر متساويًا** في الطرفين. نضبط ذلك بإضافة **معاملات** (أعداد أمام الصيغ) دون تغيير الصيغ نفسها.

مثال احتراق الميثان:

$$ CH_4 + 2\,O_2 \rightarrow CO_2 + 2\,H_2O $$

نتحقّق: الكربون 1 = 1، الهيدروجين 4 = 4، الأكسجين 4 = (2 + 2) = 4. ✅

> ⚠️ نوازن بتغيير **المعاملات** فقط، لا الأرقام السفلية داخل الصيغة (لا نحوّل O₂ إلى O₃).

## 🧪 منهجيّة الموازنة

1. أكتب صيغ المتفاعلات والنواتج بشكل صحيح.
2. أعدّ ذرّات كلّ عنصر في الطرفين.
3. أضبط المعاملات حتى يتساوى عدد ذرّات كلّ عنصر.
4. أتحقّق من انحفاظ كلّ العناصر.

> 🏆 صرتَ تقرأ لغة الكيمياء وتوازن معادلاتها: أساسٌ لفهم كلّ التفاعلات.', '# 📜 ملخّص: التفاعل الكيميائي والمعادلة الكيميائية

- **التفاعل الكيميائي**: تختفي **المتفاعلات** وتتكوّن **نواتج** جديدة بخصائص مختلفة.
- **تحوّل فيزيائي** (تغيّر حالة/شكل، نفس المادّة) مقابل **تحوّل كيميائي** (موادّ جديدة).
- **انحفاظ الكتلة (لافوازييه)**: كتلة المتفاعلات = كتلة النواتج.
- **المعادلة الكيميائية**: المتفاعلات ← النواتج بالرموز والصيغ.
- **الموازنة**: عدد ذرّات كلّ عنصر متساوٍ في الطرفين، نضبطه بـ **المعاملات** فقط (لا نغيّر الصيغ).
- مثال: CH₄ + 2O₂ → CO₂ + 2H₂O (كربون 1=1، هيدروجين 4=4، أكسجين 4=4).', 5)
ON CONFLICT (id) DO UPDATE SET
  subject_id = EXCLUDED.subject_id,
  title = EXCLUDED.title,
  description = EXCLUDED.description,
  lesson_content = EXCLUDED.lesson_content,
  summary = EXCLUDED.summary,
  display_order = EXCLUDED.display_order;

INSERT INTO public.chapters (id, subject_id, title, description, lesson_content, summary, display_order) VALUES
  ('5be5e862-63b0-5bbf-ba43-676b67a97793', 'svt', 'الأحماض والقواعد و pH', 'المحاليل الحمضية والقاعدية والمتعادلة؛ مقياس pH (0-14)؛ الكواشف الملوّنة؛ أمثلة من الحياة اليومية؛ تأثير التخفيف على pH', '# ⚗️ الأحماض والقواعد و pH

> 🧪 «كلّ محلول يحمل سرًّا في قيمة pH خاصّة به — اكشف السرّ واكسب المعركة!»

## 🏰 تصنيف المحاليل: حمضي، قاعدي، متعادل

تُقسَّم المحاليل المائية إلى ثلاثة أصناف حسب طبيعتها:

- **المحلول الحمضي**: يحتوي على حمض مُذاب في الماء (مثل حمض كلور الهيدروجين HCl وعصير الليمون وخلّ المائدة).
- **المحلول القاعدي**: يحتوي على قاعدة مُذابة في الماء (مثل هيدروكسيد الصوديوم NaOH ومحلول الصابون والأمونياك).
- **المحلول المتعادل**: لا هو حمضي ولا قاعدي؛ الماء النقي أبرز مثال.

> ⚠️ الأحماض والقواعد القويّة خطيرة؛ تُتعامل معها في المختبر بحذر تامّ مع ارتداء النظّارات الواقية والقفّازات.

## ⚡ مقياس pH — سلّم المحاريب

**pH** (إختصار للـ «Potentiel Hydrogène»، وتُلفظ «بي-هاش») هو مقياس رقمي يتراوح بين **0 و 14** يُعبّر عن درجة حمضية أو قاعدية المحلول:

| قيمة pH     | طبيعة المحلول                               |
| ----------- | ------------------------------------------- |
| 0 ≤ pH < 7  | **حمضي** (كلّما اقترب من 0 زادت الحمضية)    |
| pH = 7      | **متعادل**                                  |
| 7 < pH ≤ 14 | **قاعدي** (كلّما اقترب من 14 زادت القاعدية) |

$$
\text{pH} < 7 \Rightarrow \text{حمضي} \quad|\quad \text{pH} = 7 \Rightarrow \text{متعادل} \quad|\quad \text{pH} > 7 \Rightarrow \text{قاعدي}
$$

## 🔮 الكواشف الملوّنة — أسلحة التشخيص

الكواشف الملوّنة مواد تغيّر لونها تبعًا لـ pH المحلول، وأبرزها:

- **ورق الـ pH (ورق الكاشف العالمي)**: يُقارَن لونه بجدول مرجعي يعطي قيمة pH تقريبية من 0 إلى 14.
- **أزرق البروموتيمول (BBT)**: أصفر في الوسط الحمضي، أخضر في الوسط المتعادل، أزرق في الوسط القاعدي.
- **عبّاد الشمس (صبغة عبّاد الشمس)**: أحمر في الوسط الحمضي، أرجواني في الوسط المتعادل، أزرق في الوسط القاعدي.

> 🗡️ تذكّر: الكاشف يكشف فقط — لا يُغيّر طبيعة المحلول!

## 🌟 أمثلة من الحياة اليومية

| المحلول           | pH تقريبي | الطبيعة          |
| ----------------- | --------- | ---------------- |
| حمض المعدة        | 1 – 2     | حمضي جدًّا       |
| عصير الليمون      | 2 – 3     | حمضي             |
| الخلّ             | 3 – 4     | حمضي             |
| القهوة            | 5         | حمضي ضعيف        |
| الماء النقي       | 7         | متعادل           |
| الدم              | 7,4       | قاعدي ضعيف جدًّا |
| محلول الصابون     | 9 – 10    | قاعدي            |
| محلول الأمونياك   | 11 – 12   | قاعدي قويّ       |
| المبيّض (الجافيل) | 12 – 13   | قاعدي جدًّا      |

## 🛡️ تخفيف المحلول الحمضي وأثره على pH

عند إضافة الماء إلى محلول حمضي (**التخفيف**):

- **تنقص** تركيزية الحمض في المحلول.
- **يرتفع** pH المحلول (يقترب من 7) دون أن يتجاوزه.
- لا يتحوّل المحلول الحمضي إلى قاعدي بمجرّد التخفيف؛ pH يقترب من 7 لكن لا يتعدّاه.

$$
\text{تخفيف الحمض} \Rightarrow \text{pH يرتفع ويقترب من } 7
$$

> ⚔️ بالمثل، تخفيف محلول قاعدي يُنقص pH ويجعله يقترب من 7 من الجانب الآخر.

## 🏆 التعادل — نهاية المعركة

**التعادل** هو التفاعل بين حمض وقاعدة بكمّيات متكافئة فينتج ماء وملح:

$$
\text{حمض} + \text{قاعدة} \rightarrow \text{ملح} + \text{ماء}
$$

مثال: حمض كلور الهيدروجين + هيدروكسيد الصوديوم:

$$
\text{HCl} + \text{NaOH} \rightarrow \text{NaCl} + \text{H}_2\text{O} \quad \text{(pH تقارب 7)}
$$

> 🏆 أتقنتَ سلاح pH — في الفصل القادم ستكتشف كيف تحمل بعض المحاليل شوارد كهربائية وتنقل التيار!', '# 📜 ملخّص: الأحماض والقواعد و pH

- **المحلول الحمضي**: pH < 7 (مثل عصير الليمون، خلّ المائدة). **المحلول القاعدي**: pH > 7 (مثل الصابون، الأمونياك). **المحلول المتعادل**: pH = 7 (الماء النقي).
- مقياس pH يتراوح بين 0 و 14: كلّما اقترب من 0 زادت الحمضية، وكلّما اقترب من 14 زادت القاعدية.
- **الكواشف الملوّنة**: ورق الـ pH (نتيجة تقريبية 0-14) — أزرق البروموتيمول BBT (أصفر/أخضر/أزرق) — عبّاد الشمس (أحمر/أرجواني/أزرق).
- **تخفيف الحمض**: إضافة ماء تُنقص التركيز وترفع pH نحو 7 دون تجاوزه.
- **التعادل**: حمض + قاعدة → ملح + ماء؛ ينتج محلول pH ≈ 7.', 6)
ON CONFLICT (id) DO UPDATE SET
  subject_id = EXCLUDED.subject_id,
  title = EXCLUDED.title,
  description = EXCLUDED.description,
  lesson_content = EXCLUDED.lesson_content,
  summary = EXCLUDED.summary,
  display_order = EXCLUDED.display_order;

INSERT INTO public.chapters (id, subject_id, title, description, lesson_content, summary, display_order) VALUES
  ('1ef832e7-2310-5ebc-9ddd-7d3d868d77cb', 'svt', 'المحاليل الشاردية وناقلية الكهرباء', 'الشوارد (كاتيونات وأنيونات)؛ تجربة ناقلية المحاليل؛ تأثير التركيز على الناقلية؛ مقارنة المحاليل الشاردية وغير الشاردية', '# ⚡ المحاليل الشاردية وناقلية الكهرباء

> 🔋 «بعض المحاليل تحمل جنودًا مشحونة — الشوارد — تحمل التيار وتضيء الميدان!»

## 🏰 الشوارد: أيونات الحلبة

عند إذابة بعض المواد في الماء، تنحلّ إلى جسيمات مشحونة كهربائيًّا تُسمّى **شوارد** أو **أيونات**:

- **الكاتيون** (أيون موجب): جسيم يحمل شحنة موجبة (+). مثال: أيون الصوديوم Na⁺، أيون الكالسيوم Ca²⁺، أيون الهيدروجين H⁺.
- **الأنيون** (أيون سالب): جسيم يحمل شحنة سالبة (−). مثال: أيون الكلوريد Cl⁻، أيون هيدروكسيد OH⁻، أيون الكبريتات SO₄²⁻.

> ⚠️ الشوارد لا تُرى بالعين المجرّدة — هي جسيمات على المستوى المجهري تنتشر في المحلول بحريّة.

## ⚡ انحلال كلوريد الصوديوم — مثال الأبطال

عند إذابة ملح الطعام (كلوريد الصوديوم NaCl) في الماء:

$$
\text{NaCl} \xrightarrow{\text{ماء}} \text{Na}^{+} + \text{Cl}^{-}
$$

ينتج **محلول شاردي** يحتوي على كاتيونات Na⁺ وأنيونات Cl⁻ متوزّعة بحريّة. هذه الشوارد هي الكاسب الحقيقي للمعركة الكهربائية!

## 🔮 تجربة ناقلية المحاليل

**الدائرة الكهربائية للاختبار**: نحمس دائرة تحتوي على:

- مولّد كهربائي (بطارية)
- لمبة أو جلفانومتر
- قطبَين (إلكترودَين) مغمورَين في المحلول المُراد اختباره

| المحلول                       | نتيجة التجربة     | التفسير                   |
| ----------------------------- | ----------------- | ------------------------- |
| ماء مقطّر خالص                | اللمبة لا تضيء    | لا توجد شوارد             |
| محلول ملح الطعام (NaCl)       | اللمبة تضيء       | يحتوي شوارد Na⁺ و Cl⁻     |
| محلول السكّر (C₁₂H₂₂O₁₁)      | اللمبة لا تضيء    | السكّر يذوب دون أن يتشرّد |
| محلول حمض كلور الهيدروجين HCl | اللمبة تضيء بقوّة | يحتوي شوارد H⁺ و Cl⁻      |

> 🗡️ القاعدة الذهبية: **المحلول الشاردي يحتوي شوارد فينقل التيار. المحلول غير الشاردي لا شوارد فيه فلا يوصّل التيار.**

## 🌟 المحاليل الشاردية في الحياة اليومية

- **ماء الشرب من الصنبور**: يحتوي شوارد معدنية (Ca²⁺، Mg²⁺، HCO₃⁻) فهو ناقل للكهرباء.
- **محلول الصابون**: شاردي فينقل التيار.
- **ماء البحر**: غنيّ بشوارد Na⁺ و Cl⁻ — ناقل قويّ.
- **الكحول الخالص**: غير شاردي لا ينقل التيار.
- **الزيت**: غير شاردي لا ينقل التيار.

## 🛡️ تأثير التركيز على الناقلية الكهربائية

**كلّما زاد تركيز الشوارد في المحلول زادت ناقليته الكهربائية:**

$$
\uparrow \text{تركيز الشوارد} \Rightarrow \uparrow \text{الناقلية الكهربائية}
$$

- محلول NaCl مركّز → لمبة تضيء بشدّة أكبر.
- محلول NaCl مخفّف → لمبة تضيء بشدّة أقلّ.

> ⚔️ التخفيف يُقلّل عدد الشوارد في وحدة الحجم فتنقص الناقلية، لكن المحلول يبقى شارديًّا.

## 🏆 المحاليل الشاردية مقابل غير الشاردية — جدول المقارنة

| الخاصّية          | محلول شاردي (NaCl)         | محلول غير شاردي (سكّر)      |
| ----------------- | -------------------------- | --------------------------- |
| وجود شوارد        | نعم (Na⁺، Cl⁻)             | لا                          |
| ناقلية الكهرباء   | تنقل التيار                | لا تنقل التيار              |
| اللمبة في التجربة | تضيء                       | لا تضيء                     |
| أمثلة             | ماء البحر، محلول NaOH، HCl | محلول السكّر، الكحول، الزيت |

> 🏆 أتقنتَ سرّ الشوارد الكهربائية! في الفصل القادم ستحكم ميدان التيار المستمر وتسيطر على قانون أوم العظيم.', '# 📜 ملخّص: المحاليل الشاردية وناقلية الكهرباء

- **الشوارد**: جسيمات مشحونة كهربائيًّا — **كاتيون** (موجب) مثل Na⁺ و Ca²⁺، و**أنيون** (سالب) مثل Cl⁻ و OH⁻.
- عند إذابة NaCl في الماء: NaCl → Na⁺ + Cl⁻ (محلول شاردي يحتوي شوارد حرّة).
- **المحلول الشاردي** يحتوي شوارد فينقل التيار الكهربائي (اللمبة تضيء).
- **المحلول غير الشاردي** (كمحلول السكّر) لا يحتوي شوارد فلا ينقل التيار (اللمبة لا تضيء).
- **تأثير التركيز**: كلّما زاد تركيز الشوارد زادت الناقلية الكهربائية للمحلول.
- أمثلة شاردية: ماء البحر، محلول NaOH، محلول HCl. أمثلة غير شاردية: الكحول، الزيت، محلول السكّر.', 7)
ON CONFLICT (id) DO UPDATE SET
  subject_id = EXCLUDED.subject_id,
  title = EXCLUDED.title,
  description = EXCLUDED.description,
  lesson_content = EXCLUDED.lesson_content,
  summary = EXCLUDED.summary,
  display_order = EXCLUDED.display_order;

INSERT INTO public.chapters (id, subject_id, title, description, lesson_content, summary, display_order) VALUES
  ('cb55bcb6-c41c-5c05-b94a-fad88e81e703', 'svt', 'التيار الكهربائي المستمر وقانون أوم', 'التيار المستمر واتّجاهه؛ شدّة التيار I (الأمبير)؛ التوتر الكهربائي U (الفولط)؛ المقاومة R (الأوم)؛ قانون أوم U = R × I؛ التركيب على التسلسل والتوازي', '# ⚔️ التيار الكهربائي المستمر وقانون أوم

> 🔋 «أوم اكتشف القانون الذهبي: التوتر يدفع التيار عبر المقاومة — أتقنه وأنت سيّد الدوائر!»

## 🏰 التيار الكهربائي المستمر واتّجاهه

**التيار الكهربائي المستمر (DC)** هو تدفّق منتظم للشحنات الكهربائية في اتّجاه ثابت لا يتغيّر مع الزمن.

- **الاتّجاه الاصطلاحي للتيار**: من القطب الموجب (+) للمولّد في الدائرة الخارجية نحو القطب السالب (−).
- **الإلكترونات** تتحرّك في الاتّجاه المعاكس (من − إلى +)، لكنّنا نعتمد الاتّجاه الاصطلاحي في الحسابات.

> ⚠️ لا تخلط بين اتّجاه التيار الاصطلاحي (+→−) واتّجاه حركة الإلكترونات (−→+).

## ⚡ شدّة التيار I — قوّة الجندي

**شدّة التيار الكهربائي I** هي الكمّية التي تقيس تدفّق الشحنات عبر مقطع في الدائرة خلال وحدة الزمن.

- **وحدة القياس**: الأمبير (**A**).
- **جهاز القياس**: **الأمبيرمتر** — يُوصَل **على التسلسل** (في الدائرة مباشرةً).
- مقاومة الأمبيرمتر صغيرة جدًّا لكي لا يؤثّر على قيمة التيار المقاسة.

> 🗡️ قاعدة لا تُنسى: الأمبيرمتر دائمًا على **التسلسل**.

## 🔮 التوتر الكهربائي U — الطاقة المحرّكة

**التوتر الكهربائي U** (ويُسمّى أيضًا الجهد الكهربائي أو فرق الجهد) هو القوّة المحرّكة التي تدفع التيار في الدائرة.

- **وحدة القياس**: الفولط (**V**).
- **جهاز القياس**: **الفولطمتر** — يُوصَل **على التوازي** (موازيًا للمكوّن المراد قياس توتّره).
- مقاومة الفولطمتر كبيرة جدًّا لكي لا يسحب تيارًا يُغيّر القياس.

> 🗡️ قاعدة لا تُنسى: الفولطمتر دائمًا على **التوازي**.

## 🌟 المقاومة R — العائق في الميدان

**المقاومة الكهربائية R** هي مقدار مقاومة الموصّل لمرور التيار الكهربائي.

- **وحدة القياس**: الأوم (**Ω**).
- كلّما زادت R كلّما صعب مرور التيار وقلّت شدّته (عند توتّر ثابت).
- المقاومة تحوّل جزءًا من الطاقة الكهربائية إلى حرارة.

## 🛡️ قانون أوم — القانون الذهبي

صاغ العالم الألماني **جورج سيمون أوم** (Georg Simon Ohm) القانون الأساسي للدوائر الكهربائية:

$$
U = R \times I
$$

حيث:

- **U** = التوتر بالفولط (V)
- **R** = المقاومة بالأوم (Ω)
- **I** = شدّة التيار بالأمبير (A)

يمكن كتابة القانون بثلاثة أشكال حسب المجهول:

$$
U = R \times I \quad|\quad R = \frac{U}{I} \quad|\quad I = \frac{U}{R}
$$

**أمثلة حسابية:**

- مثال 1: مقاومة R = 100 Ω يمرّ بها تيار I = 0.2 A. التوتر: U = 100 × 0.2 = **20 V**
- مثال 2: توتر U = 12 V ومقاومة R = 6 Ω. شدّة التيار: I = 12 ÷ 6 = **2 A**
- مثال 3: توتر U = 9 V وتيار I = 0.3 A. المقاومة: R = 9 ÷ 0.3 = **30 Ω**

## 🌑 التركيب على التسلسل

عند توصيل مقاومتَين R₁ و R₂ **على التسلسل**:

- شدّة التيار **نفسها** في كلّ عنصر: I₁ = I₂ = I
- التوتر الكلّي يساوي مجموع التوتّرات: U = U₁ + U₂
- المقاومة الإجمالية: R_total = R₁ + R₂

$$
R_{\text{total}} = R_1 + R_2
$$

## 🏆 التركيب على التوازي

عند توصيل مقاومتَين R₁ و R₂ **على التوازي**:

- التوتر **نفسه** على كلّ عنصر: U₁ = U₂ = U
- شدّة التيار الكلّي: I = I₁ + I₂
- المقاومة الإجمالية (أصغر من أيّ مقاومة منفردة):

$$
\frac{1}{R_{\text{total}}} = \frac{1}{R_1} + \frac{1}{R_2}
$$

> 🏆 أتقنتَ قانون أوم وأسرار الدوائر الكهربائية — أنت الآن بطل الكهرباء!', '# 📜 ملخّص: التيار الكهربائي المستمر وقانون أوم

- **التيار المستمر**: تدفّق منتظم للشحنات في اتّجاه ثابت؛ الاتّجاه الاصطلاحي من + إلى − في الدائرة الخارجية.
- **شدّة التيار I**: وحدتها الأمبير (A)؛ تُقاس بالأمبيرمتر الموصَّل **على التسلسل**.
- **التوتر الكهربائي U**: وحدته الفولط (V)؛ يُقاس بالفولطمتر الموصَّل **على التوازي**.
- **المقاومة R**: وحدتها الأوم (Ω)؛ تعيق مرور التيار وتحوّل الطاقة إلى حرارة.
- **قانون أوم**: U = R × I (أو: I = U/R أو R = U/I). مثال: R = 100 Ω، I = 0.2 A → U = 20 V.
- **التسلسل**: التيار نفسه في الجميع؛ U_total = U₁ + U₂؛ R_total = R₁ + R₂.
- **التوازي**: التوتر نفسه على الجميع؛ I_total = I₁ + I₂؛ 1/R_total = 1/R₁ + 1/R₂.', 8)
ON CONFLICT (id) DO UPDATE SET
  subject_id = EXCLUDED.subject_id,
  title = EXCLUDED.title,
  description = EXCLUDED.description,
  lesson_content = EXCLUDED.lesson_content,
  summary = EXCLUDED.summary,
  display_order = EXCLUDED.display_order;

INSERT INTO public.exercises (id, chapter_id, subject_id, title, difficulty, xp_reward, reward_coins, mode, source, display_order) VALUES
  ('2847ee40-bab5-593a-afce-c051410adabf', 'bbf34e0d-c9ae-578e-8880-c3b5d4ecf5d4', 'svt', 'اختبار فهم الدرس', 1, 20, 5, 'quiz', 'admin', 0)
ON CONFLICT (id) DO UPDATE SET
  chapter_id = EXCLUDED.chapter_id,
  subject_id = EXCLUDED.subject_id,
  title = EXCLUDED.title,
  difficulty = EXCLUDED.difficulty,
  xp_reward = EXCLUDED.xp_reward,
  reward_coins = EXCLUDED.reward_coins,
  mode = EXCLUDED.mode,
  display_order = EXCLUDED.display_order;

INSERT INTO public.questions (id, exercise_id, prompt, options, correct_option, explanation, display_order) VALUES
  ('52d8717b-1c43-560a-a90c-be89d2392f61', '2847ee40-bab5-593a-afce-c051410adabf', 'ما الفرق بين المصدر الضوئي الأوّلي والمصدر الضوئي الثانوي؟', '[{"id":"a","text":"المصدر الأوّلي يعكس الضوء، والثانوي ينتجه بنفسه"},{"id":"b","text":"المصدر الأوّلي ينتج الضوء بنفسه، والثانوي يبعثه بعد أن يتلقّاه"},{"id":"c","text":"المصدر الأوّلي والثانوي كلاهما يعكسان الضوء فقط"},{"id":"d","text":"المصدر الثانوي هو الذي ينتج الضوء بنفسه كالشمس"}]'::jsonb, 'b', 'المصدر الأوّلي (كالشمس والمصباح) ينتج الضوء بنفسه، أمّا المصدر الثانوي (كالقمر والجدار المضاء) فيبعث الضوء بعد أن يتلقّاه من مصدر آخر.', 1)
ON CONFLICT (id) DO UPDATE SET
  exercise_id = EXCLUDED.exercise_id,
  prompt = EXCLUDED.prompt,
  options = EXCLUDED.options,
  correct_option = EXCLUDED.correct_option,
  explanation = EXCLUDED.explanation,
  display_order = EXCLUDED.display_order;

INSERT INTO public.questions (id, exercise_id, prompt, options, correct_option, explanation, display_order) VALUES
  ('c0d3540e-6bcd-54fc-bd09-53bc66aa4804', '2847ee40-bab5-593a-afce-c051410adabf', 'في أيّ شرط ينتشر الضوء في خطوط مستقيمة؟', '[{"id":"a","text":"في أيّ وسط كيفما كان"},{"id":"b","text":"في الفراغ فقط"},{"id":"c","text":"في وسط شفّاف ومتجانس"},{"id":"d","text":"في وسط معتم ومتجانس"}]'::jsonb, 'c', 'ينتشر الضوء في خطوط مستقيمة في وسط شفّاف ومتجانس؛ إذا تغيّر الوسط انكسر الضوء وغيّر اتّجاهه.', 2)
ON CONFLICT (id) DO UPDATE SET
  exercise_id = EXCLUDED.exercise_id,
  prompt = EXCLUDED.prompt,
  options = EXCLUDED.options,
  correct_option = EXCLUDED.correct_option,
  explanation = EXCLUDED.explanation,
  display_order = EXCLUDED.display_order;

INSERT INTO public.questions (id, exercise_id, prompt, options, correct_option, explanation, display_order) VALUES
  ('ae8f4387-96f1-59a1-a6e6-7e2588de9711', '2847ee40-bab5-593a-afce-c051410adabf', 'ما «الشعاع الضوئي»؟', '[{"id":"a","text":"مجموعة من الأشعّة الضوئية المتوازية"},{"id":"b","text":"دائرة تمثّل انتشار الضوء"},{"id":"c","text":"نقطة تحدّد مصدر الضوء"},{"id":"d","text":"خطّ مستقيم مسهّم يمثّل مسار الضوء واتّجاهه"}]'::jsonb, 'd', 'الشعاع الضوئي هو خطّ مستقيم مسهّم يمثّل مسار الضوء واتّجاه انتشاره، أمّا مجموعة الأشعّة فتُسمّى حزمة ضوئية.', 3)
ON CONFLICT (id) DO UPDATE SET
  exercise_id = EXCLUDED.exercise_id,
  prompt = EXCLUDED.prompt,
  options = EXCLUDED.options,
  correct_option = EXCLUDED.correct_option,
  explanation = EXCLUDED.explanation,
  display_order = EXCLUDED.display_order;

INSERT INTO public.questions (id, exercise_id, prompt, options, correct_option, explanation, display_order) VALUES
  ('5690eecf-c76c-54a1-842a-fd503204f945', '2847ee40-bab5-593a-afce-c051410adabf', 'ما الفرق بين «ظلّ النفس» و«الظلّ المحمول»؟', '[{"id":"a","text":"ظلّ النفس هو المنطقة المظلمة على حاجز خلف الجسم، والظلّ المحمول هو الجزء غير المضاء من الجسم"},{"id":"b","text":"ظلّ النفس هو الجزء غير المضاء من الجسم نفسه، والظلّ المحمول هو المنطقة المظلمة على حاجز خلف الجسم"},{"id":"c","text":"كلاهما اسمان لنفس الظاهرة"},{"id":"d","text":"ظلّ النفس يتكوّن فقط أثناء الكسوف"}]'::jsonb, 'b', 'ظلّ النفس هو الجزء غير المضاء من الجسم المعتم نفسه، أمّا الظلّ المحمول فهو المنطقة المظلمة التي تتكوّن على حاجز موضوع خلف الجسم.', 4)
ON CONFLICT (id) DO UPDATE SET
  exercise_id = EXCLUDED.exercise_id,
  prompt = EXCLUDED.prompt,
  options = EXCLUDED.options,
  correct_option = EXCLUDED.correct_option,
  explanation = EXCLUDED.explanation,
  display_order = EXCLUDED.display_order;

INSERT INTO public.questions (id, exercise_id, prompt, options, correct_option, explanation, display_order) VALUES
  ('426ed470-9a87-53ba-af50-0208d0da05df', '2847ee40-bab5-593a-afce-c051410adabf', 'كسوف الشمس يحدث عندما:', '[{"id":"a","text":"تتوسّط الأرضُ بين الشمس والقمر فيقع القمر في ظلّها"},{"id":"b","text":"تتوسّط الشمسُ بين الأرض والقمر"},{"id":"c","text":"يتوسّط القمرُ بين الشمس والأرض فيحجب ضوء الشمس"},{"id":"d","text":"يبتعد القمر عن الأرض إلى مسافة كبيرة جدًّا"}]'::jsonb, 'c', 'كسوف الشمس يحدث عندما يتوسّط القمر بين الشمس والأرض فيحجب ضوء الشمس عنّا. أمّا خسوف القمر فيحدث حين تتوسّط الأرض بين الشمس والقمر.', 5)
ON CONFLICT (id) DO UPDATE SET
  exercise_id = EXCLUDED.exercise_id,
  prompt = EXCLUDED.prompt,
  options = EXCLUDED.options,
  correct_option = EXCLUDED.correct_option,
  explanation = EXCLUDED.explanation,
  display_order = EXCLUDED.display_order;

INSERT INTO public.exercises (id, chapter_id, subject_id, title, difficulty, xp_reward, reward_coins, mode, source, display_order) VALUES
  ('2c90abf4-246f-5ca7-bce2-e8a553e79052', 'bbf34e0d-c9ae-578e-8880-c3b5d4ecf5d4', 'svt', 'تمرين: مصادر الضوء وانتشاره', 1, 50, 10, 'practice', 'admin', 1)
ON CONFLICT (id) DO UPDATE SET
  chapter_id = EXCLUDED.chapter_id,
  subject_id = EXCLUDED.subject_id,
  title = EXCLUDED.title,
  difficulty = EXCLUDED.difficulty,
  xp_reward = EXCLUDED.xp_reward,
  reward_coins = EXCLUDED.reward_coins,
  mode = EXCLUDED.mode,
  display_order = EXCLUDED.display_order;

INSERT INTO public.questions (id, exercise_id, prompt, options, correct_option, explanation, display_order) VALUES
  ('3520e9b6-2c60-5bdb-9452-faf19f751575', '2c90abf4-246f-5ca7-bce2-e8a553e79052', 'أيّ ممّا يلي مصدر ضوئي ثانوي؟', '[{"id":"a","text":"الشمس"},{"id":"b","text":"المصباح المتوهّج"},{"id":"c","text":"القمر"},{"id":"d","text":"اللهب"}]'::jsonb, 'c', 'القمر لا ينتج الضوء بنفسه بل يعكس ضوء الشمس، فهو مصدر ضوئي ثانوي.', 1)
ON CONFLICT (id) DO UPDATE SET
  exercise_id = EXCLUDED.exercise_id,
  prompt = EXCLUDED.prompt,
  options = EXCLUDED.options,
  correct_option = EXCLUDED.correct_option,
  explanation = EXCLUDED.explanation,
  display_order = EXCLUDED.display_order;

INSERT INTO public.questions (id, exercise_id, prompt, options, correct_option, explanation, display_order) VALUES
  ('81f6c3b2-6342-5561-927e-2e6ebed08499', '2c90abf4-246f-5ca7-bce2-e8a553e79052', 'كيف ينتشر الضوء في وسط شفّاف ومتجانس؟', '[{"id":"a","text":"في خطوط منحنية"},{"id":"b","text":"في خطوط مستقيمة"},{"id":"c","text":"في خطوط متعرّجة"},{"id":"d","text":"في دوائر"}]'::jsonb, 'b', 'في وسط شفّاف ومتجانس ينتشر الضوء في خطوط مستقيمة (الانتشار المستقيمي).', 2)
ON CONFLICT (id) DO UPDATE SET
  exercise_id = EXCLUDED.exercise_id,
  prompt = EXCLUDED.prompt,
  options = EXCLUDED.options,
  correct_option = EXCLUDED.correct_option,
  explanation = EXCLUDED.explanation,
  display_order = EXCLUDED.display_order;

INSERT INTO public.questions (id, exercise_id, prompt, options, correct_option, explanation, display_order) VALUES
  ('a617b749-a476-50aa-9d77-27dcf968ea8a', '2c90abf4-246f-5ca7-bce2-e8a553e79052', 'متى نرى جسمًا غير مضيء؟', '[{"id":"a","text":"عندما ينتج الضوء بنفسه"},{"id":"b","text":"في الظلام التامّ"},{"id":"c","text":"عندما يمتصّ كلّ الضوء"},{"id":"d","text":"عندما يصلنا الضوء المنعكس عنه"}]'::jsonb, 'd', 'الجسم غير المضيء يُرى حين يعكس الضوء الساقط عليه ويدخل هذا الضوء أعيننا.', 3)
ON CONFLICT (id) DO UPDATE SET
  exercise_id = EXCLUDED.exercise_id,
  prompt = EXCLUDED.prompt,
  options = EXCLUDED.options,
  correct_option = EXCLUDED.correct_option,
  explanation = EXCLUDED.explanation,
  display_order = EXCLUDED.display_order;

INSERT INTO public.questions (id, exercise_id, prompt, options, correct_option, explanation, display_order) VALUES
  ('37d2536d-d2c7-5e45-abcb-8e00d8076e79', '2c90abf4-246f-5ca7-bce2-e8a553e79052', 'بِمَ نمثّل مسار الضوء واتّجاهه؟', '[{"id":"a","text":"بنقطة"},{"id":"b","text":"بدائرة"},{"id":"c","text":"بمنحنى"},{"id":"d","text":"بشعاع ضوئي (خطّ مستقيم مسهّم)"}]'::jsonb, 'd', 'نمثّل الضوء بشعاع ضوئي، وهو خطّ مستقيم مسهّم يدلّ على المسار والاتّجاه.', 4)
ON CONFLICT (id) DO UPDATE SET
  exercise_id = EXCLUDED.exercise_id,
  prompt = EXCLUDED.prompt,
  options = EXCLUDED.options,
  correct_option = EXCLUDED.correct_option,
  explanation = EXCLUDED.explanation,
  display_order = EXCLUDED.display_order;

INSERT INTO public.questions (id, exercise_id, prompt, options, correct_option, explanation, display_order) VALUES
  ('a8b17c3a-a10b-5ceb-9d4f-8110c42aaee3', '2c90abf4-246f-5ca7-bce2-e8a553e79052', 'تقارب سرعة الضوء في الفراغ:', '[{"id":"a","text":"300000 km/s"},{"id":"b","text":"300 km/s"},{"id":"c","text":"3000 km/s"},{"id":"d","text":"30 km/s"}]'::jsonb, 'a', 'سرعة الضوء في الفراغ تقارب 300000 كم/ث أي 3×10⁸ م/ث.', 5)
ON CONFLICT (id) DO UPDATE SET
  exercise_id = EXCLUDED.exercise_id,
  prompt = EXCLUDED.prompt,
  options = EXCLUDED.options,
  correct_option = EXCLUDED.correct_option,
  explanation = EXCLUDED.explanation,
  display_order = EXCLUDED.display_order;

INSERT INTO public.questions (id, exercise_id, prompt, options, correct_option, explanation, display_order) VALUES
  ('f5fb35c5-5154-5d48-b3f7-7a390b017440', '2c90abf4-246f-5ca7-bce2-e8a553e79052', 'ما هو «الظلّ المحمول»؟', '[{"id":"a","text":"الجزء غير المضاء من الجسم نفسه"},{"id":"b","text":"الضوء المنعكس عن المرآة"},{"id":"c","text":"مصدر ضوئي ثانوي"},{"id":"d","text":"المنطقة المظلمة المتكوّنة على حاجز خلف الجسم"}]'::jsonb, 'd', 'الظلّ المحمول هو المنطقة المظلمة التي تتكوّن على حاجز خلف الجسم المعتم، أمّا الجزء غير المضاء من الجسم فهو ظلّ النفس.', 6)
ON CONFLICT (id) DO UPDATE SET
  exercise_id = EXCLUDED.exercise_id,
  prompt = EXCLUDED.prompt,
  options = EXCLUDED.options,
  correct_option = EXCLUDED.correct_option,
  explanation = EXCLUDED.explanation,
  display_order = EXCLUDED.display_order;

INSERT INTO public.exercises (id, chapter_id, subject_id, title, difficulty, xp_reward, reward_coins, mode, source, display_order) VALUES
  ('738049b5-6688-53ba-8f47-c5fea00f2b0b', 'bbf34e0d-c9ae-578e-8880-c3b5d4ecf5d4', 'svt', '⚔️ زعيم الفصل: الظلّ والكسوف والخسوف', 3, 120, 30, 'boss', 'admin', 2)
ON CONFLICT (id) DO UPDATE SET
  chapter_id = EXCLUDED.chapter_id,
  subject_id = EXCLUDED.subject_id,
  title = EXCLUDED.title,
  difficulty = EXCLUDED.difficulty,
  xp_reward = EXCLUDED.xp_reward,
  reward_coins = EXCLUDED.reward_coins,
  mode = EXCLUDED.mode,
  display_order = EXCLUDED.display_order;

INSERT INTO public.questions (id, exercise_id, prompt, options, correct_option, explanation, display_order) VALUES
  ('d88cfa81-9602-5207-baae-4cdb136464a2', '738049b5-6688-53ba-8f47-c5fea00f2b0b', 'يحدث كسوف الشمس عندما:', '[{"id":"a","text":"يتوسّط القمرُ بين الشمس والأرض"},{"id":"b","text":"تتوسّط الأرضُ بين الشمس والقمر"},{"id":"c","text":"تتوسّط الشمسُ بين الأرض والقمر"},{"id":"d","text":"يبتعد القمر عن الأرض"}]'::jsonb, 'a', 'في كسوف الشمس يتوسّط القمر بين الشمس والأرض فيحجب ضوء الشمس عنّا.', 1)
ON CONFLICT (id) DO UPDATE SET
  exercise_id = EXCLUDED.exercise_id,
  prompt = EXCLUDED.prompt,
  options = EXCLUDED.options,
  correct_option = EXCLUDED.correct_option,
  explanation = EXCLUDED.explanation,
  display_order = EXCLUDED.display_order;

INSERT INTO public.questions (id, exercise_id, prompt, options, correct_option, explanation, display_order) VALUES
  ('83fb403f-75d9-556c-b0a6-63498590cb6b', '738049b5-6688-53ba-8f47-c5fea00f2b0b', 'الجسم الذي ينفذ منه الضوء وتُرى الأجسام عبره بوضوح يُسمّى:', '[{"id":"a","text":"معتمًا"},{"id":"b","text":"شفّافًا"},{"id":"c","text":"نصف شفّاف"},{"id":"d","text":"عاكسًا"}]'::jsonb, 'b', 'الجسم الشفّاف (كالزجاج النقي) ينفذ منه الضوء وتُرى الأجسام عبره بوضوح.', 2)
ON CONFLICT (id) DO UPDATE SET
  exercise_id = EXCLUDED.exercise_id,
  prompt = EXCLUDED.prompt,
  options = EXCLUDED.options,
  correct_option = EXCLUDED.correct_option,
  explanation = EXCLUDED.explanation,
  display_order = EXCLUDED.display_order;

INSERT INTO public.questions (id, exercise_id, prompt, options, correct_option, explanation, display_order) VALUES
  ('ae3a8765-e3bc-5de4-aad9-c042423ec09d', '738049b5-6688-53ba-8f47-c5fea00f2b0b', 'يحدث خسوف القمر عندما:', '[{"id":"a","text":"يتوسّط القمر بين الشمس والأرض"},{"id":"b","text":"يكون القمر بدرًا بعيدًا"},{"id":"c","text":"تشرق الشمس والقمر معًا"},{"id":"d","text":"تتوسّط الأرضُ بين الشمس والقمر"}]'::jsonb, 'd', 'في خسوف القمر تتوسّط الأرض بين الشمس والقمر، فيقع القمر في ظلّ الأرض.', 3)
ON CONFLICT (id) DO UPDATE SET
  exercise_id = EXCLUDED.exercise_id,
  prompt = EXCLUDED.prompt,
  options = EXCLUDED.options,
  correct_option = EXCLUDED.correct_option,
  explanation = EXCLUDED.explanation,
  display_order = EXCLUDED.display_order;

INSERT INTO public.questions (id, exercise_id, prompt, options, correct_option, explanation, display_order) VALUES
  ('f94cd634-522e-5e75-b7d3-b3e59f27c9cc', '738049b5-6688-53ba-8f47-c5fea00f2b0b', 'في الغرفة المظلمة (الصندوق ذو الثقب)، تكون الصورة المتكوّنة:', '[{"id":"a","text":"معتدلة ومكبّرة دائمًا"},{"id":"b","text":"غير موجودة"},{"id":"c","text":"مقلوبة"},{"id":"d","text":"ملوّنة بألوان قوس قزح"}]'::jsonb, 'c', 'بسبب الانتشار المستقيمي للضوء عبر الثقب، تنقلب الأشعّة فتتكوّن صورة مقلوبة.', 4)
ON CONFLICT (id) DO UPDATE SET
  exercise_id = EXCLUDED.exercise_id,
  prompt = EXCLUDED.prompt,
  options = EXCLUDED.options,
  correct_option = EXCLUDED.correct_option,
  explanation = EXCLUDED.explanation,
  display_order = EXCLUDED.display_order;

INSERT INTO public.questions (id, exercise_id, prompt, options, correct_option, explanation, display_order) VALUES
  ('44e1f184-a612-5cdc-a9ba-8533a8834f1d', '738049b5-6688-53ba-8f47-c5fea00f2b0b', 'حتى يتكوّن ظلّ واضح المعالم خلف جسم معتم، يُفضَّل أن يكون المنبع الضوئي:', '[{"id":"a","text":"واسعًا جدًّا"},{"id":"b","text":"غائبًا"},{"id":"c","text":"نقطيًّا (شبه نقطي)"},{"id":"d","text":"خلف الحاجز"}]'::jsonb, 'c', 'المنبع النقطي يعطي ظلًّا حادّ الحواف، أمّا المنبع الواسع فيُنتج ظلًّا وشبه ظلّ غير واضحَين.', 5)
ON CONFLICT (id) DO UPDATE SET
  exercise_id = EXCLUDED.exercise_id,
  prompt = EXCLUDED.prompt,
  options = EXCLUDED.options,
  correct_option = EXCLUDED.correct_option,
  explanation = EXCLUDED.explanation,
  display_order = EXCLUDED.display_order;

INSERT INTO public.questions (id, exercise_id, prompt, options, correct_option, explanation, display_order) VALUES
  ('69783a50-a7a5-5876-9b7f-29fce45939a8', '738049b5-6688-53ba-8f47-c5fea00f2b0b', 'أيّ العبارات صحيحة حول الشعاع الضوئي؟', '[{"id":"a","text":"هو منحنٍ يمثّل لون الضوء"},{"id":"b","text":"لا اتّجاه له"},{"id":"c","text":"يمثّل سرعة الصوت"},{"id":"d","text":"هو خطّ مستقيم مسهّم يمثّل مسار الضوء"}]'::jsonb, 'd', 'الشعاع الضوئي خطّ مستقيم مسهّم يبيّن مسار الضوء واتّجاه انتشاره.', 6)
ON CONFLICT (id) DO UPDATE SET
  exercise_id = EXCLUDED.exercise_id,
  prompt = EXCLUDED.prompt,
  options = EXCLUDED.options,
  correct_option = EXCLUDED.correct_option,
  explanation = EXCLUDED.explanation,
  display_order = EXCLUDED.display_order;

INSERT INTO public.exercises (id, chapter_id, subject_id, title, difficulty, xp_reward, reward_coins, mode, source, display_order) VALUES
  ('f781672c-d268-5690-a4e7-2a92916e8abb', 'b0333447-8e00-556a-97b4-680f9c12f200', 'svt', 'اختبار فهم الدرس', 1, 20, 5, 'quiz', 'admin', 0)
ON CONFLICT (id) DO UPDATE SET
  chapter_id = EXCLUDED.chapter_id,
  subject_id = EXCLUDED.subject_id,
  title = EXCLUDED.title,
  difficulty = EXCLUDED.difficulty,
  xp_reward = EXCLUDED.xp_reward,
  reward_coins = EXCLUDED.reward_coins,
  mode = EXCLUDED.mode,
  display_order = EXCLUDED.display_order;

INSERT INTO public.questions (id, exercise_id, prompt, options, correct_option, explanation, display_order) VALUES
  ('e9b6e6d0-5a21-5a1e-82c4-0c31d41c49a1', 'f781672c-d268-5690-a4e7-2a92916e8abb', 'ما تعريف «انعكاس الضوء»؟', '[{"id":"a","text":"انتقال الضوء من وسط شفّاف إلى وسط شفّاف آخر"},{"id":"b","text":"امتصاص الضوء كليًّا عند اصطدامه بسطح معتم"},{"id":"c","text":"ارتداد الضوء عن سطح عاكس دون أن ينفذ أو يُمتصّ"},{"id":"d","text":"انحناء الضوء حول زوايا الأجسام"}]'::jsonb, 'c', 'انعكاس الضوء هو ارتداد الشعاع الضوئي عن سطح عاكس (كالمرآة) دون أن ينفذ إلى الجانب الآخر ولا يُمتصّ.', 1)
ON CONFLICT (id) DO UPDATE SET
  exercise_id = EXCLUDED.exercise_id,
  prompt = EXCLUDED.prompt,
  options = EXCLUDED.options,
  correct_option = EXCLUDED.correct_option,
  explanation = EXCLUDED.explanation,
  display_order = EXCLUDED.display_order;

INSERT INTO public.questions (id, exercise_id, prompt, options, correct_option, explanation, display_order) VALUES
  ('662aeb79-a0c0-5810-b904-6bcb1bb4489c', 'f781672c-d268-5690-a4e7-2a92916e8abb', 'كيف تُعرَّف زاوية الورود؟', '[{"id":"a","text":"الزاوية بين الشعاع الوارد وسطح المرآة"},{"id":"b","text":"الزاوية بين الشعاع الوارد والناظم عند نقطة الورود"},{"id":"c","text":"الزاوية بين الشعاع المنعكس وسطح المرآة"},{"id":"d","text":"الزاوية بين الشعاع الوارد والشعاع المنعكس"}]'::jsonb, 'b', 'زاوية الورود هي الزاوية المحصورة بين الشعاع الوارد والناظم عند نقطة الورود على سطح المرآة، لا الزاوية بين الشعاع وسطح المرآة.', 2)
ON CONFLICT (id) DO UPDATE SET
  exercise_id = EXCLUDED.exercise_id,
  prompt = EXCLUDED.prompt,
  options = EXCLUDED.options,
  correct_option = EXCLUDED.correct_option,
  explanation = EXCLUDED.explanation,
  display_order = EXCLUDED.display_order;

INSERT INTO public.questions (id, exercise_id, prompt, options, correct_option, explanation, display_order) VALUES
  ('aa27adbe-7cfc-5d30-80b2-7bf20234858b', 'f781672c-d268-5690-a4e7-2a92916e8abb', 'ماذا ينصّ القانون الثاني للانعكاس؟', '[{"id":"a","text":"الشعاع الوارد والمنعكس والناظم تقع في مستوٍ واحد"},{"id":"b","text":"زاوية الورود تساوي ضعف زاوية الانعكاس"},{"id":"c","text":"زاوية الانعكاس تساوي زاوية الورود"},{"id":"d","text":"الشعاع المنعكس يوازي دائمًا سطح المرآة"}]'::jsonb, 'c', 'القانون الثاني للانعكاس ينصّ على أنّ زاوية الانعكاس تساوي زاوية الورود: r = i. أمّا القانون الأوّل فينصّ على أنّ الشعاعَين والناظم يقعان في مستوٍ واحد.', 3)
ON CONFLICT (id) DO UPDATE SET
  exercise_id = EXCLUDED.exercise_id,
  prompt = EXCLUDED.prompt,
  options = EXCLUDED.options,
  correct_option = EXCLUDED.correct_option,
  explanation = EXCLUDED.explanation,
  display_order = EXCLUDED.display_order;

INSERT INTO public.questions (id, exercise_id, prompt, options, correct_option, explanation, display_order) VALUES
  ('6715516e-0d9b-5bd4-a40f-05576bca75fc', 'f781672c-d268-5690-a4e7-2a92916e8abb', 'إذا سقط شعاع ضوئي عموديًّا على سطح مرآة مستوية (زاوية الورود = 0°)، فماذا يحدث؟', '[{"id":"a","text":"ينكسر الشعاع ويغيّر اتّجاهه بزاوية 90°"},{"id":"b","text":"يُمتصّ الشعاع كليًّا ولا يرتدّ"},{"id":"c","text":"يرتدّ الشعاع على نفس مساره (زاوية انعكاس = 0°)"},{"id":"d","text":"يتشتّت الشعاع في جميع الاتّجاهات"}]'::jsonb, 'c', 'بتطبيق القانون الثاني: زاوية الانعكاس = زاوية الورود = 0°، فيرتدّ الشعاع على نفس مساره الذي جاء منه.', 4)
ON CONFLICT (id) DO UPDATE SET
  exercise_id = EXCLUDED.exercise_id,
  prompt = EXCLUDED.prompt,
  options = EXCLUDED.options,
  correct_option = EXCLUDED.correct_option,
  explanation = EXCLUDED.explanation,
  display_order = EXCLUDED.display_order;

INSERT INTO public.questions (id, exercise_id, prompt, options, correct_option, explanation, display_order) VALUES
  ('b08985be-aebe-5647-bc97-865457e42791', 'f781672c-d268-5690-a4e7-2a92916e8abb', 'ما خصائص صورة نقطة في مرآة مستوية؟', '[{"id":"a","text":"حقيقية، مصغّرة، مقلوبة"},{"id":"b","text":"تخيّلية، مساوية للجسم في الحجم، متناظرة بالنسبة للمرآة"},{"id":"c","text":"حقيقية، مكبّرة، معتدلة"},{"id":"d","text":"تخيّلية، مصغّرة، مقلوبة"}]'::jsonb, 'b', 'الصورة في المرآة المستوية تخيّلية (لا تُسقط على شاشة)، بنفس حجم الجسم، ومتناظرة معه بالنسبة لمستوى المرآة؛ أي أنّ المسافة من الجسم إلى المرآة تساوي المسافة من الصورة إلى المرآة.', 5)
ON CONFLICT (id) DO UPDATE SET
  exercise_id = EXCLUDED.exercise_id,
  prompt = EXCLUDED.prompt,
  options = EXCLUDED.options,
  correct_option = EXCLUDED.correct_option,
  explanation = EXCLUDED.explanation,
  display_order = EXCLUDED.display_order;

INSERT INTO public.exercises (id, chapter_id, subject_id, title, difficulty, xp_reward, reward_coins, mode, source, display_order) VALUES
  ('71b0fee4-b5db-52e4-8e51-14426ab378c6', 'b0333447-8e00-556a-97b4-680f9c12f200', 'svt', 'تمرين: قوانين انعكاس الضوء', 1, 50, 10, 'practice', 'admin', 1)
ON CONFLICT (id) DO UPDATE SET
  chapter_id = EXCLUDED.chapter_id,
  subject_id = EXCLUDED.subject_id,
  title = EXCLUDED.title,
  difficulty = EXCLUDED.difficulty,
  xp_reward = EXCLUDED.xp_reward,
  reward_coins = EXCLUDED.reward_coins,
  mode = EXCLUDED.mode,
  display_order = EXCLUDED.display_order;

INSERT INTO public.questions (id, exercise_id, prompt, options, correct_option, explanation, display_order) VALUES
  ('44ddcd17-bb19-5228-ba8b-4211de3562b1', '71b0fee4-b5db-52e4-8e51-14426ab378c6', 'ما الذي يحدث للضوء عند اصطدامه بسطح المرآة المستوية؟', '[{"id":"a","text":"ينفذ عبرها"},{"id":"b","text":"يرتدّ (ينعكس)"},{"id":"c","text":"يُمتصّ كلّيًّا"},{"id":"d","text":"يتوقّف"}]'::jsonb, 'b', 'عند اصطدام الضوء بسطح المرآة ينعكس، أي يرتدّ دون نفاذ ودون امتصاص كليّ.', 1)
ON CONFLICT (id) DO UPDATE SET
  exercise_id = EXCLUDED.exercise_id,
  prompt = EXCLUDED.prompt,
  options = EXCLUDED.options,
  correct_option = EXCLUDED.correct_option,
  explanation = EXCLUDED.explanation,
  display_order = EXCLUDED.display_order;

INSERT INTO public.questions (id, exercise_id, prompt, options, correct_option, explanation, display_order) VALUES
  ('5e56c005-d7b1-56c6-939c-b2c6cfdb7d38', '71b0fee4-b5db-52e4-8e51-14426ab378c6', 'ما هو الناظم عند نقطة الورود؟', '[{"id":"a","text":"الشعاع الوارد نفسه"},{"id":"b","text":"الخطّ الموازي لسطح المرآة"},{"id":"c","text":"الشعاع المنعكس"},{"id":"d","text":"الخطّ العموديّ على سطح المرآة عند نقطة الورود"}]'::jsonb, 'd', 'الناظم هو الخطّ العموديّ على سطح المرآة عند نقطة الورود، ومنه تُقاس زاويتا الورود والانعكاس.', 2)
ON CONFLICT (id) DO UPDATE SET
  exercise_id = EXCLUDED.exercise_id,
  prompt = EXCLUDED.prompt,
  options = EXCLUDED.options,
  correct_option = EXCLUDED.correct_option,
  explanation = EXCLUDED.explanation,
  display_order = EXCLUDED.display_order;

INSERT INTO public.questions (id, exercise_id, prompt, options, correct_option, explanation, display_order) VALUES
  ('afa792ec-5971-53a8-a4ca-10f21e3027d3', '71b0fee4-b5db-52e4-8e51-14426ab378c6', 'سقط شعاع ضوئي على مرآة مستوية بزاوية ورود تساوي 40°. ما زاوية الانعكاس؟', '[{"id":"a","text":"80°"},{"id":"b","text":"50°"},{"id":"c","text":"90°"},{"id":"d","text":"40°"}]'::jsonb, 'd', 'وفق القانون الثاني للانعكاس: زاوية الانعكاس = زاوية الورود، إذن r = i = 40°.', 3)
ON CONFLICT (id) DO UPDATE SET
  exercise_id = EXCLUDED.exercise_id,
  prompt = EXCLUDED.prompt,
  options = EXCLUDED.options,
  correct_option = EXCLUDED.correct_option,
  explanation = EXCLUDED.explanation,
  display_order = EXCLUDED.display_order;

INSERT INTO public.questions (id, exercise_id, prompt, options, correct_option, explanation, display_order) VALUES
  ('8784db1c-4b9f-524a-a0e7-124a23220be1', '71b0fee4-b5db-52e4-8e51-14426ab378c6', 'إذا سقط شعاع ضوئي عموديًّا على مرآة مستوية (i = 0°)، فإنّه:', '[{"id":"a","text":"ينكسر ويتحوّل مساره"},{"id":"b","text":"يُمتصّ كلّيًّا"},{"id":"c","text":"ينتشر في كلّ الاتّجاهات"},{"id":"d","text":"يرتدّ على نفس مساره"}]'::jsonb, 'd', 'عندما i = 0° فإنّ r = 0° أيضًا، فيرتدّ الشعاع على نفس مساره (بعكس اتّجاهه).', 4)
ON CONFLICT (id) DO UPDATE SET
  exercise_id = EXCLUDED.exercise_id,
  prompt = EXCLUDED.prompt,
  options = EXCLUDED.options,
  correct_option = EXCLUDED.correct_option,
  explanation = EXCLUDED.explanation,
  display_order = EXCLUDED.display_order;

INSERT INTO public.questions (id, exercise_id, prompt, options, correct_option, explanation, display_order) VALUES
  ('da07a20a-588b-5a3f-8fd5-7530377d7fd5', '71b0fee4-b5db-52e4-8e51-14426ab378c6', 'ما هي خصائص صورة جسم في مرآة مستوية؟', '[{"id":"a","text":"حقيقية ومكبّرة"},{"id":"b","text":"حقيقية ومقلوبة"},{"id":"c","text":"تخيّلية ومماثلة ومتناظرة"},{"id":"d","text":"تخيّلية ومصغّرة"}]'::jsonb, 'c', 'صورة الجسم في المرآة المستوية تخيّلية (لا تُسقط على شاشة)، مماثلة (نفس الحجم)، ومتناظرة مع الجسم بالنسبة للمرآة.', 5)
ON CONFLICT (id) DO UPDATE SET
  exercise_id = EXCLUDED.exercise_id,
  prompt = EXCLUDED.prompt,
  options = EXCLUDED.options,
  correct_option = EXCLUDED.correct_option,
  explanation = EXCLUDED.explanation,
  display_order = EXCLUDED.display_order;

INSERT INTO public.questions (id, exercise_id, prompt, options, correct_option, explanation, display_order) VALUES
  ('7b11338c-156d-51a0-8261-6e81584fe742', '71b0fee4-b5db-52e4-8e51-14426ab378c6', 'جسم يقع على بُعد 8 سم من مرآة مستوية. على أيّ بُعد من المرآة تقع صورته؟', '[{"id":"a","text":"4 سم"},{"id":"b","text":"16 سم"},{"id":"c","text":"2 سم"},{"id":"d","text":"8 سم"}]'::jsonb, 'd', 'الجسم وصورته متناظران بالنسبة للمرآة، فالمسافة من الجسم إلى المرآة = المسافة من الصورة إلى المرآة = 8 سم.', 6)
ON CONFLICT (id) DO UPDATE SET
  exercise_id = EXCLUDED.exercise_id,
  prompt = EXCLUDED.prompt,
  options = EXCLUDED.options,
  correct_option = EXCLUDED.correct_option,
  explanation = EXCLUDED.explanation,
  display_order = EXCLUDED.display_order;

INSERT INTO public.exercises (id, chapter_id, subject_id, title, difficulty, xp_reward, reward_coins, mode, source, display_order) VALUES
  ('a18d4cb2-cdcc-506c-86e8-d099fa6d96e1', 'b0333447-8e00-556a-97b4-680f9c12f200', 'svt', '⚔️ زعيم الفصل: سيّد الانعكاس', 3, 120, 30, 'boss', 'admin', 2)
ON CONFLICT (id) DO UPDATE SET
  chapter_id = EXCLUDED.chapter_id,
  subject_id = EXCLUDED.subject_id,
  title = EXCLUDED.title,
  difficulty = EXCLUDED.difficulty,
  xp_reward = EXCLUDED.xp_reward,
  reward_coins = EXCLUDED.reward_coins,
  mode = EXCLUDED.mode,
  display_order = EXCLUDED.display_order;

INSERT INTO public.questions (id, exercise_id, prompt, options, correct_option, explanation, display_order) VALUES
  ('c5e3e513-f9d8-5784-92af-6817ddd63335', 'a18d4cb2-cdcc-506c-86e8-d099fa6d96e1', 'يقول القانون الأوّل للانعكاس إنّ الشعاع الوارد والشعاع المنعكس والناظم:', '[{"id":"a","text":"يقعان في مستويَين متعامدَين"},{"id":"b","text":"الشعاع الوارد والمنعكس متوازيان دائمًا"},{"id":"c","text":"الناظم عموديّ على الشعاع المنعكس فقط"},{"id":"d","text":"يقعون في مستوٍ واحد"}]'::jsonb, 'd', 'القانون الأوّل للانعكاس: الشعاع الوارد والشعاع المنعكس والناظم عند نقطة الورود كلّها تقع في مستوٍ واحد.', 1)
ON CONFLICT (id) DO UPDATE SET
  exercise_id = EXCLUDED.exercise_id,
  prompt = EXCLUDED.prompt,
  options = EXCLUDED.options,
  correct_option = EXCLUDED.correct_option,
  explanation = EXCLUDED.explanation,
  display_order = EXCLUDED.display_order;

INSERT INTO public.questions (id, exercise_id, prompt, options, correct_option, explanation, display_order) VALUES
  ('df25cbc2-c7e3-5ff2-9847-7b1d36b7ee43', 'a18d4cb2-cdcc-506c-86e8-d099fa6d96e1', 'سقط شعاع ضوئي على مرآة مستوية فكانت زاوية انعكاسه 55°. ما زاوية وروده؟', '[{"id":"a","text":"110°"},{"id":"b","text":"35°"},{"id":"c","text":"90°"},{"id":"d","text":"55°"}]'::jsonb, 'd', 'بتطبيق قانون الانعكاس i = r، إذا كانت زاوية الانعكاس 55° فزاوية الورود = 55° أيضًا.', 2)
ON CONFLICT (id) DO UPDATE SET
  exercise_id = EXCLUDED.exercise_id,
  prompt = EXCLUDED.prompt,
  options = EXCLUDED.options,
  correct_option = EXCLUDED.correct_option,
  explanation = EXCLUDED.explanation,
  display_order = EXCLUDED.display_order;

INSERT INTO public.questions (id, exercise_id, prompt, options, correct_option, explanation, display_order) VALUES
  ('83068f98-093a-50c4-a79b-d309fd03c87a', 'a18d4cb2-cdcc-506c-86e8-d099fa6d96e1', 'أيّ من الجمل التالية صحيحة حول الصورة في المرآة المستوية؟', '[{"id":"a","text":"الصورة حقيقية يمكن إسقاطها على شاشة"},{"id":"b","text":"الصورة مكبّرة دائمًا بالنسبة للجسم"},{"id":"c","text":"بُعد الصورة عن المرآة يساوي بُعد الجسم عن المرآة"},{"id":"d","text":"الصورة مقلوبة رأسًا على عقب"}]'::jsonb, 'c', 'الجسم وصورته متناظران بالنسبة لمستوى المرآة، فبُعدهما عن المرآة متساوٍ. الصورة تخيّلية ومماثلة وليست مقلوبة.', 3)
ON CONFLICT (id) DO UPDATE SET
  exercise_id = EXCLUDED.exercise_id,
  prompt = EXCLUDED.prompt,
  options = EXCLUDED.options,
  correct_option = EXCLUDED.correct_option,
  explanation = EXCLUDED.explanation,
  display_order = EXCLUDED.display_order;

INSERT INTO public.questions (id, exercise_id, prompt, options, correct_option, explanation, display_order) VALUES
  ('3f12af12-f050-52c2-a1db-8fad4a8decaa', 'a18d4cb2-cdcc-506c-86e8-d099fa6d96e1', 'جسم طوله 10 سم يقف أمام مرآة مستوية. ما طول صورته؟', '[{"id":"a","text":"10 سم"},{"id":"b","text":"5 سم"},{"id":"c","text":"20 سم"},{"id":"d","text":"يعتمد على بُعده من المرآة"}]'::jsonb, 'a', 'الصورة في المرآة المستوية مماثلة، أي نفس حجم الجسم تمامًا. طول الصورة = طول الجسم = 10 سم بغضّ النظر عن البُعد.', 4)
ON CONFLICT (id) DO UPDATE SET
  exercise_id = EXCLUDED.exercise_id,
  prompt = EXCLUDED.prompt,
  options = EXCLUDED.options,
  correct_option = EXCLUDED.correct_option,
  explanation = EXCLUDED.explanation,
  display_order = EXCLUDED.display_order;

INSERT INTO public.questions (id, exercise_id, prompt, options, correct_option, explanation, display_order) VALUES
  ('c9ea1556-ee82-55db-8a40-d7be20088539', 'a18d4cb2-cdcc-506c-86e8-d099fa6d96e1', 'شعاع ضوئي يسقط على مرآة مستوية بزاوية 30° مع سطح المرآة (لا مع الناظم). ما زاوية الانعكاس؟', '[{"id":"a","text":"30°"},{"id":"b","text":"90°"},{"id":"c","text":"60°"},{"id":"d","text":"45°"}]'::jsonb, 'c', 'زاوية الورود تُقاس مع الناظم لا مع السطح. إذا كانت الزاوية مع السطح 30°، فزاوية الورود = 90° - 30° = 60°، وبالتالي زاوية الانعكاس = 60°.', 5)
ON CONFLICT (id) DO UPDATE SET
  exercise_id = EXCLUDED.exercise_id,
  prompt = EXCLUDED.prompt,
  options = EXCLUDED.options,
  correct_option = EXCLUDED.correct_option,
  explanation = EXCLUDED.explanation,
  display_order = EXCLUDED.display_order;

INSERT INTO public.questions (id, exercise_id, prompt, options, correct_option, explanation, display_order) VALUES
  ('b9988cb9-26e9-527f-bbc6-edcb45251559', 'a18d4cb2-cdcc-506c-86e8-d099fa6d96e1', 'لماذا نستطيع رؤية وجوهنا في مرآة مستوية؟', '[{"id":"a","text":"لأنّ المرآة تنتج الضوء من تلقاء نفسها"},{"id":"b","text":"لأنّ المرآة شفّافة تمامًا"},{"id":"c","text":"لأنّ الضوء ينكسر بزاوية كبيرة داخل الزجاج"},{"id":"d","text":"لأنّ الضوء الساقط على وجهنا ينعكس عنه ثمّ ينعكس عن المرآة نحو أعيننا"}]'::jsonb, 'd', 'الضوء (من مصدر خارجي) يسقط على وجهنا وينعكس عنه، ثمّ يسقط على المرآة وينعكس نحو أعيننا فنرى صورتنا.', 6)
ON CONFLICT (id) DO UPDATE SET
  exercise_id = EXCLUDED.exercise_id,
  prompt = EXCLUDED.prompt,
  options = EXCLUDED.options,
  correct_option = EXCLUDED.correct_option,
  explanation = EXCLUDED.explanation,
  display_order = EXCLUDED.display_order;

INSERT INTO public.exercises (id, chapter_id, subject_id, title, difficulty, xp_reward, reward_coins, mode, source, display_order) VALUES
  ('1da0695e-2e04-56bd-9f84-120f0b841b71', 'ba9daafc-27c7-5e69-aaaf-eb26f11fae73', 'svt', 'اختبار فهم الدرس', 1, 20, 5, 'quiz', 'admin', 0)
ON CONFLICT (id) DO UPDATE SET
  chapter_id = EXCLUDED.chapter_id,
  subject_id = EXCLUDED.subject_id,
  title = EXCLUDED.title,
  difficulty = EXCLUDED.difficulty,
  xp_reward = EXCLUDED.xp_reward,
  reward_coins = EXCLUDED.reward_coins,
  mode = EXCLUDED.mode,
  display_order = EXCLUDED.display_order;

INSERT INTO public.questions (id, exercise_id, prompt, options, correct_option, explanation, display_order) VALUES
  ('2c42d55c-cdd9-55de-aa2e-42cf5814f6af', '1da0695e-2e04-56bd-9f84-120f0b841b71', 'ما تعريف «انكسار الضوء»؟', '[{"id":"a","text":"ارتداد الضوء عن سطح عاكس"},{"id":"b","text":"امتصاص الضوء كليًّا عند اصطدامه بالزجاج"},{"id":"c","text":"تغيير الضوء لاتّجاهه عند انتقاله من وسط شفّاف إلى وسط شفّاف آخر مختلف"},{"id":"d","text":"انتشار الضوء في خطوط مستقيمة داخل وسط متجانس"}]'::jsonb, 'c', 'انكسار الضوء هو تغيير اتّجاهه عند انتقاله من وسط شفّاف إلى وسط شفّاف آخر مختلف الكثافة الضوئية عند سطح الفصل بين الوسطين.', 1)
ON CONFLICT (id) DO UPDATE SET
  exercise_id = EXCLUDED.exercise_id,
  prompt = EXCLUDED.prompt,
  options = EXCLUDED.options,
  correct_option = EXCLUDED.correct_option,
  explanation = EXCLUDED.explanation,
  display_order = EXCLUDED.display_order;

INSERT INTO public.questions (id, exercise_id, prompt, options, correct_option, explanation, display_order) VALUES
  ('2d726520-6cd0-5c8e-83fa-f1f921a5596f', '1da0695e-2e04-56bd-9f84-120f0b841b71', 'ما الفرق بين العدسة المجمّعة والعدسة المفرّقة؟', '[{"id":"a","text":"العدسة المجمّعة أرقّ في المنتصف وتفرّق الأشعّة، والمفرّقة أثخن وتجمّعها"},{"id":"b","text":"العدسة المجمّعة (محدّبة) أثخن في المنتصف وتجمّع الأشعّة الموازية، والمفرّقة (مقعّرة) أرقّ وتفرّق الأشعّة"},{"id":"c","text":"كلتاهما تجمّعان الأشعّة لكن بطريقتَين مختلفتَين"},{"id":"d","text":"العدسة المجمّعة لا تُنتج صورة حقيقية أبدًا"}]'::jsonb, 'b', 'العدسة المجمّعة (المحدّبة) أثخن في المنتصف وتجمّع الأشعّة الموازية في نقطة واحدة تُسمّى البؤرة. والعدسة المفرّقة (المقعّرة) أرقّ في المنتصف وتفرّق الأشعّة الموازية.', 2)
ON CONFLICT (id) DO UPDATE SET
  exercise_id = EXCLUDED.exercise_id,
  prompt = EXCLUDED.prompt,
  options = EXCLUDED.options,
  correct_option = EXCLUDED.correct_option,
  explanation = EXCLUDED.explanation,
  display_order = EXCLUDED.display_order;

INSERT INTO public.questions (id, exercise_id, prompt, options, correct_option, explanation, display_order) VALUES
  ('c82436f1-08a1-59e7-b547-318b3f88c7e1', '1da0695e-2e04-56bd-9f84-120f0b841b71', 'ما «البُعد البؤري» في العدسة المجمّعة؟', '[{"id":"a","text":"قطر العدسة"},{"id":"b","text":"المسافة بين المركز البصري والبؤرة"},{"id":"c","text":"المسافة بين الجسم والعدسة"},{"id":"d","text":"المسافة بين العدسة والصورة"}]'::jsonb, 'b', 'البُعد البؤري f هو المسافة بين المركز البصري للعدسة (O) وبؤرتها (F)، ويُرمز له بـ f = OF. كلّما زاد تحدّب العدسة قلّ البُعد البؤري وزادت قوّة التجميع.', 3)
ON CONFLICT (id) DO UPDATE SET
  exercise_id = EXCLUDED.exercise_id,
  prompt = EXCLUDED.prompt,
  options = EXCLUDED.options,
  correct_option = EXCLUDED.correct_option,
  explanation = EXCLUDED.explanation,
  display_order = EXCLUDED.display_order;

INSERT INTO public.questions (id, exercise_id, prompt, options, correct_option, explanation, display_order) VALUES
  ('b7848d4b-3e45-523c-b1a3-503e8a557e2e', '1da0695e-2e04-56bd-9f84-120f0b841b71', 'عند انتقال الضوء من الهواء (وسط أقلّ كثافة) إلى الزجاج (وسط أكثر كثافة)، تكون زاوية الانكسار:', '[{"id":"a","text":"أكبر من زاوية الورود"},{"id":"b","text":"مساوية لزاوية الورود"},{"id":"c","text":"أصغر من زاوية الورود (ينكسر نحو الناظم)"},{"id":"d","text":"تساوي دائمًا 90°"}]'::jsonb, 'c', 'عند الانتقال من وسط أقلّ كثافة إلى وسط أكثر كثافة ينكسر الضوء نحو الناظم، أي أنّ زاوية الانكسار تكون أصغر من زاوية الورود (i₂ < i₁).', 4)
ON CONFLICT (id) DO UPDATE SET
  exercise_id = EXCLUDED.exercise_id,
  prompt = EXCLUDED.prompt,
  options = EXCLUDED.options,
  correct_option = EXCLUDED.correct_option,
  explanation = EXCLUDED.explanation,
  display_order = EXCLUDED.display_order;

INSERT INTO public.questions (id, exercise_id, prompt, options, correct_option, explanation, display_order) VALUES
  ('5cef7a64-a500-54ae-ba70-57009499ed97', '1da0695e-2e04-56bd-9f84-120f0b841b71', 'عند وضع جسم داخل البُعد البؤري (d < f) لعدسة مجمّعة، تكون الصورة:', '[{"id":"a","text":"حقيقية، مصغّرة، مقلوبة"},{"id":"b","text":"حقيقية، مكبّرة، مقلوبة"},{"id":"c","text":"تخيّلية، مكبّرة، معتدلة"},{"id":"d","text":"تخيّلية، مصغّرة، مقلوبة"}]'::jsonb, 'c', 'عند وضع الجسم داخل البُعد البؤري (d < f) تكون الصورة تخيّلية ومكبّرة ومعتدلة الاتّجاه. هذا هو مبدأ عمل العدسة المكبّرة.', 5)
ON CONFLICT (id) DO UPDATE SET
  exercise_id = EXCLUDED.exercise_id,
  prompt = EXCLUDED.prompt,
  options = EXCLUDED.options,
  correct_option = EXCLUDED.correct_option,
  explanation = EXCLUDED.explanation,
  display_order = EXCLUDED.display_order;

INSERT INTO public.exercises (id, chapter_id, subject_id, title, difficulty, xp_reward, reward_coins, mode, source, display_order) VALUES
  ('d08d38a1-4e65-593c-97ac-fc646167bd6f', 'ba9daafc-27c7-5e69-aaaf-eb26f11fae73', 'svt', 'تمرين: انكسار الضوء والعدسات', 2, 60, 12, 'practice', 'admin', 1)
ON CONFLICT (id) DO UPDATE SET
  chapter_id = EXCLUDED.chapter_id,
  subject_id = EXCLUDED.subject_id,
  title = EXCLUDED.title,
  difficulty = EXCLUDED.difficulty,
  xp_reward = EXCLUDED.xp_reward,
  reward_coins = EXCLUDED.reward_coins,
  mode = EXCLUDED.mode,
  display_order = EXCLUDED.display_order;

INSERT INTO public.questions (id, exercise_id, prompt, options, correct_option, explanation, display_order) VALUES
  ('58fc540e-f2c8-5ec7-8a5f-b7f4f3c5c2ab', 'd08d38a1-4e65-593c-97ac-fc646167bd6f', 'ما الاسم الذي يُطلق على الخطّ العموديّ على سطح الفصل عند نقطة الورود؟', '[{"id":"a","text":"الناظم"},{"id":"b","text":"المحور البصري"},{"id":"c","text":"الشعاع المنكسر"},{"id":"d","text":"البُعد البؤري"}]'::jsonb, 'a', 'الناظم هو الخطّ المستقيم العموديّ على سطح الفصل عند نقطة الورود، ومنه تُقاس زاويتا الورود والانكسار.', 1)
ON CONFLICT (id) DO UPDATE SET
  exercise_id = EXCLUDED.exercise_id,
  prompt = EXCLUDED.prompt,
  options = EXCLUDED.options,
  correct_option = EXCLUDED.correct_option,
  explanation = EXCLUDED.explanation,
  display_order = EXCLUDED.display_order;

INSERT INTO public.questions (id, exercise_id, prompt, options, correct_option, explanation, display_order) VALUES
  ('76664654-c161-5832-98f0-bc64f4e97610', 'd08d38a1-4e65-593c-97ac-fc646167bd6f', 'أيّ نوع من العدسات أثخن في المنتصف ويجمّع الأشعّة المتوازية في نقطة واحدة؟', '[{"id":"a","text":"العدسة المفرّقة (المقعّرة)"},{"id":"b","text":"العدسة المجمّعة (المحدّبة)"},{"id":"c","text":"المرآة المستوية"},{"id":"d","text":"المنشور الزجاجي"}]'::jsonb, 'b', 'العدسة المجمّعة (المحدّبة) أثخن في المنتصف، وتجمّع الأشعّة الموازية للمحور البصري في نقطة تُسمّى البؤرة.', 2)
ON CONFLICT (id) DO UPDATE SET
  exercise_id = EXCLUDED.exercise_id,
  prompt = EXCLUDED.prompt,
  options = EXCLUDED.options,
  correct_option = EXCLUDED.correct_option,
  explanation = EXCLUDED.explanation,
  display_order = EXCLUDED.display_order;

INSERT INTO public.questions (id, exercise_id, prompt, options, correct_option, explanation, display_order) VALUES
  ('c0c0bb99-7beb-5f79-86e3-ae6df1b48834', 'd08d38a1-4e65-593c-97ac-fc646167bd6f', 'ما البُعد البؤري f لعدسة مجمّعة؟', '[{"id":"a","text":"المسافة من البؤرة إلى سطح الفصل"},{"id":"b","text":"المسافة من الجسم إلى الصورة"},{"id":"c","text":"قطر العدسة"},{"id":"d","text":"المسافة من المركز البصري O إلى البؤرة F"}]'::jsonb, 'd', 'البُعد البؤري f هو المسافة بين المركز البصري للعدسة O والبؤرة F، أي f = OF.', 3)
ON CONFLICT (id) DO UPDATE SET
  exercise_id = EXCLUDED.exercise_id,
  prompt = EXCLUDED.prompt,
  options = EXCLUDED.options,
  correct_option = EXCLUDED.correct_option,
  explanation = EXCLUDED.explanation,
  display_order = EXCLUDED.display_order;

INSERT INTO public.questions (id, exercise_id, prompt, options, correct_option, explanation, display_order) VALUES
  ('22840768-e8e7-56f5-a5c5-2491212fc033', 'd08d38a1-4e65-593c-97ac-fc646167bd6f', 'ماذا يحدث لشعاع ضوئي حين ينتقل من الهواء إلى الزجاج؟', '[{"id":"a","text":"ينعكس كلّيًّا دون نفاذ"},{"id":"b","text":"يواصل مساره دون أيّ تغيير"},{"id":"c","text":"ينكسر بعيدًا عن الناظم (زاوية الانكسار أكبر من زاوية الورود)"},{"id":"d","text":"ينكسر نحو الناظم (زاوية الانكسار أصغر من زاوية الورود)"}]'::jsonb, 'd', 'الزجاج أكثر كثافة بصرية من الهواء، فحين ينتقل الضوء من الهواء إلى الزجاج ينكسر نحو الناظم وتكون زاوية الانكسار أصغر من زاوية الورود.', 4)
ON CONFLICT (id) DO UPDATE SET
  exercise_id = EXCLUDED.exercise_id,
  prompt = EXCLUDED.prompt,
  options = EXCLUDED.options,
  correct_option = EXCLUDED.correct_option,
  explanation = EXCLUDED.explanation,
  display_order = EXCLUDED.display_order;

INSERT INTO public.questions (id, exercise_id, prompt, options, correct_option, explanation, display_order) VALUES
  ('674ae4f4-ad03-5554-823c-749fcbdef4ac', 'd08d38a1-4e65-593c-97ac-fc646167bd6f', 'كيف تعمل العدسة المكبّرة لتعطي صورة مكبّرة؟', '[{"id":"a","text":"يُوضع الجسم على بُعد أكبر من ضعف البُعد البؤري"},{"id":"b","text":"يُوضع الجسم عند البؤرة تمامًا (d = f)"},{"id":"c","text":"تُستعمل عدسة مفرّقة لا مجمّعة"},{"id":"d","text":"يُوضع الجسم بين العدسة والبؤرة (d < f)"}]'::jsonb, 'd', 'للحصول على صورة تخيّلية مكبّرة معتدلة بالعدسة المكبّرة، يجب وضع الجسم بين العدسة والبؤرة أي على بُعد أصغر من البُعد البؤري (d < f).', 5)
ON CONFLICT (id) DO UPDATE SET
  exercise_id = EXCLUDED.exercise_id,
  prompt = EXCLUDED.prompt,
  options = EXCLUDED.options,
  correct_option = EXCLUDED.correct_option,
  explanation = EXCLUDED.explanation,
  display_order = EXCLUDED.display_order;

INSERT INTO public.questions (id, exercise_id, prompt, options, correct_option, explanation, display_order) VALUES
  ('e5470327-b001-55f1-9629-5301f11c075f', 'd08d38a1-4e65-593c-97ac-fc646167bd6f', 'أين تتكوّن صورة جسم بُعده عن العدسة المجمّعة أكبر من ضعف البُعد البؤري (d > 2f)؟', '[{"id":"a","text":"صورة تخيّلية معتدلة مكبّرة"},{"id":"b","text":"صورة حقيقية مقلوبة مصغّرة"},{"id":"c","text":"لا تتكوّن أيّ صورة"},{"id":"d","text":"صورة حقيقية مقلوبة مكبّرة"}]'::jsonb, 'b', 'عندما يكون بُعد الجسم عن العدسة أكبر من ضعف البُعد البؤري (d > 2f)، تكون الصورة حقيقية مقلوبة ومصغّرة.', 6)
ON CONFLICT (id) DO UPDATE SET
  exercise_id = EXCLUDED.exercise_id,
  prompt = EXCLUDED.prompt,
  options = EXCLUDED.options,
  correct_option = EXCLUDED.correct_option,
  explanation = EXCLUDED.explanation,
  display_order = EXCLUDED.display_order;

INSERT INTO public.exercises (id, chapter_id, subject_id, title, difficulty, xp_reward, reward_coins, mode, source, display_order) VALUES
  ('cfe8e5ad-8d29-5084-9e65-d6fb15aae2aa', 'ba9daafc-27c7-5e69-aaaf-eb26f11fae73', 'svt', '⚔️ زعيم الفصل: سيّد الانكسار والعدسات', 3, 120, 30, 'boss', 'admin', 2)
ON CONFLICT (id) DO UPDATE SET
  chapter_id = EXCLUDED.chapter_id,
  subject_id = EXCLUDED.subject_id,
  title = EXCLUDED.title,
  difficulty = EXCLUDED.difficulty,
  xp_reward = EXCLUDED.xp_reward,
  reward_coins = EXCLUDED.reward_coins,
  mode = EXCLUDED.mode,
  display_order = EXCLUDED.display_order;

INSERT INTO public.questions (id, exercise_id, prompt, options, correct_option, explanation, display_order) VALUES
  ('1b6f08de-dd25-5cd5-9f6b-46ad4c851bb5', 'cfe8e5ad-8d29-5084-9e65-d6fb15aae2aa', 'شعاع ضوئي ينتقل من الماء إلى الهواء. أيّ العبارات صحيحة؟', '[{"id":"a","text":"ينكسر نحو الناظم لأنّ الهواء أكثر كثافة"},{"id":"b","text":"ينكسر بعيدًا عن الناظم لأنّ الهواء أقلّ كثافة بصرية"},{"id":"c","text":"لا ينكسر ويواصل مساره مستقيمًا"},{"id":"d","text":"ينعكس كلّيًّا دون نفاذ في جميع الأحوال"}]'::jsonb, 'b', 'عند الانتقال من الماء (أكثر كثافة بصرية) إلى الهواء (أقلّ كثافة)، ينكسر الشعاع بعيدًا عن الناظم، أي زاوية الانكسار أكبر من زاوية الورود.', 1)
ON CONFLICT (id) DO UPDATE SET
  exercise_id = EXCLUDED.exercise_id,
  prompt = EXCLUDED.prompt,
  options = EXCLUDED.options,
  correct_option = EXCLUDED.correct_option,
  explanation = EXCLUDED.explanation,
  display_order = EXCLUDED.display_order;

INSERT INTO public.questions (id, exercise_id, prompt, options, correct_option, explanation, display_order) VALUES
  ('b341e3ea-d1b3-5169-8076-a8dd68eb74e9', 'cfe8e5ad-8d29-5084-9e65-d6fb15aae2aa', 'جسم يقع بين البؤرة والعدسة المجمّعة (d < f). أيّ الصور التالية يعطيها هذا الجسم؟', '[{"id":"a","text":"صورة حقيقية مقلوبة مصغّرة"},{"id":"b","text":"صورة تخيّلية معتدلة مكبّرة"},{"id":"c","text":"صورة حقيقية مقلوبة مساوية"},{"id":"d","text":"لا تتكوّن أيّ صورة"}]'::jsonb, 'b', 'عندما يكون الجسم بين العدسة المجمّعة والبؤرة (d < f)، تتكوّن صورة تخيّلية في الجهة نفسها من الجسم، معتدلة (غير مقلوبة) ومكبّرة. هذا هو مبدأ العدسة المكبّرة.', 2)
ON CONFLICT (id) DO UPDATE SET
  exercise_id = EXCLUDED.exercise_id,
  prompt = EXCLUDED.prompt,
  options = EXCLUDED.options,
  correct_option = EXCLUDED.correct_option,
  explanation = EXCLUDED.explanation,
  display_order = EXCLUDED.display_order;

INSERT INTO public.questions (id, exercise_id, prompt, options, correct_option, explanation, display_order) VALUES
  ('d1ec52c7-8aaa-5f80-a11f-b5b11e512e04', 'cfe8e5ad-8d29-5084-9e65-d6fb15aae2aa', 'أيّ الشعاعَين التاليَين يواصل مساره دون انكسار عند مروره بالعدسة المجمّعة؟', '[{"id":"a","text":"الشعاع الموازي للمحور البصري"},{"id":"b","text":"الشعاع المارّ بالبؤرة F"},{"id":"c","text":"الشعاع المارّ بالمركز البصري O"},{"id":"d","text":"الشعاع العموديّ على المحور البصري"}]'::jsonb, 'c', 'الشعاع المارّ بالمركز البصري O للعدسة يواصل مساره دون أيّ انكسار؛ أمّا الشعاع الموازي للمحور فينكسر مارًّا بالبؤرة.', 3)
ON CONFLICT (id) DO UPDATE SET
  exercise_id = EXCLUDED.exercise_id,
  prompt = EXCLUDED.prompt,
  options = EXCLUDED.options,
  correct_option = EXCLUDED.correct_option,
  explanation = EXCLUDED.explanation,
  display_order = EXCLUDED.display_order;

INSERT INTO public.questions (id, exercise_id, prompt, options, correct_option, explanation, display_order) VALUES
  ('3be8161b-761a-5a62-a43a-fb96a0c3efb5', 'cfe8e5ad-8d29-5084-9e65-d6fb15aae2aa', 'في العين البشرية، أين تتكوّن صورة الأجسام التي ننظر إليها؟', '[{"id":"a","text":"على الشبكية (حقيقية مقلوبة)"},{"id":"b","text":"على قرنية العين"},{"id":"c","text":"أمام عدسة العين (تخيّلية)"},{"id":"d","text":"داخل العدسيّة نفسها"}]'::jsonb, 'a', 'عدسة العين (العدسيّة) تجمّع الأشعة وتكوّن صورة حقيقية مقلوبة على الشبكية. ثمّ يُعالج الدماغ هذه الصورة ويجعلها معتدلة في الإدراك.', 4)
ON CONFLICT (id) DO UPDATE SET
  exercise_id = EXCLUDED.exercise_id,
  prompt = EXCLUDED.prompt,
  options = EXCLUDED.options,
  correct_option = EXCLUDED.correct_option,
  explanation = EXCLUDED.explanation,
  display_order = EXCLUDED.display_order;

INSERT INTO public.questions (id, exercise_id, prompt, options, correct_option, explanation, display_order) VALUES
  ('a171368a-bd36-5525-b952-4b9ba55fefdc', 'cfe8e5ad-8d29-5084-9e65-d6fb15aae2aa', 'عدسة مجمّعة بُعدها البؤري 10 سم. جسم على بُعد 20 سم منها. ما طبيعة الصورة؟', '[{"id":"a","text":"حقيقية مقلوبة مساوية للجسم"},{"id":"b","text":"تخيّلية مكبّرة معتدلة"},{"id":"c","text":"حقيقية مقلوبة مصغّرة"},{"id":"d","text":"لا تتكوّن صورة"}]'::jsonb, 'a', 'البُعد البؤري f = 10 سم، والجسم على بُعد d = 20 سم = 2f. عند d = 2f تكون الصورة حقيقية مقلوبة ومساوية للجسم في الحجم، وتقع على البُعد 2f من الجهة الأخرى.', 5)
ON CONFLICT (id) DO UPDATE SET
  exercise_id = EXCLUDED.exercise_id,
  prompt = EXCLUDED.prompt,
  options = EXCLUDED.options,
  correct_option = EXCLUDED.correct_option,
  explanation = EXCLUDED.explanation,
  display_order = EXCLUDED.display_order;

INSERT INTO public.questions (id, exercise_id, prompt, options, correct_option, explanation, display_order) VALUES
  ('be775c57-89b4-5695-9b51-88cba6a39523', 'cfe8e5ad-8d29-5084-9e65-d6fb15aae2aa', 'ما الفرق بين العدسة المجمّعة والعدسة المفرّقة من حيث التأثير على الضوء الموازي للمحور؟', '[{"id":"a","text":"المجمّعة تجمّع في بؤرة حقيقية، والمفرّقة تفرّق وكأنّها تنبع من بؤرة تخيّلية"},{"id":"b","text":"كلتاهما تجمّع الأشعّة في بؤرة حقيقية"},{"id":"c","text":"المفرّقة تجمّع الأشعّة والمجمّعة تفرّقها"},{"id":"d","text":"لا فرق بينهما إذا كان البُعد البؤري متساويًا"}]'::jsonb, 'a', 'العدسة المجمّعة تجمّع الأشعّة الموازية في بؤرة حقيقية (خلفها). أمّا العدسة المفرّقة فتفرّق الأشعّة وكأنّها صادرة من بؤرة تخيّلية (أمامها من جهة الجسم).', 6)
ON CONFLICT (id) DO UPDATE SET
  exercise_id = EXCLUDED.exercise_id,
  prompt = EXCLUDED.prompt,
  options = EXCLUDED.options,
  correct_option = EXCLUDED.correct_option,
  explanation = EXCLUDED.explanation,
  display_order = EXCLUDED.display_order;

INSERT INTO public.exercises (id, chapter_id, subject_id, title, difficulty, xp_reward, reward_coins, mode, source, display_order) VALUES
  ('cba20902-9fc8-56e2-af36-015bf8f16761', '4c10b91f-7bff-5a39-9b21-4f29a7f25d1c', 'svt', 'اختبار فهم الدرس', 1, 20, 5, 'quiz', 'admin', 0)
ON CONFLICT (id) DO UPDATE SET
  chapter_id = EXCLUDED.chapter_id,
  subject_id = EXCLUDED.subject_id,
  title = EXCLUDED.title,
  difficulty = EXCLUDED.difficulty,
  xp_reward = EXCLUDED.xp_reward,
  reward_coins = EXCLUDED.reward_coins,
  mode = EXCLUDED.mode,
  display_order = EXCLUDED.display_order;

INSERT INTO public.questions (id, exercise_id, prompt, options, correct_option, explanation, display_order) VALUES
  ('154942ef-f876-504d-9a3d-e5ac1aa4cdbd', 'cba20902-9fc8-56e2-af36-015bf8f16761', 'ما تعريف الذرّة؟', '[{"id":"a","text":"أصغر جزء من مادّة يحتفظ بخصائصها الكيميائية ويتكوّن من ذرّتَين أو أكثر"},{"id":"b","text":"جسيم موجب الشحنة يوجد في نواة الذرّة"},{"id":"c","text":"أصغر جزء من المادّة يحتفظ بخصائص العنصر الكيميائي"},{"id":"d","text":"مجموعة عناصر مرتبطة بروابط كيميائية"}]'::jsonb, 'c', 'الذرّة هي أصغر جزء من المادّة يحتفظ بخصائص العنصر الكيميائي، وقُطرها يقارب 10⁻¹⁰ متر. أمّا الجزيء فهو أصغر جزء من مادّة يحتفظ بخصائصها الكيميائية.', 1)
ON CONFLICT (id) DO UPDATE SET
  exercise_id = EXCLUDED.exercise_id,
  prompt = EXCLUDED.prompt,
  options = EXCLUDED.options,
  correct_option = EXCLUDED.correct_option,
  explanation = EXCLUDED.explanation,
  display_order = EXCLUDED.display_order;

INSERT INTO public.questions (id, exercise_id, prompt, options, correct_option, explanation, display_order) VALUES
  ('30dc7a1c-f5ae-5380-ad46-822772fecdb1', 'cba20902-9fc8-56e2-af36-015bf8f16761', 'ما الجسيمات الموجودة في نواة الذرّة؟', '[{"id":"a","text":"إلكترونات وبروتونات فقط"},{"id":"b","text":"بروتونات (موجبة) ونيوترونات (محايدة)"},{"id":"c","text":"إلكترونات (سالبة) ونيوترونات (محايدة)"},{"id":"d","text":"بروتونات (سالبة) وإلكترونات (موجبة)"}]'::jsonb, 'b', 'تحتوي نواة الذرّة على بروتونات ذات شحنة موجبة (+) ونيوترونات محايدة (لا شحنة لها). أمّا الإلكترونات السالبة فتدور حول النواة في مدارات.', 2)
ON CONFLICT (id) DO UPDATE SET
  exercise_id = EXCLUDED.exercise_id,
  prompt = EXCLUDED.prompt,
  options = EXCLUDED.options,
  correct_option = EXCLUDED.correct_option,
  explanation = EXCLUDED.explanation,
  display_order = EXCLUDED.display_order;

INSERT INTO public.questions (id, exercise_id, prompt, options, correct_option, explanation, display_order) VALUES
  ('261a37e4-5541-5c2c-9229-138fcb398c34', 'cba20902-9fc8-56e2-af36-015bf8f16761', 'ما «العدد الذري Z» لعنصر ما؟', '[{"id":"a","text":"عدد النيوترونات في نواة الذرّة"},{"id":"b","text":"الكتلة الذرّية للعنصر"},{"id":"c","text":"عدد الإلكترونات في المدار الخارجي"},{"id":"d","text":"عدد البروتونات في نواة الذرّة"}]'::jsonb, 'd', 'العدد الذري Z هو عدد البروتونات في نواة الذرّة، وهو ما يميّز كلّ عنصر كيميائي عن غيره. الذرّة متعادلة كهربائيًّا فعدد إلكتروناتها يساوي Z أيضًا.', 3)
ON CONFLICT (id) DO UPDATE SET
  exercise_id = EXCLUDED.exercise_id,
  prompt = EXCLUDED.prompt,
  options = EXCLUDED.options,
  correct_option = EXCLUDED.correct_option,
  explanation = EXCLUDED.explanation,
  display_order = EXCLUDED.display_order;

INSERT INTO public.questions (id, exercise_id, prompt, options, correct_option, explanation, display_order) VALUES
  ('953e4839-3ddd-5cab-9209-da4c6fd4f6ac', 'cba20902-9fc8-56e2-af36-015bf8f16761', 'كم ذرّة أكسجين يحتوي جزيء ثاني أكسيد الكربون CO₂؟', '[{"id":"a","text":"ذرّة واحدة"},{"id":"b","text":"ثلاث ذرّات"},{"id":"c","text":"ذرّتان"},{"id":"d","text":"أربع ذرّات"}]'::jsonb, 'c', 'صيغة CO₂ تعني: ذرّة كربون واحدة (C) وذرّتان من الأكسجين (O₂). الرقم 2 السفلي بعد O يدلّ على ذرّتَي أكسجين.', 4)
ON CONFLICT (id) DO UPDATE SET
  exercise_id = EXCLUDED.exercise_id,
  prompt = EXCLUDED.prompt,
  options = EXCLUDED.options,
  correct_option = EXCLUDED.correct_option,
  explanation = EXCLUDED.explanation,
  display_order = EXCLUDED.display_order;

INSERT INTO public.questions (id, exercise_id, prompt, options, correct_option, explanation, display_order) VALUES
  ('4b30b1bc-02ad-5baa-9169-342bb966f50e', 'cba20902-9fc8-56e2-af36-015bf8f16761', 'ما الرمز الكيميائي الصحيح لعنصر الصوديوم؟', '[{"id":"a","text":"SO"},{"id":"b","text":"NA"},{"id":"c","text":"na"},{"id":"d","text":"Na"}]'::jsonb, 'd', 'الرمز الصحيح للصوديوم هو Na (حرف كبير N يليه حرف صغير a). الرموز الكيميائية تبدأ دائمًا بحرف كبير ويُكمَل بحرف صغير عند الحاجة.', 5)
ON CONFLICT (id) DO UPDATE SET
  exercise_id = EXCLUDED.exercise_id,
  prompt = EXCLUDED.prompt,
  options = EXCLUDED.options,
  correct_option = EXCLUDED.correct_option,
  explanation = EXCLUDED.explanation,
  display_order = EXCLUDED.display_order;

INSERT INTO public.exercises (id, chapter_id, subject_id, title, difficulty, xp_reward, reward_coins, mode, source, display_order) VALUES
  ('9b865bc8-65e0-5dea-a117-9c1c5ce40bf4', '4c10b91f-7bff-5a39-9b21-4f29a7f25d1c', 'svt', 'تمرين: الذرّات والجزيئات والرموز الكيميائية', 1, 50, 10, 'practice', 'admin', 1)
ON CONFLICT (id) DO UPDATE SET
  chapter_id = EXCLUDED.chapter_id,
  subject_id = EXCLUDED.subject_id,
  title = EXCLUDED.title,
  difficulty = EXCLUDED.difficulty,
  xp_reward = EXCLUDED.xp_reward,
  reward_coins = EXCLUDED.reward_coins,
  mode = EXCLUDED.mode,
  display_order = EXCLUDED.display_order;

INSERT INTO public.questions (id, exercise_id, prompt, options, correct_option, explanation, display_order) VALUES
  ('737e9f0f-f2d2-5228-a098-d670ad9fc910', '9b865bc8-65e0-5dea-a117-9c1c5ce40bf4', 'ما الجسيمات الموجبة الشحنة الموجودة في نواة الذرّة؟', '[{"id":"a","text":"الإلكترونات"},{"id":"b","text":"البروتونات"},{"id":"c","text":"النيوترونات"},{"id":"d","text":"الفوتونات"}]'::jsonb, 'b', 'البروتونات هي الجسيمات موجبة الشحنة (+) الموجودة في نواة الذرّة، أمّا النيوترونات فمحايدة، والإلكترونات سالبة الشحنة وتوجد خارج النواة.', 1)
ON CONFLICT (id) DO UPDATE SET
  exercise_id = EXCLUDED.exercise_id,
  prompt = EXCLUDED.prompt,
  options = EXCLUDED.options,
  correct_option = EXCLUDED.correct_option,
  explanation = EXCLUDED.explanation,
  display_order = EXCLUDED.display_order;

INSERT INTO public.questions (id, exercise_id, prompt, options, correct_option, explanation, display_order) VALUES
  ('78195190-fc1d-5564-a743-5b77fe7834cc', '9b865bc8-65e0-5dea-a117-9c1c5ce40bf4', 'ما رمز عنصر الأكسجين؟', '[{"id":"a","text":"Og"},{"id":"b","text":"O"},{"id":"c","text":"Ox"},{"id":"d","text":"Ok"}]'::jsonb, 'b', 'رمز الأكسجين هو O (الحرف الأوّل من كلمته اللاتينية Oxygenium). يكتب دائمًا بحرف كبير واحد فقط.', 2)
ON CONFLICT (id) DO UPDATE SET
  exercise_id = EXCLUDED.exercise_id,
  prompt = EXCLUDED.prompt,
  options = EXCLUDED.options,
  correct_option = EXCLUDED.correct_option,
  explanation = EXCLUDED.explanation,
  display_order = EXCLUDED.display_order;

INSERT INTO public.questions (id, exercise_id, prompt, options, correct_option, explanation, display_order) VALUES
  ('cc2b2eda-e8eb-5c01-ab28-c54e17bba99f', '9b865bc8-65e0-5dea-a117-9c1c5ce40bf4', 'ما رمز عنصر الصوديوم؟', '[{"id":"a","text":"So"},{"id":"b","text":"Sd"},{"id":"c","text":"S"},{"id":"d","text":"Na"}]'::jsonb, 'd', 'رمز الصوديوم هو Na مشتقّ من اسمه اللاتيني Natrium. أمّا S فهو رمز الكبريت (Sulfur).', 3)
ON CONFLICT (id) DO UPDATE SET
  exercise_id = EXCLUDED.exercise_id,
  prompt = EXCLUDED.prompt,
  options = EXCLUDED.options,
  correct_option = EXCLUDED.correct_option,
  explanation = EXCLUDED.explanation,
  display_order = EXCLUDED.display_order;

INSERT INTO public.questions (id, exercise_id, prompt, options, correct_option, explanation, display_order) VALUES
  ('382486af-141f-5d5b-ad27-0edf365442ff', '9b865bc8-65e0-5dea-a117-9c1c5ce40bf4', 'كم ذرّة أكسجين يحتوي جزيء ثاني أكسيد الكربون CO₂؟', '[{"id":"a","text":"ذرّة واحدة"},{"id":"b","text":"ذرّتان"},{"id":"c","text":"ثلاث ذرّات"},{"id":"d","text":"أربع ذرّات"}]'::jsonb, 'b', 'في صيغة CO₂، الرقم السفلي 2 بجانب O يعني ذرّتَين من الأكسجين. الجزيء يحتوي أيضًا على ذرّة كربون واحدة.', 4)
ON CONFLICT (id) DO UPDATE SET
  exercise_id = EXCLUDED.exercise_id,
  prompt = EXCLUDED.prompt,
  options = EXCLUDED.options,
  correct_option = EXCLUDED.correct_option,
  explanation = EXCLUDED.explanation,
  display_order = EXCLUDED.display_order;

INSERT INTO public.questions (id, exercise_id, prompt, options, correct_option, explanation, display_order) VALUES
  ('20eca5c0-7450-520f-98e6-70065fe31efc', '9b865bc8-65e0-5dea-a117-9c1c5ce40bf4', 'ما الفرق بين O و O₂؟', '[{"id":"a","text":"لا فرق، هما نفس الشيء"},{"id":"b","text":"O جزيء، O₂ ذرّة"},{"id":"c","text":"O أكسجين، O₂ أوزون"},{"id":"d","text":"O ذرّة أكسجين واحدة، O₂ جزيء يتكوّن من ذرّتَي أكسجين"}]'::jsonb, 'd', 'O يرمز إلى ذرّة أكسجين واحدة منفردة، أمّا O₂ فهو جزيء يتكوّن من ذرّتَي أكسجين مرتبطتَين. الأكسجين في الهواء يوجد في شكل O₂.', 5)
ON CONFLICT (id) DO UPDATE SET
  exercise_id = EXCLUDED.exercise_id,
  prompt = EXCLUDED.prompt,
  options = EXCLUDED.options,
  correct_option = EXCLUDED.correct_option,
  explanation = EXCLUDED.explanation,
  display_order = EXCLUDED.display_order;

INSERT INTO public.questions (id, exercise_id, prompt, options, correct_option, explanation, display_order) VALUES
  ('f76b245f-3e8f-50ec-9a9d-8676fcce9aac', '9b865bc8-65e0-5dea-a117-9c1c5ce40bf4', 'كم ذرّة في المجموع يحتوي جزيء الماء H₂O؟', '[{"id":"a","text":"ذرّة واحدة"},{"id":"b","text":"ذرّتان"},{"id":"c","text":"أربع ذرّات"},{"id":"d","text":"ثلاث ذرّات"}]'::jsonb, 'd', 'H₂O يحتوي على ذرّتَي هيدروجين (H₂) وذرّة أكسجين واحدة (O)، أي 2 + 1 = 3 ذرّات في المجموع.', 6)
ON CONFLICT (id) DO UPDATE SET
  exercise_id = EXCLUDED.exercise_id,
  prompt = EXCLUDED.prompt,
  options = EXCLUDED.options,
  correct_option = EXCLUDED.correct_option,
  explanation = EXCLUDED.explanation,
  display_order = EXCLUDED.display_order;

INSERT INTO public.exercises (id, chapter_id, subject_id, title, difficulty, xp_reward, reward_coins, mode, source, display_order) VALUES
  ('f431df6e-67d9-56e3-91f5-590546de1fca', '4c10b91f-7bff-5a39-9b21-4f29a7f25d1c', 'svt', '⚔️ زعيم الفصل: سيّد الذرّات والجزيئات', 3, 120, 30, 'boss', 'admin', 2)
ON CONFLICT (id) DO UPDATE SET
  chapter_id = EXCLUDED.chapter_id,
  subject_id = EXCLUDED.subject_id,
  title = EXCLUDED.title,
  difficulty = EXCLUDED.difficulty,
  xp_reward = EXCLUDED.xp_reward,
  reward_coins = EXCLUDED.reward_coins,
  mode = EXCLUDED.mode,
  display_order = EXCLUDED.display_order;

INSERT INTO public.questions (id, exercise_id, prompt, options, correct_option, explanation, display_order) VALUES
  ('472f2736-7a87-57ee-892a-3947d612b368', 'f431df6e-67d9-56e3-91f5-590546de1fca', 'أيّ الصيغ التالية تمثّل جزيء ملح الطعام (كلوريد الصوديوم)؟', '[{"id":"a","text":"NaOH"},{"id":"b","text":"Na₂O"},{"id":"c","text":"NaCl"},{"id":"d","text":"ClH"}]'::jsonb, 'c', 'ملح الطعام (كلوريد الصوديوم) صيغته NaCl: ذرّة صوديوم Na وذرّة كلور Cl. أمّا NaOH فهو هيدروكسيد الصوديوم (الصودا الكاوية).', 1)
ON CONFLICT (id) DO UPDATE SET
  exercise_id = EXCLUDED.exercise_id,
  prompt = EXCLUDED.prompt,
  options = EXCLUDED.options,
  correct_option = EXCLUDED.correct_option,
  explanation = EXCLUDED.explanation,
  display_order = EXCLUDED.display_order;

INSERT INTO public.questions (id, exercise_id, prompt, options, correct_option, explanation, display_order) VALUES
  ('00b35176-0c2a-569a-b53c-3fcba9c5f686', 'f431df6e-67d9-56e3-91f5-590546de1fca', 'جزيء الميتان CH₄: كم ذرّة هيدروجين يحتوي، وكم مجموع ذرّاته؟', '[{"id":"a","text":"ذرّتا هيدروجين، 3 ذرّات في المجموع"},{"id":"b","text":"4 ذرّات هيدروجين، 4 ذرّات في المجموع"},{"id":"c","text":"ذرّة هيدروجين واحدة، 2 ذرّات في المجموع"},{"id":"d","text":"4 ذرّات هيدروجين، 5 ذرّات في المجموع"}]'::jsonb, 'd', 'CH₄: ذرّة كربون واحدة (C) + 4 ذرّات هيدروجين (H₄). المجموع = 1 + 4 = 5 ذرّات.', 2)
ON CONFLICT (id) DO UPDATE SET
  exercise_id = EXCLUDED.exercise_id,
  prompt = EXCLUDED.prompt,
  options = EXCLUDED.options,
  correct_option = EXCLUDED.correct_option,
  explanation = EXCLUDED.explanation,
  display_order = EXCLUDED.display_order;

INSERT INTO public.questions (id, exercise_id, prompt, options, correct_option, explanation, display_order) VALUES
  ('de7a8c8a-11ab-5845-a18b-ea09a25f0ebd', 'f431df6e-67d9-56e3-91f5-590546de1fca', 'ذرّة ما تحتوي نواتها على 8 بروتونات. كم إلكترونًا تحتوي هذه الذرّة في حالتها المتعادلة؟', '[{"id":"a","text":"4 إلكترونات"},{"id":"b","text":"16 إلكترونًا"},{"id":"c","text":"8 إلكترونات"},{"id":"d","text":"0 إلكترونات"}]'::jsonb, 'c', 'الذرّة المتعادلة كهربائيًّا: عدد الإلكترونات = عدد البروتونات. إذا كان Z = 8 (وهو الأكسجين) فعدد الإلكترونات = 8.', 3)
ON CONFLICT (id) DO UPDATE SET
  exercise_id = EXCLUDED.exercise_id,
  prompt = EXCLUDED.prompt,
  options = EXCLUDED.options,
  correct_option = EXCLUDED.correct_option,
  explanation = EXCLUDED.explanation,
  display_order = EXCLUDED.display_order;

INSERT INTO public.questions (id, exercise_id, prompt, options, correct_option, explanation, display_order) VALUES
  ('26d1cfe6-94c3-5c57-aeec-d0c5388828e6', 'f431df6e-67d9-56e3-91f5-590546de1fca', 'أيّ الجمل التالية صحيحة حول الناظم (N) في نموذج الذرّة؟', '[{"id":"a","text":"النيوترونات موجبة الشحنة وتوجد خارج النواة"},{"id":"b","text":"النيوترونات سالبة الشحنة وتدور حول النواة"},{"id":"c","text":"النيوترونات محايدة الشحنة وتوجد داخل النواة"},{"id":"d","text":"النيوترونات هي نفسها الإلكترونات"}]'::jsonb, 'c', 'النيوترونات جسيمات عديمة الشحنة (محايدة) توجد داخل نواة الذرّة إلى جانب البروتونات. أمّا الإلكترونات فسالبة وتدور خارج النواة.', 4)
ON CONFLICT (id) DO UPDATE SET
  exercise_id = EXCLUDED.exercise_id,
  prompt = EXCLUDED.prompt,
  options = EXCLUDED.options,
  correct_option = EXCLUDED.correct_option,
  explanation = EXCLUDED.explanation,
  display_order = EXCLUDED.display_order;

INSERT INTO public.questions (id, exercise_id, prompt, options, correct_option, explanation, display_order) VALUES
  ('eb0a741b-59df-562f-8139-4e96e205790c', 'f431df6e-67d9-56e3-91f5-590546de1fca', 'جزيء CO₂ يحتوي على كربون وأكسجين. ما مجموع الذرّات فيه؟', '[{"id":"a","text":"ذرّتان"},{"id":"b","text":"4 ذرّات"},{"id":"c","text":"3 ذرّات"},{"id":"d","text":"ذرّة واحدة"}]'::jsonb, 'c', 'CO₂: ذرّة كربون واحدة (C) + ذرّتا أكسجين (O₂). المجموع = 1 + 2 = 3 ذرّات.', 5)
ON CONFLICT (id) DO UPDATE SET
  exercise_id = EXCLUDED.exercise_id,
  prompt = EXCLUDED.prompt,
  options = EXCLUDED.options,
  correct_option = EXCLUDED.correct_option,
  explanation = EXCLUDED.explanation,
  display_order = EXCLUDED.display_order;

INSERT INTO public.questions (id, exercise_id, prompt, options, correct_option, explanation, display_order) VALUES
  ('b01b9503-2b8d-557b-9f97-a1e65a8f73bd', 'f431df6e-67d9-56e3-91f5-590546de1fca', 'ما مجموع الذرّات في جزيء H₂SO₄ (حمض الكبريتيك)؟', '[{"id":"a","text":"5 ذرّات"},{"id":"b","text":"6 ذرّات"},{"id":"c","text":"7 ذرّات"},{"id":"d","text":"8 ذرّات"}]'::jsonb, 'c', 'H₂SO₄: ذرّتا هيدروجين (H₂) + ذرّة كبريت (S) + 4 ذرّات أكسجين (O₄). المجموع = 2 + 1 + 4 = 7 ذرّات.', 6)
ON CONFLICT (id) DO UPDATE SET
  exercise_id = EXCLUDED.exercise_id,
  prompt = EXCLUDED.prompt,
  options = EXCLUDED.options,
  correct_option = EXCLUDED.correct_option,
  explanation = EXCLUDED.explanation,
  display_order = EXCLUDED.display_order;

INSERT INTO public.exercises (id, chapter_id, subject_id, title, difficulty, xp_reward, reward_coins, mode, source, display_order) VALUES
  ('887a72dd-e999-5b85-85b3-611050765028', '4dffb31a-ec0d-5def-90db-3ab72e4936d7', 'svt', 'اختبار فهم الدرس', 1, 20, 5, 'quiz', 'admin', 0)
ON CONFLICT (id) DO UPDATE SET
  chapter_id = EXCLUDED.chapter_id,
  subject_id = EXCLUDED.subject_id,
  title = EXCLUDED.title,
  difficulty = EXCLUDED.difficulty,
  xp_reward = EXCLUDED.xp_reward,
  reward_coins = EXCLUDED.reward_coins,
  mode = EXCLUDED.mode,
  display_order = EXCLUDED.display_order;

INSERT INTO public.questions (id, exercise_id, prompt, options, correct_option, explanation, display_order) VALUES
  ('c687b5ae-4a3f-5a77-8f52-feb83e25dda8', '887a72dd-e999-5b85-85b3-611050765028', 'ما تعريف التفاعل الكيميائي؟', '[{"id":"a","text":"تغيير حالة المادّة من صلبة إلى سائلة دون تغيير طبيعتها"},{"id":"b","text":"تحوّل تختفي خلاله موادّ (المتفاعلات) وتتكوّن موادّ جديدة (النواتج) لها خصائص مختلفة"},{"id":"c","text":"انتشار مادّة في أخرى دون أي تغيير كيميائي"},{"id":"d","text":"تغيّر شكل جسم ما مع بقاء تركيبه الكيميائي"}]'::jsonb, 'b', 'التفاعل الكيميائي هو تحوّل كيميائي تختفي خلاله موادّ تُسمّى المتفاعلات وتنتج موادّ جديدة ذات خصائص مختلفة تُسمّى النواتج.', 1)
ON CONFLICT (id) DO UPDATE SET
  exercise_id = EXCLUDED.exercise_id,
  prompt = EXCLUDED.prompt,
  options = EXCLUDED.options,
  correct_option = EXCLUDED.correct_option,
  explanation = EXCLUDED.explanation,
  display_order = EXCLUDED.display_order;

INSERT INTO public.questions (id, exercise_id, prompt, options, correct_option, explanation, display_order) VALUES
  ('73fd748f-4a38-57a5-9e17-b9c62963e4d3', '887a72dd-e999-5b85-85b3-611050765028', 'ماذا ينصّ قانون انحفاظ الكتلة (لافوازييه)؟', '[{"id":"a","text":"كتلة النواتج دائمًا أكبر من كتلة المتفاعلات"},{"id":"b","text":"كتلة المتفاعلات دائمًا أكبر من كتلة النواتج"},{"id":"c","text":"كتلة المتفاعلات تساوي كتلة النواتج في التفاعل الكيميائي"},{"id":"d","text":"الكتلة تختفي جزئيًّا أثناء التفاعل الكيميائي"}]'::jsonb, 'c', 'ينصّ قانون لافوازييه على انحفاظ الكتلة: كتلة المتفاعلات = كتلة النواتج. فلا شيء يُفقَد ولا شيء يُخلَق، كلّ شيء يتحوّل.', 2)
ON CONFLICT (id) DO UPDATE SET
  exercise_id = EXCLUDED.exercise_id,
  prompt = EXCLUDED.prompt,
  options = EXCLUDED.options,
  correct_option = EXCLUDED.correct_option,
  explanation = EXCLUDED.explanation,
  display_order = EXCLUDED.display_order;

INSERT INTO public.questions (id, exercise_id, prompt, options, correct_option, explanation, display_order) VALUES
  ('95f04cfb-fc30-5317-a00a-ad2938f3b265', '887a72dd-e999-5b85-85b3-611050765028', 'ما الفرق بين التحوّل الفيزيائي والتحوّل الكيميائي؟', '[{"id":"a","text":"التحوّل الفيزيائي يُنتج موادًّا جديدة والكيميائي لا يغيّر طبيعة المادّة"},{"id":"b","text":"التحوّل الفيزيائي يتغيّر فيه الشكل أو الحالة دون تغيير طبيعة المادّة، أمّا الكيميائي فتظهر فيه موادّ جديدة"},{"id":"c","text":"كلاهما متطابقان في النتيجة"},{"id":"d","text":"التحوّل الكيميائي يشمل ذوبان الجليد وتبخّر الماء"}]'::jsonb, 'b', 'في التحوّل الفيزيائي (كذوبان الجليد أو تبخّر الماء) تتغيّر الحالة أو الشكل دون تغيير طبيعة المادّة. أمّا في التحوّل الكيميائي (كاحتراق الورق أو صدأ الحديد) فتظهر موادّ جديدة.', 3)
ON CONFLICT (id) DO UPDATE SET
  exercise_id = EXCLUDED.exercise_id,
  prompt = EXCLUDED.prompt,
  options = EXCLUDED.options,
  correct_option = EXCLUDED.correct_option,
  explanation = EXCLUDED.explanation,
  display_order = EXCLUDED.display_order;

INSERT INTO public.questions (id, exercise_id, prompt, options, correct_option, explanation, display_order) VALUES
  ('b23d29b0-9449-51de-8291-a8a59fd70933', '887a72dd-e999-5b85-85b3-611050765028', 'لماذا يجب موازنة المعادلة الكيميائية بتغيير المعاملات فقط؟', '[{"id":"a","text":"لأنّ تغيير الأرقام السفلية يُغيّر طبيعة المركّب ويُخالف انحفاظ الكتلة"},{"id":"b","text":"لأنّ المعاملات تجعل المعادلة أجمل مظهرًا"},{"id":"c","text":"لأنّ المعاملات تُغيّر طبيعة المواد المتفاعلة"},{"id":"d","text":"لا يوجد سبب علمي لذلك"}]'::jsonb, 'a', 'نوازن المعادلة بتغيير المعاملات أمام الصيغ دون تغيير الأرقام السفلية داخلها، لأنّ تغيير الأرقام السفلية يُغيّر طبيعة المركّب ذاته ويُنتج مواد وهمية غير موجودة.', 4)
ON CONFLICT (id) DO UPDATE SET
  exercise_id = EXCLUDED.exercise_id,
  prompt = EXCLUDED.prompt,
  options = EXCLUDED.options,
  correct_option = EXCLUDED.correct_option,
  explanation = EXCLUDED.explanation,
  display_order = EXCLUDED.display_order;

INSERT INTO public.questions (id, exercise_id, prompt, options, correct_option, explanation, display_order) VALUES
  ('d421aa28-cfb5-54ae-b986-765a29301f0e', '887a72dd-e999-5b85-85b3-611050765028', 'في المعادلة الموزونة: CH₄ + 2O₂ → CO₂ + 2H₂O، كم ذرّة أكسجين يوجد في طرف النواتج؟', '[{"id":"a","text":"ذرّتان"},{"id":"b","text":"ثلاث ذرّات"},{"id":"c","text":"أربع ذرّات"},{"id":"d","text":"ست ذرّات"}]'::jsonb, 'c', 'في طرف النواتج: CO₂ يحتوي ذرّتَي أكسجين + 2H₂O يحتويان ذرّتَي أكسجين = 4 ذرّات أكسجين. هذا يتوافق مع طرف المتفاعلات: 2O₂ = 4 ذرّات أكسجين، وهو ما يُثبت انحفاظ الكتلة.', 5)
ON CONFLICT (id) DO UPDATE SET
  exercise_id = EXCLUDED.exercise_id,
  prompt = EXCLUDED.prompt,
  options = EXCLUDED.options,
  correct_option = EXCLUDED.correct_option,
  explanation = EXCLUDED.explanation,
  display_order = EXCLUDED.display_order;

INSERT INTO public.exercises (id, chapter_id, subject_id, title, difficulty, xp_reward, reward_coins, mode, source, display_order) VALUES
  ('07576f0b-3c33-598e-80e6-79b3ce4364ab', '4dffb31a-ec0d-5def-90db-3ab72e4936d7', 'svt', 'تمرين: المتفاعلات والنواتج وانحفاظ الكتلة', 2, 60, 12, 'practice', 'admin', 1)
ON CONFLICT (id) DO UPDATE SET
  chapter_id = EXCLUDED.chapter_id,
  subject_id = EXCLUDED.subject_id,
  title = EXCLUDED.title,
  difficulty = EXCLUDED.difficulty,
  xp_reward = EXCLUDED.xp_reward,
  reward_coins = EXCLUDED.reward_coins,
  mode = EXCLUDED.mode,
  display_order = EXCLUDED.display_order;

INSERT INTO public.questions (id, exercise_id, prompt, options, correct_option, explanation, display_order) VALUES
  ('1f6bacee-755c-5a84-97c4-6cfeb4a30a7d', '07576f0b-3c33-598e-80e6-79b3ce4364ab', 'في التفاعل: C + O₂ → CO₂، ما هي المتفاعلات؟', '[{"id":"a","text":"CO₂ فقط"},{"id":"b","text":"C و CO₂"},{"id":"c","text":"O₂ و CO₂"},{"id":"d","text":"C و O₂"}]'::jsonb, 'd', 'المتفاعلات هي الموادّ الموجودة قبل السهم: الكربون C والأكسجين O₂، أمّا CO₂ فهو الناتج.', 1)
ON CONFLICT (id) DO UPDATE SET
  exercise_id = EXCLUDED.exercise_id,
  prompt = EXCLUDED.prompt,
  options = EXCLUDED.options,
  correct_option = EXCLUDED.correct_option,
  explanation = EXCLUDED.explanation,
  display_order = EXCLUDED.display_order;

INSERT INTO public.questions (id, exercise_id, prompt, options, correct_option, explanation, display_order) VALUES
  ('55175f89-37f1-5093-be10-635d8cf97a74', '07576f0b-3c33-598e-80e6-79b3ce4364ab', 'أيّ ممّا يلي تحوّل فيزيائي؟', '[{"id":"a","text":"احتراق الورق"},{"id":"b","text":"صدأ الحديد"},{"id":"c","text":"ذوبان الجليد"},{"id":"d","text":"احتراق الميثان"}]'::jsonb, 'c', 'ذوبان الجليد تغيّر حالة فقط (ماء صلب ← ماء سائل) دون تكوّن مادّة جديدة، فهو تحوّل فيزيائي.', 2)
ON CONFLICT (id) DO UPDATE SET
  exercise_id = EXCLUDED.exercise_id,
  prompt = EXCLUDED.prompt,
  options = EXCLUDED.options,
  correct_option = EXCLUDED.correct_option,
  explanation = EXCLUDED.explanation,
  display_order = EXCLUDED.display_order;

INSERT INTO public.questions (id, exercise_id, prompt, options, correct_option, explanation, display_order) VALUES
  ('192af321-7e53-5849-900d-cb4c1814f863', '07576f0b-3c33-598e-80e6-79b3ce4364ab', 'ماذا ينصّ قانون انحفاظ الكتلة (لافوازييه)؟', '[{"id":"a","text":"كتلة المتفاعلات = كتلة النواتج"},{"id":"b","text":"كتلة المتفاعلات أكبر من كتلة النواتج"},{"id":"c","text":"كتلة المتفاعلات أصغر من كتلة النواتج"},{"id":"d","text":"تختفي الكتلة أثناء التفاعل"}]'::jsonb, 'a', 'تنحفظ الكتلة في التفاعل الكيميائي: مجموع كتل المتفاعلات يساوي مجموع كتل النواتج.', 3)
ON CONFLICT (id) DO UPDATE SET
  exercise_id = EXCLUDED.exercise_id,
  prompt = EXCLUDED.prompt,
  options = EXCLUDED.options,
  correct_option = EXCLUDED.correct_option,
  explanation = EXCLUDED.explanation,
  display_order = EXCLUDED.display_order;

INSERT INTO public.questions (id, exercise_id, prompt, options, correct_option, explanation, display_order) VALUES
  ('ea79b802-7f5c-5f15-99a8-70d5c96b57b7', '07576f0b-3c33-598e-80e6-79b3ce4364ab', 'تفاعل 4 g من الميثان مع 16 g من الأكسجين تفاعلًا تامًّا. ما كتلة النواتج؟', '[{"id":"a","text":"20 g"},{"id":"b","text":"12 g"},{"id":"c","text":"16 g"},{"id":"d","text":"4 g"}]'::jsonb, 'a', 'بانحفاظ الكتلة: كتلة النواتج = 4 + 16 = 20 g.', 4)
ON CONFLICT (id) DO UPDATE SET
  exercise_id = EXCLUDED.exercise_id,
  prompt = EXCLUDED.prompt,
  options = EXCLUDED.options,
  correct_option = EXCLUDED.correct_option,
  explanation = EXCLUDED.explanation,
  display_order = EXCLUDED.display_order;

INSERT INTO public.questions (id, exercise_id, prompt, options, correct_option, explanation, display_order) VALUES
  ('53586353-b2ea-5962-8d4e-863c37d7367c', '07576f0b-3c33-598e-80e6-79b3ce4364ab', 'أيّ ممّا يلي مؤشّر على حدوث تفاعل كيميائي؟', '[{"id":"a","text":"انطلاق غاز أو تغيّر اللون وتكوّن مادّة جديدة"},{"id":"b","text":"تغيّر شكل المادّة فقط"},{"id":"c","text":"تغيّر درجة الحرارة دون تغيّر المادّة"},{"id":"d","text":"تبخّر الماء"}]'::jsonb, 'a', 'ظهور مادّة جديدة يصاحبه غالبًا انطلاق غاز أو تغيّر لون أو تكوّن راسب، وهي مؤشّرات على تفاعل كيميائي.', 5)
ON CONFLICT (id) DO UPDATE SET
  exercise_id = EXCLUDED.exercise_id,
  prompt = EXCLUDED.prompt,
  options = EXCLUDED.options,
  correct_option = EXCLUDED.correct_option,
  explanation = EXCLUDED.explanation,
  display_order = EXCLUDED.display_order;

INSERT INTO public.questions (id, exercise_id, prompt, options, correct_option, explanation, display_order) VALUES
  ('8a56a677-e9ad-5b29-a153-45ba0e93741f', '07576f0b-3c33-598e-80e6-79b3ce4364ab', 'كم عدد ذرّات الأكسجين في 2H₂O؟', '[{"id":"a","text":"2"},{"id":"b","text":"4"},{"id":"c","text":"1"},{"id":"d","text":"3"}]'::jsonb, 'a', 'كلّ جزيء ماء يحتوي ذرّة أكسجين واحدة، و2H₂O يعني جزيئين، أي 2 × 1 = 2 ذرّة أكسجين.', 6)
ON CONFLICT (id) DO UPDATE SET
  exercise_id = EXCLUDED.exercise_id,
  prompt = EXCLUDED.prompt,
  options = EXCLUDED.options,
  correct_option = EXCLUDED.correct_option,
  explanation = EXCLUDED.explanation,
  display_order = EXCLUDED.display_order;

INSERT INTO public.exercises (id, chapter_id, subject_id, title, difficulty, xp_reward, reward_coins, mode, source, display_order) VALUES
  ('107c0650-6e11-5652-b548-d850f77b6e0a', '4dffb31a-ec0d-5def-90db-3ab72e4936d7', 'svt', '⚔️ زعيم الفصل: موازنة المعادلات', 3, 120, 30, 'boss', 'admin', 2)
ON CONFLICT (id) DO UPDATE SET
  chapter_id = EXCLUDED.chapter_id,
  subject_id = EXCLUDED.subject_id,
  title = EXCLUDED.title,
  difficulty = EXCLUDED.difficulty,
  xp_reward = EXCLUDED.xp_reward,
  reward_coins = EXCLUDED.reward_coins,
  mode = EXCLUDED.mode,
  display_order = EXCLUDED.display_order;

INSERT INTO public.questions (id, exercise_id, prompt, options, correct_option, explanation, display_order) VALUES
  ('8d7d1022-2db4-58cf-8902-1b61fe4128ad', '107c0650-6e11-5652-b548-d850f77b6e0a', 'عند موازنة معادلة كيميائية، ما الذي يُسمح بتغييره؟', '[{"id":"a","text":"الأرقام السفلية داخل الصيغة"},{"id":"b","text":"رموز العناصر"},{"id":"c","text":"اتّجاه السهم"},{"id":"d","text":"المعاملات الموضوعة أمام الصيغ"}]'::jsonb, 'd', 'نوازن بتغيير المعاملات أمام الصيغ فقط؛ تغيير الأرقام السفلية يغيّر طبيعة المادّة نفسها.', 1)
ON CONFLICT (id) DO UPDATE SET
  exercise_id = EXCLUDED.exercise_id,
  prompt = EXCLUDED.prompt,
  options = EXCLUDED.options,
  correct_option = EXCLUDED.correct_option,
  explanation = EXCLUDED.explanation,
  display_order = EXCLUDED.display_order;

INSERT INTO public.questions (id, exercise_id, prompt, options, correct_option, explanation, display_order) VALUES
  ('b46481cb-0b1f-5b2d-8a3d-a1d7bdc16b37', '107c0650-6e11-5652-b548-d850f77b6e0a', 'صدأ الحديد في الهواء الرطب هو تحوّل:', '[{"id":"a","text":"فيزيائي"},{"id":"b","text":"تغيّر حالة فقط"},{"id":"c","text":"لا تحوّل فيه"},{"id":"d","text":"كيميائي"}]'::jsonb, 'd', 'يتكوّن الصدأ (أكسيد الحديد) وهو مادّة جديدة، فالتحوّل كيميائي.', 2)
ON CONFLICT (id) DO UPDATE SET
  exercise_id = EXCLUDED.exercise_id,
  prompt = EXCLUDED.prompt,
  options = EXCLUDED.options,
  correct_option = EXCLUDED.correct_option,
  explanation = EXCLUDED.explanation,
  display_order = EXCLUDED.display_order;

INSERT INTO public.questions (id, exercise_id, prompt, options, correct_option, explanation, display_order) VALUES
  ('5fc6de1c-ebe0-5e6e-8fe4-f25fe4e9a09c', '107c0650-6e11-5652-b548-d850f77b6e0a', 'هل المعادلة C + O₂ → CO₂ موزونة؟', '[{"id":"a","text":"لا، ينقص الكربون"},{"id":"b","text":"لا، ينقص الأكسجين"},{"id":"c","text":"نعم، لأنّ عدد ذرّات كلّ عنصر متساوٍ في الطرفين"},{"id":"d","text":"لا يمكن معرفة ذلك"}]'::jsonb, 'c', 'الكربون 1 = 1 والأكسجين 2 = 2، فالمعادلة موزونة.', 3)
ON CONFLICT (id) DO UPDATE SET
  exercise_id = EXCLUDED.exercise_id,
  prompt = EXCLUDED.prompt,
  options = EXCLUDED.options,
  correct_option = EXCLUDED.correct_option,
  explanation = EXCLUDED.explanation,
  display_order = EXCLUDED.display_order;

INSERT INTO public.questions (id, exercise_id, prompt, options, correct_option, explanation, display_order) VALUES
  ('04ac5da9-6bb3-5134-a3a6-0d508cf804bf', '107c0650-6e11-5652-b548-d850f77b6e0a', 'تكوّنت نواتج كتلتها 23 g من تفاعل متفاعلَين، أحدهما كتلته 8 g. ما كتلة المتفاعل الآخر؟', '[{"id":"a","text":"15 g"},{"id":"b","text":"31 g"},{"id":"c","text":"8 g"},{"id":"d","text":"23 g"}]'::jsonb, 'a', 'بانحفاظ الكتلة: مجموع كتل المتفاعلات = 23 g، فكتلة المتفاعل الآخر = 23 − 8 = 15 g.', 4)
ON CONFLICT (id) DO UPDATE SET
  exercise_id = EXCLUDED.exercise_id,
  prompt = EXCLUDED.prompt,
  options = EXCLUDED.options,
  correct_option = EXCLUDED.correct_option,
  explanation = EXCLUDED.explanation,
  display_order = EXCLUDED.display_order;

INSERT INTO public.questions (id, exercise_id, prompt, options, correct_option, explanation, display_order) VALUES
  ('9e8aff14-50ea-5585-9d86-d673d817419c', '107c0650-6e11-5652-b548-d850f77b6e0a', 'ما الموازنة الصحيحة للتفاعل: H₂ + O₂ → H₂O؟', '[{"id":"a","text":"H₂ + O₂ → H₂O"},{"id":"b","text":"2H₂ + O₂ → 2H₂O"},{"id":"c","text":"H₂ + 2O₂ → 2H₂O"},{"id":"d","text":"2H₂ + 2O₂ → 2H₂O"}]'::jsonb, 'b', 'بـ 2H₂ + O₂ → 2H₂O يتساوى الهيدروجين (4 = 4) والأكسجين (2 = 2).', 5)
ON CONFLICT (id) DO UPDATE SET
  exercise_id = EXCLUDED.exercise_id,
  prompt = EXCLUDED.prompt,
  options = EXCLUDED.options,
  correct_option = EXCLUDED.correct_option,
  explanation = EXCLUDED.explanation,
  display_order = EXCLUDED.display_order;

INSERT INTO public.questions (id, exercise_id, prompt, options, correct_option, explanation, display_order) VALUES
  ('07cabb70-9805-5e1d-a27a-644d6106e340', '107c0650-6e11-5652-b548-d850f77b6e0a', 'في CH₄ + 2O₂ → CO₂ + 2H₂O، كم عدد ذرّات الأكسجين في طرف المتفاعلات؟', '[{"id":"a","text":"2"},{"id":"b","text":"3"},{"id":"c","text":"4"},{"id":"d","text":"6"}]'::jsonb, 'c', '2O₂ يعني جزيئين من الأكسجين، أي 2 × 2 = 4 ذرّات أكسجين.', 6)
ON CONFLICT (id) DO UPDATE SET
  exercise_id = EXCLUDED.exercise_id,
  prompt = EXCLUDED.prompt,
  options = EXCLUDED.options,
  correct_option = EXCLUDED.correct_option,
  explanation = EXCLUDED.explanation,
  display_order = EXCLUDED.display_order;

INSERT INTO public.exercises (id, chapter_id, subject_id, title, difficulty, xp_reward, reward_coins, mode, source, display_order) VALUES
  ('76c65ba5-f79a-52a8-b7c0-2a9f2910bb70', '5be5e862-63b0-5bbf-ba43-676b67a97793', 'svt', 'اختبار فهم الدرس', 1, 20, 5, 'quiz', 'admin', 0)
ON CONFLICT (id) DO UPDATE SET
  chapter_id = EXCLUDED.chapter_id,
  subject_id = EXCLUDED.subject_id,
  title = EXCLUDED.title,
  difficulty = EXCLUDED.difficulty,
  xp_reward = EXCLUDED.xp_reward,
  reward_coins = EXCLUDED.reward_coins,
  mode = EXCLUDED.mode,
  display_order = EXCLUDED.display_order;

INSERT INTO public.questions (id, exercise_id, prompt, options, correct_option, explanation, display_order) VALUES
  ('0f9d875f-e551-5d18-8c2d-f3729b2ebd37', '76c65ba5-f79a-52a8-b7c0-2a9f2910bb70', 'ما قيمة pH المحلول المتعادل؟', '[{"id":"a","text":"pH = 0"},{"id":"b","text":"pH = 14"},{"id":"c","text":"pH = 7"},{"id":"d","text":"pH = 5"}]'::jsonb, 'c', 'المحلول المتعادل له pH = 7، أمّا المحلول الحمضي فـ pH < 7، والمحلول القاعدي فـ pH > 7. الماء النقي مثال على المحلول المتعادل.', 1)
ON CONFLICT (id) DO UPDATE SET
  exercise_id = EXCLUDED.exercise_id,
  prompt = EXCLUDED.prompt,
  options = EXCLUDED.options,
  correct_option = EXCLUDED.correct_option,
  explanation = EXCLUDED.explanation,
  display_order = EXCLUDED.display_order;

INSERT INTO public.questions (id, exercise_id, prompt, options, correct_option, explanation, display_order) VALUES
  ('a3d39a96-e07d-5833-858e-6043d1c12b0a', '76c65ba5-f79a-52a8-b7c0-2a9f2910bb70', 'يُضاف ماء إلى محلول حمضي (تخفيف). ماذا يحدث لـ pH؟', '[{"id":"a","text":"ينخفض pH ويصبح المحلول أكثر حمضية"},{"id":"b","text":"يرتفع pH ويقترب من 7 دون أن يتجاوزه"},{"id":"c","text":"يتجاوز pH قيمة 7 ليصبح المحلول قاعديًّا"},{"id":"d","text":"لا يتغيّر pH أبدًا"}]'::jsonb, 'b', 'عند تخفيف محلول حمضي بالماء تنخفض تركيزية الحمض فيرتفع pH ويقترب من 7 لكنه لا يتجاوزه؛ إذ لا يتحوّل المحلول الحمضي إلى قاعدي بمجرّد التخفيف.', 2)
ON CONFLICT (id) DO UPDATE SET
  exercise_id = EXCLUDED.exercise_id,
  prompt = EXCLUDED.prompt,
  options = EXCLUDED.options,
  correct_option = EXCLUDED.correct_option,
  explanation = EXCLUDED.explanation,
  display_order = EXCLUDED.display_order;

INSERT INTO public.questions (id, exercise_id, prompt, options, correct_option, explanation, display_order) VALUES
  ('bd99b9e5-1333-5efa-8a25-355e3246d020', '76c65ba5-f79a-52a8-b7c0-2a9f2910bb70', 'أيّ ممّا يلي محلول قاعدي؟', '[{"id":"a","text":"عصير الليمون (pH ≈ 2-3)"},{"id":"b","text":"حمض المعدة (pH ≈ 1-2)"},{"id":"c","text":"محلول الصابون (pH ≈ 9-10)"},{"id":"d","text":"الخلّ (pH ≈ 3-4)"}]'::jsonb, 'c', 'محلول الصابون قاعدي لأنّ pH يتراوح بين 9 و10، أي أكبر من 7. أمّا عصير الليمون والخلّ وحمض المعدة فكلّها حمضية لأنّ pH أصغر من 7.', 3)
ON CONFLICT (id) DO UPDATE SET
  exercise_id = EXCLUDED.exercise_id,
  prompt = EXCLUDED.prompt,
  options = EXCLUDED.options,
  correct_option = EXCLUDED.correct_option,
  explanation = EXCLUDED.explanation,
  display_order = EXCLUDED.display_order;

INSERT INTO public.questions (id, exercise_id, prompt, options, correct_option, explanation, display_order) VALUES
  ('98af36c6-103f-5681-b3de-b09cc452cce3', '76c65ba5-f79a-52a8-b7c0-2a9f2910bb70', 'ما لون أزرق البروموتيمول (BBT) في وسط قاعدي؟', '[{"id":"a","text":"أزرق"},{"id":"b","text":"أصفر"},{"id":"c","text":"أحمر"},{"id":"d","text":"أخضر"}]'::jsonb, 'a', 'أزرق البروموتيمول (BBT) يتحوّل إلى اللون الأزرق في الوسط القاعدي، ويكون أخضر في الوسط المتعادل، وأصفر في الوسط الحمضي.', 4)
ON CONFLICT (id) DO UPDATE SET
  exercise_id = EXCLUDED.exercise_id,
  prompt = EXCLUDED.prompt,
  options = EXCLUDED.options,
  correct_option = EXCLUDED.correct_option,
  explanation = EXCLUDED.explanation,
  display_order = EXCLUDED.display_order;

INSERT INTO public.questions (id, exercise_id, prompt, options, correct_option, explanation, display_order) VALUES
  ('f2fdbf90-7703-597c-ab64-2f65be736da6', '76c65ba5-f79a-52a8-b7c0-2a9f2910bb70', 'ما ناتج تفاعل حمض مع قاعدة بكمّيات متكافئة (التعادل)؟', '[{"id":"a","text":"حمض أقوى وماء"},{"id":"b","text":"قاعدة أقوى وغاز"},{"id":"c","text":"ملح وماء"},{"id":"d","text":"أكسجين وهيدروجين"}]'::jsonb, 'c', 'في تفاعل التعادل يتفاعل الحمض مع القاعدة بكمّيات متكافئة فينتج ملح وماء: حمض + قاعدة → ملح + ماء. مثال: HCl + NaOH → NaCl + H₂O.', 5)
ON CONFLICT (id) DO UPDATE SET
  exercise_id = EXCLUDED.exercise_id,
  prompt = EXCLUDED.prompt,
  options = EXCLUDED.options,
  correct_option = EXCLUDED.correct_option,
  explanation = EXCLUDED.explanation,
  display_order = EXCLUDED.display_order;

INSERT INTO public.exercises (id, chapter_id, subject_id, title, difficulty, xp_reward, reward_coins, mode, source, display_order) VALUES
  ('24df4d84-60f7-5d08-804d-2b85bc32228b', '5be5e862-63b0-5bbf-ba43-676b67a97793', 'svt', 'تمرين: مقياس pH والكواشف', 2, 60, 12, 'practice', 'admin', 1)
ON CONFLICT (id) DO UPDATE SET
  chapter_id = EXCLUDED.chapter_id,
  subject_id = EXCLUDED.subject_id,
  title = EXCLUDED.title,
  difficulty = EXCLUDED.difficulty,
  xp_reward = EXCLUDED.xp_reward,
  reward_coins = EXCLUDED.reward_coins,
  mode = EXCLUDED.mode,
  display_order = EXCLUDED.display_order;

INSERT INTO public.questions (id, exercise_id, prompt, options, correct_option, explanation, display_order) VALUES
  ('dc852d16-39cc-580a-94c7-c31d1e146368', '24df4d84-60f7-5d08-804d-2b85bc32228b', 'محلول له pH = 3، ما طبيعته؟', '[{"id":"a","text":"قاعدي"},{"id":"b","text":"متعادل"},{"id":"c","text":"حمضي"},{"id":"d","text":"لا يمكن التحديد"}]'::jsonb, 'c', 'pH = 3 أقلّ من 7، إذن المحلول حمضي. كلّما ابتعد pH عن 7 نحو 0 كلّما زادت حمضية المحلول.', 1)
ON CONFLICT (id) DO UPDATE SET
  exercise_id = EXCLUDED.exercise_id,
  prompt = EXCLUDED.prompt,
  options = EXCLUDED.options,
  correct_option = EXCLUDED.correct_option,
  explanation = EXCLUDED.explanation,
  display_order = EXCLUDED.display_order;

INSERT INTO public.questions (id, exercise_id, prompt, options, correct_option, explanation, display_order) VALUES
  ('cdb6fa80-3981-5d0c-bfe0-380f76481070', '24df4d84-60f7-5d08-804d-2b85bc32228b', 'ما قيمة pH الماء النقي عند 25 °C؟', '[{"id":"a","text":"0"},{"id":"b","text":"7"},{"id":"c","text":"14"},{"id":"d","text":"5"}]'::jsonb, 'b', 'الماء النقي عند 25 °C متعادل تمامًا؛ pH = 7 لا حمضيًّا ولا قاعديًّا.', 2)
ON CONFLICT (id) DO UPDATE SET
  exercise_id = EXCLUDED.exercise_id,
  prompt = EXCLUDED.prompt,
  options = EXCLUDED.options,
  correct_option = EXCLUDED.correct_option,
  explanation = EXCLUDED.explanation,
  display_order = EXCLUDED.display_order;

INSERT INTO public.questions (id, exercise_id, prompt, options, correct_option, explanation, display_order) VALUES
  ('cf29f7c2-8e2e-5cca-8414-35e1ff94aa6c', '24df4d84-60f7-5d08-804d-2b85bc32228b', 'أيّ من المحاليل التالية له pH أكبر من 7؟', '[{"id":"a","text":"عصير الليمون"},{"id":"b","text":"خلّ المائدة"},{"id":"c","text":"محلول الأمونياك"},{"id":"d","text":"حمض المعدة"}]'::jsonb, 'c', 'محلول الأمونياك قاعدي وله pH يتراوح بين 11 و12، أي أكبر من 7. أمّا عصير الليمون والخلّ وحمض المعدة فكلّها حمضية (pH < 7).', 3)
ON CONFLICT (id) DO UPDATE SET
  exercise_id = EXCLUDED.exercise_id,
  prompt = EXCLUDED.prompt,
  options = EXCLUDED.options,
  correct_option = EXCLUDED.correct_option,
  explanation = EXCLUDED.explanation,
  display_order = EXCLUDED.display_order;

INSERT INTO public.questions (id, exercise_id, prompt, options, correct_option, explanation, display_order) VALUES
  ('f821d1c7-4eb5-56e7-ac5e-18bf8df9110b', '24df4d84-60f7-5d08-804d-2b85bc32228b', 'ما لون أزرق البروموتيمول (BBT) في محلول حمضي؟', '[{"id":"a","text":"أصفر"},{"id":"b","text":"أزرق"},{"id":"c","text":"أخضر"},{"id":"d","text":"أحمر"}]'::jsonb, 'a', 'أزرق البروموتيمول (BBT) يتحوّل إلى اللون الأصفر في الوسط الحمضي، وإلى الأخضر في الوسط المتعادل، وإلى الأزرق في الوسط القاعدي.', 4)
ON CONFLICT (id) DO UPDATE SET
  exercise_id = EXCLUDED.exercise_id,
  prompt = EXCLUDED.prompt,
  options = EXCLUDED.options,
  correct_option = EXCLUDED.correct_option,
  explanation = EXCLUDED.explanation,
  display_order = EXCLUDED.display_order;

INSERT INTO public.questions (id, exercise_id, prompt, options, correct_option, explanation, display_order) VALUES
  ('24380511-202c-5ce8-9260-3708c9d74d6e', '24df4d84-60f7-5d08-804d-2b85bc32228b', 'أيّ كاشف يُعطي نتيجة pH تقريبية بين 0 و14 دفعةً واحدة؟', '[{"id":"a","text":"عبّاد الشمس"},{"id":"b","text":"ورق الـ pH (الكاشف العالمي)"},{"id":"c","text":"أزرق البروموتيمول"},{"id":"d","text":"فينول فثالين"}]'::jsonb, 'b', 'ورق الـ pH (الكاشف العالمي) يُعطي قيمة pH تقريبية من 0 إلى 14 بمقارنة لونه مع جدول ألوان مرجعي.', 5)
ON CONFLICT (id) DO UPDATE SET
  exercise_id = EXCLUDED.exercise_id,
  prompt = EXCLUDED.prompt,
  options = EXCLUDED.options,
  correct_option = EXCLUDED.correct_option,
  explanation = EXCLUDED.explanation,
  display_order = EXCLUDED.display_order;

INSERT INTO public.questions (id, exercise_id, prompt, options, correct_option, explanation, display_order) VALUES
  ('5331c75a-150d-534f-a688-7318cc0f95f1', '24df4d84-60f7-5d08-804d-2b85bc32228b', 'عند تخفيف محلول حمضي بإضافة الماء، ماذا يحدث لقيمة pH؟', '[{"id":"a","text":"ترتفع وتقترب من 7 دون تجاوزه"},{"id":"b","text":"تنخفض وتقترب من 0"},{"id":"c","text":"تتجاوز 7 وينقلب المحلول إلى قاعدي"},{"id":"d","text":"لا تتغيّر"}]'::jsonb, 'a', 'تخفيف المحلول الحمضي يُنقص تركيز الحمض فيرتفع pH ويقترب من 7، لكنّه لا يتجاوز 7 ولا يتحوّل المحلول إلى قاعدي.', 6)
ON CONFLICT (id) DO UPDATE SET
  exercise_id = EXCLUDED.exercise_id,
  prompt = EXCLUDED.prompt,
  options = EXCLUDED.options,
  correct_option = EXCLUDED.correct_option,
  explanation = EXCLUDED.explanation,
  display_order = EXCLUDED.display_order;

INSERT INTO public.exercises (id, chapter_id, subject_id, title, difficulty, xp_reward, reward_coins, mode, source, display_order) VALUES
  ('e5ca2d8d-4123-5574-90f6-a5c907c89481', '5be5e862-63b0-5bbf-ba43-676b67a97793', 'svt', '⚔️ زعيم الفصل: حرب الأحماض والقواعد', 3, 120, 30, 'boss', 'admin', 2)
ON CONFLICT (id) DO UPDATE SET
  chapter_id = EXCLUDED.chapter_id,
  subject_id = EXCLUDED.subject_id,
  title = EXCLUDED.title,
  difficulty = EXCLUDED.difficulty,
  xp_reward = EXCLUDED.xp_reward,
  reward_coins = EXCLUDED.reward_coins,
  mode = EXCLUDED.mode,
  display_order = EXCLUDED.display_order;

INSERT INTO public.questions (id, exercise_id, prompt, options, correct_option, explanation, display_order) VALUES
  ('55e16890-ab5d-56d6-b33a-6048d53a5cdf', 'e5ca2d8d-4123-5574-90f6-a5c907c89481', 'محلول A له pH = 9 ومحلول B له pH = 2. أيّ العبارات صحيحة؟', '[{"id":"a","text":"كلاهما حمضي"},{"id":"b","text":"A حمضي و B قاعدي"},{"id":"c","text":"كلاهما متعادل"},{"id":"d","text":"A قاعدي و B حمضي"}]'::jsonb, 'd', 'pH = 9 أكبر من 7 إذن A قاعدي؛ pH = 2 أصغر من 7 إذن B حمضي. هذا هو التصنيف الصحيح وفق مقياس pH.', 1)
ON CONFLICT (id) DO UPDATE SET
  exercise_id = EXCLUDED.exercise_id,
  prompt = EXCLUDED.prompt,
  options = EXCLUDED.options,
  correct_option = EXCLUDED.correct_option,
  explanation = EXCLUDED.explanation,
  display_order = EXCLUDED.display_order;

INSERT INTO public.questions (id, exercise_id, prompt, options, correct_option, explanation, display_order) VALUES
  ('6a308347-9fb2-5918-a818-9da7e2510b26', 'e5ca2d8d-4123-5574-90f6-a5c907c89481', 'أضفنا كاشف عبّاد الشمس إلى محلول مجهول فأصبح لون المحلول أحمر. ما طبيعة المحلول؟', '[{"id":"a","text":"حمضي"},{"id":"b","text":"متعادل"},{"id":"c","text":"قاعدي"},{"id":"d","text":"لا يمكن التحديد من هذا الكاشف"}]'::jsonb, 'a', 'عبّاد الشمس يتحوّل إلى اللون الأحمر في الوسط الحمضي (pH < 7)، وإلى الأرجواني في الوسط المتعادل، وإلى الأزرق في الوسط القاعدي.', 2)
ON CONFLICT (id) DO UPDATE SET
  exercise_id = EXCLUDED.exercise_id,
  prompt = EXCLUDED.prompt,
  options = EXCLUDED.options,
  correct_option = EXCLUDED.correct_option,
  explanation = EXCLUDED.explanation,
  display_order = EXCLUDED.display_order;

INSERT INTO public.questions (id, exercise_id, prompt, options, correct_option, explanation, display_order) VALUES
  ('34aa0eab-bfbb-5f40-9291-98b7e9242788', 'e5ca2d8d-4123-5574-90f6-a5c907c89481', 'ما الكاشف الملائم لتمييز محلول حمضي عن قاعدي مع الحصول على قيمة pH تقريبية؟', '[{"id":"a","text":"عبّاد الشمس فقط"},{"id":"b","text":"أزرق البروموتيمول فقط"},{"id":"c","text":"ورق الـ pH (الكاشف العالمي)"},{"id":"d","text":"ماء مقطّر"}]'::jsonb, 'c', 'ورق الـ pH (الكاشف العالمي) هو الأنسب للحصول على قيمة pH تقريبية (0-14)، بينما يُعطي عبّاد الشمس وأزرق البروموتيمول معلومات نوعية (حمضي/متعادل/قاعدي) دون قيمة رقمية دقيقة.', 3)
ON CONFLICT (id) DO UPDATE SET
  exercise_id = EXCLUDED.exercise_id,
  prompt = EXCLUDED.prompt,
  options = EXCLUDED.options,
  correct_option = EXCLUDED.correct_option,
  explanation = EXCLUDED.explanation,
  display_order = EXCLUDED.display_order;

INSERT INTO public.questions (id, exercise_id, prompt, options, correct_option, explanation, display_order) VALUES
  ('78c2c95e-9eb1-522d-b0e2-57c3049564c1', 'e5ca2d8d-4123-5574-90f6-a5c907c89481', 'خلّطنا كمّيات متكافئة من حمض كلور الهيدروجين HCl وهيدروكسيد الصوديوم NaOH. ما المنتجات الناتجة؟', '[{"id":"a","text":"NaCl وH₂O فقط"},{"id":"b","text":"HCl فقط"},{"id":"c","text":"NaOH فقط"},{"id":"d","text":"لا يحدث أيّ تفاعل"}]'::jsonb, 'a', 'تفاعل التعادل: HCl + NaOH → NaCl + H₂O؛ ينتج ملح كلوريد الصوديوم (ملح الطعام) والماء، وتكون قيمة pH للمحلول قريبة من 7.', 4)
ON CONFLICT (id) DO UPDATE SET
  exercise_id = EXCLUDED.exercise_id,
  prompt = EXCLUDED.prompt,
  options = EXCLUDED.options,
  correct_option = EXCLUDED.correct_option,
  explanation = EXCLUDED.explanation,
  display_order = EXCLUDED.display_order;

INSERT INTO public.questions (id, exercise_id, prompt, options, correct_option, explanation, display_order) VALUES
  ('24284667-64ac-573b-8987-f68e74c448a4', 'e5ca2d8d-4123-5574-90f6-a5c907c89481', 'تلميذ لديه محلول حمضي pH = 2، ثمّ خفّفه بالماء مرّتين. أيّ النتائج متوقّعة؟', '[{"id":"a","text":"pH ينخفض إلى 1"},{"id":"b","text":"pH يتجاوز 7 ويصبح قاعديًّا"},{"id":"c","text":"pH يرتفع ويقترب من 7 لكن يظلّ أقلّ من 7"},{"id":"d","text":"pH يبقى ثابتًا عند 2"}]'::jsonb, 'c', 'التخفيف يُقلّل تركيز الحمض فيرفع pH نحو 7، لكنّ المحلول يبقى حمضيًّا (pH < 7) ولا يتحوّل إلى قاعدي مهما خُفِّف.', 5)
ON CONFLICT (id) DO UPDATE SET
  exercise_id = EXCLUDED.exercise_id,
  prompt = EXCLUDED.prompt,
  options = EXCLUDED.options,
  correct_option = EXCLUDED.correct_option,
  explanation = EXCLUDED.explanation,
  display_order = EXCLUDED.display_order;

INSERT INTO public.questions (id, exercise_id, prompt, options, correct_option, explanation, display_order) VALUES
  ('7b79c439-4e9e-58bd-a167-0ad9f220e008', 'e5ca2d8d-4123-5574-90f6-a5c907c89481', 'حمض المعدة له pH ≈ 1.5. أيّ عبارة تصف هذا المحلول بدقّة؟', '[{"id":"a","text":"حمضي ضعيف جدًّا"},{"id":"b","text":"متعادل"},{"id":"c","text":"حمضي قويّ جدًّا"},{"id":"d","text":"قاعدي ضعيف"}]'::jsonb, 'c', 'pH = 1.5 قريب جدًّا من 0، وهو طرف السلّم الحمضي، إذن المحلول حمضي قويّ جدًّا. كلّما اقترب pH من 0 زادت شدّة الحمضية.', 6)
ON CONFLICT (id) DO UPDATE SET
  exercise_id = EXCLUDED.exercise_id,
  prompt = EXCLUDED.prompt,
  options = EXCLUDED.options,
  correct_option = EXCLUDED.correct_option,
  explanation = EXCLUDED.explanation,
  display_order = EXCLUDED.display_order;

INSERT INTO public.exercises (id, chapter_id, subject_id, title, difficulty, xp_reward, reward_coins, mode, source, display_order) VALUES
  ('3b556dba-b4f8-5797-8b33-0bc24deb47b2', '1ef832e7-2310-5ebc-9ddd-7d3d868d77cb', 'svt', 'اختبار فهم الدرس', 1, 20, 5, 'quiz', 'admin', 0)
ON CONFLICT (id) DO UPDATE SET
  chapter_id = EXCLUDED.chapter_id,
  subject_id = EXCLUDED.subject_id,
  title = EXCLUDED.title,
  difficulty = EXCLUDED.difficulty,
  xp_reward = EXCLUDED.xp_reward,
  reward_coins = EXCLUDED.reward_coins,
  mode = EXCLUDED.mode,
  display_order = EXCLUDED.display_order;

INSERT INTO public.questions (id, exercise_id, prompt, options, correct_option, explanation, display_order) VALUES
  ('60e38c82-e263-5d1d-ada7-21006fdcd533', '3b556dba-b4f8-5797-8b33-0bc24deb47b2', 'ما تعريف الكاتيون؟', '[{"id":"a","text":"جسيم يحمل شحنة سالبة"},{"id":"b","text":"جزيء لا يحمل أيّ شحنة"},{"id":"c","text":"أيون موجب الشحنة"},{"id":"d","text":"ذرّة في حالتها الطبيعية المتعادلة"}]'::jsonb, 'c', 'الكاتيون هو أيون (شاردة) موجب الشحنة (+). أمثلة: Na⁺، Ca²⁺، H⁺. أمّا الأنيون فهو أيون سالب الشحنة (−).', 1)
ON CONFLICT (id) DO UPDATE SET
  exercise_id = EXCLUDED.exercise_id,
  prompt = EXCLUDED.prompt,
  options = EXCLUDED.options,
  correct_option = EXCLUDED.correct_option,
  explanation = EXCLUDED.explanation,
  display_order = EXCLUDED.display_order;

INSERT INTO public.questions (id, exercise_id, prompt, options, correct_option, explanation, display_order) VALUES
  ('9d5722ec-f19f-518d-88b1-b33051a3a937', '3b556dba-b4f8-5797-8b33-0bc24deb47b2', 'عند إذابة كلوريد الصوديوم NaCl في الماء، ما الشوارد المتكوّنة؟', '[{"id":"a","text":"Na²⁺ و Cl⁻"},{"id":"b","text":"Na⁺ و Cl⁻"},{"id":"c","text":"Na⁻ و Cl⁺"},{"id":"d","text":"لا تتكوّن شوارد، يذوب كجزيء NaCl كاملًا"}]'::jsonb, 'b', 'عند إذابة NaCl في الماء ينحلّ إلى كاتيونات الصوديوم Na⁺ وأنيونات الكلوريد Cl⁻ تنتشر بحريّة في المحلول.', 2)
ON CONFLICT (id) DO UPDATE SET
  exercise_id = EXCLUDED.exercise_id,
  prompt = EXCLUDED.prompt,
  options = EXCLUDED.options,
  correct_option = EXCLUDED.correct_option,
  explanation = EXCLUDED.explanation,
  display_order = EXCLUDED.display_order;

INSERT INTO public.questions (id, exercise_id, prompt, options, correct_option, explanation, display_order) VALUES
  ('2a3c50bc-d7ee-5b80-af81-21f5c1a89d80', '3b556dba-b4f8-5797-8b33-0bc24deb47b2', 'لماذا لا ينقل محلول السكّر (C₁₂H₂₂O₁₁) التيار الكهربائي؟', '[{"id":"a","text":"لأنّ السكّر يمتصّ الكهرباء"},{"id":"b","text":"لأنّ السكّر يذوب دون أن يتحلّل إلى شوارد"},{"id":"c","text":"لأنّ الماء وحده يمنع مرور التيار"},{"id":"d","text":"لأنّ تركيز السكّر منخفض جدًّا"}]'::jsonb, 'b', 'السكّر يذوب في الماء دون أن يتشرّد، أي لا تتكوّن شوارد حرّة في المحلول. بما أنّ الشوارد هي التي تحمل الشحنات وتنقل التيار، فمحلول السكّر لا يوصّل الكهرباء.', 3)
ON CONFLICT (id) DO UPDATE SET
  exercise_id = EXCLUDED.exercise_id,
  prompt = EXCLUDED.prompt,
  options = EXCLUDED.options,
  correct_option = EXCLUDED.correct_option,
  explanation = EXCLUDED.explanation,
  display_order = EXCLUDED.display_order;

INSERT INTO public.questions (id, exercise_id, prompt, options, correct_option, explanation, display_order) VALUES
  ('9afc4975-4346-50d6-9565-fee46fd8703f', '3b556dba-b4f8-5797-8b33-0bc24deb47b2', 'في تجربة اختبار ناقلية محلول ما، اللمبة لا تضيء. ماذا يعني ذلك؟', '[{"id":"a","text":"المحلول يحتوي على شوارد كثيرة جدًّا"},{"id":"b","text":"المحلول غير شاردي (لا يحتوي شوارد حرّة)"},{"id":"c","text":"المولّد الكهربائي معطّل"},{"id":"d","text":"اللمبة مُضاءة لكنّ ضوءها خافت جدًّا"}]'::jsonb, 'b', 'عدم إضاءة اللمبة يعني أنّ الدائرة مفتوحة، أي أنّ المحلول لا يوصّل التيار. والسبب هو أنّ المحلول غير شاردي ولا يحتوي شوارد حرّة تحمل الشحنات.', 4)
ON CONFLICT (id) DO UPDATE SET
  exercise_id = EXCLUDED.exercise_id,
  prompt = EXCLUDED.prompt,
  options = EXCLUDED.options,
  correct_option = EXCLUDED.correct_option,
  explanation = EXCLUDED.explanation,
  display_order = EXCLUDED.display_order;

INSERT INTO public.questions (id, exercise_id, prompt, options, correct_option, explanation, display_order) VALUES
  ('4a4eb02a-172a-533f-b615-d23ca18df1ed', '3b556dba-b4f8-5797-8b33-0bc24deb47b2', 'ما تأثير زيادة تركيز شوارد المحلول على ناقليته الكهربائية؟', '[{"id":"a","text":"تنقص الناقلية الكهربائية"},{"id":"b","text":"لا يتغيّر شيء"},{"id":"c","text":"يتحوّل المحلول إلى موصل معدني"},{"id":"d","text":"تزداد الناقلية الكهربائية"}]'::jsonb, 'd', 'كلّما زاد تركيز الشوارد في المحلول ازداد عدد حاملات الشحنة فتزداد الناقلية الكهربائية. هذا يُفسّر لماذا يُضيء محلول NaCl المركّز اللمبةَ بشدّة أكبر من المخفّف.', 5)
ON CONFLICT (id) DO UPDATE SET
  exercise_id = EXCLUDED.exercise_id,
  prompt = EXCLUDED.prompt,
  options = EXCLUDED.options,
  correct_option = EXCLUDED.correct_option,
  explanation = EXCLUDED.explanation,
  display_order = EXCLUDED.display_order;

INSERT INTO public.exercises (id, chapter_id, subject_id, title, difficulty, xp_reward, reward_coins, mode, source, display_order) VALUES
  ('9795d4ab-4ba5-58f5-bbb7-a2d8a35ab255', '1ef832e7-2310-5ebc-9ddd-7d3d868d77cb', 'svt', 'تمرين: الشوارد وناقلية المحاليل', 2, 60, 12, 'practice', 'admin', 1)
ON CONFLICT (id) DO UPDATE SET
  chapter_id = EXCLUDED.chapter_id,
  subject_id = EXCLUDED.subject_id,
  title = EXCLUDED.title,
  difficulty = EXCLUDED.difficulty,
  xp_reward = EXCLUDED.xp_reward,
  reward_coins = EXCLUDED.reward_coins,
  mode = EXCLUDED.mode,
  display_order = EXCLUDED.display_order;

INSERT INTO public.questions (id, exercise_id, prompt, options, correct_option, explanation, display_order) VALUES
  ('03d3ffec-8982-54e8-af46-bdc34a74db49', '9795d4ab-4ba5-58f5-bbb7-a2d8a35ab255', 'أيّ ممّا يلي يُعرَّف بأنّه أيون موجب (كاتيون)؟', '[{"id":"a","text":"Cl⁻"},{"id":"b","text":"Na⁺"},{"id":"c","text":"OH⁻"},{"id":"d","text":"SO₄²⁻"}]'::jsonb, 'b', 'Na⁺ هو أيون الصوديوم ويحمل شحنة موجبة (+1)، لذا هو كاتيون. أمّا Cl⁻ و OH⁻ و SO₄²⁻ فكلّها أنيونات (شحنات سالبة).', 1)
ON CONFLICT (id) DO UPDATE SET
  exercise_id = EXCLUDED.exercise_id,
  prompt = EXCLUDED.prompt,
  options = EXCLUDED.options,
  correct_option = EXCLUDED.correct_option,
  explanation = EXCLUDED.explanation,
  display_order = EXCLUDED.display_order;

INSERT INTO public.questions (id, exercise_id, prompt, options, correct_option, explanation, display_order) VALUES
  ('ba4c35da-a412-5a63-b560-0ae9098103da', '9795d4ab-4ba5-58f5-bbb7-a2d8a35ab255', 'غمسنا قطبَين في محلول سكّر وأغلقنا الدائرة الكهربائية. ماذا نلاحظ؟', '[{"id":"a","text":"تضيء اللمبة بشدّة"},{"id":"b","text":"لا تضيء اللمبة"},{"id":"c","text":"تضيء اللمبة ببريق خافت"},{"id":"d","text":"تنطفئ اللمبة تدريجيًّا"}]'::jsonb, 'b', 'محلول السكّر غير شاردي: السكّر يذوب في الماء دون أن ينتج شوارد، لذا لا يوجد ناقل للتيار الكهربائي واللمبة لا تضيء.', 2)
ON CONFLICT (id) DO UPDATE SET
  exercise_id = EXCLUDED.exercise_id,
  prompt = EXCLUDED.prompt,
  options = EXCLUDED.options,
  correct_option = EXCLUDED.correct_option,
  explanation = EXCLUDED.explanation,
  display_order = EXCLUDED.display_order;

INSERT INTO public.questions (id, exercise_id, prompt, options, correct_option, explanation, display_order) VALUES
  ('f135d69e-e440-5280-a33f-857bd03ac27c', '9795d4ab-4ba5-58f5-bbb7-a2d8a35ab255', 'الجسيم الذي يحمل شحنة كهربائية سالبة في المحلول يُسمّى:', '[{"id":"a","text":"كاتيون"},{"id":"b","text":"بروتون"},{"id":"c","text":"أنيون"},{"id":"d","text":"نيوترون"}]'::jsonb, 'c', 'الأنيون هو الأيون السالب (يحمل شحنة سالبة)، مثل Cl⁻ و OH⁻ و SO₄²⁻. أمّا الكاتيون فهو الأيون الموجب.', 3)
ON CONFLICT (id) DO UPDATE SET
  exercise_id = EXCLUDED.exercise_id,
  prompt = EXCLUDED.prompt,
  options = EXCLUDED.options,
  correct_option = EXCLUDED.correct_option,
  explanation = EXCLUDED.explanation,
  display_order = EXCLUDED.display_order;

INSERT INTO public.questions (id, exercise_id, prompt, options, correct_option, explanation, display_order) VALUES
  ('50b9583a-ed55-5045-8898-733dee8955c0', '9795d4ab-4ba5-58f5-bbb7-a2d8a35ab255', 'ما الشوارد الناتجة عن إذابة NaCl في الماء؟', '[{"id":"a","text":"Na²⁺ و Cl²⁻"},{"id":"b","text":"Na⁻ و Cl⁺"},{"id":"c","text":"Na⁺ و Cl⁻"},{"id":"d","text":"NaCl يبقى بلا تشرّد"}]'::jsonb, 'c', 'عند إذابة كلوريد الصوديوم NaCl في الماء يتشرّد إلى Na⁺ (كاتيون بشحنة +1) و Cl⁻ (أنيون بشحنة −1).', 4)
ON CONFLICT (id) DO UPDATE SET
  exercise_id = EXCLUDED.exercise_id,
  prompt = EXCLUDED.prompt,
  options = EXCLUDED.options,
  correct_option = EXCLUDED.correct_option,
  explanation = EXCLUDED.explanation,
  display_order = EXCLUDED.display_order;

INSERT INTO public.questions (id, exercise_id, prompt, options, correct_option, explanation, display_order) VALUES
  ('0a82487d-cc54-5bcb-822d-c146d76f1434', '9795d4ab-4ba5-58f5-bbb7-a2d8a35ab255', 'أيّ المحاليل التالية ينقل التيار الكهربائي؟', '[{"id":"a","text":"محلول السكّر في الماء"},{"id":"b","text":"ماء البحر"},{"id":"c","text":"الكحول الخالص"},{"id":"d","text":"الزيت"}]'::jsonb, 'b', 'ماء البحر غنيّ بشوارد Na⁺ و Cl⁻ وغيرها، فهو ناقل قويّ للتيار الكهربائي. أمّا محلول السكّر والكحول والزيت فهي غير شاردية لا تنقل التيار.', 5)
ON CONFLICT (id) DO UPDATE SET
  exercise_id = EXCLUDED.exercise_id,
  prompt = EXCLUDED.prompt,
  options = EXCLUDED.options,
  correct_option = EXCLUDED.correct_option,
  explanation = EXCLUDED.explanation,
  display_order = EXCLUDED.display_order;

INSERT INTO public.questions (id, exercise_id, prompt, options, correct_option, explanation, display_order) VALUES
  ('9db33979-7743-5936-b6c7-a3d6f94ceca9', '9795d4ab-4ba5-58f5-bbb7-a2d8a35ab255', 'إذا خفّفنا محلول NaCl المركّز بإضافة الماء، ماذا يحدث للناقلية الكهربائية؟', '[{"id":"a","text":"تزيد الناقلية"},{"id":"b","text":"تنقص الناقلية"},{"id":"c","text":"تنعدم الناقلية تمامًا"},{"id":"d","text":"لا تتغيّر الناقلية"}]'::jsonb, 'b', 'التخفيف يُقلّل تركيز الشوارد في وحدة الحجم، فتنقص الناقلية الكهربائية للمحلول. لكنّ المحلول يبقى شارديًّا (لا تنعدم الناقلية تمامًا).', 6)
ON CONFLICT (id) DO UPDATE SET
  exercise_id = EXCLUDED.exercise_id,
  prompt = EXCLUDED.prompt,
  options = EXCLUDED.options,
  correct_option = EXCLUDED.correct_option,
  explanation = EXCLUDED.explanation,
  display_order = EXCLUDED.display_order;

INSERT INTO public.exercises (id, chapter_id, subject_id, title, difficulty, xp_reward, reward_coins, mode, source, display_order) VALUES
  ('7d98ea97-fb08-5cf9-874c-b1c7d35858a7', '1ef832e7-2310-5ebc-9ddd-7d3d868d77cb', 'svt', '⚔️ زعيم الفصل: معركة الشوارد الكهربائية', 3, 120, 30, 'boss', 'admin', 2)
ON CONFLICT (id) DO UPDATE SET
  chapter_id = EXCLUDED.chapter_id,
  subject_id = EXCLUDED.subject_id,
  title = EXCLUDED.title,
  difficulty = EXCLUDED.difficulty,
  xp_reward = EXCLUDED.xp_reward,
  reward_coins = EXCLUDED.reward_coins,
  mode = EXCLUDED.mode,
  display_order = EXCLUDED.display_order;

INSERT INTO public.questions (id, exercise_id, prompt, options, correct_option, explanation, display_order) VALUES
  ('e5d52986-ff3e-5025-a7b9-255341e0839e', '7d98ea97-fb08-5cf9-874c-b1c7d35858a7', 'تلميذ يريد اختبار ما إذا كان سائل مجهول ناقلًا للكهرباء. ما الجهاز المناسب لذلك؟', '[{"id":"a","text":"دائرة كهربائية بها بطارية ولمبة وقطبَين"},{"id":"b","text":"ميزان الحرارة"},{"id":"c","text":"ورق pH"},{"id":"d","text":"مجهر ضوئي"}]'::jsonb, 'a', 'يُستخدم جهاز اختبار الناقلية: دائرة كهربائية تتضمّن مولّدًا (بطارية) ولمبة وقطبَين (إلكترودَين) يُغمسان في السائل. إضاءة اللمبة تدلّ على أنّ السائل ناقل (شاردي).', 1)
ON CONFLICT (id) DO UPDATE SET
  exercise_id = EXCLUDED.exercise_id,
  prompt = EXCLUDED.prompt,
  options = EXCLUDED.options,
  correct_option = EXCLUDED.correct_option,
  explanation = EXCLUDED.explanation,
  display_order = EXCLUDED.display_order;

INSERT INTO public.questions (id, exercise_id, prompt, options, correct_option, explanation, display_order) VALUES
  ('d3c44940-7ad2-559e-965e-959fbc2e7375', '7d98ea97-fb08-5cf9-874c-b1c7d35858a7', 'في تجربة ناقلية المحاليل، أضأنا اللمبة عند غمس القطبَين في محلول A، ولم تُضأ عند غمسهما في محلول B. أيّ الاستنتاجات صحيح؟', '[{"id":"a","text":"A وB كلاهما شاردي"},{"id":"b","text":"A غير شاردي؛ B شاردي"},{"id":"c","text":"A شاردي يحتوي شوارد؛ B غير شاردي لا يحتوي شوارد"},{"id":"d","text":"كلا المحلولَين غير شارديَّين"}]'::jsonb, 'c', 'إضاءة اللمبة دليل على وجود شوارد تنقل التيار (محلول A شاردي). عدم الإضاءة يدلّ على غياب الشوارد (محلول B غير شاردي كمحلول السكّر مثلًا).', 2)
ON CONFLICT (id) DO UPDATE SET
  exercise_id = EXCLUDED.exercise_id,
  prompt = EXCLUDED.prompt,
  options = EXCLUDED.options,
  correct_option = EXCLUDED.correct_option,
  explanation = EXCLUDED.explanation,
  display_order = EXCLUDED.display_order;

INSERT INTO public.questions (id, exercise_id, prompt, options, correct_option, explanation, display_order) VALUES
  ('41266bf3-a20d-5622-ad0f-84d45d288549', '7d98ea97-fb08-5cf9-874c-b1c7d35858a7', 'أيّ من الأيونات التالية أنيون (يحمل شحنة سالبة)؟', '[{"id":"a","text":"SO₄²⁻"},{"id":"b","text":"Ca²⁺"},{"id":"c","text":"Na⁺"},{"id":"d","text":"H⁺"}]'::jsonb, 'a', 'SO₄²⁻ هو أيون الكبريتات ويحمل شحنة سالبة مقدارها −2، فهو أنيون. Ca²⁺ وNa⁺ وH⁺ كلّها كاتيونات (شحنات موجبة).', 3)
ON CONFLICT (id) DO UPDATE SET
  exercise_id = EXCLUDED.exercise_id,
  prompt = EXCLUDED.prompt,
  options = EXCLUDED.options,
  correct_option = EXCLUDED.correct_option,
  explanation = EXCLUDED.explanation,
  display_order = EXCLUDED.display_order;

INSERT INTO public.questions (id, exercise_id, prompt, options, correct_option, explanation, display_order) VALUES
  ('c9173622-de37-5b06-bd5f-9c3201286a3e', '7d98ea97-fb08-5cf9-874c-b1c7d35858a7', 'ثلاثة محاليل: A (ملح الطعام NaCl)، B (سكّر)، C (حمض HCl). أيّها يُعدّ محاليل شاردية؟', '[{"id":"a","text":"A فقط"},{"id":"b","text":"B فقط"},{"id":"c","text":"A و B و C كلّها"},{"id":"d","text":"A و C فقط"}]'::jsonb, 'd', 'NaCl يُعطي Na⁺ و Cl⁻ فهو شاردي. HCl يُعطي H⁺ و Cl⁻ فهو شاردي. أمّا السكّر فيذوب دون تشرّد — غير شاردي لا ينقل التيار.', 4)
ON CONFLICT (id) DO UPDATE SET
  exercise_id = EXCLUDED.exercise_id,
  prompt = EXCLUDED.prompt,
  options = EXCLUDED.options,
  correct_option = EXCLUDED.correct_option,
  explanation = EXCLUDED.explanation,
  display_order = EXCLUDED.display_order;

INSERT INTO public.questions (id, exercise_id, prompt, options, correct_option, explanation, display_order) VALUES
  ('03d2fda0-9268-5fd0-8a40-9a8c78c5b489', '7d98ea97-fb08-5cf9-874c-b1c7d35858a7', 'كيف تفسّر أنّ زيادة تركيز محلول NaCl تزيد سطوع اللمبة في تجربة الناقلية؟', '[{"id":"a","text":"لأنّ عدد الشوارد في وحدة الحجم يزداد فتزداد الناقلية"},{"id":"b","text":"لأنّ الماء يصبح أكثر"},{"id":"c","text":"لأنّ درجة حرارة المحلول ترتفع"},{"id":"d","text":"لأنّ pH المحلول يتغيّر"}]'::jsonb, 'a', 'ناقلية المحلول تعتمد على عدد الشوارد الحرّة في وحدة الحجم. عند رفع التركيز يزداد عدد Na⁺ و Cl⁻ فتزداد الناقلية ويزداد سطوع اللمبة.', 5)
ON CONFLICT (id) DO UPDATE SET
  exercise_id = EXCLUDED.exercise_id,
  prompt = EXCLUDED.prompt,
  options = EXCLUDED.options,
  correct_option = EXCLUDED.correct_option,
  explanation = EXCLUDED.explanation,
  display_order = EXCLUDED.display_order;

INSERT INTO public.questions (id, exercise_id, prompt, options, correct_option, explanation, display_order) VALUES
  ('9972807a-49be-58b7-8a97-01dc9cb6dbbc', '7d98ea97-fb08-5cf9-874c-b1c7d35858a7', 'ماء الشرب من الصنبور يحتوي شوارد Ca²⁺ و HCO₃⁻. ما خاصّيته الكهربائية؟', '[{"id":"a","text":"لا ينقل التيار لأنّه ماء"},{"id":"b","text":"ينقل التيار فقط عند تسخينه"},{"id":"c","text":"يعطي نتيجة مختلفة من صنبور لآخر بحسب لون الأنابيب"},{"id":"d","text":"ينقل التيار لأنّه شاردي"}]'::jsonb, 'd', 'ماء الصنبور شاردي لاحتوائه شوارد معدنية (Ca²⁺، Mg²⁺، HCO₃⁻ وغيرها)، لذا ينقل التيار الكهربائي. هذا يختلف عن الماء المقطّر النقي الذي لا يحتوي شوارد.', 6)
ON CONFLICT (id) DO UPDATE SET
  exercise_id = EXCLUDED.exercise_id,
  prompt = EXCLUDED.prompt,
  options = EXCLUDED.options,
  correct_option = EXCLUDED.correct_option,
  explanation = EXCLUDED.explanation,
  display_order = EXCLUDED.display_order;

INSERT INTO public.exercises (id, chapter_id, subject_id, title, difficulty, xp_reward, reward_coins, mode, source, display_order) VALUES
  ('4f7081aa-19ca-51d2-89bf-53c0df39a751', 'cb55bcb6-c41c-5c05-b94a-fad88e81e703', 'svt', 'اختبار فهم الدرس', 1, 20, 5, 'quiz', 'admin', 0)
ON CONFLICT (id) DO UPDATE SET
  chapter_id = EXCLUDED.chapter_id,
  subject_id = EXCLUDED.subject_id,
  title = EXCLUDED.title,
  difficulty = EXCLUDED.difficulty,
  xp_reward = EXCLUDED.xp_reward,
  reward_coins = EXCLUDED.reward_coins,
  mode = EXCLUDED.mode,
  display_order = EXCLUDED.display_order;

INSERT INTO public.questions (id, exercise_id, prompt, options, correct_option, explanation, display_order) VALUES
  ('b149f757-11cd-5672-ba11-d76d0213d466', '4f7081aa-19ca-51d2-89bf-53c0df39a751', 'ما الاتّجاه الاصطلاحي للتيار الكهربائي في الدائرة الخارجية؟', '[{"id":"a","text":"من القطب السالب إلى القطب الموجب"},{"id":"b","text":"من القطب الموجب إلى القطب السالب"},{"id":"c","text":"في كلا الاتّجاهَين في آنٍ واحد"},{"id":"d","text":"لا يوجد اتّجاه محدّد للتيار المستمر"}]'::jsonb, 'b', 'الاتّجاه الاصطلاحي للتيار في الدائرة الخارجية هو من القطب الموجب (+) نحو القطب السالب (−)، وهو عكس اتّجاه حركة الإلكترونات الفعلية.', 1)
ON CONFLICT (id) DO UPDATE SET
  exercise_id = EXCLUDED.exercise_id,
  prompt = EXCLUDED.prompt,
  options = EXCLUDED.options,
  correct_option = EXCLUDED.correct_option,
  explanation = EXCLUDED.explanation,
  display_order = EXCLUDED.display_order;

INSERT INTO public.questions (id, exercise_id, prompt, options, correct_option, explanation, display_order) VALUES
  ('81062ac7-2097-5411-9a9e-ad5d73afadf8', '4f7081aa-19ca-51d2-89bf-53c0df39a751', 'ما وحدة قياس شدّة التيار الكهربائي I وبأيّ جهاز يُقاس؟', '[{"id":"a","text":"الفولط (V) ويُقاس بالفولطمتر"},{"id":"b","text":"الأوم (Ω) ويُقاس بالأوميتر"},{"id":"c","text":"الواط (W) ويُقاس بالواطمتر"},{"id":"d","text":"الأمبير (A) ويُقاس بالأمبيرمتر على التسلسل"}]'::jsonb, 'd', 'شدّة التيار I تُقاس بوحدة الأمبير (A) باستخدام الأمبيرمتر الذي يُوصَل دائمًا على التسلسل في الدائرة.', 2)
ON CONFLICT (id) DO UPDATE SET
  exercise_id = EXCLUDED.exercise_id,
  prompt = EXCLUDED.prompt,
  options = EXCLUDED.options,
  correct_option = EXCLUDED.correct_option,
  explanation = EXCLUDED.explanation,
  display_order = EXCLUDED.display_order;

INSERT INTO public.questions (id, exercise_id, prompt, options, correct_option, explanation, display_order) VALUES
  ('9a0c155f-79a0-568b-9ae7-565ef9002d29', '4f7081aa-19ca-51d2-89bf-53c0df39a751', 'ما نصّ قانون أوم؟', '[{"id":"a","text":"U = R × I"},{"id":"b","text":"U = R + I"},{"id":"c","text":"I = U + R"},{"id":"d","text":"R = U + I"}]'::jsonb, 'a', 'قانون أوم ينصّ على: U = R × I، حيث U التوتر بالفولط، R المقاومة بالأوم، I شدّة التيار بالأمبير. ويمكن اشتقاق: R = U/I و I = U/R.', 3)
ON CONFLICT (id) DO UPDATE SET
  exercise_id = EXCLUDED.exercise_id,
  prompt = EXCLUDED.prompt,
  options = EXCLUDED.options,
  correct_option = EXCLUDED.correct_option,
  explanation = EXCLUDED.explanation,
  display_order = EXCLUDED.display_order;

INSERT INTO public.questions (id, exercise_id, prompt, options, correct_option, explanation, display_order) VALUES
  ('88200d7c-d007-514e-9fff-98830902cd8b', '4f7081aa-19ca-51d2-89bf-53c0df39a751', 'مقاومة قيمتها 50 Ω يمرّ بها تيار شدّته 0.4 A. ما التوتر على طرفَيها؟', '[{"id":"a","text":"125 V"},{"id":"b","text":"0.008 V"},{"id":"c","text":"50.4 V"},{"id":"d","text":"20 V"}]'::jsonb, 'd', 'بتطبيق قانون أوم: U = R × I = 50 × 0.4 = 20 V.', 4)
ON CONFLICT (id) DO UPDATE SET
  exercise_id = EXCLUDED.exercise_id,
  prompt = EXCLUDED.prompt,
  options = EXCLUDED.options,
  correct_option = EXCLUDED.correct_option,
  explanation = EXCLUDED.explanation,
  display_order = EXCLUDED.display_order;

INSERT INTO public.questions (id, exercise_id, prompt, options, correct_option, explanation, display_order) VALUES
  ('6415c31b-bea6-5a0b-8e7a-8189179ffeb4', '4f7081aa-19ca-51d2-89bf-53c0df39a751', 'عند توصيل مقاومتَين على التوازي، أيّ العبارات صحيح؟', '[{"id":"a","text":"التوتر الكلّي يساوي مجموع التوتّرَين والتيار نفسه في كلتا المقاومتَين"},{"id":"b","text":"شدّة التيار الكلّية تساوي مجموع شدّتَي التيار، والتوتر نفسه على كلتا المقاومتَين"},{"id":"c","text":"شدّة التيار نفسها في كلتا المقاومتَين والتوتر الكلّي مجموع التوتّرَين"},{"id":"d","text":"المقاومة الإجمالية تساوي مجموع المقاومتَين"}]'::jsonb, 'b', 'في التركيب على التوازي: التوتر نفسه على كلتا المقاومتَين (U₁ = U₂ = U)، وشدّة التيار الكلّية تساوي مجموع الشدّتَين (I = I₁ + I₂). أمّا التركيب على التسلسل فهو من يتشارك نفس شدّة التيار.', 5)
ON CONFLICT (id) DO UPDATE SET
  exercise_id = EXCLUDED.exercise_id,
  prompt = EXCLUDED.prompt,
  options = EXCLUDED.options,
  correct_option = EXCLUDED.correct_option,
  explanation = EXCLUDED.explanation,
  display_order = EXCLUDED.display_order;

INSERT INTO public.exercises (id, chapter_id, subject_id, title, difficulty, xp_reward, reward_coins, mode, source, display_order) VALUES
  ('fe9e08f4-5a19-593f-adfc-78f5531c63b1', 'cb55bcb6-c41c-5c05-b94a-fad88e81e703', 'svt', 'تمرين: قانون أوم والدوائر الكهربائية', 2, 75, 15, 'practice', 'admin', 1)
ON CONFLICT (id) DO UPDATE SET
  chapter_id = EXCLUDED.chapter_id,
  subject_id = EXCLUDED.subject_id,
  title = EXCLUDED.title,
  difficulty = EXCLUDED.difficulty,
  xp_reward = EXCLUDED.xp_reward,
  reward_coins = EXCLUDED.reward_coins,
  mode = EXCLUDED.mode,
  display_order = EXCLUDED.display_order;

INSERT INTO public.questions (id, exercise_id, prompt, options, correct_option, explanation, display_order) VALUES
  ('a6e4f1ad-f2dd-55ef-8e05-a98c740e1f40', 'fe9e08f4-5a19-593f-adfc-78f5531c63b1', 'أيّ جهاز يُستخدم لقياس شدّة التيار الكهربائي، وكيف يُوصَل؟', '[{"id":"a","text":"الفولطمتر — على التوازي"},{"id":"b","text":"الأمبيرمتر — على التوازي"},{"id":"c","text":"الفولطمتر — على التسلسل"},{"id":"d","text":"الأمبيرمتر — على التسلسل"}]'::jsonb, 'd', 'الأمبيرمتر يقيس شدّة التيار ويُوصَل على التسلسل في الدائرة لأنّ التيار يجب أن يمرّ خلاله. الفولطمتر يقيس التوتر ويُوصَل على التوازي.', 1)
ON CONFLICT (id) DO UPDATE SET
  exercise_id = EXCLUDED.exercise_id,
  prompt = EXCLUDED.prompt,
  options = EXCLUDED.options,
  correct_option = EXCLUDED.correct_option,
  explanation = EXCLUDED.explanation,
  display_order = EXCLUDED.display_order;

INSERT INTO public.questions (id, exercise_id, prompt, options, correct_option, explanation, display_order) VALUES
  ('70bf4cf9-af39-51ba-a21f-c63ed8494aa5', 'fe9e08f4-5a19-593f-adfc-78f5531c63b1', 'ما الاتّجاه الاصطلاحي للتيار الكهربائي في الدائرة الخارجية؟', '[{"id":"a","text":"من القطب السالب (−) إلى القطب الموجب (+)"},{"id":"b","text":"يمكن أن يكون في الاتّجاهَين معًا"},{"id":"c","text":"من القطب الموجب (+) إلى القطب السالب (−)"},{"id":"d","text":"لا اتّجاه له"}]'::jsonb, 'c', 'الاتّجاه الاصطلاحي للتيار في الدائرة الخارجية هو من القطب الموجب (+) إلى القطب السالب (−). أمّا الإلكترونات فتتحرّك في الاتّجاه المعاكس.', 2)
ON CONFLICT (id) DO UPDATE SET
  exercise_id = EXCLUDED.exercise_id,
  prompt = EXCLUDED.prompt,
  options = EXCLUDED.options,
  correct_option = EXCLUDED.correct_option,
  explanation = EXCLUDED.explanation,
  display_order = EXCLUDED.display_order;

INSERT INTO public.questions (id, exercise_id, prompt, options, correct_option, explanation, display_order) VALUES
  ('52a0d161-eb83-5d7c-87b7-fb8dda4cd2ca', 'fe9e08f4-5a19-593f-adfc-78f5531c63b1', 'مقاومة R = 50 Ω يمرّ بها تيار I = 0.4 A. ما التوتر U عبرها؟', '[{"id":"a","text":"0.008 V"},{"id":"b","text":"125 V"},{"id":"c","text":"20 V"},{"id":"d","text":"50.4 V"}]'::jsonb, 'c', 'بتطبيق قانون أوم: U = R × I = 50 × 0.4 = 20 V. الخيار 125 V ناتج عن قسمة خاطئة (50/0.4)، والخيار 0.008 V ناتج عن قسمة I/R.', 3)
ON CONFLICT (id) DO UPDATE SET
  exercise_id = EXCLUDED.exercise_id,
  prompt = EXCLUDED.prompt,
  options = EXCLUDED.options,
  correct_option = EXCLUDED.correct_option,
  explanation = EXCLUDED.explanation,
  display_order = EXCLUDED.display_order;

INSERT INTO public.questions (id, exercise_id, prompt, options, correct_option, explanation, display_order) VALUES
  ('34b745c3-3d21-5c6e-b777-7b198d981cf1', 'fe9e08f4-5a19-593f-adfc-78f5531c63b1', 'توتر مصدر كهربائي U = 12 V ومقاومة R = 4 Ω. ما شدّة التيار I؟', '[{"id":"a","text":"48 A"},{"id":"b","text":"0.33 A"},{"id":"c","text":"8 A"},{"id":"d","text":"3 A"}]'::jsonb, 'd', 'بتطبيق قانون أوم: I = U / R = 12 / 4 = 3 A. الخيار 48 A ناتج عن ضرب خاطئ (12 × 4).', 4)
ON CONFLICT (id) DO UPDATE SET
  exercise_id = EXCLUDED.exercise_id,
  prompt = EXCLUDED.prompt,
  options = EXCLUDED.options,
  correct_option = EXCLUDED.correct_option,
  explanation = EXCLUDED.explanation,
  display_order = EXCLUDED.display_order;

INSERT INTO public.questions (id, exercise_id, prompt, options, correct_option, explanation, display_order) VALUES
  ('19074ba1-dca3-523b-8070-2aea8451ec5a', 'fe9e08f4-5a19-593f-adfc-78f5531c63b1', 'في دائرة تسلسلية تحتوي مقاومتَين R₁ = 10 Ω و R₂ = 20 Ω. ما المقاومة الإجمالية؟', '[{"id":"a","text":"10 Ω"},{"id":"b","text":"6.7 Ω"},{"id":"c","text":"30 Ω"},{"id":"d","text":"200 Ω"}]'::jsonb, 'c', 'في التركيب على التسلسل: R_total = R₁ + R₂ = 10 + 20 = 30 Ω. الخيار 6.7 Ω هو ناتج التوازي (1/R_total = 1/10 + 1/20).', 5)
ON CONFLICT (id) DO UPDATE SET
  exercise_id = EXCLUDED.exercise_id,
  prompt = EXCLUDED.prompt,
  options = EXCLUDED.options,
  correct_option = EXCLUDED.correct_option,
  explanation = EXCLUDED.explanation,
  display_order = EXCLUDED.display_order;

INSERT INTO public.questions (id, exercise_id, prompt, options, correct_option, explanation, display_order) VALUES
  ('80515582-5b5b-55d7-accd-a0156424b884', 'fe9e08f4-5a19-593f-adfc-78f5531c63b1', 'مقاومة يمرّ بها تيار I = 2 A وعبرها توتر U = 10 V. ما قيمة المقاومة R؟', '[{"id":"a","text":"20 Ω"},{"id":"b","text":"5 Ω"},{"id":"c","text":"0.2 Ω"},{"id":"d","text":"12 Ω"}]'::jsonb, 'b', 'بتطبيق قانون أوم: R = U / I = 10 / 2 = 5 Ω. الخيار 20 Ω ناتج عن ضرب خاطئ (10 × 2).', 6)
ON CONFLICT (id) DO UPDATE SET
  exercise_id = EXCLUDED.exercise_id,
  prompt = EXCLUDED.prompt,
  options = EXCLUDED.options,
  correct_option = EXCLUDED.correct_option,
  explanation = EXCLUDED.explanation,
  display_order = EXCLUDED.display_order;

INSERT INTO public.exercises (id, chapter_id, subject_id, title, difficulty, xp_reward, reward_coins, mode, source, display_order) VALUES
  ('312fd190-acd6-519d-b510-a59663bf790c', 'cb55bcb6-c41c-5c05-b94a-fad88e81e703', 'svt', '⚔️ زعيم الفصل: حرب الدوائر الكهربائية', 3, 120, 30, 'boss', 'admin', 2)
ON CONFLICT (id) DO UPDATE SET
  chapter_id = EXCLUDED.chapter_id,
  subject_id = EXCLUDED.subject_id,
  title = EXCLUDED.title,
  difficulty = EXCLUDED.difficulty,
  xp_reward = EXCLUDED.xp_reward,
  reward_coins = EXCLUDED.reward_coins,
  mode = EXCLUDED.mode,
  display_order = EXCLUDED.display_order;

INSERT INTO public.questions (id, exercise_id, prompt, options, correct_option, explanation, display_order) VALUES
  ('8fc16747-a960-50b3-9874-c793e3dd240b', '312fd190-acd6-519d-b510-a59663bf790c', 'لقياس التوتر عبر لمبة في دائرة، كيف يُوصَل الفولطمتر؟', '[{"id":"a","text":"على التوازي مع اللمبة"},{"id":"b","text":"على التسلسل مع اللمبة"},{"id":"c","text":"بديلًا عن المصدر"},{"id":"d","text":"بين المصدر والأمبيرمتر فقط"}]'::jsonb, 'a', 'الفولطمتر يقيس فرق الجهد (التوتر) ويُوصَل دائمًا على التوازي مع العنصر المراد قياس توتّره. وصله على التسلسل يُعطّل الدائرة لأنّ مقاومته كبيرة جدًّا.', 1)
ON CONFLICT (id) DO UPDATE SET
  exercise_id = EXCLUDED.exercise_id,
  prompt = EXCLUDED.prompt,
  options = EXCLUDED.options,
  correct_option = EXCLUDED.correct_option,
  explanation = EXCLUDED.explanation,
  display_order = EXCLUDED.display_order;

INSERT INTO public.questions (id, exercise_id, prompt, options, correct_option, explanation, display_order) VALUES
  ('4c8c17b0-8f75-5e45-b749-2295628a70de', '312fd190-acd6-519d-b510-a59663bf790c', 'مقاومة R = 100 Ω يمرّ بها تيار I = 0.2 A. ما التوتر U عبرها؟', '[{"id":"a","text":"500 V"},{"id":"b","text":"100.2 V"},{"id":"c","text":"20 V"},{"id":"d","text":"0.002 V"}]'::jsonb, 'c', 'بتطبيق قانون أوم: U = R × I = 100 × 0.2 = 20 V. الخيار 500 V ناتج عن قسمة خاطئة (100 / 0.2).', 2)
ON CONFLICT (id) DO UPDATE SET
  exercise_id = EXCLUDED.exercise_id,
  prompt = EXCLUDED.prompt,
  options = EXCLUDED.options,
  correct_option = EXCLUDED.correct_option,
  explanation = EXCLUDED.explanation,
  display_order = EXCLUDED.display_order;

INSERT INTO public.questions (id, exercise_id, prompt, options, correct_option, explanation, display_order) VALUES
  ('c747b840-1d28-51a2-b0b5-825fd5eeb525', '312fd190-acd6-519d-b510-a59663bf790c', 'في دائرة توازي مكوّنة من R₁ = 6 Ω و R₂ = 12 Ω، التوتر الكلّي U = 12 V. ما شدّة التيار في R₁؟', '[{"id":"a","text":"1 A"},{"id":"b","text":"2 A"},{"id":"c","text":"3 A"},{"id":"d","text":"0.5 A"}]'::jsonb, 'b', 'في التوازي، التوتر على كلّ مقاومة هو نفس التوتر الكلّي. إذن U₁ = 12 V وR₁ = 6 Ω، فـ I₁ = U₁ / R₁ = 12 / 6 = 2 A.', 3)
ON CONFLICT (id) DO UPDATE SET
  exercise_id = EXCLUDED.exercise_id,
  prompt = EXCLUDED.prompt,
  options = EXCLUDED.options,
  correct_option = EXCLUDED.correct_option,
  explanation = EXCLUDED.explanation,
  display_order = EXCLUDED.display_order;

INSERT INTO public.questions (id, exercise_id, prompt, options, correct_option, explanation, display_order) VALUES
  ('0c3edbd1-43d7-59a2-9731-68f282c315f7', '312fd190-acd6-519d-b510-a59663bf790c', 'دائرة تسلسلية: مصدر توتره U = 9 V، ومقاومتان R₁ = 10 Ω و R₂ = 20 Ω. ما شدّة التيار في الدائرة؟', '[{"id":"a","text":"0.9 A"},{"id":"b","text":"3 A"},{"id":"c","text":"0.3 A"},{"id":"d","text":"0.45 A"}]'::jsonb, 'c', 'في التسلسل: R_total = R₁ + R₂ = 10 + 20 = 30 Ω. ثمّ: I = U / R_total = 9 / 30 = 0.3 A. هذا التيار نفسه يمرّ في الجميع.', 4)
ON CONFLICT (id) DO UPDATE SET
  exercise_id = EXCLUDED.exercise_id,
  prompt = EXCLUDED.prompt,
  options = EXCLUDED.options,
  correct_option = EXCLUDED.correct_option,
  explanation = EXCLUDED.explanation,
  display_order = EXCLUDED.display_order;

INSERT INTO public.questions (id, exercise_id, prompt, options, correct_option, explanation, display_order) VALUES
  ('4c6d3e90-677a-5b28-8ff3-05873bda0227', '312fd190-acd6-519d-b510-a59663bf790c', 'مقاومتان على التوازي: R₁ = 4 Ω و R₂ = 4 Ω. ما المقاومة الإجمالية؟', '[{"id":"a","text":"8 Ω"},{"id":"b","text":"4 Ω"},{"id":"c","text":"1 Ω"},{"id":"d","text":"2 Ω"}]'::jsonb, 'd', 'في التوازي: 1/R_total = 1/4 + 1/4 = 2/4 = 1/2، إذن R_total = 2 Ω. المقاومة الإجمالية في التوازي دائمًا أصغر من أصغر مقاومة منفردة.', 5)
ON CONFLICT (id) DO UPDATE SET
  exercise_id = EXCLUDED.exercise_id,
  prompt = EXCLUDED.prompt,
  options = EXCLUDED.options,
  correct_option = EXCLUDED.correct_option,
  explanation = EXCLUDED.explanation,
  display_order = EXCLUDED.display_order;

INSERT INTO public.questions (id, exercise_id, prompt, options, correct_option, explanation, display_order) VALUES
  ('626562e0-0107-5931-a5c3-c85b50adcbaf', '312fd190-acd6-519d-b510-a59663bf790c', 'تيار I = 0.5 A يمرّ في دائرة تسلسلية بها R₁ = 8 Ω و R₂ = 12 Ω. ما التوتر الكلّي للمصدر؟', '[{"id":"a","text":"10 V"},{"id":"b","text":"4 V"},{"id":"c","text":"6 V"},{"id":"d","text":"20 V"}]'::jsonb, 'a', 'R_total = R₁ + R₂ = 8 + 12 = 20 Ω. ثمّ U = R_total × I = 20 × 0.5 = 10 V. يمكن التحقّق: U₁ = 8 × 0.5 = 4 V، U₂ = 12 × 0.5 = 6 V، U₁ + U₂ = 10 V.', 6)
ON CONFLICT (id) DO UPDATE SET
  exercise_id = EXCLUDED.exercise_id,
  prompt = EXCLUDED.prompt,
  options = EXCLUDED.options,
  correct_option = EXCLUDED.correct_option,
  explanation = EXCLUDED.explanation,
  display_order = EXCLUDED.display_order;

