-- =========================================================
-- GENERATED FILE — do not edit by hand.
-- Subject: math-5eme (الرياضيات)
-- Regenerate with: npm run content:build
-- Source of truth: content/math-5eme/
-- =========================================================

DO $$
BEGIN
  IF EXISTS (SELECT 1 FROM pg_constraint WHERE conname = 'exercises_mode_check') THEN
    ALTER TABLE public.exercises DROP CONSTRAINT exercises_mode_check;
  END IF;
  ALTER TABLE public.exercises
    ADD CONSTRAINT exercises_mode_check CHECK (mode IN ('practice', 'boss', 'quiz', 'challenge'));
END $$;

INSERT INTO public.subjects (id, name_fr, description, attribute, color_token, icon, display_order, content_language, is_premium, theme_id, grade_id, manuel_refs) VALUES
  ('math-5eme', 'الرياضيات', 'الأنشطة العددية والقيس والهندسة وفق برنامج الرياضيات للسنة الخامسة من التعليم الأساسي', 'Force', 'subject-math', 'Calculator', 1, 'ar', false, 'ecole-tn', (SELECT id FROM public.grades WHERE theme_id = 'ecole-tn' AND slug = '5eme-base'), '[{"code":"102511","label":null}]'::jsonb)
ON CONFLICT (id) DO UPDATE SET
  name_fr = EXCLUDED.name_fr,
  description = EXCLUDED.description,
  attribute = EXCLUDED.attribute,
  color_token = EXCLUDED.color_token,
  icon = EXCLUDED.icon,
  display_order = EXCLUDED.display_order,
  content_language = EXCLUDED.content_language,
  is_premium = EXCLUDED.is_premium,
  theme_id = EXCLUDED.theme_id,
  grade_id = EXCLUDED.grade_id,
  manuel_refs = EXCLUDED.manuel_refs;

-- Prune admin-authored content that is no longer in the source tree.
DO $$
BEGIN
  IF to_regclass('public.dungeon_run_questions') IS NOT NULL THEN
    DELETE FROM public.dungeon_run_questions d
    USING public.questions q, public.exercises e
    WHERE d.question_id = q.id
      AND q.exercise_id = e.id
      AND e.subject_id = 'math-5eme'
      AND e.source = 'admin'
      AND q.id NOT IN ('8f3116bf-fa38-5cd2-931d-17334d32be92', '7f73339c-4703-5613-b27f-abfa632fd58d', 'e5c4b396-51fb-5ad2-83be-7153a6bb697a', '3515256c-f4f2-5e5f-a199-4abcde9fe731', '6bf21961-1d3f-5f96-90ff-e2abbca6791b', 'e2db8ed4-e9f7-5df4-a1d1-18011ee42eb8', '309fae74-d73d-5a95-8e92-49b19bc63f01', '83a2c4b3-fee8-5dcb-b397-52ca108319ec', 'accf278d-3609-5fbf-9f86-5353910044dd', 'c7221d68-e253-5544-9596-86206b02b36b', 'de847887-39ec-5ce3-8200-02ce54baa08f', '069d778d-f3e1-5875-9ccc-077a4ef05b2d', '5214bb90-fae1-576d-adbc-82c29b64c7a4', '2f902df2-ed97-5538-a406-0b28cd6bbda2', '86e61219-20a8-567d-9a41-31d6985b0c20', 'c8e887e4-5df7-5d2e-8e8b-2e1c535e71cb', 'c0678e3c-9d3c-5b9d-b1b9-d2943a7978ec', 'e4c65524-85d9-5784-b7d4-ddf0ffd8e4c5', '6b17208d-9a8d-5322-a5f3-98f057272813', 'e57159d5-ec9b-52a5-92c9-c5e43c891fbf', '20ceecfb-d134-517b-8741-9e253fd49c60', '4e551fe4-3ae5-5b21-9d60-cc6bbe9289cd', 'e251afc0-94fd-52a2-bead-ef882dbffd82', 'cae2d7e8-b279-5166-ab65-2eb9082796ff', '53bf1c79-d13d-50ce-a42b-d19cdf9e13a6', 'd6ba2256-be6b-5c26-bc80-35b9c1b2d857', 'dd306db4-52fe-5133-bbe9-bed76185403c', '8dda4bcc-671a-5ec1-b523-0ad542399682', 'e24e346e-6a70-572f-9c2d-79d2962aa793', '7aa27ca7-96bc-50da-9f1c-7fe4e643826b', '8e4e584c-11af-5812-acea-7d6db958eadd', '485371eb-4f8a-55bc-b8a3-d278d492cd34', '23852d50-058c-508c-9c3b-e475af967269', '766618ce-5a16-5f06-8a83-80f62e828c5e', '692e1ed0-5c1a-5204-9fd3-86846e98da6a', 'e29313cd-3872-5520-a28d-641cd792e304', 'ddd25e6f-4ee7-5995-98da-6435747b7cd5', 'c15b0674-4818-5ffc-b095-481a06d8a483', '6e5a0ba9-e104-55c7-8c42-dc723898eb01', '337a7f16-34d4-54ba-be5b-2ea8dfbcfe90', '9a98fd5f-c763-53cb-b571-e6a653961a50', '48da699b-ce5d-54dc-85c5-d1937d7e83f0', '04c09ab0-11f7-518a-9b3e-83600ddefc85', '8d4dc7bd-90fa-5a87-9423-c5a08d20b130', 'b5b922f5-0350-5bc9-bdd4-73c5ccb79eac', 'ed628407-565d-5efe-b397-e89ff0051ea3', '10b3df93-1ab4-5474-b5ed-83fef76f5bfe', '471d9e6a-ae87-5194-9a46-e9afae2a5da0', '77167b05-fa4a-5b79-b727-f55d03a21262', '02e3b936-5cc8-5915-9bb8-41e184042c92', 'a8c46fdf-2585-580c-8651-b3ad8e28db6e', '6328a5ff-29bc-5932-8b67-faa0e0b7ebe5', 'd74d2e6b-b99e-58bc-9bfd-749f7c966d75', '9babefac-9650-564e-b741-fb7e514e322b', 'c55ab9d7-8a68-5f9f-8cd0-22961b72d7e7', 'f6a2bec1-afb9-54fd-b49b-0ef6e7472bed', '1ae96818-1809-5147-a4e9-d052388dd307', '38d9295a-b262-59a5-aef6-fa0b1a4de759', '39baca46-fff2-50c4-88c6-04e743106383', '41d21303-ac61-54c2-90b6-55f01eb2b3f6', '5c066794-9d75-5981-8585-b4a42568ab6d', '5fa6df7a-b401-5a47-b420-73467deb3b49', 'd09a41f1-a99c-5566-8a29-c6954accb8a8', 'af589f8e-d0bb-5b44-84bd-ba907a1cb700', '8717741e-530d-57b6-993d-700bfbcad9cc', '54ca7980-96de-5216-8128-6bfe187b0c50', 'bab9aa6b-d7d6-5ecc-be61-905e4e1c526e', '30e6f3b1-5a69-578f-869a-7214ccec9615', '6cc905ba-1e02-51c4-a85d-148112ebe754', '8298a664-162f-5e6e-b77c-4c7e93b15742', 'd7c9b0c6-7cc7-52e7-affe-c474369767a3', 'b18b14d7-d656-523a-a807-6cfd36779442', 'bba76dfb-13c8-55a8-9913-99430fb45950', 'cbbe28ba-499e-55c3-99ca-8c2cd1c54927', '76c33c3a-838e-50e7-b118-c6ec42ad5822', '51cd89f3-7433-5a8c-bad4-74c4b5dce7cc', '569d9805-92dc-5e2e-9a83-9ffc0ce80661', 'e1192ac5-3db1-5584-88f2-d7078e79f330', '042edb43-d788-5278-a54b-fceb1a85232d', '20a6ebb0-25a9-5737-a239-cca442684386', 'f1a38f5e-a2b4-5e54-9b05-9ab4ca917d22', 'e0f6a67f-a046-5e5d-aae4-ea7301c24625', '320e5799-ab0d-5db1-a2c8-b47b98e8cb65', '49ec04bf-1894-5f56-8e33-6bc4bd02cdc5', 'd7fe1e4a-84e2-5fe5-bf45-f70fe0e57057', '69d508af-9e0b-5643-ab5d-42ac80ea501c', 'a2759777-dec3-5e77-950a-7640a05bd8ca', '48ee0e03-9c5e-5755-9035-926772745302', '2e47e1af-28e1-51aa-984c-83df3d37c794', '7456f6ae-6e52-57a3-990d-7d61fe7c5b6e', '04252b5b-30c7-5c31-8c57-95bb0e7187d0', 'f119470d-a735-57a2-bc31-96c32cba9a94', 'a1ce5cbe-024f-527b-a266-e8bdc0837b20', '009b278f-a8c8-5412-b640-68021ccf750d', '4e6bc528-5b2c-5d79-a1c6-ecdabb09b45f', '647cb46f-aaa9-52d3-af4f-5ee97c974a40', '2ace78e7-33e8-5b62-8fa0-aa5b776bf676', 'd36f7dc9-48d9-585a-981d-7deb6764cb8d', '52cd0a46-d5ae-5284-8722-188f568f66db', 'a4e2cd83-8cd3-5fe1-9325-3a3c36a60a5b', '2462d75c-ae49-5819-9da0-00d3878e1c20', '5e631198-7a25-50b2-bf48-c71c5da67af5', '8c87a660-7316-50b8-b590-e36a7f9762da', '1214260f-be38-5f45-8f84-19b4c58ba727', '20fa0fff-cbf7-5c25-b7ce-e86c6502095f', '7e06be5c-22ab-5de1-9ef8-11100387f624', 'a93a6709-c1e6-5b2b-9b78-07d5f87d1a80', 'ff3acefb-f06b-5117-9dc4-69f26a50944f', 'e2723a59-3793-5a29-a33b-e80ebd88389a', '2ac84dc7-9bf0-5d5f-b59d-3c6860989bb4', '662547ba-1d61-5eb5-b7cb-7ba9287a304e', '1d312cc7-cbd1-590b-8c2f-8a923591aef0', '25ca0164-4b7a-56ea-8f36-43533057e67d', '9531fd21-c8b9-5eb1-b50a-7ef97d34231f', '0d0dcf1f-ef71-5f2d-b1d1-7d791e1e0834', 'e14938e3-3da6-579e-b80c-86defdb586e1', 'c411a85c-8a54-563d-ad75-6aa149871229', '0c1bfbd0-31ff-5268-a88e-a72544875ae4', 'f7e10607-1c78-5fff-a20d-38592b2532cf', '1a16bd2b-4626-5ad2-a186-7fd0983ffdaf', '61ff39da-888e-5f3a-baba-8cc88e893727', '85317069-b1b4-5417-8cc2-77142320b848', '1f862623-2fa6-5e2f-a6a1-f5fee13ca140', '158cbdab-f6e0-529e-9152-a5b2c9c35846', '4332e82e-58da-5832-8fed-e54ac651f1ca', 'b7aede62-3781-5333-ba34-55f69ed9f263', 'eec47724-e3f8-50f3-8857-e42ae870fd27', '36686211-1a10-58bd-aa74-28c5c877be57', '2740f7ea-ed20-5677-a423-34a9a8cd356e', 'bb163d94-aad0-5546-961b-2e243e323d81', '9c3b6319-a31a-5cb0-9960-b628e885b105', '0ec965c2-1a5f-534b-9df6-a0439cc3361c', '4cba2ccc-f33b-5e13-acfe-6b8108f0a6c5', '3e7cd338-4f87-5653-a3b2-c1dc440dfcab', '5833c377-c204-5bac-9bcd-6f466f3e4d4d', 'f6ff4335-3699-58a1-8e56-c11444f45e87', 'd6a73708-eae2-59c5-af04-97046989a605', '628d273b-85b0-5d0f-b725-81a1a162001a', 'e2b1c044-2118-5af6-9a06-ea0a4937f754', '5d370911-782e-5499-af9b-f18620a49427', '9dd1eff5-7098-5519-999c-4951be7eb800', '0ea4582c-ee9b-5da3-913b-153482ceb78a', 'bb8378bf-1693-5ffa-9118-3f7284595faa', '53bafad7-1a21-5e04-b8ca-41a1c00cffd5', '6b4d7a4c-2be7-5d46-a8fa-430c1a96c6e8', 'cebced21-238d-5132-b4b6-30400e9cf8ab', 'b766f6b0-f71d-586a-85bc-b079dcefca42', '715be8dd-da58-5684-b3ea-61b01cddfef7', '8a0256e9-126d-5708-9db6-6b3b9acc3707', '16679fb5-1897-52af-847e-b4a3fd3d552d', 'bed78242-c765-5511-b4f2-83a9b2923d49', '1e286ee8-1b65-5770-b2ff-0921ff093e7f', '9de86d4c-6122-5ca6-b8ad-c48224566401', '7a47f691-4cdc-568c-8f01-7bbae620d569', '2b40b7a5-e1c2-5af6-b982-dd59cc73f1e0', 'ed7742f4-6755-57da-85ce-ef0a5afe3508', '332751f9-2c5b-5840-a6b5-8d040c208cab', '3fd71411-778a-5398-9b08-cd9862382abf', '2ba355a1-67cd-5784-9063-96c27316fdaf', '4902bf37-b938-50dd-abcf-7e82b9280cf6', '6a5ea48e-520e-5743-bc5b-52a3c7049ef5', '5ffde08c-e1d1-5323-b2c5-7829b8fe138b', '861dfbd5-fc67-55f7-9dfa-eb57aff6ce29', '745cdac6-97e0-5f69-b98b-51fbde21fb69', 'eadbde54-73b7-5d69-b956-239c5746e970', '08c2399e-ddd6-5514-b8c3-422da9afa435', '5a1bb3a6-998f-5c6d-9434-de413d335d9f', 'ad21cf1c-0070-59d4-aa66-9cfaf314e9fd', '7c0fcd55-5243-5370-a295-bbe488801cae', 'da8609ca-d2a0-5c9c-b773-75749d123ea5', 'f834ccec-4c87-50af-8203-1131693cd1bc', 'f37d6d68-a40e-56cb-901d-7770575d626a', 'cd99ace9-4125-532d-b6c3-884f56abca40', '1124bf93-8978-56ef-8905-4b5c7498d25c', '4ebe6440-9e34-507d-98d8-70cad64048cb', '10fab923-b487-5e10-bccc-ad66fdb07662', '5e3ae375-4516-5ec6-8a2a-8ee23c97445a', 'a522e1c5-69dc-5e64-8a89-5306eda1128f', 'a0d06528-619a-52d9-b6d4-82ff54357bd8', '953fdbb4-852c-533e-bc6c-4a4a6cc37943', 'ff2747f0-6a13-5138-8f9e-d7649d506475', '0a33a6ca-e748-50ce-b121-d10468a3d9b3', '37e5de61-8bd1-596b-83a0-061480168578', 'ce84c1e1-eeb4-5b60-97a8-06be7da0b3f0', 'b5a77d3e-ce3e-549d-b374-d805804178bb', 'f9bae86a-4df8-5c3f-b0c5-b31f6acd857a', 'ade913e1-d403-560e-bd49-31b1404c28be', '6dd10698-7dff-5a0f-8ca9-498fae4deadb', '2626ea54-1865-5e08-9a2c-4446e1d5fd2f', '29719f30-7668-5ed4-ba88-2a14dd5ca730', 'cc2b1d17-4c76-5b47-afcb-96b824932449', '3dec5402-5ba3-5bdd-8cad-569165e95462', '15f74050-6c4a-5447-a52f-88479c9daf4d', 'd0880495-4bc7-54e1-a877-abcc734f27a2', '08e223aa-72c0-562a-b9c8-67b43cab6de3', '5e119324-0161-518d-80ab-e94228d810db', '07881568-1239-5118-ad8a-b09180f1c2f5', 'e609fa30-6483-57d7-a030-651628f305e9', '1ffb0b06-14b4-5486-bdf3-513636b82c6e', 'c542e450-ea43-50ff-9827-75f3bcbc10ae', 'a8cf5241-52dc-5c4e-bdb7-8f0c6f4a5923', 'ba39e897-5f34-5a7a-a3d9-f0efdec1f1bb', '1f6240ff-c485-5d52-aad4-3efe8df35636', '07e36f39-0aa0-5877-b0e9-f8fb516cb311', '7a0ed095-1dbc-5f34-9b96-45919b38ccf4', '6d2d4ef5-4b85-59c7-9c06-8f974f41c92c', 'b882e3a7-9a54-5c34-a200-cf51b46e2e56', '95049512-d7c6-5e64-b49c-3f2df96397fa', '13b86a83-7357-5d5e-8758-b4fbc91f48b3', '6b662ea7-02ce-5e57-a66d-9616a526a2f3', '82fd8a91-29b5-5c73-9404-8d2bfbfcbc8c', '85624531-5c4c-5590-a050-3add144cac05', '43fcc3a0-2e73-5a0e-9de7-89d26ee782aa', '3827e9e4-36ca-5994-b933-0cf75ddcdb89', '96e1d67d-0164-5541-9247-94cb7ae79596', 'fa4305d8-e083-5523-9bb2-79d9caf8696b', 'c9811cf5-ff6e-5c6a-a61d-e50305608bc8', 'f2ebeccd-9726-5171-b228-d6dd47c7efd8', '9622c804-e33d-5baf-bb20-063755c4ba56', '3714710b-c567-598c-b393-424bcc94ed2e', 'a28f993a-b164-5704-a680-56ade93375ed', '1c1c5b3e-8057-59ff-a942-63f30b11e574', '78f57fd7-6b60-5f7c-a745-03bc87dba4dd', 'cdcac690-f543-5bbf-95b6-f1591f96396d', 'ba364af5-6101-5a3f-be0d-519f13d2fe69', 'ae0fb1c2-a894-5160-9d67-4aa2f6746945', 'b0a41ac1-fe6b-51d6-a1ad-91c80bcbdf7d', 'e1512b36-f685-54a5-99b2-13147443c921', '2aa3bbbd-2e7f-59b6-86c0-fb5e23e5b419', 'afe60979-6918-523b-9634-490e0ef79d5a', 'db50db37-b3b3-53b0-ae8b-a79d681b40ce', '54e1a3a6-c50f-5fa8-948a-9f9e65c891f1', '5c0ecb30-2419-5c9d-93f5-4400c9263e97', '73a9d6b6-76ea-5f86-85be-6e88818154ae', '7a6a2b57-ac03-526d-98e6-9a5e384f2ee1', '87cc5605-3fc3-5304-ae2d-692064998797', 'bf4e3807-cf69-5e4f-afca-cbaae317520e', 'eab610c3-c595-59cb-b383-942fa3cc775d', 'abadf395-0050-5bf4-bbf0-70135cdacc0c', '612cb849-8df9-5d2d-84e4-f400794f4c9f', '6d20229b-7b1a-5859-953d-b8661365aa5a', '81d566e6-7660-5377-b136-1c49d2e9df0a', 'e0d1a6f6-07c6-5228-8905-93ccd87a9b38', 'a7c84950-2de6-55b9-b3d5-86117788559d', '2f6de24a-7542-5daa-872d-d77a2515ca17', 'd533d6f1-8dd4-5831-aa8e-a50c639331b7', '980e47ca-7600-5386-9712-00bb9deb01f3', '7c9b4a12-f48c-57ac-9e96-6b5cf1a7d450', 'a26ffead-c8b4-5154-bf89-dd5da70d5c88', '4acbe5a1-4a2e-5c66-84f9-2d8c6c79eb3c', 'c300710f-0ab9-58ed-9365-7f9d5b8fca5c', 'b92bc4da-3d00-5abb-bb10-7793936fc685', '8bdb7da9-0739-51df-8eea-9c76be91fd34', '5ebf1961-3018-55b9-9fa6-f0c48f47f060', '1a87e995-821e-571e-a23f-168669170852', '90a29dd1-2204-5de7-abc9-a0c8e7d1ca0b', '877fc1c5-c2e9-554c-a44c-128082297e45', '7ef0bd98-ad38-5e08-a11a-99bba5aea772', '0a94fcf0-b113-5f9d-b8d2-e0c751259bd6', '8282ab1c-d0f0-53fd-b70a-ade6108dc39d', '2de8115f-7eb1-51dd-8954-4f609940ae3c', 'e123f796-ea83-5dbf-a4cb-ca6bfd97f7c4', 'ac0bc9db-0d62-5c73-96b7-0c9f2b7963f2', 'e51427bc-846b-5312-99c3-6cf15ac3c253', 'bcac18b1-936a-5bd5-9a16-4a97475ab9f0', 'ce37acf5-1b6d-542a-a470-3344ad08253f', 'e6f5290e-88ec-5c1a-9414-3c03e8ca00cb', 'af3cd9b3-9104-5607-824b-8ede01378995', '449bb4cd-a8dc-5bd1-885b-c8437cfd16e7', '6889eb26-71f0-5286-a0e3-c2192aca5e4a', '55aa0b7b-770e-5b97-932a-b9cf19a6a703', 'e05d0f46-0f58-5d5b-a241-505c9e0307a8', '60c8ecce-e6f8-520f-85fc-f7582aa400c1', '97db8e21-5c31-56d1-ad60-b434b4a028ba', '8b05591d-fa76-5b1a-ade9-3a975bb72b83', '3a0de348-d9ca-5746-9f5c-1d877b22a8c6', 'a4c33f1c-b572-58b3-a5e7-1adf0739f8fa', 'd8ff0a19-6a73-594b-b3a8-d5c2c85efd5e', '3f22c334-a076-5de9-bd73-41e4ad1ea62e', '6350cc71-b5ed-5bc1-be51-64f4ed609c3f', '456b7b1e-a937-52ad-94e4-5e64b57ef7b4', 'a6820d6e-29e9-5c81-a31c-8cdc82b25dc1', 'b3593d50-a910-598a-a1e5-c138292852b4', 'ce43703a-ec25-55e9-8baf-3933830a83ac', '53b4b8f0-b212-5fb1-80e5-c01be3e08a8c', '43260436-3894-5a21-98d2-ef0e2af065dc', '60aa23fe-bd8e-5175-934d-31dbd6f182d0', 'f6007b9f-516e-5831-91b7-2d0cff1737fb', 'de19dbbc-df8a-5210-994c-c568bdc777e4', 'e65e1545-acf9-5f1b-ba71-307d034178ba', 'afe915ad-3fe5-5eb7-969a-3c1e68142017', 'cf376686-8ed4-5c4a-adda-96da924ae9e9', 'a44e86be-9974-5cbe-848e-1079d58ed516', '81ff07fe-fb01-506b-a0f2-360efb232574', '2055461a-70d5-513d-a0c2-23a978bdf774', '23981e69-21a9-506f-9ab6-8185394deb17', '4ffb6c9f-049f-5292-a1f1-8cbe8a735c9b', '51be34ac-8f94-5d29-a7c5-925be9f74f05', 'fcc3105e-e2b5-5cca-afc2-c4b86978f2e0', '0edcaf47-f9f2-5094-97f3-4b9976d41d28', '75a87df3-7adb-5d51-b35a-1a7fae3d1337', 'b93f490b-9a54-5f87-a8a5-cd3b9488f9f1', 'fbc53652-200a-58e3-b43c-f9831b6b1621', 'a59ca625-72c8-54ef-97da-0d5d05b7c56f', 'c752b9a0-9b97-5029-b5d6-18bea409ee66', 'a1ed2fdf-a154-5f8a-9eb7-8ba92fdb20e4', '7b824c08-7e44-5db5-8d4e-ba144ce44fae', '371acd69-9011-5eab-a3ad-bfd6d1c4f017', '63c59a2a-f8b1-5846-941d-7c5283b77d8e', 'cb9dced1-95f8-505b-982b-37b71320d400', '523674a0-ac36-5359-860d-0cfd44af7250', 'c3897ede-27bb-5186-abc6-a235accca855', 'ec1c890e-ee6f-54f0-b97d-ffbc62c10364', '3923c81d-7394-560e-b63c-053c54720c73', '960a30a7-11b3-5c21-988f-7242a4b9dc09', '58a35102-a121-5479-99cb-9a0a8468024e', '7bf212e3-3a9a-5a65-9799-ea52c957dbf6', '50ec472d-74ad-5e90-889d-6308b1bfdc6b', '32ae1aea-b7f9-5605-9e9f-4c4318a80af6', 'cee0cc0c-a507-50ba-a2b2-36d76d498071', '67d573d8-6f0b-5dbd-a13f-864f8b00cd67', '4736b620-6703-501a-9b28-5d2af289fd83', 'e8ebaf1d-cc87-5db4-bc13-8fa9505610d8', 'b04fa38c-494c-5e00-a14e-a6e710833c07', '37a6756a-d5f8-54ca-a473-a31769bb1df8', '08802457-97b3-5e72-b732-836e3f4a2f6e', '368e8642-5fca-5c12-9f5f-f22c0824bcd9', '24c7ec34-796b-5d81-94fb-741110289e5e', 'a47eff83-7ed2-52a7-a1d1-7645c625c0e9', 'e925b1d6-fed0-5e4f-abe7-11c2530210bb', '79aade7c-9734-585e-979a-40b8c2e004d1', 'e32c9d5e-b84e-5f5c-8692-58c6b0919516', 'e35751e4-da37-58ee-98cc-15efac7da4a8', '3b708bbf-1db9-5d7c-8030-b3fd1b028384', 'bae71654-4f47-50ae-8ff7-cd3cda363c17', '866e3741-cdbb-5c22-905e-e73c6603ca96', '868605bd-8d9b-5f63-8fc9-a348cd49a005', '4230dce6-bb6d-5bd4-a594-c0560e777c12', '19d0162a-4867-53c0-bd1e-5bffd78a9c3c', '31b8b584-aa7b-5cb4-a266-b041141f64b0', '043f5fc4-b5e7-5d48-93eb-6382dc3bc5d1', '1e3c29f7-9c29-5834-ba27-d3798fa4b1db', '58802ae1-d4ec-5fa7-8cba-df1f1955dd14', 'ae5a4a02-6bf6-50bb-a73e-e542b7564c75', '05c2efe6-2d2d-5aec-9f69-906338bb78e7', 'b262d364-82b9-5452-8839-10bbeb08f308', '3acbf939-e8ed-5e9e-b6fb-b19786c604fb', 'e8348bbc-38d0-56b7-809b-f2d3f8422ee8', '758a3d95-f639-5be2-a34f-3b07a02fbc14', '417b0930-afbb-53e1-8736-27ee5c387344', '4ff35599-a452-5e3a-a3ab-570c89b4e83f', 'e47012b5-f51e-5af4-9507-5dd671921b79', '635378f7-9adf-542a-be6e-29bf775ee9e7', '3f50f101-7f80-5a1d-9338-fb82610c25f4', '2b3070ff-af38-5249-9cb7-a6ee68b857fb', 'fc035178-ceb3-5fd4-846b-446a12d1bd97', '197a5f67-de63-57c9-a8b1-0381d6408da9', '63ea89a8-560a-539a-be5a-61f278057736', 'bf4f0c83-45fc-555c-8656-a46a628bddfd', '825aa199-0cf6-575d-8624-a484636669a1', '06c79039-9907-5e98-bf18-a16096008e65', 'f95b309c-832f-5545-9e8a-a9edf084762c', '5bc70f74-656b-524e-84fe-7f0602a3f064', '0dbe1252-1703-5cb0-ad71-38dc1109c3a8', '01ae2eae-803d-5c7a-b496-210d0d58c7c4', '6924286b-d4fb-5a06-b98f-6b480f926143', '796dd212-00ed-5901-ac48-fe57aa6c640d', 'd6ccc832-6d65-56f0-a618-7d58e1cc1c44', '7b5889cb-4e97-5386-8e29-4149f1157450', 'e4816102-6d79-5fe2-b20c-641801f58199', 'd8a3656c-5153-547b-bf9a-92fde8504509', 'c34643b7-4f05-55fa-ac84-2737d10e20d0', '6b545c43-bc9d-58b1-b21e-c40ca45d0919', '0b5f1bdc-d055-5d8d-94f1-623a2e00fdb4', 'c161760c-6c52-5a28-8ab1-113a979c0571', '1029ee5c-3465-5afe-8206-aa774cf30f94', '02a71467-a583-5668-973e-1234c12de59a', 'd1cbfb0b-74e3-5f3c-9504-ae6c8af43883', 'de5c736d-efd2-5669-a589-fbe2bf145002', 'f0653de5-678f-52ff-9e2e-00ce8159bef1', 'ec77195a-681a-5037-90eb-ed231d2bf86e', 'ee433cab-9e91-516f-9dbd-4282ad47dd40', 'fd4e5eac-a65d-5ee0-a794-3933bb32d4f4', '4e705cc7-04c7-51cd-ae0a-58c84fc9318b', 'b4a44b41-6de7-5779-8233-d8acbdb7f29a', 'e58a65cc-be4b-5c68-9a8f-3b8106497635', 'fec6b80d-7218-571d-9265-f579ae96babe', '47f62019-005d-57c4-a6d4-a1845062daa1', '89097fed-dd2d-5b4c-bbf0-79b57e7752f0', '9ffb806b-9f6c-5643-a496-0c454caf604b', '7be0e181-f62a-55bb-9e70-e58da7b4b048', '7a230127-b63c-5683-b485-9cbbb7d7a019', 'cb0765b0-09e1-57ac-84d2-b198c369a069', '1ed5b8a0-a08b-5bbf-8935-07acfedf822e', 'fab4c346-3208-5bbc-822a-319ff7b4627c', '1860cc20-9cf2-566b-a599-4c6dcfccb3e5', 'de6a2367-3a0e-5e2b-af47-ff3bdc12a585', '5a3cea6e-1941-517c-9a4f-c0c0d993a055', 'd2a35f4c-ce37-558d-82de-a0893c97712b', 'd1c65de0-f3f4-5b29-8893-29b7f089d404', 'b7e02cd4-a7cb-5929-a4f7-cc1f8050e755', '6855cd8e-00c3-51c0-b98d-8cdb344dcc2d', 'eceb8aa2-a45e-5eb9-b8a8-5d036d2a5dcf', '85dbbdc5-9415-516a-a515-79f1902c955c', '7ed735b1-e565-5d33-bdef-67cacb7b6909', 'dd7709cf-4444-56f7-b5f7-9d514042f058', '9d01f743-7402-5520-9340-538e46fc4160', 'cd61f8d3-e7af-5aaf-87ae-f8298e8be3f9', 'cb9d2b0f-78a6-575e-9813-496c0ffc6d9e', '2d0ba5d9-0af3-5561-8d7e-9fff35df69e8', '80cd5601-d6ef-56a4-9cab-ada539919db0', 'c77ae57d-d9a0-5ec3-b13b-b02c2afad8a8', '079672aa-2bbb-5ea3-94c3-024a2e924dfb', '176e5c43-d10f-5d45-a2bc-fa2d5443e818', '971d5c34-fa4a-5d8b-89b8-019102ffaac3', '1ab6edec-d6aa-5c75-8bc6-777284f4bce7', '02a846b7-f852-5631-b5a1-1de91a26bcc3', 'aa6b9752-0fa9-5145-9192-6f67886fadea', 'ce67b0fb-a8e4-5679-b939-bfdca65363e6', 'd9ee6d60-ce2a-5efa-87d5-db7844cdcefa');
  END IF;
END $$;
DELETE FROM public.exercises WHERE subject_id = 'math-5eme' AND source = 'admin' AND id NOT IN ('654d7072-5924-5cda-9d23-4b2d40b34780', 'bcff1327-a531-5f7e-8edb-ba4a5097d473', 'c839fe7e-008a-51f9-ad22-032569235559', '2ce7cead-dbbf-5460-9c60-dbd619c7e1db', '2a852c65-9bf8-5cbf-8a46-14530a4651c3', '5540cfdc-0cb4-5777-8b33-a5544aa72822', '8ae09d01-894e-58e0-b5b1-5567bbec88d7', '66782fa2-9ba3-5765-aece-929d8586ebdd', '74e2b840-1296-590d-8cfd-5a924cbf26e2', 'c3e0ebb2-9605-5935-9f52-f503ecf3d6be', 'b055afdc-c9c3-59c5-9173-dcf00886c0c5', '216529db-91b9-51ba-8a50-283b4ae1e5f1', '045c9f09-57e3-5c9f-9430-88c11685f5f2', 'd8a46e03-6173-57ff-a94e-bb282e59ed34', 'a1a14272-3255-5b3b-872d-cf20e0e61174', '089b4f17-c1b2-5e1f-8c00-8ede29498345', 'fba283a6-d44f-5029-8bee-53d21f15c3eb', '999ee5e6-182c-5375-b927-fbc86cb36ed1', '304734d3-0c93-5b8e-a9c3-44128d029cbb', 'c236e9e8-924e-5ede-9f88-21fc0354972e', '8840415e-ba6d-5f48-bc0a-26da8baa92e3', 'd0e9edce-dd42-5238-813e-3e0135e029ad', 'de2ba5ee-0cac-56ed-b86b-68ca898d60e3', 'bf0372f1-e5a4-5425-add9-053e8c8612ae', 'edfe6b0c-d020-5228-9b42-dc90b5733957', 'a42e6e3d-aa3d-5a49-b739-444673700f52', '30907347-f5be-5f53-9bf8-7aec485bb98d', '81a61d7f-bad3-5f5a-9685-47c4c38dbe3c', '704e953f-3406-50fc-a940-4757094a2472', 'c494bd9e-f1aa-5dbc-af0f-b017eba817c8', 'd684dc7e-cf1c-51a0-835f-58c211e5a361', '712e9b53-a3e9-5937-9be4-8e123a82839c', '61eecc80-1ed0-579a-afcf-ae74b8d40128', '1a6b1745-a97d-572a-b07f-8303b8840708', 'b45f98f1-ec63-55b4-9b45-b4f9adad5c20', 'b030d87b-fe85-5893-96bf-5a7603e7345b', '35a98de3-95a6-5ee2-9707-1212ba4898a1', '32a41b5a-6329-5c73-954e-4b910a4c7d4a', '1b9051e2-3acf-519e-b72c-01b0f74e6048', '2f4eb1d6-1bff-5b96-9e66-cc28182bcff8', '5c0e6049-1972-5e48-8b43-94d43bef291b', 'e424c280-f8c6-54ad-887e-d135a43dc22c', 'a10363b0-fe62-522a-897b-c5ee472e57e3', '48e61514-83b1-5456-8c7e-000d344a7da1', '478ade4f-e616-5d01-b10c-441caf02b42c', '9087290f-afc5-52ea-a6b3-b4946010a4ee', '677e22b9-f5d2-5ae4-9803-9c8eb61c42f8', '6e941dd6-d774-59d5-b71d-26ce480c4667', '3e2825ac-937a-59c4-b860-d69ac9ed6e9f', '4972d18f-a808-5101-941b-23f9433c29a0', 'f1a57f55-07de-500f-8140-3c4df12ef87b', 'ef192471-4797-59da-b075-abf262b47963', 'de876987-1446-5507-900e-1949b8169c32', '235b4fe8-bcaf-5ce3-80d9-e683bbfb770d', '167d6edc-6121-5fb2-be09-e3b475279006', '5728c4b8-cf83-5913-b069-2dc4f36fa844', '4c8d7fc9-b70e-51c7-b74f-6c7e951d6aab', '40cacf00-7c25-559c-814a-eca2dbc04b28', '6761c369-c470-560b-986a-3ba55c15d263', '9892d96e-953a-5f73-a813-c3c5588aecb3', 'd1cb3f71-07d5-5669-bd88-0ecd6a31d7dd', '9138d2da-c3d3-54b9-9f6b-f5c24268a145', '9ef183bf-ef81-5713-a53a-bdc5b961f985', '1c679634-890a-5d92-b9a8-f58f43774564', 'db24cda7-c791-5bbb-8732-fa9cca504722', 'c9449f98-daed-5594-a683-c1e9ac2ed0b1', '7ff6c22e-f0eb-5eb0-b38c-3d328472e4c2', 'f7921d17-23eb-57e8-8e2c-3f4777ab6d34', '24784e63-dcdf-5565-81ef-c825778d0ed8', '4f453598-9e51-5e3a-b66f-431e2d8215e9', '359e9446-ba97-5fe3-9a41-ffd9ca28f62f', 'c44b76b7-e6e0-5a24-b931-6de717b9371e');
DELETE FROM public.questions WHERE exercise_id IN ('654d7072-5924-5cda-9d23-4b2d40b34780', 'bcff1327-a531-5f7e-8edb-ba4a5097d473', 'c839fe7e-008a-51f9-ad22-032569235559', '2ce7cead-dbbf-5460-9c60-dbd619c7e1db', '2a852c65-9bf8-5cbf-8a46-14530a4651c3', '5540cfdc-0cb4-5777-8b33-a5544aa72822', '8ae09d01-894e-58e0-b5b1-5567bbec88d7', '66782fa2-9ba3-5765-aece-929d8586ebdd', '74e2b840-1296-590d-8cfd-5a924cbf26e2', 'c3e0ebb2-9605-5935-9f52-f503ecf3d6be', 'b055afdc-c9c3-59c5-9173-dcf00886c0c5', '216529db-91b9-51ba-8a50-283b4ae1e5f1', '045c9f09-57e3-5c9f-9430-88c11685f5f2', 'd8a46e03-6173-57ff-a94e-bb282e59ed34', 'a1a14272-3255-5b3b-872d-cf20e0e61174', '089b4f17-c1b2-5e1f-8c00-8ede29498345', 'fba283a6-d44f-5029-8bee-53d21f15c3eb', '999ee5e6-182c-5375-b927-fbc86cb36ed1', '304734d3-0c93-5b8e-a9c3-44128d029cbb', 'c236e9e8-924e-5ede-9f88-21fc0354972e', '8840415e-ba6d-5f48-bc0a-26da8baa92e3', 'd0e9edce-dd42-5238-813e-3e0135e029ad', 'de2ba5ee-0cac-56ed-b86b-68ca898d60e3', 'bf0372f1-e5a4-5425-add9-053e8c8612ae', 'edfe6b0c-d020-5228-9b42-dc90b5733957', 'a42e6e3d-aa3d-5a49-b739-444673700f52', '30907347-f5be-5f53-9bf8-7aec485bb98d', '81a61d7f-bad3-5f5a-9685-47c4c38dbe3c', '704e953f-3406-50fc-a940-4757094a2472', 'c494bd9e-f1aa-5dbc-af0f-b017eba817c8', 'd684dc7e-cf1c-51a0-835f-58c211e5a361', '712e9b53-a3e9-5937-9be4-8e123a82839c', '61eecc80-1ed0-579a-afcf-ae74b8d40128', '1a6b1745-a97d-572a-b07f-8303b8840708', 'b45f98f1-ec63-55b4-9b45-b4f9adad5c20', 'b030d87b-fe85-5893-96bf-5a7603e7345b', '35a98de3-95a6-5ee2-9707-1212ba4898a1', '32a41b5a-6329-5c73-954e-4b910a4c7d4a', '1b9051e2-3acf-519e-b72c-01b0f74e6048', '2f4eb1d6-1bff-5b96-9e66-cc28182bcff8', '5c0e6049-1972-5e48-8b43-94d43bef291b', 'e424c280-f8c6-54ad-887e-d135a43dc22c', 'a10363b0-fe62-522a-897b-c5ee472e57e3', '48e61514-83b1-5456-8c7e-000d344a7da1', '478ade4f-e616-5d01-b10c-441caf02b42c', '9087290f-afc5-52ea-a6b3-b4946010a4ee', '677e22b9-f5d2-5ae4-9803-9c8eb61c42f8', '6e941dd6-d774-59d5-b71d-26ce480c4667', '3e2825ac-937a-59c4-b860-d69ac9ed6e9f', '4972d18f-a808-5101-941b-23f9433c29a0', 'f1a57f55-07de-500f-8140-3c4df12ef87b', 'ef192471-4797-59da-b075-abf262b47963', 'de876987-1446-5507-900e-1949b8169c32', '235b4fe8-bcaf-5ce3-80d9-e683bbfb770d', '167d6edc-6121-5fb2-be09-e3b475279006', '5728c4b8-cf83-5913-b069-2dc4f36fa844', '4c8d7fc9-b70e-51c7-b74f-6c7e951d6aab', '40cacf00-7c25-559c-814a-eca2dbc04b28', '6761c369-c470-560b-986a-3ba55c15d263', '9892d96e-953a-5f73-a813-c3c5588aecb3', 'd1cb3f71-07d5-5669-bd88-0ecd6a31d7dd', '9138d2da-c3d3-54b9-9f6b-f5c24268a145', '9ef183bf-ef81-5713-a53a-bdc5b961f985', '1c679634-890a-5d92-b9a8-f58f43774564', 'db24cda7-c791-5bbb-8732-fa9cca504722', 'c9449f98-daed-5594-a683-c1e9ac2ed0b1', '7ff6c22e-f0eb-5eb0-b38c-3d328472e4c2', 'f7921d17-23eb-57e8-8e2c-3f4777ab6d34', '24784e63-dcdf-5565-81ef-c825778d0ed8', '4f453598-9e51-5e3a-b66f-431e2d8215e9', '359e9446-ba97-5fe3-9a41-ffd9ca28f62f', 'c44b76b7-e6e0-5a24-b931-6de717b9371e') AND id NOT IN ('8f3116bf-fa38-5cd2-931d-17334d32be92', '7f73339c-4703-5613-b27f-abfa632fd58d', 'e5c4b396-51fb-5ad2-83be-7153a6bb697a', '3515256c-f4f2-5e5f-a199-4abcde9fe731', '6bf21961-1d3f-5f96-90ff-e2abbca6791b', 'e2db8ed4-e9f7-5df4-a1d1-18011ee42eb8', '309fae74-d73d-5a95-8e92-49b19bc63f01', '83a2c4b3-fee8-5dcb-b397-52ca108319ec', 'accf278d-3609-5fbf-9f86-5353910044dd', 'c7221d68-e253-5544-9596-86206b02b36b', 'de847887-39ec-5ce3-8200-02ce54baa08f', '069d778d-f3e1-5875-9ccc-077a4ef05b2d', '5214bb90-fae1-576d-adbc-82c29b64c7a4', '2f902df2-ed97-5538-a406-0b28cd6bbda2', '86e61219-20a8-567d-9a41-31d6985b0c20', 'c8e887e4-5df7-5d2e-8e8b-2e1c535e71cb', 'c0678e3c-9d3c-5b9d-b1b9-d2943a7978ec', 'e4c65524-85d9-5784-b7d4-ddf0ffd8e4c5', '6b17208d-9a8d-5322-a5f3-98f057272813', 'e57159d5-ec9b-52a5-92c9-c5e43c891fbf', '20ceecfb-d134-517b-8741-9e253fd49c60', '4e551fe4-3ae5-5b21-9d60-cc6bbe9289cd', 'e251afc0-94fd-52a2-bead-ef882dbffd82', 'cae2d7e8-b279-5166-ab65-2eb9082796ff', '53bf1c79-d13d-50ce-a42b-d19cdf9e13a6', 'd6ba2256-be6b-5c26-bc80-35b9c1b2d857', 'dd306db4-52fe-5133-bbe9-bed76185403c', '8dda4bcc-671a-5ec1-b523-0ad542399682', 'e24e346e-6a70-572f-9c2d-79d2962aa793', '7aa27ca7-96bc-50da-9f1c-7fe4e643826b', '8e4e584c-11af-5812-acea-7d6db958eadd', '485371eb-4f8a-55bc-b8a3-d278d492cd34', '23852d50-058c-508c-9c3b-e475af967269', '766618ce-5a16-5f06-8a83-80f62e828c5e', '692e1ed0-5c1a-5204-9fd3-86846e98da6a', 'e29313cd-3872-5520-a28d-641cd792e304', 'ddd25e6f-4ee7-5995-98da-6435747b7cd5', 'c15b0674-4818-5ffc-b095-481a06d8a483', '6e5a0ba9-e104-55c7-8c42-dc723898eb01', '337a7f16-34d4-54ba-be5b-2ea8dfbcfe90', '9a98fd5f-c763-53cb-b571-e6a653961a50', '48da699b-ce5d-54dc-85c5-d1937d7e83f0', '04c09ab0-11f7-518a-9b3e-83600ddefc85', '8d4dc7bd-90fa-5a87-9423-c5a08d20b130', 'b5b922f5-0350-5bc9-bdd4-73c5ccb79eac', 'ed628407-565d-5efe-b397-e89ff0051ea3', '10b3df93-1ab4-5474-b5ed-83fef76f5bfe', '471d9e6a-ae87-5194-9a46-e9afae2a5da0', '77167b05-fa4a-5b79-b727-f55d03a21262', '02e3b936-5cc8-5915-9bb8-41e184042c92', 'a8c46fdf-2585-580c-8651-b3ad8e28db6e', '6328a5ff-29bc-5932-8b67-faa0e0b7ebe5', 'd74d2e6b-b99e-58bc-9bfd-749f7c966d75', '9babefac-9650-564e-b741-fb7e514e322b', 'c55ab9d7-8a68-5f9f-8cd0-22961b72d7e7', 'f6a2bec1-afb9-54fd-b49b-0ef6e7472bed', '1ae96818-1809-5147-a4e9-d052388dd307', '38d9295a-b262-59a5-aef6-fa0b1a4de759', '39baca46-fff2-50c4-88c6-04e743106383', '41d21303-ac61-54c2-90b6-55f01eb2b3f6', '5c066794-9d75-5981-8585-b4a42568ab6d', '5fa6df7a-b401-5a47-b420-73467deb3b49', 'd09a41f1-a99c-5566-8a29-c6954accb8a8', 'af589f8e-d0bb-5b44-84bd-ba907a1cb700', '8717741e-530d-57b6-993d-700bfbcad9cc', '54ca7980-96de-5216-8128-6bfe187b0c50', 'bab9aa6b-d7d6-5ecc-be61-905e4e1c526e', '30e6f3b1-5a69-578f-869a-7214ccec9615', '6cc905ba-1e02-51c4-a85d-148112ebe754', '8298a664-162f-5e6e-b77c-4c7e93b15742', 'd7c9b0c6-7cc7-52e7-affe-c474369767a3', 'b18b14d7-d656-523a-a807-6cfd36779442', 'bba76dfb-13c8-55a8-9913-99430fb45950', 'cbbe28ba-499e-55c3-99ca-8c2cd1c54927', '76c33c3a-838e-50e7-b118-c6ec42ad5822', '51cd89f3-7433-5a8c-bad4-74c4b5dce7cc', '569d9805-92dc-5e2e-9a83-9ffc0ce80661', 'e1192ac5-3db1-5584-88f2-d7078e79f330', '042edb43-d788-5278-a54b-fceb1a85232d', '20a6ebb0-25a9-5737-a239-cca442684386', 'f1a38f5e-a2b4-5e54-9b05-9ab4ca917d22', 'e0f6a67f-a046-5e5d-aae4-ea7301c24625', '320e5799-ab0d-5db1-a2c8-b47b98e8cb65', '49ec04bf-1894-5f56-8e33-6bc4bd02cdc5', 'd7fe1e4a-84e2-5fe5-bf45-f70fe0e57057', '69d508af-9e0b-5643-ab5d-42ac80ea501c', 'a2759777-dec3-5e77-950a-7640a05bd8ca', '48ee0e03-9c5e-5755-9035-926772745302', '2e47e1af-28e1-51aa-984c-83df3d37c794', '7456f6ae-6e52-57a3-990d-7d61fe7c5b6e', '04252b5b-30c7-5c31-8c57-95bb0e7187d0', 'f119470d-a735-57a2-bc31-96c32cba9a94', 'a1ce5cbe-024f-527b-a266-e8bdc0837b20', '009b278f-a8c8-5412-b640-68021ccf750d', '4e6bc528-5b2c-5d79-a1c6-ecdabb09b45f', '647cb46f-aaa9-52d3-af4f-5ee97c974a40', '2ace78e7-33e8-5b62-8fa0-aa5b776bf676', 'd36f7dc9-48d9-585a-981d-7deb6764cb8d', '52cd0a46-d5ae-5284-8722-188f568f66db', 'a4e2cd83-8cd3-5fe1-9325-3a3c36a60a5b', '2462d75c-ae49-5819-9da0-00d3878e1c20', '5e631198-7a25-50b2-bf48-c71c5da67af5', '8c87a660-7316-50b8-b590-e36a7f9762da', '1214260f-be38-5f45-8f84-19b4c58ba727', '20fa0fff-cbf7-5c25-b7ce-e86c6502095f', '7e06be5c-22ab-5de1-9ef8-11100387f624', 'a93a6709-c1e6-5b2b-9b78-07d5f87d1a80', 'ff3acefb-f06b-5117-9dc4-69f26a50944f', 'e2723a59-3793-5a29-a33b-e80ebd88389a', '2ac84dc7-9bf0-5d5f-b59d-3c6860989bb4', '662547ba-1d61-5eb5-b7cb-7ba9287a304e', '1d312cc7-cbd1-590b-8c2f-8a923591aef0', '25ca0164-4b7a-56ea-8f36-43533057e67d', '9531fd21-c8b9-5eb1-b50a-7ef97d34231f', '0d0dcf1f-ef71-5f2d-b1d1-7d791e1e0834', 'e14938e3-3da6-579e-b80c-86defdb586e1', 'c411a85c-8a54-563d-ad75-6aa149871229', '0c1bfbd0-31ff-5268-a88e-a72544875ae4', 'f7e10607-1c78-5fff-a20d-38592b2532cf', '1a16bd2b-4626-5ad2-a186-7fd0983ffdaf', '61ff39da-888e-5f3a-baba-8cc88e893727', '85317069-b1b4-5417-8cc2-77142320b848', '1f862623-2fa6-5e2f-a6a1-f5fee13ca140', '158cbdab-f6e0-529e-9152-a5b2c9c35846', '4332e82e-58da-5832-8fed-e54ac651f1ca', 'b7aede62-3781-5333-ba34-55f69ed9f263', 'eec47724-e3f8-50f3-8857-e42ae870fd27', '36686211-1a10-58bd-aa74-28c5c877be57', '2740f7ea-ed20-5677-a423-34a9a8cd356e', 'bb163d94-aad0-5546-961b-2e243e323d81', '9c3b6319-a31a-5cb0-9960-b628e885b105', '0ec965c2-1a5f-534b-9df6-a0439cc3361c', '4cba2ccc-f33b-5e13-acfe-6b8108f0a6c5', '3e7cd338-4f87-5653-a3b2-c1dc440dfcab', '5833c377-c204-5bac-9bcd-6f466f3e4d4d', 'f6ff4335-3699-58a1-8e56-c11444f45e87', 'd6a73708-eae2-59c5-af04-97046989a605', '628d273b-85b0-5d0f-b725-81a1a162001a', 'e2b1c044-2118-5af6-9a06-ea0a4937f754', '5d370911-782e-5499-af9b-f18620a49427', '9dd1eff5-7098-5519-999c-4951be7eb800', '0ea4582c-ee9b-5da3-913b-153482ceb78a', 'bb8378bf-1693-5ffa-9118-3f7284595faa', '53bafad7-1a21-5e04-b8ca-41a1c00cffd5', '6b4d7a4c-2be7-5d46-a8fa-430c1a96c6e8', 'cebced21-238d-5132-b4b6-30400e9cf8ab', 'b766f6b0-f71d-586a-85bc-b079dcefca42', '715be8dd-da58-5684-b3ea-61b01cddfef7', '8a0256e9-126d-5708-9db6-6b3b9acc3707', '16679fb5-1897-52af-847e-b4a3fd3d552d', 'bed78242-c765-5511-b4f2-83a9b2923d49', '1e286ee8-1b65-5770-b2ff-0921ff093e7f', '9de86d4c-6122-5ca6-b8ad-c48224566401', '7a47f691-4cdc-568c-8f01-7bbae620d569', '2b40b7a5-e1c2-5af6-b982-dd59cc73f1e0', 'ed7742f4-6755-57da-85ce-ef0a5afe3508', '332751f9-2c5b-5840-a6b5-8d040c208cab', '3fd71411-778a-5398-9b08-cd9862382abf', '2ba355a1-67cd-5784-9063-96c27316fdaf', '4902bf37-b938-50dd-abcf-7e82b9280cf6', '6a5ea48e-520e-5743-bc5b-52a3c7049ef5', '5ffde08c-e1d1-5323-b2c5-7829b8fe138b', '861dfbd5-fc67-55f7-9dfa-eb57aff6ce29', '745cdac6-97e0-5f69-b98b-51fbde21fb69', 'eadbde54-73b7-5d69-b956-239c5746e970', '08c2399e-ddd6-5514-b8c3-422da9afa435', '5a1bb3a6-998f-5c6d-9434-de413d335d9f', 'ad21cf1c-0070-59d4-aa66-9cfaf314e9fd', '7c0fcd55-5243-5370-a295-bbe488801cae', 'da8609ca-d2a0-5c9c-b773-75749d123ea5', 'f834ccec-4c87-50af-8203-1131693cd1bc', 'f37d6d68-a40e-56cb-901d-7770575d626a', 'cd99ace9-4125-532d-b6c3-884f56abca40', '1124bf93-8978-56ef-8905-4b5c7498d25c', '4ebe6440-9e34-507d-98d8-70cad64048cb', '10fab923-b487-5e10-bccc-ad66fdb07662', '5e3ae375-4516-5ec6-8a2a-8ee23c97445a', 'a522e1c5-69dc-5e64-8a89-5306eda1128f', 'a0d06528-619a-52d9-b6d4-82ff54357bd8', '953fdbb4-852c-533e-bc6c-4a4a6cc37943', 'ff2747f0-6a13-5138-8f9e-d7649d506475', '0a33a6ca-e748-50ce-b121-d10468a3d9b3', '37e5de61-8bd1-596b-83a0-061480168578', 'ce84c1e1-eeb4-5b60-97a8-06be7da0b3f0', 'b5a77d3e-ce3e-549d-b374-d805804178bb', 'f9bae86a-4df8-5c3f-b0c5-b31f6acd857a', 'ade913e1-d403-560e-bd49-31b1404c28be', '6dd10698-7dff-5a0f-8ca9-498fae4deadb', '2626ea54-1865-5e08-9a2c-4446e1d5fd2f', '29719f30-7668-5ed4-ba88-2a14dd5ca730', 'cc2b1d17-4c76-5b47-afcb-96b824932449', '3dec5402-5ba3-5bdd-8cad-569165e95462', '15f74050-6c4a-5447-a52f-88479c9daf4d', 'd0880495-4bc7-54e1-a877-abcc734f27a2', '08e223aa-72c0-562a-b9c8-67b43cab6de3', '5e119324-0161-518d-80ab-e94228d810db', '07881568-1239-5118-ad8a-b09180f1c2f5', 'e609fa30-6483-57d7-a030-651628f305e9', '1ffb0b06-14b4-5486-bdf3-513636b82c6e', 'c542e450-ea43-50ff-9827-75f3bcbc10ae', 'a8cf5241-52dc-5c4e-bdb7-8f0c6f4a5923', 'ba39e897-5f34-5a7a-a3d9-f0efdec1f1bb', '1f6240ff-c485-5d52-aad4-3efe8df35636', '07e36f39-0aa0-5877-b0e9-f8fb516cb311', '7a0ed095-1dbc-5f34-9b96-45919b38ccf4', '6d2d4ef5-4b85-59c7-9c06-8f974f41c92c', 'b882e3a7-9a54-5c34-a200-cf51b46e2e56', '95049512-d7c6-5e64-b49c-3f2df96397fa', '13b86a83-7357-5d5e-8758-b4fbc91f48b3', '6b662ea7-02ce-5e57-a66d-9616a526a2f3', '82fd8a91-29b5-5c73-9404-8d2bfbfcbc8c', '85624531-5c4c-5590-a050-3add144cac05', '43fcc3a0-2e73-5a0e-9de7-89d26ee782aa', '3827e9e4-36ca-5994-b933-0cf75ddcdb89', '96e1d67d-0164-5541-9247-94cb7ae79596', 'fa4305d8-e083-5523-9bb2-79d9caf8696b', 'c9811cf5-ff6e-5c6a-a61d-e50305608bc8', 'f2ebeccd-9726-5171-b228-d6dd47c7efd8', '9622c804-e33d-5baf-bb20-063755c4ba56', '3714710b-c567-598c-b393-424bcc94ed2e', 'a28f993a-b164-5704-a680-56ade93375ed', '1c1c5b3e-8057-59ff-a942-63f30b11e574', '78f57fd7-6b60-5f7c-a745-03bc87dba4dd', 'cdcac690-f543-5bbf-95b6-f1591f96396d', 'ba364af5-6101-5a3f-be0d-519f13d2fe69', 'ae0fb1c2-a894-5160-9d67-4aa2f6746945', 'b0a41ac1-fe6b-51d6-a1ad-91c80bcbdf7d', 'e1512b36-f685-54a5-99b2-13147443c921', '2aa3bbbd-2e7f-59b6-86c0-fb5e23e5b419', 'afe60979-6918-523b-9634-490e0ef79d5a', 'db50db37-b3b3-53b0-ae8b-a79d681b40ce', '54e1a3a6-c50f-5fa8-948a-9f9e65c891f1', '5c0ecb30-2419-5c9d-93f5-4400c9263e97', '73a9d6b6-76ea-5f86-85be-6e88818154ae', '7a6a2b57-ac03-526d-98e6-9a5e384f2ee1', '87cc5605-3fc3-5304-ae2d-692064998797', 'bf4e3807-cf69-5e4f-afca-cbaae317520e', 'eab610c3-c595-59cb-b383-942fa3cc775d', 'abadf395-0050-5bf4-bbf0-70135cdacc0c', '612cb849-8df9-5d2d-84e4-f400794f4c9f', '6d20229b-7b1a-5859-953d-b8661365aa5a', '81d566e6-7660-5377-b136-1c49d2e9df0a', 'e0d1a6f6-07c6-5228-8905-93ccd87a9b38', 'a7c84950-2de6-55b9-b3d5-86117788559d', '2f6de24a-7542-5daa-872d-d77a2515ca17', 'd533d6f1-8dd4-5831-aa8e-a50c639331b7', '980e47ca-7600-5386-9712-00bb9deb01f3', '7c9b4a12-f48c-57ac-9e96-6b5cf1a7d450', 'a26ffead-c8b4-5154-bf89-dd5da70d5c88', '4acbe5a1-4a2e-5c66-84f9-2d8c6c79eb3c', 'c300710f-0ab9-58ed-9365-7f9d5b8fca5c', 'b92bc4da-3d00-5abb-bb10-7793936fc685', '8bdb7da9-0739-51df-8eea-9c76be91fd34', '5ebf1961-3018-55b9-9fa6-f0c48f47f060', '1a87e995-821e-571e-a23f-168669170852', '90a29dd1-2204-5de7-abc9-a0c8e7d1ca0b', '877fc1c5-c2e9-554c-a44c-128082297e45', '7ef0bd98-ad38-5e08-a11a-99bba5aea772', '0a94fcf0-b113-5f9d-b8d2-e0c751259bd6', '8282ab1c-d0f0-53fd-b70a-ade6108dc39d', '2de8115f-7eb1-51dd-8954-4f609940ae3c', 'e123f796-ea83-5dbf-a4cb-ca6bfd97f7c4', 'ac0bc9db-0d62-5c73-96b7-0c9f2b7963f2', 'e51427bc-846b-5312-99c3-6cf15ac3c253', 'bcac18b1-936a-5bd5-9a16-4a97475ab9f0', 'ce37acf5-1b6d-542a-a470-3344ad08253f', 'e6f5290e-88ec-5c1a-9414-3c03e8ca00cb', 'af3cd9b3-9104-5607-824b-8ede01378995', '449bb4cd-a8dc-5bd1-885b-c8437cfd16e7', '6889eb26-71f0-5286-a0e3-c2192aca5e4a', '55aa0b7b-770e-5b97-932a-b9cf19a6a703', 'e05d0f46-0f58-5d5b-a241-505c9e0307a8', '60c8ecce-e6f8-520f-85fc-f7582aa400c1', '97db8e21-5c31-56d1-ad60-b434b4a028ba', '8b05591d-fa76-5b1a-ade9-3a975bb72b83', '3a0de348-d9ca-5746-9f5c-1d877b22a8c6', 'a4c33f1c-b572-58b3-a5e7-1adf0739f8fa', 'd8ff0a19-6a73-594b-b3a8-d5c2c85efd5e', '3f22c334-a076-5de9-bd73-41e4ad1ea62e', '6350cc71-b5ed-5bc1-be51-64f4ed609c3f', '456b7b1e-a937-52ad-94e4-5e64b57ef7b4', 'a6820d6e-29e9-5c81-a31c-8cdc82b25dc1', 'b3593d50-a910-598a-a1e5-c138292852b4', 'ce43703a-ec25-55e9-8baf-3933830a83ac', '53b4b8f0-b212-5fb1-80e5-c01be3e08a8c', '43260436-3894-5a21-98d2-ef0e2af065dc', '60aa23fe-bd8e-5175-934d-31dbd6f182d0', 'f6007b9f-516e-5831-91b7-2d0cff1737fb', 'de19dbbc-df8a-5210-994c-c568bdc777e4', 'e65e1545-acf9-5f1b-ba71-307d034178ba', 'afe915ad-3fe5-5eb7-969a-3c1e68142017', 'cf376686-8ed4-5c4a-adda-96da924ae9e9', 'a44e86be-9974-5cbe-848e-1079d58ed516', '81ff07fe-fb01-506b-a0f2-360efb232574', '2055461a-70d5-513d-a0c2-23a978bdf774', '23981e69-21a9-506f-9ab6-8185394deb17', '4ffb6c9f-049f-5292-a1f1-8cbe8a735c9b', '51be34ac-8f94-5d29-a7c5-925be9f74f05', 'fcc3105e-e2b5-5cca-afc2-c4b86978f2e0', '0edcaf47-f9f2-5094-97f3-4b9976d41d28', '75a87df3-7adb-5d51-b35a-1a7fae3d1337', 'b93f490b-9a54-5f87-a8a5-cd3b9488f9f1', 'fbc53652-200a-58e3-b43c-f9831b6b1621', 'a59ca625-72c8-54ef-97da-0d5d05b7c56f', 'c752b9a0-9b97-5029-b5d6-18bea409ee66', 'a1ed2fdf-a154-5f8a-9eb7-8ba92fdb20e4', '7b824c08-7e44-5db5-8d4e-ba144ce44fae', '371acd69-9011-5eab-a3ad-bfd6d1c4f017', '63c59a2a-f8b1-5846-941d-7c5283b77d8e', 'cb9dced1-95f8-505b-982b-37b71320d400', '523674a0-ac36-5359-860d-0cfd44af7250', 'c3897ede-27bb-5186-abc6-a235accca855', 'ec1c890e-ee6f-54f0-b97d-ffbc62c10364', '3923c81d-7394-560e-b63c-053c54720c73', '960a30a7-11b3-5c21-988f-7242a4b9dc09', '58a35102-a121-5479-99cb-9a0a8468024e', '7bf212e3-3a9a-5a65-9799-ea52c957dbf6', '50ec472d-74ad-5e90-889d-6308b1bfdc6b', '32ae1aea-b7f9-5605-9e9f-4c4318a80af6', 'cee0cc0c-a507-50ba-a2b2-36d76d498071', '67d573d8-6f0b-5dbd-a13f-864f8b00cd67', '4736b620-6703-501a-9b28-5d2af289fd83', 'e8ebaf1d-cc87-5db4-bc13-8fa9505610d8', 'b04fa38c-494c-5e00-a14e-a6e710833c07', '37a6756a-d5f8-54ca-a473-a31769bb1df8', '08802457-97b3-5e72-b732-836e3f4a2f6e', '368e8642-5fca-5c12-9f5f-f22c0824bcd9', '24c7ec34-796b-5d81-94fb-741110289e5e', 'a47eff83-7ed2-52a7-a1d1-7645c625c0e9', 'e925b1d6-fed0-5e4f-abe7-11c2530210bb', '79aade7c-9734-585e-979a-40b8c2e004d1', 'e32c9d5e-b84e-5f5c-8692-58c6b0919516', 'e35751e4-da37-58ee-98cc-15efac7da4a8', '3b708bbf-1db9-5d7c-8030-b3fd1b028384', 'bae71654-4f47-50ae-8ff7-cd3cda363c17', '866e3741-cdbb-5c22-905e-e73c6603ca96', '868605bd-8d9b-5f63-8fc9-a348cd49a005', '4230dce6-bb6d-5bd4-a594-c0560e777c12', '19d0162a-4867-53c0-bd1e-5bffd78a9c3c', '31b8b584-aa7b-5cb4-a266-b041141f64b0', '043f5fc4-b5e7-5d48-93eb-6382dc3bc5d1', '1e3c29f7-9c29-5834-ba27-d3798fa4b1db', '58802ae1-d4ec-5fa7-8cba-df1f1955dd14', 'ae5a4a02-6bf6-50bb-a73e-e542b7564c75', '05c2efe6-2d2d-5aec-9f69-906338bb78e7', 'b262d364-82b9-5452-8839-10bbeb08f308', '3acbf939-e8ed-5e9e-b6fb-b19786c604fb', 'e8348bbc-38d0-56b7-809b-f2d3f8422ee8', '758a3d95-f639-5be2-a34f-3b07a02fbc14', '417b0930-afbb-53e1-8736-27ee5c387344', '4ff35599-a452-5e3a-a3ab-570c89b4e83f', 'e47012b5-f51e-5af4-9507-5dd671921b79', '635378f7-9adf-542a-be6e-29bf775ee9e7', '3f50f101-7f80-5a1d-9338-fb82610c25f4', '2b3070ff-af38-5249-9cb7-a6ee68b857fb', 'fc035178-ceb3-5fd4-846b-446a12d1bd97', '197a5f67-de63-57c9-a8b1-0381d6408da9', '63ea89a8-560a-539a-be5a-61f278057736', 'bf4f0c83-45fc-555c-8656-a46a628bddfd', '825aa199-0cf6-575d-8624-a484636669a1', '06c79039-9907-5e98-bf18-a16096008e65', 'f95b309c-832f-5545-9e8a-a9edf084762c', '5bc70f74-656b-524e-84fe-7f0602a3f064', '0dbe1252-1703-5cb0-ad71-38dc1109c3a8', '01ae2eae-803d-5c7a-b496-210d0d58c7c4', '6924286b-d4fb-5a06-b98f-6b480f926143', '796dd212-00ed-5901-ac48-fe57aa6c640d', 'd6ccc832-6d65-56f0-a618-7d58e1cc1c44', '7b5889cb-4e97-5386-8e29-4149f1157450', 'e4816102-6d79-5fe2-b20c-641801f58199', 'd8a3656c-5153-547b-bf9a-92fde8504509', 'c34643b7-4f05-55fa-ac84-2737d10e20d0', '6b545c43-bc9d-58b1-b21e-c40ca45d0919', '0b5f1bdc-d055-5d8d-94f1-623a2e00fdb4', 'c161760c-6c52-5a28-8ab1-113a979c0571', '1029ee5c-3465-5afe-8206-aa774cf30f94', '02a71467-a583-5668-973e-1234c12de59a', 'd1cbfb0b-74e3-5f3c-9504-ae6c8af43883', 'de5c736d-efd2-5669-a589-fbe2bf145002', 'f0653de5-678f-52ff-9e2e-00ce8159bef1', 'ec77195a-681a-5037-90eb-ed231d2bf86e', 'ee433cab-9e91-516f-9dbd-4282ad47dd40', 'fd4e5eac-a65d-5ee0-a794-3933bb32d4f4', '4e705cc7-04c7-51cd-ae0a-58c84fc9318b', 'b4a44b41-6de7-5779-8233-d8acbdb7f29a', 'e58a65cc-be4b-5c68-9a8f-3b8106497635', 'fec6b80d-7218-571d-9265-f579ae96babe', '47f62019-005d-57c4-a6d4-a1845062daa1', '89097fed-dd2d-5b4c-bbf0-79b57e7752f0', '9ffb806b-9f6c-5643-a496-0c454caf604b', '7be0e181-f62a-55bb-9e70-e58da7b4b048', '7a230127-b63c-5683-b485-9cbbb7d7a019', 'cb0765b0-09e1-57ac-84d2-b198c369a069', '1ed5b8a0-a08b-5bbf-8935-07acfedf822e', 'fab4c346-3208-5bbc-822a-319ff7b4627c', '1860cc20-9cf2-566b-a599-4c6dcfccb3e5', 'de6a2367-3a0e-5e2b-af47-ff3bdc12a585', '5a3cea6e-1941-517c-9a4f-c0c0d993a055', 'd2a35f4c-ce37-558d-82de-a0893c97712b', 'd1c65de0-f3f4-5b29-8893-29b7f089d404', 'b7e02cd4-a7cb-5929-a4f7-cc1f8050e755', '6855cd8e-00c3-51c0-b98d-8cdb344dcc2d', 'eceb8aa2-a45e-5eb9-b8a8-5d036d2a5dcf', '85dbbdc5-9415-516a-a515-79f1902c955c', '7ed735b1-e565-5d33-bdef-67cacb7b6909', 'dd7709cf-4444-56f7-b5f7-9d514042f058', '9d01f743-7402-5520-9340-538e46fc4160', 'cd61f8d3-e7af-5aaf-87ae-f8298e8be3f9', 'cb9d2b0f-78a6-575e-9813-496c0ffc6d9e', '2d0ba5d9-0af3-5561-8d7e-9fff35df69e8', '80cd5601-d6ef-56a4-9cab-ada539919db0', 'c77ae57d-d9a0-5ec3-b13b-b02c2afad8a8', '079672aa-2bbb-5ea3-94c3-024a2e924dfb', '176e5c43-d10f-5d45-a2bc-fa2d5443e818', '971d5c34-fa4a-5d8b-89b8-019102ffaac3', '1ab6edec-d6aa-5c75-8bc6-777284f4bce7', '02a846b7-f852-5631-b5a1-1de91a26bcc3', 'aa6b9752-0fa9-5145-9192-6f67886fadea', 'ce67b0fb-a8e4-5679-b939-bfdca65363e6', 'd9ee6d60-ce2a-5efa-87d5-db7844cdcefa');
DELETE FROM public.chapters c WHERE c.subject_id = 'math-5eme' AND c.id NOT IN ('a8abdde0-172b-54e7-8dfa-c73958506bfc', 'b09876a0-c7e5-5d99-bf81-b8aa313d419a', '2599c0f4-4bc4-52c6-b154-b778f237f372', '5042da26-9de6-5ca0-9177-8da488372d68', 'f80b7e9d-9413-57fb-b26b-6c2a626403cb', '919437f3-7913-5144-b78f-eee53cca8b24', '85fd2b06-e40a-5718-af2e-cc342fcd2f5c', 'aa69b42c-66fd-50a2-a251-5496a72420be', '2066e3e8-629b-5c4e-a2a1-9a6cf7a2961d', '4462f581-db3b-5244-86df-6c9a87ddcc9f', '9cee0386-651b-5a63-b23c-07ed1c8aa60d', '242785f0-beea-54f0-9857-d477e24852c0') AND NOT EXISTS (SELECT 1 FROM public.exercises e WHERE e.chapter_id = c.id);

INSERT INTO public.chapters (id, subject_id, title, description, lesson_content, summary, display_order, manuel_ref) VALUES
  ('a8abdde0-172b-54e7-8dfa-c73958506bfc', 'math-5eme', 'الأعداد الكبيرة', 'قراءة وكتابة الأعداد الكبيرة إلى الملايين (حتى 9 أرقام)، الأصناف الثلاثة (الوحدات، الآلاف، الملايين) ورتب كلّ صنف، قيمة الرقم حسب رتبته وصنفه، التفكيك والتركيب، المقارنة والترتيب التصاعدي والتنازلي', '# ⚔️ الأعداد الكبيرة — بوّابة عالَم الملايين

> 💡 «العدد الكبير ليس صعبًا: ما هو إلّا أصنافٌ صغيرةٌ مرصوصةٌ بترتيب.»

أهلًا بك أيّها البطل في أوّل بوّابةٍ من مغامرة السنة الخامسة. أنت تعرف من قبلُ الأعداد إلى الآلاف؛ اليوم نفتح **صنفًا جديدًا**: صنف **الملايين**، فنصير نقرأ ونكتب كلّ عددٍ إلى **9 أرقام**، مثل 7 152 008 و 45 600 000.

## 🏰 الأصناف الثلاثة

::: figure العدد 7 152 008 مقسومٌ إلى ثلاثة أصناف، لكلّ صنفٍ ثلاثُ رتب
<svg viewBox="0 0 380 150"><rect x="22" y="46" width="46" height="44" rx="6" fill="#ede9fe" stroke="#7c3aed" stroke-width="2.5"/><text x="45.0" y="40.0" text-anchor="middle" font-size="12" font-weight="700" fill="#7c3aed" paint-order="stroke" stroke="#ffffff" stroke-width="3.5" stroke-linejoin="round">صنف الملايين</text><text x="40.0" y="76.0" text-anchor="middle" font-size="24" font-weight="700" fill="#1f2937" paint-order="stroke" stroke="#ffffff" stroke-width="3.5" stroke-linejoin="round">7</text><rect x="80" y="46" width="114" height="44" rx="6" fill="#dbeafe" stroke="#1d4ed8" stroke-width="2.5"/><text x="137.0" y="40.0" text-anchor="middle" font-size="12" font-weight="700" fill="#1d4ed8" paint-order="stroke" stroke="#ffffff" stroke-width="3.5" stroke-linejoin="round">صنف الآلاف</text><text x="98.0" y="76.0" text-anchor="middle" font-size="24" font-weight="700" fill="#1f2937" paint-order="stroke" stroke="#ffffff" stroke-width="3.5" stroke-linejoin="round">1</text><text x="132.0" y="76.0" text-anchor="middle" font-size="24" font-weight="700" fill="#1f2937" paint-order="stroke" stroke="#ffffff" stroke-width="3.5" stroke-linejoin="round">5</text><text x="166.0" y="76.0" text-anchor="middle" font-size="24" font-weight="700" fill="#1f2937" paint-order="stroke" stroke="#ffffff" stroke-width="3.5" stroke-linejoin="round">2</text><rect x="206" y="46" width="114" height="44" rx="6" fill="#fef3c7" stroke="#a16207" stroke-width="2.5"/><text x="263.0" y="40.0" text-anchor="middle" font-size="12" font-weight="700" fill="#a16207" paint-order="stroke" stroke="#ffffff" stroke-width="3.5" stroke-linejoin="round">صنف الوحدات</text><text x="224.0" y="76.0" text-anchor="middle" font-size="24" font-weight="700" fill="#1f2937" paint-order="stroke" stroke="#ffffff" stroke-width="3.5" stroke-linejoin="round">0</text><text x="258.0" y="76.0" text-anchor="middle" font-size="24" font-weight="700" fill="#1f2937" paint-order="stroke" stroke="#ffffff" stroke-width="3.5" stroke-linejoin="round">0</text><text x="292.0" y="76.0" text-anchor="middle" font-size="24" font-weight="700" fill="#1f2937" paint-order="stroke" stroke="#ffffff" stroke-width="3.5" stroke-linejoin="round">8</text><text x="190.0" y="118.0" text-anchor="middle" font-size="22" font-weight="700" fill="#1f2937" direction="ltr" unicode-bidi="isolate" paint-order="stroke" stroke="#ffffff" stroke-width="3.5" stroke-linejoin="round">7 152 008</text><text x="190.0" y="142.0" text-anchor="middle" font-size="11" font-weight="700" fill="#64748b" paint-order="stroke" stroke="#ffffff" stroke-width="3.5" stroke-linejoin="round">نقرأ من اليسار: الملايين أوّلًا</text></svg>
:::

نقسّم أرقام العدد الكبير من اليمين إلى **أصناف**، كلّ صنفٍ **ثلاثة أرقام**:

| الصنف | صنف الملايين | صنف الآلاف | صنف الوحدات |
| ----- | ------------ | ---------- | ----------- |
| مثال  | 7            | 152        | 008         |

- **صنف الوحدات** هو الصنف الأوّل من اليمين، ثمّ **صنف الآلاف**، ثمّ **صنف الملايين**.
- نفصل بين الأصناف بفراغٍ صغير عند الكتابة: 7 152 008.

> 🗡️ الفراغ بين الأصناف يساعدنا على القراءة بسرعة؛ نعدّ الأرقام **ثلاثةً ثلاثةً** ابتداءً من اليمين.

## 🧮 رتب كلّ صنف

داخل كلّ صنفٍ نجد **الرتب الثلاث** نفسها: **مئات**، **عشرات**، **آحاد**.

| الصنف  | الملايين |       |      | الآلاف |       |      | الوحدات |       |      |
| ------ | -------- | ----- | ---- | ------ | ----- | ---- | ------- | ----- | ---- |
| الرتبة | مئات     | عشرات | آحاد | مئات   | عشرات | آحاد | مئات    | عشرات | آحاد |

- ففي صنف الآلاف مثلًا نجد: **مئات الآلاف**، **عشرات الآلاف**، **آحاد الآلاف**.
- العدد ذو 9 أرقام يملأ الأصناف الثلاثة كاملةً، مثل 384 705 219.

## 🔮 قراءة وكتابة الأعداد

لقراءة عددٍ كبير نقرأ كلّ صنفٍ على حِدة ثمّ نُلحقه باسمه، ابتداءً من **اليسار** (الملايين أوّلًا):

- _مثال:_ 7 152 008 يُقرأ «سبعة ملايين ومئة واثنان وخمسون ألفًا وثمانية».
- _مثال:_ 45 600 000 يُقرأ «خمسة وأربعون مليونًا وستّمئة ألف».

عند الكتابة بالأرقام نضع **صفرًا** في كلّ رتبةٍ فارغة حتّى تبقى الأصناف في أماكنها.

> ⚠️ الفخّ الشائع: نسيان الأصفار. «ثلاثة ملايين وخمسة» ليست 35 بل 3 000 005؛ لا بدّ من الأصفار لتحفظ كلّ رتبةٍ مكانها.

## ⚡ قيمة الرقم حسب رتبته وصنفه

قيمة الرقم تتغيّر حسب **رتبته** و**صنفه** معًا:

- في 384 705 219، الرقم 8 في رتبة **عشرات الملايين**، فقيمته 80 000 000.
- في العدد نفسه، الرقم 7 في رتبة **مئات الآلاف**، فقيمته 700 000.

> 🗡️ لإيجاد القيمة: انظر إلى الرتبة، ثمّ أضف إلى الرقم أصفارًا بعدد الرتب التي على يمينه.

## 🛡️ التفكيك والتركيب

**التفكيك** هو كتابة العدد مجموعَ قيم أرقامه؛ و**التركيب** هو العمليّة العكسيّة:

$$7 152 008 = 7 000 000 + 100 000 + 50 000 + 2 000 + 8$$

- إذا كانت رتبةٌ فارغةً (صفر) فلا نكتبها في المجموع.
- مثال على التركيب: 600 000 + 40 000 + 9 = 640 009.

## 🧪 المقارنة والترتيب

لمقارنة عددين كبيرين:

- العدد ذو **عدد الأرقام الأكبر** هو الأكبر: 1 000 000 > 999 999.
- إذا تساوى عدد الأرقام، نقارن **رتبةً رتبةً ابتداءً من اليسار** عند أوّل رقمين مختلفين.

نرتّب الأعداد **تصاعديًّا** (من الأصغر إلى الأكبر) أو **تنازليًّا** (من الأكبر إلى الأصغر)، ونكتب بينها الرمز المناسب في كتابةٍ من اليسار إلى اليمين:

250 000 < 250 700 < 251 000

> ⚠️ الفخّ الشائع: مقارنة الأعداد برقمها الأوّل وحده. 5 000 000 أكبر من 9 999 لأنّ عدد أرقامه أكبر، لا لأنّ 5 أكبر من 9.

> 🏆 لقد عبرت البوّابة الأولى وصرت سيّد الأعداد الكبيرة إلى الملايين! تقرأها وتكتبها وتُفكّكها وتقارنها. استعدّ الآن للبوّابة الموالية حيث ندخل عالَم **الأعداد العشرية**.', '# 📜 ملخّص: الأعداد الكبيرة

- **الأصناف الثلاثة:** من اليمين صنف الوحدات، ثمّ صنف الآلاف، ثمّ صنف الملايين؛ كلّ صنفٍ ثلاثة أرقام، ونفصل بينها بفراغ مثل 7 152 008.
- **رتب كلّ صنف:** داخل كلّ صنفٍ مئات وعشرات وآحاد؛ مثل مئات الآلاف وعشرات الآلاف وآحاد الآلاف.
- **القراءة والكتابة:** نقرأ كلّ صنفٍ مع اسمه ابتداءً من اليسار (الملايين أوّلًا)، ونضع صفرًا في كلّ رتبةٍ فارغة، مثل 45 600 000 «خمسة وأربعون مليونًا وستّمئة ألف».
- **قيمة الرقم:** تتغيّر حسب رتبته وصنفه؛ في 384 705 219 قيمة الرقم 8 هي 80 000 000 وقيمة الرقم 7 هي 700 000.
- **التفكيك والتركيب:** التفكيك كتابة العدد مجموعَ قيم أرقامه، والتركيب عكسه، مثل 7 152 008 = 7 000 000 + 100 000 + 50 000 + 2 000 + 8.
- **المقارنة والترتيب:** الأكبر هو الأكثر أرقامًا، وعند التساوي نقارن رتبةً رتبةً من اليسار؛ نرتّب تصاعديًّا أو تنازليًّا (1 000 000 > 999 999).', 1, NULL)
ON CONFLICT (id) DO UPDATE SET
  subject_id = EXCLUDED.subject_id,
  title = EXCLUDED.title,
  description = EXCLUDED.description,
  lesson_content = EXCLUDED.lesson_content,
  summary = EXCLUDED.summary,
  display_order = EXCLUDED.display_order,
  manuel_ref = EXCLUDED.manuel_ref;

INSERT INTO public.chapters (id, subject_id, title, description, lesson_content, summary, display_order, manuel_ref) VALUES
  ('b09876a0-c7e5-5d99-bf81-b8aa313d419a', 'math-5eme', 'الأعداد العشرية', 'مفهوم العدد العشري، الجزء الصحيح والجزء العشري تفصل بينهما الفاصلة، الأعشار والأجزاء من مئة والأجزاء من ألف، قراءة وكتابة عددٍ عشري، العلاقة بين الكسر العشري والعدد ذي الفاصلة، وقيمة الموضع بعد الفاصلة', '# ⚔️ الأعداد العشرية — بوّابة ما بعد الفاصلة

> 💡 «حين لا تكفي الأعداد الصحيحة، تأتي الفاصلة لتقيس ما هو أصغر من الواحد.»

أهلًا بك أيّها البطل في البوّابة الثانية. في البوّابة الأولى رُضْتَ **الأعداد الكبيرة**، لكنّ العالَم لا يُقاس دائمًا بأعدادٍ صحيحة: ثمنُ خبزةٍ 0,250 دينار، وطولُك قد يكون 1,45 م. اليوم نفتح ما بعد **الفاصلة** ونتعلّم **الأعداد العشرية**.

## 🏰 ما هو العدد العشري؟

تأمَّل قطعةً مقسومة إلى 10 أجزاءٍ متساوية. كلّ جزءٍ هو **عُشر** الواحد، ونكتبه 1/10 أو 0,1.

**العدد العشري** هو عددٌ يحتوي على **جزءٍ صحيح** و**جزءٍ عشري**، تفصل بينهما **الفاصلة**.

- _مثال:_ في العدد 3,7 الجزء الصحيح هو 3 والجزء العشري هو 7 (أعشار).
- العدد الصحيح حالةٌ خاصّة: 5 هو نفسه 5,0 (لا جزء عشري له).

## 🔢 الجزء الصحيح والجزء العشري

في كلّ عددٍ عشري، **الفاصلة** هي الحاجز بين عالَمين:

| الموقع              | يسار الفاصلة      | يمين الفاصلة     |
| ------------------- | ----------------- | ---------------- |
| الاسم               | الجزء الصحيح       | الجزء العشري      |
| في العدد 24,38      | 24                | 38               |

- الجزء الصحيح يَعدّ **الوِحدات الكاملة** (آحاد، عشرات، مئات…).
- الجزء العشري يَعدّ **ما هو أصغر من الواحد** (أعشار، أجزاء من مئة…).

> 🗡️ الفاصلة تكتب فاصلةً `,` لا نقطة. ولا تكتب أبدًا «الجزء الصحيح» يمين الفاصلة.

## 🔮 الأعشار والأجزاء من مئة ومن ألف

::: figure نقسم الواحد إلى عشرة فنحصل على العُشر، وإلى مئة فنحصل على الجزء من مئة
<svg viewBox="0 0 360 170"><text x="66.0" y="22.0" text-anchor="middle" font-size="12" font-weight="700" fill="#6d28d9" paint-order="stroke" stroke="#ffffff" stroke-width="3.5" stroke-linejoin="round">الواحد مقسومٌ إلى 10</text><rect x="16" y="30" width="24" height="30" rx="0" fill="#c4b5fd" stroke="#6d28d9" stroke-width="1.5"/><rect x="40" y="30" width="24" height="30" rx="0" fill="#f5f3ff" stroke="#6d28d9" stroke-width="1.5"/><rect x="64" y="30" width="24" height="30" rx="0" fill="#f5f3ff" stroke="#6d28d9" stroke-width="1.5"/><rect x="88" y="30" width="24" height="30" rx="0" fill="#f5f3ff" stroke="#6d28d9" stroke-width="1.5"/><rect x="112" y="30" width="24" height="30" rx="0" fill="#f5f3ff" stroke="#6d28d9" stroke-width="1.5"/><rect x="136" y="30" width="24" height="30" rx="0" fill="#f5f3ff" stroke="#6d28d9" stroke-width="1.5"/><rect x="160" y="30" width="24" height="30" rx="0" fill="#f5f3ff" stroke="#6d28d9" stroke-width="1.5"/><rect x="184" y="30" width="24" height="30" rx="0" fill="#f5f3ff" stroke="#6d28d9" stroke-width="1.5"/><rect x="208" y="30" width="24" height="30" rx="0" fill="#f5f3ff" stroke="#6d28d9" stroke-width="1.5"/><rect x="232" y="30" width="24" height="30" rx="0" fill="#f5f3ff" stroke="#6d28d9" stroke-width="1.5"/><text x="28.0" y="78.0" text-anchor="middle" font-size="12" font-weight="700" fill="#6d28d9" direction="ltr" unicode-bidi="isolate" paint-order="stroke" stroke="#ffffff" stroke-width="3.5" stroke-linejoin="round">0,1</text><text x="150.0" y="78.0" text-anchor="start" font-size="11" font-weight="700" fill="#6d28d9" paint-order="stroke" stroke="#ffffff" stroke-width="3.5" stroke-linejoin="round">عُشرٌ واحد</text><text x="300.0" y="22.0" text-anchor="middle" font-size="12" font-weight="700" fill="#1d4ed8" paint-order="stroke" stroke="#ffffff" stroke-width="3.5" stroke-linejoin="round">وإلى 100</text><rect x="262" y="30" width="9" height="9" rx="0" fill="#93c5fd" stroke="#1d4ed8" stroke-width="0.5"/><rect x="271" y="30" width="9" height="9" rx="0" fill="#eff6ff" stroke="#1d4ed8" stroke-width="0.5"/><rect x="280" y="30" width="9" height="9" rx="0" fill="#eff6ff" stroke="#1d4ed8" stroke-width="0.5"/><rect x="289" y="30" width="9" height="9" rx="0" fill="#eff6ff" stroke="#1d4ed8" stroke-width="0.5"/><rect x="298" y="30" width="9" height="9" rx="0" fill="#eff6ff" stroke="#1d4ed8" stroke-width="0.5"/><rect x="307" y="30" width="9" height="9" rx="0" fill="#eff6ff" stroke="#1d4ed8" stroke-width="0.5"/><rect x="316" y="30" width="9" height="9" rx="0" fill="#eff6ff" stroke="#1d4ed8" stroke-width="0.5"/><rect x="325" y="30" width="9" height="9" rx="0" fill="#eff6ff" stroke="#1d4ed8" stroke-width="0.5"/><rect x="334" y="30" width="9" height="9" rx="0" fill="#eff6ff" stroke="#1d4ed8" stroke-width="0.5"/><rect x="343" y="30" width="9" height="9" rx="0" fill="#eff6ff" stroke="#1d4ed8" stroke-width="0.5"/><rect x="262" y="39" width="9" height="9" rx="0" fill="#eff6ff" stroke="#1d4ed8" stroke-width="0.5"/><rect x="271" y="39" width="9" height="9" rx="0" fill="#eff6ff" stroke="#1d4ed8" stroke-width="0.5"/><rect x="280" y="39" width="9" height="9" rx="0" fill="#eff6ff" stroke="#1d4ed8" stroke-width="0.5"/><rect x="289" y="39" width="9" height="9" rx="0" fill="#eff6ff" stroke="#1d4ed8" stroke-width="0.5"/><rect x="298" y="39" width="9" height="9" rx="0" fill="#eff6ff" stroke="#1d4ed8" stroke-width="0.5"/><rect x="307" y="39" width="9" height="9" rx="0" fill="#eff6ff" stroke="#1d4ed8" stroke-width="0.5"/><rect x="316" y="39" width="9" height="9" rx="0" fill="#eff6ff" stroke="#1d4ed8" stroke-width="0.5"/><rect x="325" y="39" width="9" height="9" rx="0" fill="#eff6ff" stroke="#1d4ed8" stroke-width="0.5"/><rect x="334" y="39" width="9" height="9" rx="0" fill="#eff6ff" stroke="#1d4ed8" stroke-width="0.5"/><rect x="343" y="39" width="9" height="9" rx="0" fill="#eff6ff" stroke="#1d4ed8" stroke-width="0.5"/><rect x="262" y="48" width="9" height="9" rx="0" fill="#eff6ff" stroke="#1d4ed8" stroke-width="0.5"/><rect x="271" y="48" width="9" height="9" rx="0" fill="#eff6ff" stroke="#1d4ed8" stroke-width="0.5"/><rect x="280" y="48" width="9" height="9" rx="0" fill="#eff6ff" stroke="#1d4ed8" stroke-width="0.5"/><rect x="289" y="48" width="9" height="9" rx="0" fill="#eff6ff" stroke="#1d4ed8" stroke-width="0.5"/><rect x="298" y="48" width="9" height="9" rx="0" fill="#eff6ff" stroke="#1d4ed8" stroke-width="0.5"/><rect x="307" y="48" width="9" height="9" rx="0" fill="#eff6ff" stroke="#1d4ed8" stroke-width="0.5"/><rect x="316" y="48" width="9" height="9" rx="0" fill="#eff6ff" stroke="#1d4ed8" stroke-width="0.5"/><rect x="325" y="48" width="9" height="9" rx="0" fill="#eff6ff" stroke="#1d4ed8" stroke-width="0.5"/><rect x="334" y="48" width="9" height="9" rx="0" fill="#eff6ff" stroke="#1d4ed8" stroke-width="0.5"/><rect x="343" y="48" width="9" height="9" rx="0" fill="#eff6ff" stroke="#1d4ed8" stroke-width="0.5"/><rect x="262" y="57" width="9" height="9" rx="0" fill="#eff6ff" stroke="#1d4ed8" stroke-width="0.5"/><rect x="271" y="57" width="9" height="9" rx="0" fill="#eff6ff" stroke="#1d4ed8" stroke-width="0.5"/><rect x="280" y="57" width="9" height="9" rx="0" fill="#eff6ff" stroke="#1d4ed8" stroke-width="0.5"/><rect x="289" y="57" width="9" height="9" rx="0" fill="#eff6ff" stroke="#1d4ed8" stroke-width="0.5"/><rect x="298" y="57" width="9" height="9" rx="0" fill="#eff6ff" stroke="#1d4ed8" stroke-width="0.5"/><rect x="307" y="57" width="9" height="9" rx="0" fill="#eff6ff" stroke="#1d4ed8" stroke-width="0.5"/><rect x="316" y="57" width="9" height="9" rx="0" fill="#eff6ff" stroke="#1d4ed8" stroke-width="0.5"/><rect x="325" y="57" width="9" height="9" rx="0" fill="#eff6ff" stroke="#1d4ed8" stroke-width="0.5"/><rect x="334" y="57" width="9" height="9" rx="0" fill="#eff6ff" stroke="#1d4ed8" stroke-width="0.5"/><rect x="343" y="57" width="9" height="9" rx="0" fill="#eff6ff" stroke="#1d4ed8" stroke-width="0.5"/><rect x="262" y="66" width="9" height="9" rx="0" fill="#eff6ff" stroke="#1d4ed8" stroke-width="0.5"/><rect x="271" y="66" width="9" height="9" rx="0" fill="#eff6ff" stroke="#1d4ed8" stroke-width="0.5"/><rect x="280" y="66" width="9" height="9" rx="0" fill="#eff6ff" stroke="#1d4ed8" stroke-width="0.5"/><rect x="289" y="66" width="9" height="9" rx="0" fill="#eff6ff" stroke="#1d4ed8" stroke-width="0.5"/><rect x="298" y="66" width="9" height="9" rx="0" fill="#eff6ff" stroke="#1d4ed8" stroke-width="0.5"/><rect x="307" y="66" width="9" height="9" rx="0" fill="#eff6ff" stroke="#1d4ed8" stroke-width="0.5"/><rect x="316" y="66" width="9" height="9" rx="0" fill="#eff6ff" stroke="#1d4ed8" stroke-width="0.5"/><rect x="325" y="66" width="9" height="9" rx="0" fill="#eff6ff" stroke="#1d4ed8" stroke-width="0.5"/><rect x="334" y="66" width="9" height="9" rx="0" fill="#eff6ff" stroke="#1d4ed8" stroke-width="0.5"/><rect x="343" y="66" width="9" height="9" rx="0" fill="#eff6ff" stroke="#1d4ed8" stroke-width="0.5"/><rect x="262" y="75" width="9" height="9" rx="0" fill="#eff6ff" stroke="#1d4ed8" stroke-width="0.5"/><rect x="271" y="75" width="9" height="9" rx="0" fill="#eff6ff" stroke="#1d4ed8" stroke-width="0.5"/><rect x="280" y="75" width="9" height="9" rx="0" fill="#eff6ff" stroke="#1d4ed8" stroke-width="0.5"/><rect x="289" y="75" width="9" height="9" rx="0" fill="#eff6ff" stroke="#1d4ed8" stroke-width="0.5"/><rect x="298" y="75" width="9" height="9" rx="0" fill="#eff6ff" stroke="#1d4ed8" stroke-width="0.5"/><rect x="307" y="75" width="9" height="9" rx="0" fill="#eff6ff" stroke="#1d4ed8" stroke-width="0.5"/><rect x="316" y="75" width="9" height="9" rx="0" fill="#eff6ff" stroke="#1d4ed8" stroke-width="0.5"/><rect x="325" y="75" width="9" height="9" rx="0" fill="#eff6ff" stroke="#1d4ed8" stroke-width="0.5"/><rect x="334" y="75" width="9" height="9" rx="0" fill="#eff6ff" stroke="#1d4ed8" stroke-width="0.5"/><rect x="343" y="75" width="9" height="9" rx="0" fill="#eff6ff" stroke="#1d4ed8" stroke-width="0.5"/><rect x="262" y="84" width="9" height="9" rx="0" fill="#eff6ff" stroke="#1d4ed8" stroke-width="0.5"/><rect x="271" y="84" width="9" height="9" rx="0" fill="#eff6ff" stroke="#1d4ed8" stroke-width="0.5"/><rect x="280" y="84" width="9" height="9" rx="0" fill="#eff6ff" stroke="#1d4ed8" stroke-width="0.5"/><rect x="289" y="84" width="9" height="9" rx="0" fill="#eff6ff" stroke="#1d4ed8" stroke-width="0.5"/><rect x="298" y="84" width="9" height="9" rx="0" fill="#eff6ff" stroke="#1d4ed8" stroke-width="0.5"/><rect x="307" y="84" width="9" height="9" rx="0" fill="#eff6ff" stroke="#1d4ed8" stroke-width="0.5"/><rect x="316" y="84" width="9" height="9" rx="0" fill="#eff6ff" stroke="#1d4ed8" stroke-width="0.5"/><rect x="325" y="84" width="9" height="9" rx="0" fill="#eff6ff" stroke="#1d4ed8" stroke-width="0.5"/><rect x="334" y="84" width="9" height="9" rx="0" fill="#eff6ff" stroke="#1d4ed8" stroke-width="0.5"/><rect x="343" y="84" width="9" height="9" rx="0" fill="#eff6ff" stroke="#1d4ed8" stroke-width="0.5"/><rect x="262" y="93" width="9" height="9" rx="0" fill="#eff6ff" stroke="#1d4ed8" stroke-width="0.5"/><rect x="271" y="93" width="9" height="9" rx="0" fill="#eff6ff" stroke="#1d4ed8" stroke-width="0.5"/><rect x="280" y="93" width="9" height="9" rx="0" fill="#eff6ff" stroke="#1d4ed8" stroke-width="0.5"/><rect x="289" y="93" width="9" height="9" rx="0" fill="#eff6ff" stroke="#1d4ed8" stroke-width="0.5"/><rect x="298" y="93" width="9" height="9" rx="0" fill="#eff6ff" stroke="#1d4ed8" stroke-width="0.5"/><rect x="307" y="93" width="9" height="9" rx="0" fill="#eff6ff" stroke="#1d4ed8" stroke-width="0.5"/><rect x="316" y="93" width="9" height="9" rx="0" fill="#eff6ff" stroke="#1d4ed8" stroke-width="0.5"/><rect x="325" y="93" width="9" height="9" rx="0" fill="#eff6ff" stroke="#1d4ed8" stroke-width="0.5"/><rect x="334" y="93" width="9" height="9" rx="0" fill="#eff6ff" stroke="#1d4ed8" stroke-width="0.5"/><rect x="343" y="93" width="9" height="9" rx="0" fill="#eff6ff" stroke="#1d4ed8" stroke-width="0.5"/><rect x="262" y="102" width="9" height="9" rx="0" fill="#eff6ff" stroke="#1d4ed8" stroke-width="0.5"/><rect x="271" y="102" width="9" height="9" rx="0" fill="#eff6ff" stroke="#1d4ed8" stroke-width="0.5"/><rect x="280" y="102" width="9" height="9" rx="0" fill="#eff6ff" stroke="#1d4ed8" stroke-width="0.5"/><rect x="289" y="102" width="9" height="9" rx="0" fill="#eff6ff" stroke="#1d4ed8" stroke-width="0.5"/><rect x="298" y="102" width="9" height="9" rx="0" fill="#eff6ff" stroke="#1d4ed8" stroke-width="0.5"/><rect x="307" y="102" width="9" height="9" rx="0" fill="#eff6ff" stroke="#1d4ed8" stroke-width="0.5"/><rect x="316" y="102" width="9" height="9" rx="0" fill="#eff6ff" stroke="#1d4ed8" stroke-width="0.5"/><rect x="325" y="102" width="9" height="9" rx="0" fill="#eff6ff" stroke="#1d4ed8" stroke-width="0.5"/><rect x="334" y="102" width="9" height="9" rx="0" fill="#eff6ff" stroke="#1d4ed8" stroke-width="0.5"/><rect x="343" y="102" width="9" height="9" rx="0" fill="#eff6ff" stroke="#1d4ed8" stroke-width="0.5"/><rect x="262" y="111" width="9" height="9" rx="0" fill="#eff6ff" stroke="#1d4ed8" stroke-width="0.5"/><rect x="271" y="111" width="9" height="9" rx="0" fill="#eff6ff" stroke="#1d4ed8" stroke-width="0.5"/><rect x="280" y="111" width="9" height="9" rx="0" fill="#eff6ff" stroke="#1d4ed8" stroke-width="0.5"/><rect x="289" y="111" width="9" height="9" rx="0" fill="#eff6ff" stroke="#1d4ed8" stroke-width="0.5"/><rect x="298" y="111" width="9" height="9" rx="0" fill="#eff6ff" stroke="#1d4ed8" stroke-width="0.5"/><rect x="307" y="111" width="9" height="9" rx="0" fill="#eff6ff" stroke="#1d4ed8" stroke-width="0.5"/><rect x="316" y="111" width="9" height="9" rx="0" fill="#eff6ff" stroke="#1d4ed8" stroke-width="0.5"/><rect x="325" y="111" width="9" height="9" rx="0" fill="#eff6ff" stroke="#1d4ed8" stroke-width="0.5"/><rect x="334" y="111" width="9" height="9" rx="0" fill="#eff6ff" stroke="#1d4ed8" stroke-width="0.5"/><rect x="343" y="111" width="9" height="9" rx="0" fill="#eff6ff" stroke="#1d4ed8" stroke-width="0.5"/><text x="300.0" y="145.0" text-anchor="middle" font-size="12" font-weight="700" fill="#1d4ed8" direction="ltr" unicode-bidi="isolate" paint-order="stroke" stroke="#ffffff" stroke-width="3.5" stroke-linejoin="round">0,01</text><text x="180.0" y="162.0" text-anchor="middle" font-size="11" font-weight="700" fill="#64748b" paint-order="stroke" stroke="#ffffff" stroke-width="3.5" stroke-linejoin="round">عشرةُ أجزاءٍ من مئة تساوي عُشرًا واحدًا</text></svg>
:::

مثلما نقسم الواحد إلى 10 لِنحصل على العُشر، نقسمه إلى 100 ثمّ إلى 1000:

| الكتابة الكسرية | الكتابة العشرية | الاسم            |
| --------------- | --------------- | ---------------- |
| 1/10            | 0,1             | عُشر             |
| 1/100           | 0,01            | جزء من مئة       |
| 1/1000          | 0,001           | جزء من ألف       |

- 10 أجزاءٍ من مئة تساوي عُشرًا واحدًا: 10/100 = 1/10.
- _مثال:_ 0,001 أصغر من 0,01، و 0,01 أصغر من 0,1.

## 🧮 قيمة الموضع بعد الفاصلة

كما لكلّ رقمٍ قبل الفاصلة رتبةٌ (آحاد، عشرات…)، فلكلّ رقمٍ **بعد** الفاصلة رتبةٌ كذلك:

| الرتبة | … آحاد | الفاصلة | الأعشار | الأجزاء من مئة | الأجزاء من ألف |
| ------ | ------ | ------- | ------- | -------------- | -------------- |
| المثال 6,425 |   6   |   ,    |    4    |       2        |       5        |

- في 6,425: الرقم 4 يدلّ على **4 أعشار**، والرقم 2 على **2 جزءًا من مئة**، والرقم 5 على **5 أجزاءٍ من ألف**.
- الرتبة الأولى بعد الفاصلة هي الأعشار، والثانية الأجزاء من مئة، والثالثة الأجزاء من ألف.

> ⚠️ الفخّ الشائع: الخلط بين الأعشار والأجزاء من مئة. في 0,07 الرقم 7 في رتبة **الأجزاء من مئة** (قيمته 7/100)، لا الأعشار.

## 🔗 العلاقة بين الكسر العشري والعدد ذي الفاصلة

كلّ **كسرٍ عشري** (مقامه 10 أو 100 أو 1000) يُكتب عددًا ذا فاصلة، والعكس:

$$3/10 = 0,3$$

$$25/100 = 0,25$$

- المقام 10 ← رقمٌ واحد بعد الفاصلة؛ المقام 100 ← رقمان؛ المقام 1000 ← ثلاثة أرقام.
- _مثال:_ 7/100 = 0,07 (نُكمل بصفرٍ بعد الفاصلة حتّى يصير عدد الأرقام موافقًا للمقام).
- _مثال:_ 125/100 = 1,25 (الجزء الصحيح 1، والباقي 25 جزءًا من مئة).

> 🗡️ عدد الأصفار في المقام = عدد الأرقام بعد الفاصلة. هذه قاعدةٌ تَفتح كلّ التمارين.

## 🛡️ قراءة وكتابة عددٍ عشري

لقراءة عددٍ عشري: نقرأ الجزء الصحيح، ثمّ نقول «فاصلة»، ثمّ نقرأ الجزء العشري حسب رتبته.

- _مثال:_ 4,5 يُقرأ «أربعة فاصلة خمسة» أو «أربعة وخمسة أعشار».
- _مثال:_ 0,25 يُقرأ «صفر فاصلة خمسة وعشرون» أو «خمسة وعشرون جزءًا من مئة».

> ⚠️ 0,5 و 0,05 ليسا متساويين: الأوّل 5 أعشار، والثاني 5 أجزاءٍ من مئة. موضع الرقم يُغيّر قيمته.

> 🏆 لقد عبرت بوّابة الفاصلة! صرت تفهم العدد العشري وتقرؤه وتكتبه وتربطه بالكسر العشري. استعدّ للبوّابة الموالية حيث نتعلّم **مقارنة الأعداد العشرية وترتيبها**.', '# 📜 ملخّص: الأعداد العشرية

- **العدد العشري:** عددٌ له جزءٌ صحيح وجزءٌ عشري تفصل بينهما **الفاصلة** `,`، مثل 3,7 (والعدد الصحيح 5 = 5,0).
- **الجزء الصحيح والجزء العشري:** يسار الفاصلة الوِحدات الكاملة، ويمينها ما هو أصغر من الواحد؛ في 24,38 الجزء الصحيح 24 والعشري 38.
- **الأعشار والأجزاء من مئة ومن ألف:** 1/10 = 0,1، و 1/100 = 0,01، و 1/1000 = 0,001؛ وكلّما زاد المقام صَغُر الجزء.
- **قيمة الموضع:** الرتبة الأولى بعد الفاصلة أعشار، والثانية أجزاء من مئة، والثالثة أجزاء من ألف؛ في 6,425 الرقم 2 يساوي 2 جزءًا من مئة.
- **الكسر العشري ↔ العدد ذو الفاصلة:** 3/10 = 0,3 و 25/100 = 0,25؛ عدد أصفار المقام = عدد الأرقام بعد الفاصلة (7/100 = 0,07).
- **القراءة والكتابة:** نقرأ الجزء الصحيح ثمّ «فاصلة» ثمّ الجزء العشري؛ ولا نخلط 0,5 (5 أعشار) بـ 0,05 (5 أجزاء من مئة).', 2, NULL)
ON CONFLICT (id) DO UPDATE SET
  subject_id = EXCLUDED.subject_id,
  title = EXCLUDED.title,
  description = EXCLUDED.description,
  lesson_content = EXCLUDED.lesson_content,
  summary = EXCLUDED.summary,
  display_order = EXCLUDED.display_order,
  manuel_ref = EXCLUDED.manuel_ref;

INSERT INTO public.chapters (id, subject_id, title, description, lesson_content, summary, display_order, manuel_ref) VALUES
  ('2599c0f4-4bc4-52c6-b154-b778f237f372', 'math-5eme', 'مقارنة وترتيب الأعداد العشرية', 'مقارنة عددين عشريّين بمقارنة الجزء الصحيح ثمّ رقمًا رقمًا بعد الفاصلة، تأطير عددٍ عشري بين عددين صحيحين متتاليين، حشر عددٍ عشري بين عددين، الترتيب التصاعديّ والتنازليّ بالرموز < و > و =، وفخّ الأصفار غير المفيدة في آخر الجزء العشري', '# ⚔️ مقارنة وترتيب الأعداد العشرية — من اليسار يبدأ الحُكم

> 💡 «لا تَعُدّ الأرقام بعد الفاصلة… ابدأ من أعلى رتبة على اليسار، فهي صاحبة القرار.»

في البوّابة السابقة تعلّمت قراءة وكتابة **الأعداد العشرية** مثل 3,5 و 12,08. اليوم تكتسب سلاحًا جديدًا: كيف **تقارن** عددين عشريّين فتعرف أيّهما أكبر، وكيف **ترتّب** مجموعةً منها. هذه المهارة أساس كلّ قياسٍ بالأطوال والكُتل والنقود، فلنبدأ.

## 🏰 رموز المقارنة الثلاثة

كما في الأعداد الصحيحة، نستعمل ثلاثة رموزٍ لمقارنة عددين عشريّين:

| الرمز | معناه   | مثال        |
| ----- | ------- | ----------- |
| <     | أصغر من | 3,5 < 3,8   |
| >     | أكبر من | 7,2 > 7,02  |
| =     | يساوي   | 4,5 = 4,50  |

> 🗡️ حيلة لتذكّر الرمز: الفُوّهة المفتوحة تتّجه دائمًا نحو **العدد الأكبر**، والطرف المدبّب نحو الأصغر.

## 🧮 القاعدة الذهبية: الجزء الصحيح أوّلًا

العدد العشري له **جزءٌ صحيح** (قبل الفاصلة) و**جزءٌ عشري** (بعد الفاصلة). للمقارنة نتّبع خطوتين بالترتيب:

1. **نقارن الجزء الصحيح أوّلًا.** الأكبر جزءًا صحيحًا هو الأكبر، ولا حاجة للنظر إلى ما بعد الفاصلة.
2. **إذا تساوى الجزءان الصحيحان**، نقارن **رقمًا رقمًا بعد الفاصلة، من اليسار**: نبدأ بالأعشار، ثمّ الأجزاء من مئة، والحُكم لأوّل اختلاف.

_مثال محسوب:_ نقارن 12,9 و 8,75. الجزءان الصحيحان: 12 > 8، إذن **12,9 > 8,75** مباشرةً (رغم أنّ 8,75 فيه أرقامٌ أكثر بعد الفاصلة).

_مثال محسوب:_ نقارن 5,36 و 5,4. الجزءان الصحيحان متساويان (5 = 5)؛ ننظر إلى الأعشار: 3 < 4، إذن **5,36 < 5,4**.

> ⚠️ الفخّ الأشهر: الظنّ أنّ العدد الذي فيه **أرقامٌ أكثر بعد الفاصلة** هو الأكبر. هذا خطأ! فـ 5,36 فيه رقمان بعد الفاصلة لكنّه **أصغر** من 5,4. عدد الأرقام لا يقرّر شيئًا، بل قيمة الرتبة من اليسار.

## 🔮 فخّ الأصفار غير المفيدة

::: figure رغم أنّ 5,36 فيه أرقامٌ أكثر بعد الفاصلة، فإنّ 5,4 أكبر: الحُكم للأعشار لا لعدد الأرقام
<svg viewBox="0 0 340 160"><text x="170.0" y="20.0" text-anchor="middle" font-size="11" font-weight="700" fill="#64748b" paint-order="stroke" stroke="#ffffff" stroke-width="3.5" stroke-linejoin="round">نُكمل بصفرٍ حتّى يتساوى الطول</text><text x="120.0" y="58.0" text-anchor="middle" font-size="24" font-weight="700" fill="#1f2937" paint-order="stroke" stroke="#ffffff" stroke-width="3.5" stroke-linejoin="round">5</text><text x="120.0" y="96.0" text-anchor="middle" font-size="24" font-weight="700" fill="#1f2937" paint-order="stroke" stroke="#ffffff" stroke-width="3.5" stroke-linejoin="round">5</text><text x="154.0" y="58.0" text-anchor="middle" font-size="24" font-weight="700" fill="#1f2937" paint-order="stroke" stroke="#ffffff" stroke-width="3.5" stroke-linejoin="round">,</text><text x="154.0" y="96.0" text-anchor="middle" font-size="24" font-weight="700" fill="#1f2937" paint-order="stroke" stroke="#ffffff" stroke-width="3.5" stroke-linejoin="round">,</text><text x="188.0" y="58.0" text-anchor="middle" font-size="24" font-weight="700" fill="#1f2937" paint-order="stroke" stroke="#ffffff" stroke-width="3.5" stroke-linejoin="round">4</text><text x="188.0" y="96.0" text-anchor="middle" font-size="24" font-weight="700" fill="#1f2937" paint-order="stroke" stroke="#ffffff" stroke-width="3.5" stroke-linejoin="round">3</text><text x="222.0" y="58.0" text-anchor="middle" font-size="24" font-weight="700" fill="#1f2937" paint-order="stroke" stroke="#ffffff" stroke-width="3.5" stroke-linejoin="round">0</text><text x="222.0" y="96.0" text-anchor="middle" font-size="24" font-weight="700" fill="#1f2937" paint-order="stroke" stroke="#ffffff" stroke-width="3.5" stroke-linejoin="round">6</text><text x="222.0" y="58.0" text-anchor="middle" font-size="24" font-weight="700" fill="#dc2626" paint-order="stroke" stroke="#ffffff" stroke-width="3.5" stroke-linejoin="round">0</text><rect x="171" y="34" width="34" height="78" rx="5" fill="none" stroke="#16a34a" stroke-width="2.2" stroke-dasharray="5 3"/><text x="188.0" y="128.0" text-anchor="middle" font-size="11" font-weight="700" fill="#15803d" paint-order="stroke" stroke="#ffffff" stroke-width="3.5" stroke-linejoin="round">الأعشار</text><text x="188.0" y="143.0" text-anchor="middle" font-size="14" font-weight="700" fill="#15803d" direction="ltr" unicode-bidi="isolate" paint-order="stroke" stroke="#ffffff" stroke-width="3.5" stroke-linejoin="round">4 > 3</text><text x="300.0" y="58.0" text-anchor="start" font-size="13" font-weight="700" fill="#1f2937" direction="ltr" unicode-bidi="isolate" paint-order="stroke" stroke="#ffffff" stroke-width="3.5" stroke-linejoin="round">5,40</text><text x="300.0" y="96.0" text-anchor="start" font-size="13" font-weight="700" fill="#1f2937" direction="ltr" unicode-bidi="isolate" paint-order="stroke" stroke="#ffffff" stroke-width="3.5" stroke-linejoin="round">5,36</text><text x="52.0" y="77.0" text-anchor="middle" font-size="15" font-weight="700" fill="#15803d" direction="ltr" unicode-bidi="isolate" paint-order="stroke" stroke="#ffffff" stroke-width="3.5" stroke-linejoin="round">5,4 > 5,36</text></svg>
:::

الصفر الموضوع في **آخر الجزء العشري** لا يُغيّر قيمة العدد. نقول إنّه **صفرٌ غير مفيد**:

$$ 2,5 = 2,50 = 2,500 $$

لماذا؟ لأنّ 2,5 معناه 5 أعشار، و 2,50 معناه 5 أعشار و 0 من مئة، وهي نفس القيمة. لذلك لمقارنة عددين بعدد مختلف من الأرقام بعد الفاصلة، يمكنك **إكمال الأقصر بأصفار** حتّى يتساوى الطول:

_مثال محسوب:_ نقارن 6,7 و 6,68. نُكمل: 6,7 = 6,70. الآن نقارن 6,70 و 6,68: الأعشار 7 > 6، إذن **6,7 > 6,68**.

> ⚠️ انتبه: الصفر مفيدٌ إذا كان **بين الفاصلة ورقمٍ آخر**. ففي 2,05 الصفر مهمّ (أعشاره 0)، و 2,05 ≠ 2,5.

## 🛡️ تأطير عددٍ عشري بين عددين صحيحين

**تأطير** عددٍ عشري معناه حصره بين العددين **الصحيحين المتتاليين** اللذين يقع بينهما. نكتفي بالنظر إلى **الجزء الصحيح**:

- العدد 3,7 جزؤه الصحيح 3، وتاليه 4، إذن: 3 < 3,7 < 4.
- العدد 9,02 جزؤه الصحيح 9، إذن: 9 < 9,02 < 10.

العدد العشري دائمًا أكبر من جزئه الصحيح وأصغر من العدد الصحيح الذي يليه (ما لم يكن جزؤه العشري أصفارًا فقط).

## ⚡ حشر عددٍ عشري بين عددين

**الحشر** (الإقحام) معناه إيجاد عددٍ عشري **يقع بين** عددين معطَيين. الحيلة: أضِف رقمًا بعد الفاصلة لتجد «مكانًا» بينهما.

_مثال محسوب:_ أوجِد عددًا بين 4 و 5. يكفي 4,5 (لأنّ 4 < 4,5 < 5). ويمكن أيضًا 4,1 أو 4,9.

_مثال محسوب:_ أوجِد عددًا بين 2,3 و 2,4. نُكمل بصفرٍ ونفتح رتبةً جديدة: 2,3 = 2,30 و 2,4 = 2,40، فأيّ عددٍ مثل 2,35 يقع بينهما لأنّ 2,30 < 2,35 < 2,40.

> 🗡️ بين أيّ عددين عشريّين مختلفين يوجد دائمًا عددٌ عشري آخر؛ يكفي أن تفتح رتبةً جديدة بعد الفاصلة.

## 📐 الترتيب التصاعديّ والتنازليّ

بعد إتقان المقارنة نستطيع **ترتيب** عدّة أعدادٍ عشرية:

- **تصاعديًّا**: من الأصغر إلى الأكبر، مثل 1,8 < 2,5 < 2,53.
- **تنازليًّا**: من الأكبر إلى الأصغر، مثل 2,53 > 2,5 > 1,8.

الطريقة المضمونة: قارِن الأجزاء الصحيحة أوّلًا لِفصل المجموعات، ثمّ افصل المتساوية منها بمقارنة الأعشار، فالأجزاء من مئة، رقمًا رقمًا من اليسار.

> 🏆 أحسنت أيّها البطل! صرت تقارن وتؤطّر وتحشر وترتّب الأعداد العشرية، ولا يخدعك فخّ الأصفار ولا كثرة الأرقام بعد الفاصلة. استعدّ الآن للبوّابة الموالية، حيث تتعلّم **جمع وطرح الأعداد العشرية**. 🏆', '# 📜 ملخّص: مقارنة وترتيب الأعداد العشرية

- **رموز المقارنة:** < أصغر من، > أكبر من، = يساوي؛ والفُوّهة المفتوحة تتّجه نحو الأكبر.
- **القاعدة الذهبية:** نقارن الجزء الصحيح أوّلًا؛ وعند تساويه نقارن رقمًا رقمًا بعد الفاصلة من اليسار (أعشار، ثمّ أجزاء من مئة)، والحُكم لأوّل اختلاف.
- **عدد الأرقام لا يقرّر:** 5,36 < 5,4 رغم أنّ فيه أرقامًا أكثر بعد الفاصلة.
- **الأصفار غير المفيدة:** الصفر في آخر الجزء العشري لا يُغيّر القيمة: 2,5 = 2,50 = 2,500؛ ويمكن إكمال الأقصر بأصفار للمقارنة.
- **التأطير:** حصر عددٍ عشري بين عددين صحيحين متتاليين بالنظر إلى جزئه الصحيح: 3 < 3,7 < 4.
- **الحشر:** إيجاد عددٍ عشري بين عددين بفتح رتبةٍ جديدة بعد الفاصلة: 2,35 بين 2,3 و 2,4.
- **الترتيب التصاعديّ:** من الأصغر إلى الأكبر، مثل 1,8 < 2,5 < 2,53؛ **التنازليّ:** من الأكبر إلى الأصغر.', 3, NULL)
ON CONFLICT (id) DO UPDATE SET
  subject_id = EXCLUDED.subject_id,
  title = EXCLUDED.title,
  description = EXCLUDED.description,
  lesson_content = EXCLUDED.lesson_content,
  summary = EXCLUDED.summary,
  display_order = EXCLUDED.display_order,
  manuel_ref = EXCLUDED.manuel_ref;

INSERT INTO public.chapters (id, subject_id, title, description, lesson_content, summary, display_order, manuel_ref) VALUES
  ('5042da26-9de6-5ca0-9177-8da488372d68', 'math-5eme', 'جمع وطرح الأعداد العشرية', 'تقنية جمع وطرح الأعداد العشرية بوضع العمليّة عموديًّا مع محاذاة الفواصل (آحاد تحت آحاد وأعشار تحت أعشار…)، إكمال الجزء العشري بالأصفار لتساوي عدد الأرقام، الاحتفاظ في الجمع والاستلاف في الطرح، حلّ مسائل بسيطة في الأثمان بالدينار والأطوال، وتقدير رتبة المقدار للتثبّت من النتيجة', '# ⚔️ جمع وطرح الأعداد العشرية — معركة الفواصل

> 💡 «العددُ العشري عددٌ كامل اختبأت فيه فاصلة؛ حاذِ الفواصل تنتصر في كلّ عمليّة.»

أهلًا بك أيّها البطل! أنت تعرف من قبلُ كيف تجمع وتطرح الأعداد الصحيحة، وتعرف من الفصل السابق كيف **تقارن وترتّب الأعداد العشرية**. اليوم نضمّ المهارتين: نتعلّم كيف **نجمع ونطرح أعدادًا فيها فاصلة** مثل الأثمان بالدينار والأطوال بالمتر. السرّ كلّه في كلمةٍ واحدة: **محاذاة الفواصل**.

## 🏰 لماذا نحاذي الفواصل؟

في العدد العشري لكلّ رقمٍ **رتبة**: قبل الفاصلة آحاد وعشرات…، وبعد الفاصلة **أعشار** ثمّ **أجزاء من مئة** ثمّ **أجزاء من ألف**. لا نجمع إلّا ما كان من **نفس الرتبة**: الأعشار مع الأعشار، والآحاد مع الآحاد.

لذلك نضع العمليّة **عموديًّا** بحيث تكون **الفاصلة تحت الفاصلة تمامًا**. عندئذٍ تصطفّ كلّ رتبةٍ تحت رتبتها وحدها:

$$آحاد تحت آحاد · أعشار تحت أعشار · أجزاء من مئة تحت أجزاء من مئة$$

> 🗡️ القاعدة الذهبية: ضع **الفاصلة تحت الفاصلة**، ثمّ احسب من اليمين كما في الأعداد الصحيحة، وأنزل الفاصلة في النتيجة في مكانها نفسه.

## 🔮 إكمال الجزء العشري بالأصفار

أحيانًا يكون لأحد العددين أرقامٌ بعد الفاصلة أكثر من الآخر، مثل 7,5 و 2,38. حتّى تتساوى الرتب **نكمل الجزء العشري بالأصفار على اليمين**، لأنّ إضافة صفرٍ في آخر الجزء العشري **لا يغيّر قيمة العدد**: 7,5 = 7,50.

- نكتب 7,5 في صورة 7,50 لتصبح لكلٍّ منهما رقمان بعد الفاصلة.
- الآن نصطفّ: 7,50 و 2,38، فنجمع أو نطرح بسهولة.

> ⚠️ الفخّ الشائع الأوّل: محاذاة الأرقام من اليمين كالأعداد الصحيحة فتختلّ الفواصل. في 7,5 + 2,38 الرقم 5 **أعشار** ويُحاذي 3 لا 8. حاذِ الفاصلة أوّلًا ثمّ أكمِل بالأصفار.

## ⚡ جمع الأعداد العشرية مع الاحتفاظ

::: figure نضع الفاصلة تحت الفاصلة فتصطفّ كلّ رتبةٍ تحت رتبتها
<svg viewBox="0 0 300 180"><path d="M130 20 V150" stroke="#22c55e" stroke-width="1.4" stroke-dasharray="3 3"/><text x="96.0" y="60.0" text-anchor="middle" font-size="24" font-weight="700" fill="#1f2937" paint-order="stroke" stroke="#ffffff" stroke-width="3.5" stroke-linejoin="round">7</text><text x="130.0" y="60.0" text-anchor="middle" font-size="24" font-weight="700" fill="#1f2937" paint-order="stroke" stroke="#ffffff" stroke-width="3.5" stroke-linejoin="round">,</text><text x="164.0" y="60.0" text-anchor="middle" font-size="24" font-weight="700" fill="#1f2937" paint-order="stroke" stroke="#ffffff" stroke-width="3.5" stroke-linejoin="round">5</text><text x="198.0" y="60.0" text-anchor="middle" font-size="24" font-weight="700" fill="#1f2937" paint-order="stroke" stroke="#ffffff" stroke-width="3.5" stroke-linejoin="round">0</text><text x="58.0" y="100.0" text-anchor="middle" font-size="22" font-weight="700" fill="#1f2937" paint-order="stroke" stroke="#ffffff" stroke-width="3.5" stroke-linejoin="round">+</text><text x="96.0" y="100.0" text-anchor="middle" font-size="24" font-weight="700" fill="#1f2937" paint-order="stroke" stroke="#ffffff" stroke-width="3.5" stroke-linejoin="round">2</text><text x="130.0" y="100.0" text-anchor="middle" font-size="24" font-weight="700" fill="#1f2937" paint-order="stroke" stroke="#ffffff" stroke-width="3.5" stroke-linejoin="round">,</text><text x="164.0" y="100.0" text-anchor="middle" font-size="24" font-weight="700" fill="#1f2937" paint-order="stroke" stroke="#ffffff" stroke-width="3.5" stroke-linejoin="round">3</text><text x="198.0" y="100.0" text-anchor="middle" font-size="24" font-weight="700" fill="#1f2937" paint-order="stroke" stroke="#ffffff" stroke-width="3.5" stroke-linejoin="round">8</text><path d="M60 116 H218" stroke="#1f2937" stroke-width="2.5"/><text x="96.0" y="146.0" text-anchor="middle" font-size="24" font-weight="700" fill="#15803d" paint-order="stroke" stroke="#ffffff" stroke-width="3.5" stroke-linejoin="round">9</text><text x="130.0" y="146.0" text-anchor="middle" font-size="24" font-weight="700" fill="#15803d" paint-order="stroke" stroke="#ffffff" stroke-width="3.5" stroke-linejoin="round">,</text><text x="164.0" y="146.0" text-anchor="middle" font-size="24" font-weight="700" fill="#15803d" paint-order="stroke" stroke="#ffffff" stroke-width="3.5" stroke-linejoin="round">8</text><text x="198.0" y="146.0" text-anchor="middle" font-size="24" font-weight="700" fill="#15803d" paint-order="stroke" stroke="#ffffff" stroke-width="3.5" stroke-linejoin="round">8</text><text x="130.0" y="172.0" text-anchor="middle" font-size="11" font-weight="700" fill="#15803d" paint-order="stroke" stroke="#ffffff" stroke-width="3.5" stroke-linejoin="round">الفاصلة تحت الفاصلة</text></svg>
:::

نجمع تمامًا كما نجمع الأعداد الصحيحة: من **اليمين إلى اليسار**، وإذا بلغ مجموع رتبةٍ عشرةً أو أكثر **نحتفظ** بعشرةٍ للرتبة الموالية. والفاصلة في النتيجة تحت الفاصلتين.

_مثال محسوب:_ 7,50 + 2,38

- أجزاء المئة: 0 + 8 = 8
- الأعشار: 5 + 3 = 8
- ننزل الفاصلة، ثمّ الآحاد: 7 + 2 = 9
- المجموع: 7,50 + 2,38 = 9,88

_مثال فيه احتفاظ:_ 3,7 + 1,6 (نكتبهما 3,7 و 1,6، لكلٍّ رقمٌ واحد بعد الفاصلة)

- الأعشار: 7 + 6 = 13، نكتب 3 ونحتفظ بـ 1
- الآحاد: 3 + 1 + 1 (المحتفَظ به) = 5
- المجموع: 3,7 + 1,6 = 5,3

## 🛡️ طرح الأعداد العشرية مع الاستلاف

في الطرح أيضًا نحاذي الفواصل **ونكمل الناقص بالأصفار**، ثمّ نطرح من اليمين. وإذا كان رقمٌ في الأعلى **أصغر** من الذي تحته **نستلف** عشرةً من الرتبة المجاورة على اليسار.

_مثال محسوب:_ 9,40 − 3,25

- أجزاء المئة: 0 أصغر من 5، نستلف: 10 − 5 = 5، والأعشار تصير 3
- الأعشار: 3 − 2 = 1
- ننزل الفاصلة، ثمّ الآحاد: 9 − 3 = 6
- الفرق: 9,40 − 3,25 = 6,15

> ⚠️ الفخّ الشائع الثاني: نسيان إكمال الأصفار في الطرح. لحساب 12 − 4,3 اكتب 12,0 ثمّ اطرح: 12,0 − 4,3 = 7,7. ولا تنسَ الاستلاف عند الحاجة.

## 🧮 مسائل: الأثمان والأطوال

العمليّتان نستعملهما كثيرًا في الحياة:

- **الأثمان بالدينار:** اشترى كريم دفترًا بـ 3,500 دينار وقلمًا بـ 1,250 دينار. كم دفع؟ نجمع: 3,500 + 1,250 = 4,750 دينارًا.
- **الباقي من الثمن:** دفع وليد بورقة 10 دنانير ثمن سلعةٍ بـ 6,750 دينار. كم يرجع له؟ نطرح: 10,000 − 6,750 = 3,250 دينارًا.
- **الأطوال:** طول شريطٍ 1,4 m وطول آخر 0,85 m. ما مجموع الطولين؟ نكتب 1,40 + 0,85 = 2,25 m.

> 🗡️ في الأثمان بالدينار نكتب **ثلاثة أرقام بعد الفاصلة** (المليمات)، فأكمِل بالأصفار عند اللزوم: 10 دنانير = 10,000 دينار.

## 📐 تقدير رتبة المقدار للتثبّت

قبل أن تقبل النتيجة، **قدّرها بسرعة** بتقريب كلّ عددٍ إلى أقرب عددٍ صحيح، فتعرف هل جوابك معقول:

- في 7,50 + 2,38 ≈ 8 + 2 = 10، ونتيجتنا 9,88 قريبة من 10 ✓.
- في 9,40 − 3,25 ≈ 9 − 3 = 6، ونتيجتنا 6,15 قريبة من 6 ✓.

إذا ابتعدت نتيجتك كثيرًا عن التقدير، فغالبًا أخطأتَ في محاذاة الفاصلة أو في الاحتفاظ أو الاستلاف، فأعِد الحساب.

> 🏆 أحسنت أيّها البطل! صرت تحاذي الفواصل، وتكمل بالأصفار، وتجمع مع الاحتفاظ وتطرح مع الاستلاف، وتحلّ مسائل الأثمان والأطوال، وتتثبّت بتقدير رتبة المقدار. الفصل القادم سيف أقوى: **ضرب الأعداد العشرية** — استعدّ له!', '# 📜 ملخّص: جمع وطرح الأعداد العشرية

- **محاذاة الفواصل:** نضع العمليّة عموديًّا بحيث تكون الفاصلة تحت الفاصلة، فتصطفّ كلّ رتبةٍ تحت رتبتها (آحاد تحت آحاد، أعشار تحت أعشار…).
- **إكمال بالأصفار:** نكمل الجزء العشري الأقصر بأصفارٍ على اليمين لتساوي عدد الأرقام، لأنّ 7,5 = 7,50 (الصفر الأخير لا يغيّر القيمة).
- **الجمع مع الاحتفاظ:** نجمع من اليمين، وإذا بلغ مجموع رتبةٍ عشرةً نحتفظ بعشرةٍ للرتبة الموالية، مثل 3,7 + 1,6 = 5,3.
- **الطرح مع الاستلاف:** إذا كان الرقم الأعلى أصغر نستلف عشرةً من اليسار، مثل 9,40 − 3,25 = 6,15.
- **الفاصلة في النتيجة:** ننزلها تحت الفاصلتين في مكانها نفسه.
- **مسائل الأثمان بالدينار:** نكتب ثلاثة أرقام بعد الفاصلة (المليمات)، مثل 3,500 + 1,250 = 4,750 دينارًا، و 10,000 − 6,750 = 3,250 دينارًا.
- **مسائل الأطوال:** نحاذي ونكمل، مثل 1,40 + 0,85 = 2,25 m.
- **تقدير رتبة المقدار:** نقرّب كلّ عددٍ إلى أقرب عددٍ صحيح للتثبّت، فإن ابتعدت النتيجة كثيرًا أعدنا الحساب، مثل 7,50 + 2,38 ≈ 10 والنتيجة 9,88 ✓.', 4, NULL)
ON CONFLICT (id) DO UPDATE SET
  subject_id = EXCLUDED.subject_id,
  title = EXCLUDED.title,
  description = EXCLUDED.description,
  lesson_content = EXCLUDED.lesson_content,
  summary = EXCLUDED.summary,
  display_order = EXCLUDED.display_order,
  manuel_ref = EXCLUDED.manuel_ref;

INSERT INTO public.chapters (id, subject_id, title, description, lesson_content, summary, display_order, manuel_ref) VALUES
  ('f80b7e9d-9413-57fb-b26b-6c2a626403cb', 'math-5eme', 'ضرب الأعداد العشرية', 'ضرب عددٍ عشريّ في عددٍ صحيحٍ طبيعيّ بوضع العمليّة (نضرب كأنّهما صحيحان ثمّ نضع في الجداء عددًا من أرقام الجزء العشري يساوي عدد أرقام الجزء العشري في العاملين)، الضرب في 10 و100 و1000 بإزاحة الفاصلة نحو اليمين بقدر عدد الأصفار، وحلّ مسائل في الثمن الجمليّ والمساحات بأطوالٍ عشرية', '# ⚔️ ضرب الأعداد العشرية — قوّة الجمع المتكرّر مع فاصلة

> 💡 «اضرب كأنّ الفاصلة غير موجودة، ثمّ أعِدها إلى مكانها بعدد دقيق من الأرقام؛ فتُنجز أثمان السوق ومساحات الأرض في لمحة.»

أهلًا بك أيّها البطل! تعرف من قبلُ كيف تضرب الأعداد الصحيحة، وتعرف من الفصل السابق كيف **تجمع وتطرح الأعداد العشرية**. اليوم سلاحٌ أقوى: **ضرب عددٍ عشريّ في عددٍ صحيح**، مثل ثمن 3 كرّاسات السعر الواحدة 1,250 دينار. السرّ كلّه في خطوتين: **اضرب كأنّهما صحيحان، ثمّ ضع الفاصلة**.

## 🏰 الضرب لا يزال جمعًا متكرّرًا

العدد العشريّ مضروبًا في عددٍ صحيح هو **جمعٌ متكرّر** كما تعلّمت في الصحيحة. مثلًا 2,5 × 3 تعني 2,5 مجموعةً 3 مرّات:

$$2,5 × 3 = 2,5 + 2,5 + 2,5 = 7,5$$

لكنّ الجمع المتكرّر يطول كلّما كبُر العدد الصحيح. لذلك نتعلّم **تقنية وضع العمليّة** التي تعطي الجواب نفسه بسرعة.

## 🧮 القاعدة: اضرب كأنّهما صحيحان ثمّ ضع الفاصلة

::: figure نضرب كأنّهما عددان صحيحان، ثمّ نضع في الجداء عددًا من الأرقام يساوي أرقام الجزء العشري
<svg viewBox="0 0 340 160"><rect x="28" y="30" width="130" height="44" rx="8" fill="#f5f3ff" stroke="#7c3aed" stroke-width="2"/><text x="93.0" y="50.0" text-anchor="middle" font-size="11" font-weight="700" fill="#6d28d9" paint-order="stroke" stroke="#ffffff" stroke-width="3.5" stroke-linejoin="round">نتجاهل الفاصلة</text><text x="93.0" y="66.0" text-anchor="middle" font-size="15" font-weight="700" fill="#6d28d9" direction="ltr" unicode-bidi="isolate" paint-order="stroke" stroke="#ffffff" stroke-width="3.5" stroke-linejoin="round">25 × 3 = 75</text><path d="M166 52 H196" stroke="#64748b" stroke-width="2"/><path d="M196 52 l-8 -4 v8 z" fill="#64748b"/><rect x="204" y="30" width="130" height="44" rx="8" fill="#dcfce7" stroke="#16a34a" stroke-width="2"/><text x="269.0" y="50.0" text-anchor="middle" font-size="10" font-weight="700" fill="#15803d" paint-order="stroke" stroke="#ffffff" stroke-width="3.5" stroke-linejoin="round">رقمٌ واحد بعد الفاصلة</text><text x="269.0" y="66.0" text-anchor="middle" font-size="16" font-weight="700" fill="#15803d" direction="ltr" unicode-bidi="isolate" paint-order="stroke" stroke="#ffffff" stroke-width="3.5" stroke-linejoin="round">7,5</text><text x="170.0" y="112.0" text-anchor="middle" font-size="20" font-weight="700" fill="#1f2937" direction="ltr" unicode-bidi="isolate" paint-order="stroke" stroke="#ffffff" stroke-width="3.5" stroke-linejoin="round">2,5 × 3 = 7,5</text><text x="170.0" y="140.0" text-anchor="middle" font-size="10" font-weight="700" fill="#64748b" paint-order="stroke" stroke="#ffffff" stroke-width="3.5" stroke-linejoin="round">عدد الأرقام بعد الفاصلة في الجداء = عددها في العامل</text></svg>
:::

لضرب عددٍ عشريّ في عددٍ صحيح نتّبع خطوتين:

1. **نضرب العددين كأنّهما صحيحان**، أي نتجاهل الفاصلة مؤقّتًا ونضرب عددًا صحيحًا في عددٍ صحيح.
2. **نضع في الجداء عددًا من أرقام الجزء العشري يساوي عدد أرقام الجزء العشري في العاملين** (والعامل الصحيح لا جزء عشريّ له، فالعدّ يأتي كلّه من العدد العشري).

نعدّ الفاصلة من **اليمين**.

_مثال محسوب:_ 2,5 × 3

- نتجاهل الفاصلة: 25 × 3 = 75.
- في العامل 2,5 رقمٌ واحد بعد الفاصلة، فنضع في الجداء **رقمًا واحدًا** بعد الفاصلة: 7,5.
- إذن 2,5 × 3 = 7,5. (ويطابق الجمع المتكرّر أعلاه ✓.)

> 🗡️ عُدّ أرقام الجزء العشري في العامل العشريّ **قبل** أن تبدأ، واحفظ العدد؛ هو نفسه عدد الأرقام التي تضعها بعد الفاصلة في الجداء.

## 🔮 مثالٌ فيه رقمان بعد الفاصلة

كلّما زادت أرقام الجزء العشري في العامل، زاد عددها في الجداء بالمقدار نفسه.

_مثال محسوب:_ 1,25 × 4

- نتجاهل الفاصلة: 125 × 4 = 500.
- في 1,25 **رقمان** بعد الفاصلة، فنضع في الجداء **رقمين** بعد الفاصلة بالعدّ من اليمين: 5,00.
- و 5,00 = 5، إذن 1,25 × 4 = 5.

> ⚠️ الفخّ الشائع الأوّل: نسيان عدّ كلّ أرقام الجزء العشري. في 1,25 × 4 يجب وضع **رقمين** بعد الفاصلة لا رقمًا واحدًا؛ من يضع رقمًا واحدًا يكتب 50,0 وهو خطأ. عدد أرقام الجزء العشري في الجداء = عددها في العامل العشريّ.

## ⚡ الضرب في 10 و100 و1000

هذه حالة خاصّة سريعة جدًّا: لا نضع العمليّة، بل **نُزيح الفاصلة نحو اليمين** بقدر عدد الأصفار:

- الضرب في **10**: نُزيح الفاصلة **مرتبةً واحدة** نحو اليمين: 3,17 × 10 = 31,7.
- الضرب في **100**: نُزيح الفاصلة **مرتبتين**: 3,17 × 100 = 317.
- الضرب في **1000**: نُزيح الفاصلة **ثلاث مراتب**: 3,17 × 1000 = 3170.

وإذا لم تكفِ الأرقام بعد الفاصلة **نكمل بالأصفار** على اليمين: 3,17 × 100 = 317، و 3,17 × 1000 = 3170 (أضفنا صفرًا).

> 🗡️ القاعدة الذهبية: عدد الأصفار في 10 أو 100 أو 1000 = عدد المراتب التي تُزيحها الفاصلة نحو **اليمين** (لأنّ العدد يكبُر).

> ⚠️ الفخّ الشائع الثاني: إزاحة الفاصلة نحو اليسار. الضرب **يكبّر** العدد، فالفاصلة تتحرّك نحو **اليمين**: 4,2 × 10 = 42 وليست 0,42.

## 🛡️ التقدير للتثبّت من موضع الفاصلة

قبل أن تقبل الجواب، **قدّر** الجداء بتقريب العدد العشريّ إلى أقرب عددٍ صحيح؛ فتعرف هل موضع الفاصلة صحيح:

- في 2,5 × 3: العدد 2,5 قريبٌ من 3، و 3 × 3 = 9، فالجواب قريبٌ من 9. نتيجتنا 7,5 معقولة ✓ (أمّا 75 أو 0,75 فبعيدتان).
- في 1,25 × 4: العدد 1,25 قريبٌ من 1، و 1 × 4 = 4، فالجواب قريبٌ من 4. نتيجتنا 5 معقولة ✓.

إذا ابتعد جوابك كثيرًا عن التقدير، فغالبًا أخطأتَ في **موضع الفاصلة**، فأعِد العدّ.

## 📐 مسائل: الثمن الجمليّ والمساحات

نستعمل هذا الضرب كثيرًا في الحياة:

- **الثمن الجمليّ:** ثمن الكرّاسة الواحدة 1,250 دينار، فكم ثمن 3 كرّاسات؟ نضرب: 1,250 × 3 = 3,750 دينارًا.
- **مسافة:** يقطع عدّاءٌ 2,4 km في كلّ دورة، فكم يقطع في 5 دورات؟ 2,4 × 5 = 12 km.
- **المساحة بطولٍ عشريّ:** مستطيلٌ طوله 3,5 m وعرضه 4 m، فما مساحته؟ المساحة = الطول × العرض = 3,5 × 4 = 14 m². (نضرب 35 × 4 = 140، ثمّ نضع رقمًا واحدًا بعد الفاصلة: 14,0 = 14.)

> 🗡️ في المساحة اضرب الطول في العرض، وانتبه إلى الوحدة: ضربُ أمتارٍ في أمتار يعطي **m²**.

> 🏆 أحسنت أيّها البطل! صرت تضرب العدد العشريّ في الصحيح بوضع العمليّة، وتعدّ أرقام الجزء العشري في الجداء، وتضرب في 10 و100 و1000 بإزاحة الفاصلة، وتحلّ مسائل الثمن الجمليّ والمساحات، وتتثبّت بالتقدير. الفصل القادم بوّابةٌ جديدة: **القسمة** — استعدّ لها!', '# 📜 ملخّص: ضرب الأعداد العشرية

- **الضرب جمعٌ متكرّر:** 2,5 × 3 = 2,5 + 2,5 + 2,5 = 7,5، لكنّ وضع العمليّة أسرع.
- **القاعدة في خطوتين:** نضرب العددين كأنّهما صحيحان (نتجاهل الفاصلة)، ثمّ نضع في الجداء عددًا من أرقام الجزء العشري يساوي عدد أرقام الجزء العشري في العاملين، بالعدّ من اليمين.
- **مثال:** 1,25 × 4 ← نحسب 125 × 4 = 500، وفي 1,25 رقمان بعد الفاصلة فنضع رقمين: 5,00 = 5.
- **الضرب في 10 و100 و1000:** نُزيح الفاصلة نحو **اليمين** بقدر عدد الأصفار: 3,17 × 10 = 31,7؛ 3,17 × 100 = 317؛ 3,17 × 1000 = 3170.
- **الإكمال بالأصفار:** إن لم تكفِ الأرقام بعد الفاصلة نكمل بأصفارٍ على اليمين، مثل 3,17 × 1000 = 3170.
- **التقدير للتثبّت:** نقرّب العدد العشريّ إلى أقرب صحيح لنتحقّق من موضع الفاصلة، مثل 1,25 × 4 ≈ 1 × 4 = 4 والنتيجة 5 ✓.
- **مسائل الثمن الجمليّ:** ثمن الواحدة × العدد، مثل 1,250 × 3 = 3,750 دينارًا.
- **مسائل المساحات:** الطول × العرض، مثل 3,5 × 4 = 14 m².', 5, NULL)
ON CONFLICT (id) DO UPDATE SET
  subject_id = EXCLUDED.subject_id,
  title = EXCLUDED.title,
  description = EXCLUDED.description,
  lesson_content = EXCLUDED.lesson_content,
  summary = EXCLUDED.summary,
  display_order = EXCLUDED.display_order,
  manuel_ref = EXCLUDED.manuel_ref;

INSERT INTO public.chapters (id, subject_id, title, description, lesson_content, summary, display_order, manuel_ref) VALUES
  ('919437f3-7913-5144-b78f-eee53cca8b24', 'math-5eme', 'القسمة', 'القسمة الإقليدية ومصطلحاتها (المقسوم والمقسوم عليه والخارج والباقي) مع العلاقة المقسوم = المقسوم عليه × الخارج + الباقي حيث الباقي < المقسوم عليه، القسمة على عددٍ ذي رقمٍ واحد ثمّ ذي رقمين، تمديد القسمة للحصول على خارجٍ عشريّ بوضع فاصلة وإضافة أصفار، قسمة عددٍ عشريّ على عددٍ صحيح، القسمة على 10 و100 بإزاحة الفاصلة، وحلّ مسائل التوزيع والتقسيم بالتساوي', '# ⚔️ القسمة — فنّ التوزيع بالعدل

> 💡 «القسمة سؤالٌ واحد: كم مرّةً يدخل عددٌ في عددٍ آخر؟ أتقِنها فتوزّع كلّ شيءٍ بالتساوي وتعرف ما يتبقّى.»

أهلًا بك أيّها البطل! تعرف من قبلُ كيف **تضرب**، وقد أتقنتَ في الفصل السابق **ضرب الأعداد العشرية**. اليوم نتعلّم العمليّة العكسية: **القسمة**. القسمة تجيب عن سؤالٍ نواجهه كلّ يوم: إذا وزّعنا أشياءً بالتساوي على عدّةٍ من الأشخاص، فكم ينال كلٌّ منهم؟ وكم يبقى دون توزيع؟

## 🏰 القسمة الإقليدية ومصطلحاتها

::: figure لكلّ عددٍ في القسمة اسمُه، وتربطها جميعًا العلاقةُ الذهبية مع بقاءٍ أصغر من المقسوم عليه
<svg viewBox="0 0 350 178"><rect x="20" y="30" width="74" height="50" rx="7" fill="#ffffff" stroke="#1d4ed8" stroke-width="2.2"/><text x="57.0" y="26.0" text-anchor="middle" font-size="10.5" font-weight="700" fill="#1d4ed8" paint-order="stroke" stroke="#ffffff" stroke-width="3.5" stroke-linejoin="round">المقسوم</text><text x="57.0" y="64.0" text-anchor="middle" font-size="22" font-weight="700" fill="#1f2937" paint-order="stroke" stroke="#ffffff" stroke-width="3.5" stroke-linejoin="round">47</text><rect x="104" y="30" width="74" height="50" rx="7" fill="#ffffff" stroke="#7c3aed" stroke-width="2.2"/><text x="141.0" y="26.0" text-anchor="middle" font-size="10.5" font-weight="700" fill="#7c3aed" paint-order="stroke" stroke="#ffffff" stroke-width="3.5" stroke-linejoin="round">المقسوم عليه</text><text x="141.0" y="64.0" text-anchor="middle" font-size="22" font-weight="700" fill="#1f2937" paint-order="stroke" stroke="#ffffff" stroke-width="3.5" stroke-linejoin="round">6</text><rect x="188" y="30" width="74" height="50" rx="7" fill="#ffffff" stroke="#15803d" stroke-width="2.2"/><text x="225.0" y="26.0" text-anchor="middle" font-size="10.5" font-weight="700" fill="#15803d" paint-order="stroke" stroke="#ffffff" stroke-width="3.5" stroke-linejoin="round">الخارج</text><text x="225.0" y="64.0" text-anchor="middle" font-size="22" font-weight="700" fill="#1f2937" paint-order="stroke" stroke="#ffffff" stroke-width="3.5" stroke-linejoin="round">7</text><rect x="272" y="30" width="74" height="50" rx="7" fill="#ffffff" stroke="#b91c1c" stroke-width="2.2"/><text x="309.0" y="26.0" text-anchor="middle" font-size="10.5" font-weight="700" fill="#b91c1c" paint-order="stroke" stroke="#ffffff" stroke-width="3.5" stroke-linejoin="round">الباقي</text><text x="309.0" y="64.0" text-anchor="middle" font-size="22" font-weight="700" fill="#1f2937" paint-order="stroke" stroke="#ffffff" stroke-width="3.5" stroke-linejoin="round">5</text><text x="175.0" y="108.0" text-anchor="middle" font-size="18" font-weight="700" fill="#15803d" direction="ltr" unicode-bidi="isolate" paint-order="stroke" stroke="#ffffff" stroke-width="3.5" stroke-linejoin="round">47 = (6 × 7) + 5</text><rect x="60" y="126" width="230" height="34" rx="8" fill="#fef9c3" stroke="#a16207" stroke-width="2"/><text x="175.0" y="141.0" text-anchor="middle" font-size="11" font-weight="700" fill="#a16207" paint-order="stroke" stroke="#ffffff" stroke-width="3.5" stroke-linejoin="round">الباقي 5 أصغر من المقسوم عليه 6</text><text x="175.0" y="154.0" text-anchor="middle" font-size="11" font-weight="700" fill="#a16207" paint-order="stroke" stroke="#ffffff" stroke-width="3.5" stroke-linejoin="round">إذن القسمة صحيحة ✓</text></svg>
:::

تخيّل 47 جوهرةً نوزّعها بالعدل على 6 صناديق. ننظر في جدول الضرب لـ 6: أكبر جداءٍ لا يتجاوز 47 هو 6 × 7 = 42. إذن ينال كلّ صندوقٍ 7 جواهر، ويبقى 47 − 42 = 5 جواهر لا تكفي لتوزيعٍ جديد. نكتب:

$$47 ÷ 6 = 7 والباقي 5$$

لكلّ عددٍ في القسمة اسمٌ خاصّ:

| المصطلح | في المثال 47 ÷ 6 | معناه |
| --- | --- | --- |
| **المقسوم** | 47 | العدد الذي نوزّعه |
| **المقسوم عليه** | 6 | عدد الحصص (نقسم عليه) |
| **الخارج** | 7 | نصيب كلّ حصّة |
| **الباقي** | 5 | ما تبقّى دون توزيع |

> 🗡️ الباقي **يجب** أن يكون **أصغر** من المقسوم عليه دائمًا. فلو بقي عددٌ يساوي المقسوم عليه أو أكبر منه، لأمكن توزيعه مرّةً أخرى ولزاد الخارج.

## 🔮 العلاقة الأساسية للتثبّت

كلّ قسمةٍ إقليدية تربطها علاقةٌ ذهبية بين أعدادها الأربعة، وبها نتثبّت من صحّة الجواب:

$$المقسوم = المقسوم عليه × الخارج + الباقي$$

_مثال محسوب:_ في 53 ÷ 4 نجد 4 × 13 = 52 ≤ 53، والباقي 53 − 52 = 1، فالخارج 13 والباقي 1. نتحقّق:

$$4 × 13 + 1 = 52 + 1 = 53 ✓$$

والباقي 1 أصغر من المقسوم عليه 4، فالقسمة صحيحة.

> ⚠️ الفخّ الشائع الأوّل: ترك باقٍ **أكبر من المقسوم عليه أو يساويه**. في 38 ÷ 5 لا يصحّ أن نقول «الخارج 6 والباقي 8»، لأنّ 8 أكبر من 5! الصواب 5 × 7 = 35، فالخارج 7 والباقي 3.

## ⚡ القسمة على عددٍ ذي رقمين

نقسم على عددٍ من رقمين بالطريقة نفسها: نبحث في مضاعفات المقسوم عليه عن أكبر جداءٍ لا يتجاوز المقسوم.

_مثال محسوب:_ 100 ÷ 27. مضاعفات 27 هي: 27، 54، 81، 108… أكبر واحدٍ لا يتجاوز 100 هو 81 = 27 × 3. إذن الخارج 3، والباقي 100 − 81 = 19. نتحقّق: 27 × 3 + 19 = 81 + 19 = 100 ✓، والباقي 19 أصغر من 27.

_مثالٌ آخر:_ 85 ÷ 15. مضاعفات 15: 15، 30، 45، 60، 75، 90… أكبرها دون 85 هو 75 = 15 × 5، فالخارج 5 والباقي 85 − 75 = 10. تحقّق: 15 × 5 + 10 = 85 ✓.

## 🧮 تمديد القسمة للحصول على خارجٍ عشريّ

أحيانًا نريد توزيعًا **دقيقًا دون باقٍ**، مثل تقاسم الأثمان. عندئذٍ **نمدّد القسمة**: عندما ينتهي المقسوم ويبقى باقٍ، **نضع فاصلةً في الخارج ونضيف صفرًا** إلى الباقي ونواصل.

_مثال محسوب:_ 15 ÷ 4.

- 15 ÷ 4: الخارج 3 والباقي 3 (لأنّ 4 × 3 = 12).
- نضع الفاصلة في الخارج، ونُنزل صفرًا فيصير الباقي 30.
- 30 ÷ 4: الخارج 7 والباقي 2 (لأنّ 4 × 7 = 28).
- نُنزل صفرًا آخر فيصير 20. و 20 ÷ 4 = 5 بالضبط.
- إذن الخارج: 15 ÷ 4 = 3,75. تحقّق: 4 × 3,75 = 15 ✓.

> 🗡️ إضافة الأصفار بعد الفاصلة لا تغيّر قيمة المقسوم: 15 = 15,00. ونواصل القسمة حتّى يصير الباقي 0 (أو نقف عند الدقّة المطلوبة).

## 🧪 قسمة عددٍ عشريّ على عددٍ صحيح

نقسم العدد العشري على عددٍ صحيحٍ كأنّه صحيح، ولكن **عند بلوغ الفاصلة في المقسوم نضع الفاصلة في الخارج** ثمّ نواصل.

_مثال محسوب:_ 7,5 ÷ 3.

- نقسم الجزء الصحيح: 7 ÷ 3 الخارج 2 والباقي 1.
- بلغنا الفاصلة، فنضعها في الخارج، ونُنزل الرقم 5 فيصير الباقي 15.
- 15 ÷ 3 = 5 بالضبط.
- إذن 7,5 ÷ 3 = 2,5. تحقّق: 3 × 2,5 = 7,5 ✓.

> ⚠️ الفخّ الشائع الثاني: نسيان **وضع الفاصلة في الخارج** عند تجاوز فاصلة المقسوم، فيخرج الجواب 25 بدل 2,5! انتبه: متى نزلتَ على فاصلة المقسوم وجب وضع فاصلةٍ في الخارج فورًا.

## 📐 القسمة على 10 و100

لقسمة عددٍ على 10 أو 100 لا نحتاج إلى عمليّةٍ طويلة، بل **نُزيح الفاصلة نحو اليسار**:

- **÷ 10:** نُزيح الفاصلة مرتبةً واحدةً نحو اليسار. مثال: 47 ÷ 10 = 4,7 و 350 ÷ 10 = 35.
- **÷ 100:** نُزيح الفاصلة مرتبتين نحو اليسار. مثال: 1 250 ÷ 100 = 12,5 و 47 ÷ 100 = 0,47.

إذا لم تكفِ الأرقام أكملنا بأصفارٍ على اليسار: 8 ÷ 10 = 0,8 و 9 ÷ 100 = 0,09.

> 🏆 أحسنت أيّها البطل! صرت تُتقن القسمة الإقليدية ومصطلحاتها، وتتثبّت بعلاقة المقسوم = المقسوم عليه × الخارج + الباقي، وتقسم على عددٍ من رقمٍ ومن رقمين، وتمدّد القسمة لخارجٍ عشريّ، وتقسم عددًا عشريًّا، وتقسم على 10 و100. الفصل القادم كنزٌ جديد: **الكسور** — استعدّ له! 🏆', '# 📜 ملخّص: القسمة

- **القسمة الإقليدية:** نوزّع المقسوم بالعدل، مثل 47 ÷ 6 = 7 والباقي 5.
- **المصطلحات:** **المقسوم** هو الموزَّع، و**المقسوم عليه** عدد الحصص، و**الخارج** نصيب كلّ حصّة، و**الباقي** ما تبقّى.
- **شرط الباقي:** الباقي **أصغر دائمًا** من المقسوم عليه، وإلّا أمكن توزيعه من جديد.
- **العلاقة الذهبية للتثبّت:** المقسوم = المقسوم عليه × الخارج + الباقي، مثل 4 × 13 + 1 = 53.
- **القسمة على عددٍ من رقمين:** نبحث في مضاعفات المقسوم عليه عن أكبر جداءٍ لا يتجاوز المقسوم، مثل 100 ÷ 27 = 3 والباقي 19.
- **تمديد القسمة لخارجٍ عشريّ:** نضع فاصلةً في الخارج ونُنزل أصفارًا، مثل 15 ÷ 4 = 3,75.
- **قسمة عددٍ عشريّ على صحيح:** عند بلوغ فاصلة المقسوم نضع الفاصلة في الخارج، مثل 7,5 ÷ 3 = 2,5.
- **القسمة على 10 و100:** نُزيح الفاصلة نحو اليسار مرتبةً (÷10) أو مرتبتين (÷100)، مثل 47 ÷ 10 = 4,7 و 1 250 ÷ 100 = 12,5.', 6, NULL)
ON CONFLICT (id) DO UPDATE SET
  subject_id = EXCLUDED.subject_id,
  title = EXCLUDED.title,
  description = EXCLUDED.description,
  lesson_content = EXCLUDED.lesson_content,
  summary = EXCLUDED.summary,
  display_order = EXCLUDED.display_order,
  manuel_ref = EXCLUDED.manuel_ref;

INSERT INTO public.chapters (id, subject_id, title, description, lesson_content, summary, display_order, manuel_ref) VALUES
  ('85fd2b06-e40a-5718-af2e-cc342fcd2f5c', 'math-5eme', 'الكسور', 'معنى الكسر والبسط والمقام، والكسر من كمّية، والكسور المتساوية واختزال الكسر، ومقارنة الكسور التي لها نفس المقام أو بالنسبة إلى الوحدة، والعلاقة بين الكسر والكتابة العشرية', '# ⚔️ الكسور — حين نقسم الوحدة إلى أجزاء متساوية

> 💡 «الكسر ليس عددًا ناقصًا… بل طريقةٌ ذكيّةٌ للتعبير عن جزءٍ من شيءٍ واحد.»

في البوّابة السابقة أتقنت **القسمة**، فعرفت كيف نوزّع كمّيةً على حصصٍ متساوية. لكن ماذا لو لم تنقسم الوحدة بالضبط؟ إذا قسمنا فطيرةً على 4 أطفال، فلكلّ طفلٍ **جزءٌ من الفطيرة** نسمّيه **رُبعًا**. هذا الجزء هو **الكسر**. في هذه المغامرة نتعلّم معنى الكسر، وكيف نحسب كسرًا من كمّية، ونكتشف **الكسور المتساوية** و**اختزالها**، ونقارن الكسور، ونربطها بالكتابة العشرية.

## 🍕 ما هو الكسر؟ البسط والمقام

نقسم الوحدة (شكلًا كاملًا) إلى **أجزاء متساوية**، ثمّ نأخذ منها عددًا. نكتب ذلك على هيئة **a/b**:

- **المقام** (العدد الأسفل b): إلى كم جزءٍ متساوٍ قسّمنا الوحدة.
- **البسط** (العدد الأعلى a): كم جزءًا أخذنا.

في الشكل التالي قُسّم القرص إلى 4 أجزاء متساوية، ولُوّن منها جزءٌ واحد، فالجزء الملوّن هو 1/4:

<svg viewBox="0 0 100 100"><circle cx="50" cy="50" r="44" fill="none" stroke="currentColor" stroke-width="2.5"/><path d="M50 50 L50 6 A44 44 0 0 1 94 50 Z" fill="#d1d5db"/><line x1="6" y1="50" x2="94" y2="50" stroke="currentColor" stroke-width="2.5"/><line x1="50" y1="6" x2="50" y2="94" stroke="currentColor" stroke-width="2.5"/></svg>

نقرأ 1/4 «رُبع»، و 3/4 «ثلاثة أرباع»، و 2/3 «جزءان من ثلاثة (ثُلثان)».

> 🗡️ الحيلة: المقام يخبرك بحجم الجزء (كم جزءًا في الوحدة)، والبسط يخبرك بعدد الأجزاء المأخوذة. كلّما **كبر المقام صَغُر الجزء**.

## 🔢 الكسر من كمّية

«الكسر من كمّية» يعني أخذ جزءٍ من عددٍ من الأشياء. لحساب **a/b من عددٍ**، نتّبع خطوتين:

1. **نقسم** العدد على المقام b (نجد قيمة الجزء الواحد).
2. **نضرب** الناتج في البسط a (نأخذ a من هذه الأجزاء).

_مثال محسوب:_ نحسب 3/4 من 20. نقسم: 20 ÷ 4 = 5 (قيمة الرُبع الواحد)، ثمّ نضرب: 5 × 3 = 15. إذن **3/4 من 20 = 15**.

_مثال محسوب:_ نحسب 1/5 من 30. نقسم فقط: 30 ÷ 5 = 6. إذن **1/5 من 30 = 6**.

> ⚠️ الفخّ: لا تضرب في المقام! 3/4 من 20 **ليست** 20 × 4. نقسم على المقام أوّلًا، ثمّ نضرب في البسط.

## 🟰 الكسور المتساوية

كسرانِ **متساويان** إذا مثّلا الجزء نفسه من الوحدة. في الشكل التالي القرصان لُوّن من كلٍّ منهما **النصف نفسه**، لكنّ الأوّل مقسومٌ إلى جزأين والثاني إلى أربعة، فـ 1/2 = 2/4:

<svg viewBox="0 0 220 100"><circle cx="50" cy="50" r="44" fill="none" stroke="currentColor" stroke-width="2.5"/><path d="M50 50 L50 6 A44 44 0 0 1 50 94 Z" fill="#d1d5db"/><line x1="50" y1="6" x2="50" y2="94" stroke="currentColor" stroke-width="2.5"/><circle cx="170" cy="50" r="44" fill="none" stroke="currentColor" stroke-width="2.5"/><path d="M170 50 L170 6 A44 44 0 0 1 214 50 Z" fill="#d1d5db"/><path d="M170 50 L214 50 A44 44 0 0 1 170 94 Z" fill="#d1d5db"/><line x1="126" y1="50" x2="214" y2="50" stroke="currentColor" stroke-width="2.5"/><line x1="170" y1="6" x2="170" y2="94" stroke="currentColor" stroke-width="2.5"/></svg>

نحصل على كسرٍ يساويه بـ**ضرب** البسط والمقام **في العدد نفسه**، أو بـ**قسمتهما** على العدد نفسه:

$$ 1/2 = 2/4 = 3/6 = 4/8 $$

_مثال محسوب:_ نُكمل 2/3 = .../12. المقام تضاعف من 3 إلى 12 (×4)، فنضرب البسط أيضًا: 2 × 4 = 8. إذن **2/3 = 8/12**.

> ⚠️ الفخّ: يجب ضرب (أو قسمة) **البسط والمقام معًا** بالعدد نفسه. إن غيّرت أحدهما فقط، تغيّرت قيمة الكسر.

## 🔻 اختزال الكسر

**اختزال** كسرٍ معناه كتابته في **أبسط صورة**، بقسمة البسط والمقام على **قاسمٍ مشترك** لهما. نكرّر القسمة حتّى لا يبقى لهما قاسمٌ مشتركٌ غير 1.

_مثال محسوب:_ نختزل 6/8. البسط والمقام يقبلان القسمة على 2: 6 ÷ 2 = 3 و 8 ÷ 2 = 4. إذن **6/8 = 3/4**، ولا قاسم مشترك بعدها، فهي أبسط صورة.

_مثال محسوب:_ نختزل 10/15. نقسم على 5: 10 ÷ 5 = 2 و 15 ÷ 5 = 3. إذن **10/15 = 2/3**.

> 🗡️ الحيلة: ابحث عن أكبر عددٍ يقسم البسط والمقام معًا، واقسم عليه مرّةً واحدة. إن لم تجده دفعةً واحدة، اقسم على 2 أو 3 أو 5 وكرّر.

## ⚖️ مقارنة الكسور

نقارن الكسور بطريقتين في هذا المستوى:

- **كسورٌ لها نفس المقام:** الأكبر بسطًا هو الأكبر، لأنّ الأجزاء من الحجم نفسه. مثال: 3/5 > 2/5 (3 أجزاء أكبر من 2 من الحجم نفسه).
- **بالنسبة إلى الوحدة 1:** إذا كان البسط **أصغر** من المقام فالكسر **أصغر من 1** (مثل 3/4). وإذا **ساواه** فالكسر **يساوي 1** (مثل 5/5 = 1). وإذا كان **أكبر** فالكسر **أكبر من 1** (مثل 7/4 > 1).

| الحالة          | الشرط          | مثال        |
| --------------- | -------------- | ----------- |
| أصغر من الوحدة | البسط < المقام | 3/4 < 1     |
| يساوي الوحدة   | البسط = المقام | 6/6 = 1     |
| أكبر من الوحدة | البسط > المقام | 9/8 > 1     |

> ⚠️ الفخّ الشائع: الظنّ أنّ المقام الأكبر يعني كسرًا أكبر، فيُقال 1/3 > 1/2. هذا خطأ! كلّما كبر المقام **صَغُر** الجزء، فـ 1/3 **أصغر** من 1/2. (نقارن مختلفي المقام بهذه الفكرة فقط، لا بقاعدةٍ عامّة.)

## 🔟 الكسر والكتابة العشرية

بعض الكسور لها **كتابةٌ عشرية** نعرفها من القياس والنقود. أهمّها أن نحفظ هذه الجسور:

| الكسر | الكتابة العشرية | كيف نقرؤها           |
| ----- | --------------- | -------------------- |
| 1/2   | 0,5             | خمسة أعشار           |
| 1/4   | 0,25            | خمسة وعشرون جزءًا من مئة |
| 3/4   | 0,75            | خمسة وسبعون جزءًا من مئة |
| 3/10  | 0,3             | ثلاثة أعشار          |
| 1/100 | 0,01            | جزءٌ واحد من مئة      |

الفكرة: المقام 10 يعني رقمًا واحدًا بعد الفاصلة، والمقام 100 يعني رقمين بعد الفاصلة.

_مثال محسوب:_ 7/10 = 0,7 (سبعة أعشار)، و 1/4 = 0,25 لأنّ 1/4 = 25/100.

> 🗡️ تذكّر: نصف الشيء = 0,5، ورُبعه = 0,25، وثلاثة أرباعه = 0,75. هذه الثلاثة تتكرّر كثيرًا في القياس والنقود.

> 🏆 رائع أيّها البطل! صرت تفهم الكسر وبسطه ومقامه، وتحسب كسرًا من كمّية، وتجد الكسور المتساوية وتختزلها، وتقارن الكسور، وتربطها بالكتابة العشرية. استعدّ الآن للبوّابة الموالية: **القيس** 🏆، حيث تستعمل الكسور والأعداد العشرية في قياس الأطوال والكُتل.', '# 📜 ملخّص: الكسور

- **الكسر a/b:** نقسم الوحدة إلى أجزاء متساوية؛ **المقام** b = عدد الأجزاء، **البسط** a = عدد المأخوذ منها، مثل 3/4.
- **الكسر من كمّية:** اقسم على المقام ثمّ اضرب في البسط، مثل 3/4 من 20 = (20 ÷ 4) × 3 = 15.
- **الكسور المتساوية:** نضرب أو نقسم البسط والمقام **معًا** بالعدد نفسه، مثل 1/2 = 2/4 = 3/6.
- **الاختزال:** نقسم البسط والمقام على قاسمٍ مشتركٍ للوصول إلى أبسط صورة، مثل 6/8 = 3/4.
- **مقارنة بنفس المقام:** الأكبر بسطًا هو الأكبر، مثل 3/5 > 2/5.
- **بالنسبة إلى 1:** البسط < المقام ⟹ أصغر من 1؛ = ⟹ يساوي 1؛ > ⟹ أكبر من 1. وكلّما كبر المقام صَغُر الجزء، فـ 1/3 < 1/2.
- **الكسر والكتابة العشرية:** 1/2 = 0,5 ؛ 1/4 = 0,25 ؛ 3/4 = 0,75 ؛ 3/10 = 0,3 ؛ 1/100 = 0,01.', 7, NULL)
ON CONFLICT (id) DO UPDATE SET
  subject_id = EXCLUDED.subject_id,
  title = EXCLUDED.title,
  description = EXCLUDED.description,
  lesson_content = EXCLUDED.lesson_content,
  summary = EXCLUDED.summary,
  display_order = EXCLUDED.display_order,
  manuel_ref = EXCLUDED.manuel_ref;

INSERT INTO public.chapters (id, subject_id, title, description, lesson_content, summary, display_order, manuel_ref) VALUES
  ('aa69b42c-66fd-50a2-a251-5496a72420be', 'math-5eme', 'القيس', 'وحدات الطول (km, hm, dam, m, dm, cm, mm) والكتلة (t, kg, g) والسعة (hL, L, dL, cL, mL) والزمن (اليوم والساعة والدقيقة والثانية)، وبناء جدول التحويل والتحويل بين الوحدات بالضرب أو القسمة على 10 و100 و1000 بما في ذلك الأعداد العشرية، واختيار الوحدة المناسبة، وحلّ مسائل بجمعٍ أو طرحٍ بعد توحيد الوحدة', '# ⚔️ القيس — بوّابة الوحدات والتحويل

> 💡 «من يُتقن جدول التحويل يصير سيّد المتر والكيلوغرام واللتر: ينتقل بين الوحدات بضربةٍ واحدة.»

أهلًا بك أيّها البطل! أنت تعرف من قبلُ المتر والكيلوغرام؛ اليوم نبني **جدول التحويل** ونتعلّم كيف ننتقل بين كلّ الوحدات بالضرب أو القسمة على 10 و100 و1000، حتّى مع **الأعداد العشرية**. هذا سلاحٌ تستعمله في الأثمان والأطوال والطبخ كلّ يوم.

## 🏰 ما هو القيس ولماذا الوحدات؟

**القيس** هو أن نُسنِد إلى مقدارٍ عددًا يدلّ عليه: طولٌ، أو كتلةٌ، أو سعةٌ، أو زمن. ولكلّ مقدارٍ **وحداتُه**.

- نقيس **الطول** بالمتر (m): طول السبّورة، بُعد المدرسة.
- نقيس **الكتلة** بالكيلوغرام (kg): ثقل الحقيبة، كتلة كيس الدقيق.
- نقيس **السعة** باللتر (L): ما يسعه قارورةٌ أو دلو.
- نقيس **الزمن** بالساعة والدقيقة والثانية.

في كلّ صنفٍ تُوجد وحداتٌ أكبرُ وأصغرُ من الوحدة الأساسيّة، نختار منها **الأنسب** للشيء الذي نقيسه.

## 📏 وحدات الطول وجدول التحويل

::: figure جدول الأطوال: ننزل خانةً فنضرب في عشرة، ونصعد خانةً فنقسم على عشرة
<svg viewBox="0 0 360 160"><rect x="14" y="54" width="42" height="32" rx="4" fill="#f8fafc" stroke="#94a3b8" stroke-width="1.4"/><text x="35.0" y="75.0" text-anchor="middle" font-size="14" font-weight="700" fill="#1f2937" paint-order="stroke" stroke="#ffffff" stroke-width="3.5" stroke-linejoin="round">km</text><rect x="60" y="54" width="42" height="32" rx="4" fill="#f8fafc" stroke="#94a3b8" stroke-width="1.4"/><text x="81.0" y="75.0" text-anchor="middle" font-size="14" font-weight="700" fill="#1f2937" paint-order="stroke" stroke="#ffffff" stroke-width="3.5" stroke-linejoin="round">hm</text><rect x="106" y="54" width="42" height="32" rx="4" fill="#f8fafc" stroke="#94a3b8" stroke-width="1.4"/><text x="127.0" y="75.0" text-anchor="middle" font-size="14" font-weight="700" fill="#1f2937" paint-order="stroke" stroke="#ffffff" stroke-width="3.5" stroke-linejoin="round">dam</text><rect x="152" y="54" width="42" height="32" rx="4" fill="#dbeafe" stroke="#1d4ed8" stroke-width="2"/><text x="173.0" y="75.0" text-anchor="middle" font-size="14" font-weight="700" fill="#1d4ed8" paint-order="stroke" stroke="#ffffff" stroke-width="3.5" stroke-linejoin="round">m</text><rect x="198" y="54" width="42" height="32" rx="4" fill="#f8fafc" stroke="#94a3b8" stroke-width="1.4"/><text x="219.0" y="75.0" text-anchor="middle" font-size="14" font-weight="700" fill="#1f2937" paint-order="stroke" stroke="#ffffff" stroke-width="3.5" stroke-linejoin="round">dm</text><rect x="244" y="54" width="42" height="32" rx="4" fill="#dbeafe" stroke="#1d4ed8" stroke-width="2"/><text x="265.0" y="75.0" text-anchor="middle" font-size="14" font-weight="700" fill="#1d4ed8" paint-order="stroke" stroke="#ffffff" stroke-width="3.5" stroke-linejoin="round">cm</text><rect x="290" y="54" width="42" height="32" rx="4" fill="#f8fafc" stroke="#94a3b8" stroke-width="1.4"/><text x="311.0" y="75.0" text-anchor="middle" font-size="14" font-weight="700" fill="#1f2937" paint-order="stroke" stroke="#ffffff" stroke-width="3.5" stroke-linejoin="round">mm</text><text x="173.0" y="108.0" text-anchor="middle" font-size="16" font-weight="700" fill="#15803d" paint-order="stroke" stroke="#ffffff" stroke-width="3.5" stroke-linejoin="round">1</text><text x="219.0" y="108.0" text-anchor="middle" font-size="16" font-weight="700" fill="#15803d" paint-order="stroke" stroke="#ffffff" stroke-width="3.5" stroke-linejoin="round">0</text><text x="265.0" y="108.0" text-anchor="middle" font-size="16" font-weight="700" fill="#15803d" paint-order="stroke" stroke="#ffffff" stroke-width="3.5" stroke-linejoin="round">0</text><text x="180.0" y="132.0" text-anchor="middle" font-size="15" font-weight="700" fill="#15803d" direction="ltr" unicode-bidi="isolate" paint-order="stroke" stroke="#ffffff" stroke-width="3.5" stroke-linejoin="round">1 m = 100 cm</text><path d="M40 30 H120" stroke="#dc2626" stroke-width="2"/><path d="M120 30 l-9 -4 v8 z" fill="#dc2626"/><text x="80.0" y="24.0" text-anchor="middle" font-size="10" font-weight="700" fill="#b91c1c" paint-order="stroke" stroke="#ffffff" stroke-width="3.5" stroke-linejoin="round">× 10 عند كلّ خانة</text><path d="M320 44 H240" stroke="#16a34a" stroke-width="2"/><path d="M240 44 l9 -4 v8 z" fill="#16a34a"/><text x="280.0" y="38.0" text-anchor="middle" font-size="10" font-weight="700" fill="#15803d" paint-order="stroke" stroke="#ffffff" stroke-width="3.5" stroke-linejoin="round">÷ 10 صعودًا</text></svg>
:::

الوحدة الأساسيّة للطول هي **المتر (m)**. حولها وحداتٌ مرتّبةٌ من الأكبر إلى الأصغر، كلّ وحدةٍ تساوي **10 أضعاف** التي على يمينها:

| km | hm | dam | m | dm | cm | mm |
| -- | -- | --- | - | -- | -- | -- |

- الأكبر: **الكيلومتر (km)** للمسافات الطويلة، ثمّ الهكتومتر (hm)، ثمّ الديكامتر (dam).
- ثمّ **المتر (m)**، ثمّ الديسيمتر (dm)، ثمّ **الصنتيمتر (cm)**، وأصغرها **الميليمتر (mm)**.

العلاقات التي تُبنى من الجدول مباشرةً:

$$1 km = 1 000 m$$
$$1 m = 100 cm = 1 000 mm$$

> 🗡️ كلّما **نزلنا** خانةً نحو اليمين في الجدول نضرب في 10، وكلّما **صعدنا** خانةً نحو اليسار نقسم على 10. عدد الخانات بين الوحدتين هو عدد الأصفار.

## ⚖️ وحدات الكتلة

الوحدة الأساسيّة للكتلة هي **الغرام (g)**، ومن أهمّ وحداتها:

| t |  | kg |  |  | g |
| - | -- | -- | -- | -- | - |

- **الطنّ (t)** للأشياء الثقيلة جدًّا (شاحنة، حصاد)، و**الكيلوغرام (kg)** للأشياء العاديّة، و**الغرام (g)** للأشياء الخفيفة.

العلاقات الأساسيّة:

$$1 kg = 1 000 g$$
$$1 t = 1 000 kg$$

- _مثال:_ 3 kg = 3 × 1 000 = 3 000 g، و 5 000 g = 5 000 ÷ 1 000 = 5 kg.

## 🥤 وحدات السعة

الوحدة الأساسيّة للسعة هي **اللتر (L)**، وحوله:

| hL |  | L | dL | cL | mL |
| -- | -- | - | -- | -- | -- |

- **الهكتولتر (hL)** للكمّيات الكبيرة، و**اللتر (L)** للقارورة، و**الصنتيلتر (cL)** و**الميليلتر (mL)** للكمّيات الصغيرة (دواء، كأس).

العلاقات الأساسيّة:

$$1 L = 100 cL = 1 000 mL$$
$$1 hL = 100 L$$

- _مثال:_ 2 L = 2 × 100 = 200 cL، و 1 500 mL = 1 500 ÷ 1 000 = 1,5 L.

## 🔮 التحويل بالضرب أو القسمة — حتّى مع الأعداد العشرية

القاعدة الذهبيّة: من وحدةٍ **كبيرة** إلى وحدةٍ **أصغر** نضرب (العدد يكبُر)؛ ومن وحدةٍ **صغيرة** إلى وحدةٍ **أكبر** نقسم (العدد يصغُر). والعامل (10 أو 100 أو 1000) هو **1 وعلى يمينه صفرٌ لكلّ خانةٍ** نقطعها في الجدول.

- بين m و cm خانتان ⟵ العامل 100: 2,5 m = 2,5 × 100 = **250 cm**.
- بين km و m ثلاث خانات ⟵ العامل 1000: 2,5 km = 2,5 × 1 000 = **2 500 m**.
- من g إلى kg ثلاث خانات صعودًا ⟵ نقسم على 1000: 350 g = 350 ÷ 1 000 = **0,35 kg**.
- من L إلى cL خانتان نزولًا ⟵ نضرب في 100: 1,5 L = 1,5 × 100 = **150 cL**.

> 🗡️ الضرب في 10 و100 و1000 يُزحزح الفاصلة نحو **اليمين** بمقدار خانةٍ أو خانتين أو ثلاث؛ والقسمة تُزحزحها نحو **اليسار**. نكمل بالأصفار عند الحاجة.

> ⚠️ الفخّ الشائع: استعمال عددٍ خاطئٍ من الخانات. بين km و m **ثلاث** خانات (×1000) لا خانتان؛ فـ 2,5 km تساوي 2 500 m لا 250 m.

## 🎯 اختيار الوحدة المناسبة

نختار الوحدة حسب حجم الشيء حتّى يكون العدد بسيطًا:

| المقدار | الوحدة المناسبة | مثال |
| ------- | --------------- | ---- |
| سُمك دفتر | mm | 8 mm |
| طول قلم | cm | 15 cm |
| المسافة بين مدينتين | km | 60 km |
| كتلة تفّاحة | g | 150 g |
| كتلة تلميذ | kg | 35 kg |
| سعة ملعقة دواء | mL | 5 mL |
| سعة قارورة ماء | L | 2 L |

> ⚠️ لا نقول إنّ المسافة بين مدينتين 60 000 m والأفضل 60 km؛ نختار الوحدة التي تُعطي عددًا معقولًا.

## ⏰ وحدات الزمن — انتبه: ليست عشريّة

وحدات الزمن **لا** تتحوّل بالضرب في 10، بل لها علاقاتٌ خاصّة:

$$1 يوم = 24 ساعة$$
$$1 ساعة = 60 دقيقة$$
$$1 دقيقة = 60 ثانية$$

- لتحويل الساعات إلى دقائق نضرب في 60: 2 ساعة = 2 × 60 = 120 دقيقة.
- _مثال:_ ساعتان وربع = 120 + 15 = 135 دقيقة (الرّبع = 15 دقيقة).

> ⚠️ الفخّ الشائع: تطبيق ×10 على الزمن. الساعة **60 دقيقة** وليست 100 دقيقة، فلا نُعامل الزمن كالطول.

## 🧮 حلّ المسائل: نوحّد الوحدة أوّلًا

عند الجمع أو الطرح أو المقارنة يجب أن تكون المقادير **بنفس الوحدة**، فنحوّل ثمّ نحسب.

- _مثال:_ 1 m + 25 cm = 100 cm + 25 cm = **125 cm** (أو 1,25 m).
- _مثال:_ شريطٌ طوله 2 m قُطِع منه 40 cm: نوحّد ثمّ نطرح: 200 − 40 = **160 cm**.

> 🏆 رائع أيّها البطل! صرت تبني جدول التحويل وتنتقل بين الوحدات بالضرب والقسمة على 10 و100 و1000 حتّى مع الفاصلة، وتختار الوحدة المناسبة وتوحّد قبل الحساب. استعدّ للبوّابة الموالية: **المحيط والمساحة**.', '# 📜 ملخّص: القيس

- **القيس والوحدات:** نقيس الطول بالمتر (m)، والكتلة بالغرام (g) والكيلوغرام (kg)، والسعة باللتر (L)، والزمن بالساعة والدقيقة؛ ولكلّ صنفٍ وحداتٌ أكبرُ وأصغر.
- **وحدات الطول:** بالترتيب km، hm، dam، m، dm، cm، mm؛ كلّ وحدةٍ تساوي 10 أضعاف التي على يمينها، و 1 km = 1 000 m و 1 m = 100 cm = 1 000 mm.
- **وحدات الكتلة:** 1 kg = 1 000 g و 1 t = 1 000 kg؛ مثل 3 kg = 3 000 g.
- **وحدات السعة:** 1 L = 100 cL = 1 000 mL و 1 hL = 100 L؛ مثل 2 L = 200 cL.
- **التحويل بالضرب أو القسمة:** من الكبيرة إلى الأصغر نضرب، ومن الصغيرة إلى الأكبر نقسم، والعامل (10 ; 100 ; 1000) فيه صفرٌ لكلّ خانةٍ في الجدول.
- **مع الأعداد العشرية:** 2,5 km = 2 500 m، و 350 g = 0,35 kg، و 1,5 L = 150 cL؛ الضرب يُزحزح الفاصلة يمينًا والقسمة يسارًا.
- **اختيار الوحدة المناسبة:** نختار الوحدة التي تُعطي عددًا معقولًا (المسافة بين مدينتين بـ km لا بـ m، سُمك دفتر بـ mm).
- **وحدات الزمن (ليست عشريّة):** 1 يوم = 24 ساعة، و 1 ساعة = 60 دقيقة، و 1 دقيقة = 60 ثانية؛ لا نُطبّق ×10 على الزمن.
- **حلّ المسائل:** نوحّد الوحدة أوّلًا ثمّ نجمع أو نطرح أو نقارن، مثل 1 m + 25 cm = 125 cm.', 8, NULL)
ON CONFLICT (id) DO UPDATE SET
  subject_id = EXCLUDED.subject_id,
  title = EXCLUDED.title,
  description = EXCLUDED.description,
  lesson_content = EXCLUDED.lesson_content,
  summary = EXCLUDED.summary,
  display_order = EXCLUDED.display_order,
  manuel_ref = EXCLUDED.manuel_ref;

INSERT INTO public.chapters (id, subject_id, title, description, lesson_content, summary, display_order, manuel_ref) VALUES
  ('2066e3e8-629b-5c4e-a2a1-9a6cf7a2961d', 'math-5eme', 'المحيط والمساحة', 'محيط المربّع والمستطيل بجمع الأضلاع أو بالصيغة (الضلع × 4، (الطول + العرض) × 2)، ومساحة المربّع والمستطيل (الضلع × الضلع، الطول × العرض)، ومساحة الأشكال المركّبة المجمّعة من مستطيلات، ووحدات المساحة (cm²، m²، km²) والتمييز بينها وعن وحدات الطول، والتمييز الواضح بين المحيط والمساحة، وحلّ مسائل واقعية كالسياج والبلاط', '# ⚔️ المحيط والمساحة — السور والبلاط

> 💡 «المحيط طولُ السور حول الأرض، والمساحة عددُ البلاطات التي تغطّيها: حافّةٌ تُقاس، وسطحٌ يُملأ.»

أهلًا بك أيّها البطل في بوّابةٍ جديدة! في الفصل السابق **القيس** أتقنتَ وحدات الطول والتحويل بينها. اليوم نوظّف ذلك في شيئين يلتبسان كثيرًا: **المحيط** و**المساحة**. المحيط هو طول الخطّ الذي يحيط بالشكل من الخارج (كالسور حول حديقة)، والمساحة هي مقدار السطح الذي يملؤه الشكل من الداخل (كعدد البلاطات التي تغطّي أرضًا). من يفرّق بينهما يحلّ مسائل السياج والدهان والبلاط بثقة.

## 🏰 المحيط: مجموع أطوال الأضلاع

**محيط** شكلٍ هو **مجموع أطوال أضلاعه كلّها**، أي طول الخطّ المغلق الذي يحيط به. لو مشيتَ على حافّة الشكل حتّى ترجع إلى نقطة البداية، فالمسافة التي قطعتَها هي المحيط. نقيسه بوحدات **الطول**: cm، m، km.

$$المحيط = مجموع أطوال كلّ الأضلاع$$

> 🗡️ الحيلة الذهبية: المحيط دائمًا **جمعٌ** لأطوالٍ، فوحدته وحدةُ طولٍ (cm أو m)، لا وحدة مساحة.

## 🟦 محيط المربّع: الضلع × 4

أضلاع المربّع الأربعة **متساوية**. فبدل جمع نفس العدد أربع مرّات، **نضربه في 4**:

$$محيط المربّع = الضلع × 4$$

<svg viewBox="0 0 100 100"><rect x="28" y="20" width="52" height="52" fill="#e5e7eb" stroke="currentColor" stroke-width="2.5"/><text x="44" y="15" font-size="10" fill="currentColor">7 cm</text></svg>

- _مثال:_ مربّعٌ ضلعه 7 cm: المحيط = 7 × 4 = **28 cm**. (وهو نفسه 7 + 7 + 7 + 7 = 28 cm.)

> ⚠️ الفخّ: لا تخلط **× 4** بـ **+ 4**. محيط مربّعٍ ضلعه 7 cm هو 7 × 4 = 28 cm، لا 7 + 4 = 11 cm.

## 🟩 محيط المستطيل: (الطول + العرض) × 2

للمستطيل **ضلعان طويلان متساويان** (الطول) و**ضلعان قصيران متساويان** (العرض). نجمع طولًا وعرضًا، ثمّ نضرب في 2:

$$محيط المستطيل = (الطول + العرض) × 2$$

<svg viewBox="0 0 100 100"><rect x="14" y="34" width="72" height="38" fill="#e5e7eb" stroke="currentColor" stroke-width="2.5"/><text x="38" y="29" font-size="10" fill="currentColor">8 cm</text><text x="2" y="56" font-size="10" fill="currentColor">3 cm</text></svg>

- _مثال:_ مستطيلٌ طوله 8 cm وعرضه 3 cm: المحيط = (8 + 3) × 2 = 11 × 2 = **22 cm**.

> ⚠️ الفخّ: لا تنسَ ضرب المجموع في **2**؛ للمستطيل أربعة أضلاع لا ضلعان.

## 🔮 المساحة: مقدار السطح

**مساحة** شكلٍ هي مقدار **السطح** الذي يشغله من الداخل. نقيسها بعدد المربّعات الصغيرة (الوحدات) التي تملؤه. انظر هذا المستطيل المقسّم إلى مربّعاتٍ ضلعُ كلٍّ منها 1 cm:

<svg viewBox="0 0 130 70"><rect x="10" y="10" width="100" height="40" fill="#e5e7eb" stroke="currentColor" stroke-width="2"/><line x1="30" y1="10" x2="30" y2="50" stroke="currentColor" stroke-width="1"/><line x1="50" y1="10" x2="50" y2="50" stroke="currentColor" stroke-width="1"/><line x1="70" y1="10" x2="70" y2="50" stroke="currentColor" stroke-width="1"/><line x1="90" y1="10" x2="90" y2="50" stroke="currentColor" stroke-width="1"/><line x1="10" y1="30" x2="110" y2="30" stroke="currentColor" stroke-width="1"/><text x="40" y="63" font-size="9" fill="currentColor">5 cm</text><text x="112" y="33" font-size="9" fill="currentColor">2 cm</text></svg>

نعدّ المربّعات: 5 في كلّ صفٍّ و2 من الصفوف، أي 5 × 2 = **10** مربّعات. كلّ مربّعٍ مساحته 1 cm²، فالمساحة = **10 cm²**. هكذا نفهم أنّ المساحة = الطول × العرض دون عدٍّ في كلّ مرّة.

## 🧮 مساحة المربّع ومساحة المستطيل

من العدّ نستخرج صيغتين سريعتين:

$$مساحة المربّع = الضلع × الضلع$$
$$مساحة المستطيل = الطول × العرض$$

<svg viewBox="0 0 100 100"><rect x="28" y="20" width="52" height="52" fill="#d1d5db" stroke="currentColor" stroke-width="2.5"/><text x="44" y="15" font-size="10" fill="currentColor">5 cm</text></svg>

- _مثال (مربّع):_ ضلعه 5 cm: المساحة = 5 × 5 = **25 cm²**.
- _مثال (مستطيل):_ طوله 6 cm وعرضه 4 cm: المساحة = 6 × 4 = **24 cm²**.

> 🗡️ تذكّر: ناتج المساحة دائمًا بوحدةٍ **مربّعة** (cm² ; m²)، لأنّنا ضربنا طولًا في طول.

## ⚠️ المحيط ليس المساحة

هذا أهمّ تمييزٍ في الفصل. المحيط **جمعٌ** لأطوالٍ حول الشكل، ووحدته طولٌ (cm). المساحة **ضربُ** طولٍ في طول داخل الشكل، ووحدتها مربّعة (cm²).

| المقدار | ماذا يقيس             | العمليّة           | الوحدة       |
| ------- | --------------------- | ------------------ | ------------ |
| المحيط  | طول الحافّة حول الشكل | جمعٌ (أو × 4، × 2) | cm، m، km    |
| المساحة | السطح داخل الشكل      | ضربٌ (طول × عرض)   | cm²، m²، km² |

- _مثال على مربّعٍ ضلعه 4 cm:_ المحيط = 4 × 4 = **16 cm**، أمّا المساحة = 4 × 4 = **16 cm²**. العدد نفسه هنا صدفةً، لكنّ الوحدتين مختلفتان: cm للمحيط وcm² للمساحة. لا تخلط بينهما.

> ⚠️ الفخّ الأخطر: استعمال صيغة المساحة (الضرب) للسؤال عن المحيط، أو نسيان المربّع في وحدة المساحة. اسأل دائمًا: حافّة (محيط) أم سطح (مساحة)؟

## 📐 وحدات المساحة: cm²، m²، km²

كما للطول وحداتٌ، للمساحة وحداتُها، وكلٌّ منها مربّعُ وحدةِ طولٍ:

- **cm²** (صنتيمتر مربّع): مساحة مربّعٍ ضلعه 1 cm. للأسطح الصغيرة كصفحة دفتر.
- **m²** (متر مربّع): مساحة مربّعٍ ضلعه 1 m. للغرف والأراضي المتوسّطة.
- **km²** (كيلومتر مربّع): مساحة مربّعٍ ضلعه 1 km. للمساحات الكبيرة كمدينةٍ أو غابة.

نختار الوحدة حسب حجم السطح: أرضيّة غرفةٍ بـ m²، صفحة كتابٍ بـ cm²، مساحة ولايةٍ بـ km².

> ⚠️ لا تخلط وحدة المساحة بوحدة الطول: مساحة غرفةٍ تُكتب m² لا m. وحدة الطول للحافّة، والوحدة المربّعة للسطح.

## 🧩 مساحة الأشكال المركّبة

بعض الأشكال مركّبةٌ من **عدّة مستطيلات** (شكل حرف L مثلًا). لإيجاد مساحتها: نقسّمها إلى مستطيلاتٍ بسيطة، نحسب مساحة كلٍّ منها، ثمّ **نجمع**.

<svg viewBox="0 0 110 100"><polygon points="15,15 75,15 75,50 95,50 95,85 15,85" fill="#e5e7eb" stroke="currentColor" stroke-width="2.5"/><line x1="15" y1="50" x2="75" y2="50" stroke="currentColor" stroke-width="1.5" stroke-dasharray="4 3"/><text x="38" y="11" font-size="8" fill="currentColor">6 cm</text><text x="2" y="35" font-size="8" fill="currentColor">7 cm</text><text x="36" y="70" font-size="8" fill="currentColor">8 cm</text><text x="97" y="70" font-size="8" fill="currentColor">3 cm</text></svg>

- _مثال:_ نقسّم الشكل بخطٍّ أفقيّ إلى مستطيلين: علويّ 6 × 3 = 18 cm²، وسفليّ 8 × 4 = 32 cm². المساحة الكلّيّة = 18 + 32 = **50 cm²**.

> 🗡️ الحيلة: قسّم الشكل المركّب إلى مستطيلاتٍ لا تتداخل، احسب مساحة كلٍّ، ثمّ اجمع. لإيجاد طولٍ ناقصٍ على الرسم اطرح الأطوال المعلومة بعضها من بعض.

## 🛡️ مسائل واقعية: السياج والبلاط

نوظّف ما تعلّمناه في الحياة، والمفتاح هو اختيار المقدار الصحيح:

- **السياج** يحيط بالأرض من الخارج ⟵ نحسب **المحيط** (طول السور بالمتر).
- **البلاط** أو الدهان أو العشب يغطّي السطح ⟵ نحسب **المساحة** (بالمتر المربّع).

_مثال:_ حديقةٌ مستطيلةٌ طولها 10 m وعرضها 6 m. للسياج حولها: المحيط = (10 + 6) × 2 = **32 m**. ولتغطيتها بالعشب: المساحة = 10 × 6 = **60 m²**.

> 🏆 رائع أيّها البطل! صرت تحسب محيط المربّع والمستطيل ومساحتهما، وتفرّق بين الحافّة والسطح ووحداتهما (cm وcm²)، وتجمع مساحات الأشكال المركّبة، وتختار المحيط للسياج والمساحة للبلاط. في البوّابة الموالية تنتظرك مغامرة **التناسب والنسبة المئوية**. 🏆', '# 📜 ملخّص: المحيط والمساحة

- **المحيط**: مجموع أطوال أضلاع الشكل (طول الحافّة حوله)، ووحدته وحدة طولٍ (cm ; m ; km).
- **محيط المربّع** = الضلع × 4؛ مثال: ضلعه 7 cm ⟵ 7 × 4 = 28 cm (لا تخلط × 4 بـ + 4).
- **محيط المستطيل** = (الطول + العرض) × 2؛ مثال: 8 و3 ⟵ (8 + 3) × 2 = 22 cm.
- **المساحة**: مقدار السطح داخل الشكل (عددُ المربّعات الصغيرة التي تملؤه)، ووحدتها مربّعة.
- **مساحة المربّع** = الضلع × الضلع؛ مثال: ضلعه 5 cm ⟵ 5 × 5 = 25 cm².
- **مساحة المستطيل** = الطول × العرض؛ مثال: 6 و4 ⟵ 6 × 4 = 24 cm².
- **المحيط ≠ المساحة**: المحيط جمعٌ ووحدته cm، والمساحة ضربٌ ووحدتها cm². تذكّر الوحدة المربّعة.
- **وحدات المساحة**: cm² (صفحة)، m² (غرفة)، km² (مدينة)؛ لا تكتب m مكان m².
- **الأشكال المركّبة**: قسّمها إلى مستطيلات، احسب مساحة كلٍّ، ثمّ اجمع (شكل L = 18 + 32 = 50 cm²).
- **مسائل واقعية**: السياج حول الأرض ⟵ محيط؛ البلاط أو العشب يغطّي السطح ⟵ مساحة.', 9, NULL)
ON CONFLICT (id) DO UPDATE SET
  subject_id = EXCLUDED.subject_id,
  title = EXCLUDED.title,
  description = EXCLUDED.description,
  lesson_content = EXCLUDED.lesson_content,
  summary = EXCLUDED.summary,
  display_order = EXCLUDED.display_order,
  manuel_ref = EXCLUDED.manuel_ref;

INSERT INTO public.chapters (id, subject_id, title, description, lesson_content, summary, display_order, manuel_ref) VALUES
  ('4462f581-db3b-5244-86df-6c9a87ddcc9f', 'math-5eme', 'التناسب والنسبة المئوية', 'وضعيات التناسب وجداولها، معامل التناسب، إتمام جدول تناسب بالمعامل وبالخاصية الجمعية، حساب الرابع المتناسب، ومعنى النسبة المئوية البسيطة وحسابها من كمّية، مع مسائل من الحياة اليومية', '# ⚔️ التناسب والنسبة المئوية — بوّابة العلاقات الذكيّة

> 💡 «إذا عرفتَ ثمن واحدٍ، عرفتَ ثمن الجميع.»

أهلًا بك أيّها البطل في بوّابةٍ جديدة. في الفصل السابق تعلّمت **المحيط والمساحة**. اليوم نكتشف سلاحًا تستعمله كلّ يومٍ دون أن تشعر: حين تعرف ثمن قارورة ماءٍ واحدةٍ فتحسب ثمن ثلاث، أو حين يقول البائع «تخفيض 25%». هذه كلّها **تناسب** و**نسبة مئوية**.

## 🏰 ما هي وضعية التناسب؟

نقول إنّ كمّيتين في **وضعية تناسب** إذا كانت إحداهما تُساوي الأخرى **مضروبةً في العدد نفسه دائمًا**.

_مثال:_ ثمن قارورة الماء 2 دنانير. نملأ جدولًا:

| عدد القوارير | 1 | 2 | 3 | 5  |
| ------------ | - | - | - | -- |
| الثمن (د)    | 2 | 4 | 6 | 10 |

ننتقل من السطر الأوّل إلى الثاني **بالضرب في 2 في كلّ مرّة**: 1 × 2 = 2، و 3 × 2 = 6، و 5 × 2 = 10. لمّا يكون العدد المضروب فيه **ثابتًا**، الجدول جدول تناسب.

> 🗡️ علامة التناسب: «إذا تضاعف الأوّل تضاعف الثاني». قارورتان ثمنهما ضِعف ثمن قارورة.

## 🛡️ معامل التناسب

::: figure في جدول التناسب ننتقل من سطرٍ إلى آخر بضربٍ في معاملٍ ثابت، هنا اثنان
<svg viewBox="0 0 360 165"><text x="180.0" y="20.0" text-anchor="middle" font-size="11" font-weight="700" fill="#64748b" paint-order="stroke" stroke="#ffffff" stroke-width="3.5" stroke-linejoin="round">عدد القوارير ← الثمن بالدينار</text><rect x="6" y="34" width="34" height="34" rx="5" fill="#ede9fe" stroke="#7c3aed" stroke-width="1.6"/><rect x="6" y="74" width="34" height="34" rx="5" fill="#dbeafe" stroke="#1d4ed8" stroke-width="1.6"/><text x="23.0" y="56.0" text-anchor="middle" font-size="8" font-weight="700" fill="#6d28d9" paint-order="stroke" stroke="#ffffff" stroke-width="3.5" stroke-linejoin="round">قوارير</text><text x="23.0" y="96.0" text-anchor="middle" font-size="9" font-weight="700" fill="#1d4ed8" paint-order="stroke" stroke="#ffffff" stroke-width="3.5" stroke-linejoin="round">ثمن</text><rect x="40" y="34" width="54" height="34" rx="5" fill="#f5f3ff" stroke="#7c3aed" stroke-width="1.4"/><text x="67.0" y="57.0" text-anchor="middle" font-size="18" font-weight="700" fill="#1f2937" direction="ltr" unicode-bidi="isolate" paint-order="stroke" stroke="#ffffff" stroke-width="3.5" stroke-linejoin="round">1</text><rect x="40" y="74" width="54" height="34" rx="5" fill="#eff6ff" stroke="#1d4ed8" stroke-width="1.4"/><text x="67.0" y="97.0" text-anchor="middle" font-size="18" font-weight="700" fill="#1f2937" direction="ltr" unicode-bidi="isolate" paint-order="stroke" stroke="#ffffff" stroke-width="3.5" stroke-linejoin="round">2</text><path d="M67.0 70 V72" stroke="#16a34a" stroke-width="1"/><text x="89.0" y="72.0" text-anchor="middle" font-size="10" font-weight="700" fill="#15803d" direction="ltr" unicode-bidi="isolate" paint-order="stroke" stroke="#ffffff" stroke-width="3.5" stroke-linejoin="round">× 2</text><rect x="102" y="34" width="54" height="34" rx="5" fill="#f5f3ff" stroke="#7c3aed" stroke-width="1.4"/><text x="129.0" y="57.0" text-anchor="middle" font-size="18" font-weight="700" fill="#1f2937" direction="ltr" unicode-bidi="isolate" paint-order="stroke" stroke="#ffffff" stroke-width="3.5" stroke-linejoin="round">2</text><rect x="102" y="74" width="54" height="34" rx="5" fill="#eff6ff" stroke="#1d4ed8" stroke-width="1.4"/><text x="129.0" y="97.0" text-anchor="middle" font-size="18" font-weight="700" fill="#1f2937" direction="ltr" unicode-bidi="isolate" paint-order="stroke" stroke="#ffffff" stroke-width="3.5" stroke-linejoin="round">4</text><path d="M129.0 70 V72" stroke="#16a34a" stroke-width="1"/><text x="151.0" y="72.0" text-anchor="middle" font-size="10" font-weight="700" fill="#15803d" direction="ltr" unicode-bidi="isolate" paint-order="stroke" stroke="#ffffff" stroke-width="3.5" stroke-linejoin="round">× 2</text><rect x="164" y="34" width="54" height="34" rx="5" fill="#f5f3ff" stroke="#7c3aed" stroke-width="1.4"/><text x="191.0" y="57.0" text-anchor="middle" font-size="18" font-weight="700" fill="#1f2937" direction="ltr" unicode-bidi="isolate" paint-order="stroke" stroke="#ffffff" stroke-width="3.5" stroke-linejoin="round">3</text><rect x="164" y="74" width="54" height="34" rx="5" fill="#eff6ff" stroke="#1d4ed8" stroke-width="1.4"/><text x="191.0" y="97.0" text-anchor="middle" font-size="18" font-weight="700" fill="#1f2937" direction="ltr" unicode-bidi="isolate" paint-order="stroke" stroke="#ffffff" stroke-width="3.5" stroke-linejoin="round">6</text><path d="M191.0 70 V72" stroke="#16a34a" stroke-width="1"/><text x="213.0" y="72.0" text-anchor="middle" font-size="10" font-weight="700" fill="#15803d" direction="ltr" unicode-bidi="isolate" paint-order="stroke" stroke="#ffffff" stroke-width="3.5" stroke-linejoin="round">× 2</text><rect x="226" y="34" width="54" height="34" rx="5" fill="#f5f3ff" stroke="#7c3aed" stroke-width="1.4"/><text x="253.0" y="57.0" text-anchor="middle" font-size="18" font-weight="700" fill="#1f2937" direction="ltr" unicode-bidi="isolate" paint-order="stroke" stroke="#ffffff" stroke-width="3.5" stroke-linejoin="round">5</text><rect x="226" y="74" width="54" height="34" rx="5" fill="#eff6ff" stroke="#1d4ed8" stroke-width="1.4"/><text x="253.0" y="97.0" text-anchor="middle" font-size="18" font-weight="700" fill="#1f2937" direction="ltr" unicode-bidi="isolate" paint-order="stroke" stroke="#ffffff" stroke-width="3.5" stroke-linejoin="round">10</text><path d="M253.0 70 V72" stroke="#16a34a" stroke-width="1"/><text x="275.0" y="72.0" text-anchor="middle" font-size="10" font-weight="700" fill="#15803d" direction="ltr" unicode-bidi="isolate" paint-order="stroke" stroke="#ffffff" stroke-width="3.5" stroke-linejoin="round">× 2</text><text x="180.0" y="138.0" text-anchor="middle" font-size="13" font-weight="700" fill="#15803d" paint-order="stroke" stroke="#ffffff" stroke-width="3.5" stroke-linejoin="round">معامل التناسب ثابت</text><text x="180.0" y="156.0" text-anchor="middle" font-size="13" font-weight="700" fill="#15803d" direction="ltr" unicode-bidi="isolate" paint-order="stroke" stroke="#ffffff" stroke-width="3.5" stroke-linejoin="round">4 ÷ 2 = 6 ÷ 3 = 10 ÷ 5 = 2</text></svg>
:::

العدد الثابت الذي **نضرب فيه** للانتقال من سطرٍ إلى آخر يُسمّى **معامل التناسب**.

$$معامل التناسب = الثمن ÷ العدد$$

في مثال القوارير: 4 ÷ 2 = 2، و 6 ÷ 3 = 2، و 10 ÷ 5 = 2. المعامل هو **2** دائمًا.

- للانتقال من السطر الأعلى إلى الأسفل: **نضرب** في المعامل.
- للرجوع من الأسفل إلى الأعلى: **نقسم** على المعامل.

> ⚠️ ليس كلّ جدولٍ جدولَ تناسب! انظر هذا الجدول: 3 ← 5 ثمّ 6 ← 8. هنا أضفنا 2 في الأسفل، لكنّ 5 ÷ 3 لا يساوي 8 ÷ 6. النسبة تغيّرت، فليست وضعية تناسب.

## 🔮 إتمام جدول تناسب

لإتمام خانةٍ ناقصة طريقتان:

**1) بالمعامل:** نجد المعامل أوّلًا، ثمّ نضرب أو نقسم به.

_مثال:_ 4 كرّاسات ثمنها 12 د. كم ثمن 7 كرّاسات؟ المعامل = 12 ÷ 4 = 3، إذن ثمن 7 = 7 × 3 = 21 د.

**2) بالخاصية الجمعية:** في جدول تناسبٍ، مجموع عمودين يوافق مجموعهما.

_مثال:_ إذا كان ثمن 2 = 6 وثمن 5 = 15، فثمن 7 = ثمن (2 + 5) = 6 + 15 = 21 د. (لأنّ 2 + 5 = 7).

## 🧮 الرابع المتناسب

أحيانًا نعرف **ثلاثة** أعداد في جدول تناسبٍ ونبحث عن **الرابع**. نسمّيه **الرابع المتناسب**.

| الكمّية أ | 3 | 12 |
| --------- | - | -- |
| الكمّية ب | 5 |  ؟ |

نجد المعامل من العمود الكامل: 5 ÷ 3 ليس عددًا بسيطًا، فننتقل بطريقةٍ أخرى: 12 = 3 × 4، إذن نضرب الأسفل أيضًا في 4: ؟ = 5 × 4 = 20.

_مثال محسوب:_ 5 كعكاتٍ تحتاج 200 غ سكّر. كم يلزم 8 كعكات؟
المعامل = 200 ÷ 5 = 40 (غ لكلّ كعكة)، إذن 8 × 40 = 320 غ. ✓

## 🔢 النسبة المئوية: معناها

**النسبة المئوية** تعني **«من بين 100»**. نكتبها برمز **%**.

$$25% = 25 من بين 100$$

- 100% = الكلّ كلّه.
- 50% = النصف (50 من بين 100).
- 25% = الرّبع (25 من بين 100).
- 10% = العُشر (10 من بين 100).

_مثال:_ إذا نجح 100% من التلاميذ فقد نجحوا جميعًا. وإذا نجح 50% فقد نجح نصفهم.

## ⚡ حساب نسبةٍ مئويةٍ من كمّية

لحساب نسبةٍ مئويةٍ من عددٍ نستعمل معانيها البسيطة:

| النسبة | معناها  | كيف نحسبها       |
| ------ | ------- | ---------------- |
| 50%    | النصف   | نقسم على 2       |
| 25%    | الرّبع  | نقسم على 4       |
| 10%    | العُشر  | نقسم على 10      |

_مثال محسوب:_ 25% من 80 = 80 ÷ 4 = 20. ✓
_مثال محسوب:_ 50% من 60 = 60 ÷ 2 = 30. ✓
_مثال محسوب:_ 10% من 90 = 90 ÷ 10 = 9. ✓

> 🗡️ حيلة سريعة: 10% تعني «احذف صفرًا» أو اقسم على 10. فـ 10% من 250 = 25.

## 📐 التعبير عن جزءٍ بنسبة مئوية

إذا كان الجزء **من بين 100** مباشرةً، فهو نسبة مئوية.

_مثال:_ في صفٍّ فيه 100 تلميذٍ، 30 منهم بنات. نسبة البنات = **30%**.
_مثال:_ نجح 40 تلميذًا من بين 100، فنسبة النجاح = **40%**.

> ⚠️ الخطأ الشائع: الخلط بين الجمع والتناسب. لإيجاد ثمن 6 إذا عرفت ثمن 3، **لا تجمع** ثمن 3 + 3 عشوائيًّا؛ بل اضرب في المعامل (أو لاحظ أنّ 6 = 3 × 2 فالثمن أيضًا × 2).

> 🏆 لقد عبرت بوّابة التناسب والنسبة المئوية! صرت تكمل جداول التناسب، وتجد الرابع المتناسب، وتحسب 25% و 50% و 10% من أيّ كمّية. استعدّ الآن للبوّابة الموالية: **الهندسة**.', '# 📜 ملخّص: التناسب والنسبة المئوية

- **وضعية التناسب:** كمّيتان في تناسبٍ إذا انتقلنا من إحداهما إلى الأخرى بالضرب في **العدد نفسه دائمًا** (مثل ثمن قواريرٍ ثمن الواحدة 2 د).
- **معامل التناسب:** العدد الثابت الذي نضرب فيه؛ نجده بقسمة سطرٍ على آخر (الثمن ÷ العدد)؛ نضرب به نزولًا ونقسم عليه صعودًا.
- **ليس كلّ جدولٍ متناسبًا:** إذا تغيّرت النسبة بين السطرين فالجدول ليس تناسبًا (الخاصية الجمعية لا الضربية).
- **إتمام جدول التناسب:** إمّا بالمعامل (نضرب/نقسم)، وإمّا بالخاصية الجمعية (مجموع عمودين يوافق مجموعهما).
- **الرابع المتناسب:** إذا عرفنا ثلاثة أعدادٍ في جدول تناسبٍ نوجد الرابع بالمعامل، مثل 5 كعكات → 200 غ، فـ 8 كعكات → 320 غ.
- **معنى النسبة المئوية:** % تعني «من بين 100»؛ 100% الكلّ، 50% النصف، 25% الرّبع، 10% العُشر.
- **حساب نسبةٍ من كمّية:** 50% = القسمة على 2، 25% = القسمة على 4، 10% = القسمة على 10؛ مثل 25% من 80 = 20.
- **التعبير عن جزءٍ بنسبة مئوية:** جزءٌ من بين 100 هو نسبة مئوية مباشرةً، مثل 30 من 100 = 30%.', 10, NULL)
ON CONFLICT (id) DO UPDATE SET
  subject_id = EXCLUDED.subject_id,
  title = EXCLUDED.title,
  description = EXCLUDED.description,
  lesson_content = EXCLUDED.lesson_content,
  summary = EXCLUDED.summary,
  display_order = EXCLUDED.display_order,
  manuel_ref = EXCLUDED.manuel_ref;

INSERT INTO public.chapters (id, subject_id, title, description, lesson_content, summary, display_order, manuel_ref) VALUES
  ('9cee0386-651b-5a63-b23c-07ed1c8aa60d', 'math-5eme', 'الهندسة', 'المستقيمات المتوازية (∥) والمتعامدة (⊥) وإنشاؤها بالأدوات، والزوايا وأنواعها (قائمة، حادّة، منفرجة، مستقيمة) وقياسها بالمنقلة بالدرجات، والمثلّثات وأنواعها (قائم الزاوية، متساوي الساقين، متساوي الأضلاع، مختلف الأضلاع)، والرباعيّات (المربّع، المستطيل، المعيّن، متوازي الأضلاع) وخاصياتها، والدائرة والقرص (المركز، الشعاع، القطر = 2 × الشعاع) ورسمها بالبركار، والموسّط العمودي لقطعة', '# ⚔️ الهندسة — مملكة المستقيمات والأشكال

> 💡 «بالمسطرة والكوس والمنقلة والبركار تبني كلّ شكلٍ بدقّة: هذه أدواتُ مهندس الأبطال.»

أهلًا بك أيّها البطل! في رحلة **التناسب** تعلّمتَ أن تربط بين الأعداد. الآن ننتقل إلى **مملكة الهندسة**: نتعرّف على المستقيمات المتوازية والمتعامدة، ونقيس الزوايا بالمنقلة، ونصنّف المثلّثات والرباعيّات، ونرسم الدوائر بالبركار. أمسك أدواتك… المغامرة تبدأ.

## 📏 المستقيمان المتوازيان والمتعامدان

مستقيمان **متعامدان** إذا تقاطعا وكوّنا **زاوية قائمة** (90°). نكتب: (AB) ⊥ (CD). نتحقّق منهما ونرسمهما بـ**الكوس**، ونضع **مربّعًا صغيرًا** عند نقطة التقاطع علامةً على الزاوية القائمة.

<svg viewBox="0 0 100 100"><line x1="20" y1="20" x2="20" y2="84" stroke="currentColor" stroke-width="2.5"/><line x1="12" y1="58" x2="90" y2="58" stroke="currentColor" stroke-width="2.5"/><rect x="20" y="48" width="10" height="10" fill="none" stroke="#1f2937" stroke-width="1.5"/></svg>

مستقيمان **متوازيان** إذا لم يتقاطعا مهما امتدّا، ويبقى البعدُ بينهما **ثابتًا**. نكتب: (AB) ∥ (CD). نرسمهما بـ**المسطرة والكوس** (نُزلق الكوسَ على طول المسطرة)، ونضع **سهمين متماثلين** على المستقيمين علامةً على التوازي.

<svg viewBox="0 0 100 100"><line x1="8" y1="38" x2="92" y2="38" stroke="currentColor" stroke-width="2.5"/><line x1="8" y1="66" x2="92" y2="66" stroke="currentColor" stroke-width="2.5"/><polyline points="46,32 53,38 46,44" fill="none" stroke="#1f2937" stroke-width="1.6"/><polyline points="46,60 53,66 46,72" fill="none" stroke="#1f2937" stroke-width="1.6"/></svg>

> 🗡️ مثالٌ من الحياة: حافّتا المسطرة **متوازيتان**، وحافّتا الكتاب المتجاورتان **متعامدتان**.

> ⚠️ الفخّ الشائع: الظنّ أنّ كلّ مستقيمين متقاطعين متعامدان. التقاطعُ وحدَه لا يكفي — يجب أن تكون الزاويةُ **قائمة** (مربّعٌ صغير في الرسم).

## 📐 الزوايا وأنواعها

الزاويةُ فتحةٌ بين **نصفَي مستقيم** (ضلعين) لهما **رأسٌ مشترك**. نسمّيها بثلاثة أحرف، وحرفُ الرأس في الوسط: الزاوية ABC رأسُها B. كلّما اتّسعت الفتحةُ كبُر القيس (طولُ الضلعين لا يُغيّر شيئًا).

نصنّف الزوايا حسب القيس:

| النوع    | القيس                     |
| -------- | ------------------------- |
| حادّة    | أصغر من 90°               |
| قائمة    | يساوي 90°                 |
| منفرجة   | أكبر من 90° وأصغر من 180° |
| مستقيمة  | يساوي 180°                |

الزاويةُ **الحادّة** فتحتُها ضيّقة، والزاويةُ **القائمة** نعلّمها بمربّعٍ صغير، والزاويةُ **المنفرجة** فتحتُها واسعة:

<svg viewBox="0 0 200 80"><line x1="14" y1="64" x2="56" y2="64" stroke="currentColor" stroke-width="2.5"/><line x1="14" y1="64" x2="50" y2="36" stroke="currentColor" stroke-width="2.5"/><circle cx="14" cy="64" r="2.5" fill="currentColor"/><text x="22" y="78" font-size="11" fill="currentColor">حادّة</text><line x1="84" y1="64" x2="126" y2="64" stroke="currentColor" stroke-width="2.5"/><line x1="84" y1="64" x2="84" y2="22" stroke="currentColor" stroke-width="2.5"/><rect x="84" y="54" width="10" height="10" fill="none" stroke="#1f2937" stroke-width="1.5"/><circle cx="84" cy="64" r="2.5" fill="currentColor"/><text x="92" y="78" font-size="11" fill="currentColor">قائمة</text><line x1="154" y1="64" x2="196" y2="64" stroke="currentColor" stroke-width="2.5"/><line x1="154" y1="64" x2="124" y2="38" stroke="currentColor" stroke-width="2.5"/><circle cx="154" cy="64" r="2.5" fill="currentColor"/><text x="150" y="78" font-size="11" fill="currentColor">منفرجة</text></svg>

أمّا الزاويةُ **المستقيمة** فضلعاها على استقامةٍ واحدة وقيسُها 180°.

## 🧭 قياس الزاوية بالمنقلة

نقيس الزاويةَ بالدرجات (°) باستعمال **المنقلة**:

1. نضع **مركزَ المنقلة** على رأس الزاوية.
2. نُطابق **الخطّ الصفري** (0°) مع أحد الضلعين.
3. نقرأ العددَ الذي يمرّ عليه الضلعُ الآخر على التدريج.

في الشكل، الضلعُ الأوّل على 0° والضلعُ الآخر يمرّ على 60°، فقيسُ الزاوية **60°** (زاويةٌ حادّة):

<svg viewBox="0 0 120 80"><path d="M 18 66 A 42 42 0 0 1 102 66" fill="none" stroke="currentColor" stroke-width="2"/><line x1="18" y1="66" x2="102" y2="66" stroke="currentColor" stroke-width="1.2"/><line x1="60" y1="66" x2="102" y2="66" stroke="#1f2937" stroke-width="2.5"/><line x1="60" y1="66" x2="81" y2="29" stroke="#1f2937" stroke-width="2.5"/><circle cx="60" cy="66" r="2.5" fill="currentColor"/><path d="M 81 66 A 21 21 0 0 0 71 48" fill="none" stroke="#1f2937" stroke-width="1.4"/><text x="84" y="58" font-size="11" fill="currentColor">60°</text></svg>

ولرسم زاويةٍ بقيسٍ معطى (مثلًا 50°): نرسم ضلعًا، نضع المنقلةَ على طرفه، نُعلّم نقطةً عند 50°، ثمّ نصل الرأسَ بها.

> ⚠️ الفخّ الشائع: قراءةُ التدريج المقلوب على المنقلة. ابدأ دائمًا العدَّ من **الصفر** الموافق للضلع الأوّل، لا من 180°.

## 🔺 المثلّثات وأنواعها

المثلّثُ مضلّعٌ له **3 أضلاع** و**3 رؤوس** و**3 زوايا**. نصنّفه بطريقتين مختلفتين:

**حسب الأضلاع** (نعلّم الأضلاع المتساوية بـ**تشريطات** متماثلة):

- **متساوي الأضلاع:** أضلاعُه الثلاثة متساوية.
- **متساوي الساقين:** له ضلعان متساويان.
- **مختلف الأضلاع:** أضلاعُه الثلاثة مختلفة الأطوال.

<svg viewBox="0 0 200 84"><polygon points="34,72 14,72 24,28" fill="none" stroke="currentColor" stroke-width="2.5"/><path d="M 17 51 l 6 2" stroke="#1f2937" stroke-width="1.5"/><path d="M 31 51 l -6 2" stroke="#1f2937" stroke-width="1.5"/><path d="M 22 72 l 0 0" stroke="#1f2937" stroke-width="1.5"/><line x1="22" y1="70" x2="26" y2="70" stroke="#1f2937" stroke-width="1.5"/><text x="6" y="82" font-size="10" fill="currentColor">متساوي الأضلاع</text><polygon points="92,72 132,72 112,30" fill="none" stroke="currentColor" stroke-width="2.5"/><path d="M 99 53 l 5 -2" stroke="#1f2937" stroke-width="1.5"/><path d="M 124 53 l -5 -2" stroke="#1f2937" stroke-width="1.5"/><text x="86" y="82" font-size="10" fill="currentColor">متساوي الساقين</text><polygon points="158,72 196,72 174,34" fill="none" stroke="currentColor" stroke-width="2.5"/><text x="156" y="82" font-size="10" fill="currentColor">مختلف الأضلاع</text></svg>

**حسب الزوايا:**

- **قائمُ الزاوية:** فيه زاويةٌ قائمة (90°)، نعلّمها بمربّعٍ صغير.
- **حادُّ الزوايا:** كلُّ زواياه حادّة.
- **منفرجُ الزاوية:** فيه زاويةٌ منفرجة.

<svg viewBox="0 0 100 80"><polygon points="22,70 22,26 72,70" fill="none" stroke="currentColor" stroke-width="2.5"/><rect x="22" y="60" width="10" height="10" fill="none" stroke="#1f2937" stroke-width="1.5"/></svg>

> ⚠️ الفخّ الشائع: الخلطُ بين التصنيف حسب **الأضلاع** والتصنيف حسب **الزوايا**؛ هما تصنيفان مختلفان، فقد يكون المثلّثُ متساوي الساقين **و** قائمَ الزاوية في آنٍ واحد.

## 🔷 الرباعيّات وخاصياتها

الرباعيُّ مضلّعٌ له **4 أضلاع** و**4 رؤوس**. هذه عائلةٌ مهمّة، نميّز منها أربعة أنواع:

| الرباعيّ        | الأضلاع                         | الزوايا       |
| --------------- | ------------------------------- | ------------- |
| المربّع         | 4 أضلاع متساوية                 | 4 زوايا قائمة |
| المستطيل        | المتقابلة متساوية               | 4 زوايا قائمة |
| المعيّن         | 4 أضلاع متساوية                 | ليست قائمة    |
| متوازي الأضلاع   | المتقابلة متوازية ومتساوية      | ليست قائمة    |

في **متوازي الأضلاع** كلُّ ضلعين متقابلين **متوازيان ومتساويان**. والمربّعُ والمستطيلُ والمعيّنُ كلُّها حالاتٌ خاصّة من متوازي الأضلاع.

**المعيّن** متوازي أضلاعٍ أضلاعُه الأربعة متساوية (لكنّ زواياه ليست قائمة)، نعلّم تساوي أضلاعه بتشريطات:

<svg viewBox="0 0 100 90"><polygon points="50,16 86,46 50,76 14,46" fill="none" stroke="currentColor" stroke-width="2.5"/><path d="M 66 28 l 3 4" stroke="#1f2937" stroke-width="1.5"/><path d="M 66 64 l 3 -4" stroke="#1f2937" stroke-width="1.5"/><path d="M 34 28 l -3 4" stroke="#1f2937" stroke-width="1.5"/><path d="M 34 64 l -3 -4" stroke="#1f2937" stroke-width="1.5"/></svg>

**متوازي الأضلاع** أضلاعُه المتقابلة متوازية ومتساوية، نعلّم التوازي بأسهم متماثلة:

<svg viewBox="0 0 100 80"><polygon points="26,60 74,60 86,24 38,24" fill="none" stroke="currentColor" stroke-width="2.5"/><polyline points="47,57 52,60 47,63" fill="none" stroke="#1f2937" stroke-width="1.4"/><polyline points="59,21 64,24 59,27" fill="none" stroke="#1f2937" stroke-width="1.4"/></svg>

> 🗡️ تذكّر التداخل: **كلُّ مربّعٍ مستطيلٌ ومعيّن** في آنٍ واحد (أضلاعُه متساوية وزواياه قائمة)، وكلُّها متوازيات أضلاع.

## ⭕ الدائرة والقرص

**الدائرة** خطٌّ منحنٍ مغلق، كلُّ نقاطه على **بُعدٍ ثابت** من نقطةٍ تُسمّى **المركز** (O). نرسمها بـ**البركار**: نثبّت إبرتَه في المركز ونفتحه بطول الشعاع ثمّ ندير.

- **الشعاع** (نصف القطر): قطعةٌ تصل **المركزَ** بنقطةٍ على الدائرة، رمزُها r.
- **القطر**: قطعةٌ تصل نقطتين على الدائرة **مارّةً بالمركز**، رمزُها d.
- العلاقة: **القطرُ ضعفُ الشعاع**.

$$ d = 2 × r $$

<svg viewBox="0 0 100 100"><circle cx="50" cy="50" r="36" fill="none" stroke="currentColor" stroke-width="2.5"/><circle cx="50" cy="50" r="2.6" fill="currentColor"/><line x1="50" y1="50" x2="86" y2="50" stroke="#1f2937" stroke-width="2"/><line x1="14" y1="50" x2="50" y2="50" stroke="#1f2937" stroke-width="2"/><text x="64" y="46" font-size="11" fill="currentColor">r</text><text x="46" y="64" font-size="11" fill="currentColor">O</text><text x="22" y="46" font-size="11" fill="currentColor">d</text></svg>

**القرص** هو السطحُ الممتلئُ **داخل** الدائرة. فالدائرةُ هي الحدُّ (الخطّ)، والقرصُ هو المساحةُ بداخله.

> 🗡️ مثال: دائرةٌ شعاعُها 5 cm قطرُها d = 2 × 5 = 10 cm. وبالعكس، دائرةٌ قطرُها 8 cm شعاعُها 8 ÷ 2 = 4 cm.

## 📐 الموسّط العمودي لقطعة

**الموسّط العمودي** لقطعة [AB] هو المستقيمُ الذي يحقّق شرطين معًا:

- يمرّ بـ**منتصف** القطعة [AB] (نسمّيه M)،
- و**عمودي** عليها (يكوّن معها زاوية قائمة 90°).

نرسمه بالمسطرة والكوس: نحدّد المنتصفَ M، ثمّ نرسم العموديَّ على [AB] في M (مربّعٌ صغير علامةُ التعامد، وتشريطان متماثلان يدلّان على تساوي MA = MB):

<svg viewBox="0 0 120 90"><line x1="20" y1="60" x2="100" y2="60" stroke="currentColor" stroke-width="2.5"/><line x1="60" y1="14" x2="60" y2="84" stroke="#1f2937" stroke-width="2.5"/><rect x="60" y="50" width="10" height="10" fill="none" stroke="#1f2937" stroke-width="1.5"/><line x1="38" y1="56" x2="42" y2="64" stroke="#1f2937" stroke-width="1.5"/><line x1="78" y1="56" x2="82" y2="64" stroke="#1f2937" stroke-width="1.5"/><circle cx="20" cy="60" r="2.4" fill="currentColor"/><circle cx="100" cy="60" r="2.4" fill="currentColor"/><circle cx="60" cy="60" r="2.4" fill="currentColor"/><text x="14" y="74" font-size="11" fill="currentColor">A</text><text x="97" y="74" font-size="11" fill="currentColor">B</text><text x="62" y="74" font-size="11" fill="currentColor">M</text></svg>

> ⚠️ الفخّ الشائع: مستقيمٌ يمرّ بالمنتصف لكنّه **مائل** (غيرُ عمودي) ليس موسّطًا؛ والعموديُّ الذي **لا يمرّ بالمنتصف** ليس موسّطًا. لا بدّ من الشرطين معًا.

> 🏆 أحسنتَ أيّها البطل! صرتَ تميّز التوازيَ والتعامد، وتقيس الزوايا بالمنقلة، وتصنّف المثلّثات والرباعيّات، وترسم الدوائر والموسّطات. المغامرةُ التالية: **التناظر المحوري** — حيث تنعكس الأشكالُ كما في المرآة. 🏆', '# 📜 ملخّص: الهندسة

- **المتوازيان والمتعامدان:** متعامدان (⊥) يتقاطعان بزاوية قائمة 90° (مربّع صغير)؛ متوازيان (∥) لا يتقاطعان ويبقى البعد بينهما ثابتًا (سهمان متماثلان).
- **أنواع الزوايا:** حادّة < 90°، قائمة = 90°، منفرجة بين 90° و180°، مستقيمة = 180°؛ القيس يتعلّق بالفتحة لا بطول الضلعين.
- **قياس الزاوية بالمنقلة:** ضع المركز على الرأس، طابق الصفر مع ضلع، واقرأ العدد عند الضلع الآخر (وارسم زاوية بقيس معطى بنفس الطريقة).
- **أنواع المثلّثات:** حسب الأضلاع (متساوي الأضلاع، متساوي الساقين، مختلف الأضلاع)، وحسب الزوايا (قائم الزاوية، حادّ الزوايا، منفرج الزاوية) — تصنيفان مستقلّان.
- **الرباعيّات:** المربّع (4 أضلاع متساوية + 4 زوايا قائمة)، المستطيل (المتقابلة متساوية + زوايا قائمة)، المعيّن (4 أضلاع متساوية)، متوازي الأضلاع (المتقابلة متوازية ومتساوية).
- **الدائرة والقرص:** الدائرة خطّ منحنٍ كلّ نقاطه على بُعد ثابت من المركز؛ القطر = 2 × الشعاع (d = 2 × r)؛ ترسم بالبركار؛ القرص هو السطح بداخلها.
- **الموسّط العمودي لقطعة [AB]:** المستقيم العمودي على [AB] المارّ بمنتصفها M؛ يجب الشرطان معًا (عمودي + يمرّ بالمنتصف).', 11, NULL)
ON CONFLICT (id) DO UPDATE SET
  subject_id = EXCLUDED.subject_id,
  title = EXCLUDED.title,
  description = EXCLUDED.description,
  lesson_content = EXCLUDED.lesson_content,
  summary = EXCLUDED.summary,
  display_order = EXCLUDED.display_order,
  manuel_ref = EXCLUDED.manuel_ref;

INSERT INTO public.chapters (id, subject_id, title, description, lesson_content, summary, display_order, manuel_ref) VALUES
  ('242785f0-beea-54f0-9857-d477e24852c0', 'math-5eme', 'التناظر المحوري', 'محورُ التناظر، ونظيرُ نقطةٍ بالنسبة إلى مستقيم (على بُعدٍ متساوٍ من المحور وعلى العمود منه)، ونظيرُ قطعةٍ وشكلٍ، وإنشاءُ النظير على الورق المرصّع وبالأدوات، ومحاورُ تناظر الأشكال المألوفة (المربّع، المستطيل، المعيّن، المثلّثات، الدائرة، الحروف)، وخاصيّاتُ التناظر', '# ⚔️ التناظر المحوري — مرآةُ الهندسة

> 💡 «ضع مرآةً على الورقة، فما تراه خلفها هو النظير: نفسُ الشكل، انقلب الجانب فقط.»

أهلًا بك في المعركة الأخيرة من رحلة الرياضيات! اطوِ ورقةً عليها بقعةُ حبر وهي رطبة، ثمّ افتحها: ستجد بقعتين متطابقتين على جانبَي خطّ الطيّ. هذا الخطّ هو **محور التناظر**، والبقعةُ الثانية هي **نظيرة** الأولى. التناظرُ المحوري موجودٌ في الفراشة، والوجه، والحروف، وأشكال الهندسة كلّها.

## 🪞 ما هو التناظر المحوري؟

عندما نطوي الورقة على مستقيمٍ فينطبق جزءٌ من الشكل تمامًا على الجزء الآخر، نقول إنّ الشكلين **متناظران بالنسبة إلى هذا المستقيم**، ونسمّي المستقيم **محور التناظر**. النظيرُ هو صورةُ الشكل بعد «انعكاسه» في المرآة (المحور): يحافظ على الحجم والشكل، لكنّ اليمين يصير يسارًا.

> 🗡️ الحيلة: تخيّل المحور مرآةً مستقيمة. كلُّ نقطةٍ تنظر إلى المرآة وترى نظيرَها خلفها على نفس البُعد.

## 📍 نظيرُ نقطة بالنسبة إلى مستقيم

نظيرُ نقطة A بالنسبة إلى مستقيم (d) هو النقطة A′ التي تحقّق **شرطين معًا**:

- المستقيم (d) **عموديٌّ** على القطعة [A A′] (يصنع معها زاوية قائمة).
- A و A′ على **بُعدٍ متساوٍ** من المستقيم (d): مسافةُ A عن المحور = مسافةُ A′ عن المحور.

باختصار: المحورُ هو **منصّفُ القطعة العمودي** [A A′]؛ يمرّ بمنتصفها ويعامدها. إذا كانت A تبعد 3 وحداتٍ عن المحور، فإنّ A′ تبعد 3 وحداتٍ أيضًا، على الجهة المقابلة وعلى نفس العمود.

*مثالٌ على الورق المرصّع:* النقطة A تبعد 3 مربّعاتٍ عن المحور. نعدّ من A نحو المحور عموديًّا، نصل إليه عند 3، ثمّ نواصل 3 مربّعاتٍ أخرى على الجهة الأخرى فنحصل على A′.

<svg viewBox="0 0 110 100"><line x1="10" y1="20" x2="100" y2="20" stroke="#cbd5e1" stroke-width="0.5"/><line x1="10" y1="35" x2="100" y2="35" stroke="#cbd5e1" stroke-width="0.5"/><line x1="10" y1="50" x2="100" y2="50" stroke="#cbd5e1" stroke-width="0.5"/><line x1="10" y1="65" x2="100" y2="65" stroke="#cbd5e1" stroke-width="0.5"/><line x1="10" y1="80" x2="100" y2="80" stroke="#cbd5e1" stroke-width="0.5"/><line x1="25" y1="10" x2="25" y2="90" stroke="#cbd5e1" stroke-width="0.5"/><line x1="40" y1="10" x2="40" y2="90" stroke="#cbd5e1" stroke-width="0.5"/><line x1="70" y1="10" x2="70" y2="90" stroke="#cbd5e1" stroke-width="0.5"/><line x1="85" y1="10" x2="85" y2="90" stroke="#cbd5e1" stroke-width="0.5"/><line x1="55" y1="8" x2="55" y2="92" stroke="currentColor" stroke-width="1.6" stroke-dasharray="5 3"/><line x1="25" y1="50" x2="85" y2="50" stroke="#ef4444" stroke-width="1.2" stroke-dasharray="3 2"/><circle cx="25" cy="50" r="2.6" fill="currentColor"/><circle cx="85" cy="50" r="2.6" fill="currentColor"/><text x="14" y="48" font-size="11" fill="currentColor">A</text><text x="88" y="48" font-size="11" fill="currentColor">A′</text><text x="58" y="16" font-size="9" fill="currentColor">(d)</text></svg>

> ⚠️ الفخّ: لا يكفي أن تكون A′ على نفس البُعد؛ يجب أيضًا أن تقع على **العمود** المرسوم من A إلى المحور. النظيرُ لا «ينزلق» على طول المحور، بل يقابل النقطة تمامًا.

## 📏 نظيرُ قطعةٍ وشكل

لإيجاد نظير **قطعة** [A B]، نوجد نظيرَ كلِّ طرفٍ منها (A′ و B′)، ثمّ نصل [A′ B′]. ولإيجاد نظير **شكلٍ** (مثلّث، مضلّع)، نوجد نظيرَ كلِّ رأسٍ من رؤوسه ثمّ نصل بينها بالترتيب نفسه.

<svg viewBox="0 0 110 100"><line x1="10" y1="20" x2="100" y2="20" stroke="#cbd5e1" stroke-width="0.5"/><line x1="10" y1="35" x2="100" y2="35" stroke="#cbd5e1" stroke-width="0.5"/><line x1="10" y1="50" x2="100" y2="50" stroke="#cbd5e1" stroke-width="0.5"/><line x1="10" y1="65" x2="100" y2="65" stroke="#cbd5e1" stroke-width="0.5"/><line x1="10" y1="80" x2="100" y2="80" stroke="#cbd5e1" stroke-width="0.5"/><line x1="55" y1="8" x2="55" y2="92" stroke="currentColor" stroke-width="1.6" stroke-dasharray="5 3"/><polygon points="25,80 25,35 40,65" fill="none" stroke="currentColor" stroke-width="2.5"/><polygon points="85,80 85,35 70,65" fill="none" stroke="currentColor" stroke-width="2.5"/><text x="55" y="16" font-size="9" fill="currentColor">(d)</text></svg>

نلاحظ أنّ المثلّث ونظيرَه متطابقان في الحجم تمامًا، لكنّهما **معكوسان**: ما كان يمينًا صار يسارًا.

## 🛡️ خاصيّاتُ التناظر

التناظرُ المحوري **يحفظ كلَّ القياسات**؛ فالنظيرُ مطابقٌ للأصل:

| الخاصيّة     | ماذا يفعل التناظر         |
| ------------ | ------------------------- |
| الأطوال      | تُحفظ: طولُ [A′ B′] = طولُ [A B] |
| الزوايا      | تُحفظ: قيسُ الزاوية = قيسُ نظيرتها |
| الاستقامة    | صورةُ مستقيمٍ مستقيم      |
| الشكل والحجم | يبقيان كما هما (تطابق)    |

الشيءُ الوحيد الذي يتغيّر هو **الاتّجاه**: ينقلب اليمينُ يسارًا (كما في المرآة).

## 🔷 محاورُ تناظر الأشكال المألوفة

لبعض الأشكال محورُ تناظرٍ واحدٌ أو أكثر، وهو الخطّ الذي إذا طويناها عليه انطبق نصفاها. هذا الجدول يجمعها:

| الشكل               | عددُ محاور التناظر |
| ------------------- | ------------------- |
| المربّع             | 4                   |
| المستطيل            | 2                   |
| المعيّن             | 2                   |
| المثلّث متساوي الأضلاع | 3                 |
| المثلّث متساوي الساقين | 1                 |
| الدائرة             | عددٌ لا نهائيّ (كلُّ قُطر) |

أمّا **المثلّث مختلفُ الأضلاع** فلا محورَ تناظرٍ له. والحروفُ أيضًا: للحرف A محورٌ عموديٌّ واحد، وللحرف H محوران (عموديٌّ وأفقيّ)، بينما الحرف F لا محورَ له.

<svg viewBox="0 0 100 100"><rect x="27" y="27" width="46" height="46" fill="none" stroke="currentColor" stroke-width="2.5"/><line x1="50" y1="20" x2="50" y2="80" stroke="#ef4444" stroke-width="1.3" stroke-dasharray="4 3"/><line x1="20" y1="50" x2="80" y2="50" stroke="#ef4444" stroke-width="1.3" stroke-dasharray="4 3"/><line x1="27" y1="27" x2="73" y2="73" stroke="#ef4444" stroke-width="1.3" stroke-dasharray="4 3"/><line x1="73" y1="27" x2="27" y2="73" stroke="#ef4444" stroke-width="1.3" stroke-dasharray="4 3"/></svg>

> 🗡️ تذكّر: عددُ محاور المربّع 4، وهو أكثرُ من المستطيل والمعيّن (لكلٍّ منهما 2). كلَّما زاد «انتظامُ» الشكل زاد عددُ محاوره، حتّى الدائرة التي محاورُها لا نهائيّة.

> 🏆 أحسنت أيّها البطل! أتممتَ آخرَ فصولٍ المغامرة: صرتَ تبني نظيرَ نقطةٍ وقطعةٍ وشكل، وتعدّ محاور تناظر الأشكال. لقد طويتَ صفحةَ الرياضيات لهذه السنة كاملةً — 🏁 لقد أنهيتَ المسار!', '# 📜 ملخّص: التناظر المحوري

- **التناظر المحوري**: عند طيّ الورقة على **محور التناظر** ينطبق الشكلُ على نظيره؛ النظيرُ صورةُ الشكل في المرآة (نفسُ الحجم، الجانب منقلب).
- **نظيرُ نقطة A** بالنسبة إلى مستقيم (d) هو A′ بشرطين معًا: المحور **عموديٌّ** على [A A′]، وA و A′ على **بُعدٍ متساوٍ** من المحور (المحور = منصّفُ [A A′] العمودي).
- **الإنشاء على الورق المرصّع**: عدّ المربّعات من النقطة عموديًّا إلى المحور، ثمّ العددَ نفسه على الجهة الأخرى على نفس العمود.
- **نظيرُ قطعةٍ [A B]**: نوجد نظيرَي طرفيها A′ و B′ ونصلهما؛ **نظيرُ شكلٍ**: نظيرُ كلِّ رأسٍ ثمّ الوصلُ بالترتيب نفسه.
- **خاصيّاتُ التناظر**: يحفظ **الأطوال** و**الزوايا** و**الاستقامة** و**الشكل والحجم** (تطابق)؛ يتغيّر **الاتّجاه** فقط (يمين ↔ يسار).
- **محاورُ تناظر الأشكال**: المربّع 4، المستطيل 2، المعيّن 2، المثلّث متساوي الأضلاع 3، متساوي الساقين 1، الدائرة لا نهائيّة (كلُّ قُطر)، مختلفُ الأضلاع 0.
- **الحروف**: A محورٌ واحد (عموديّ)، H محوران، F لا محورَ له — حسب انطباق النصفين بالطيّ.', 12, NULL)
ON CONFLICT (id) DO UPDATE SET
  subject_id = EXCLUDED.subject_id,
  title = EXCLUDED.title,
  description = EXCLUDED.description,
  lesson_content = EXCLUDED.lesson_content,
  summary = EXCLUDED.summary,
  display_order = EXCLUDED.display_order,
  manuel_ref = EXCLUDED.manuel_ref;

INSERT INTO public.exercises (id, chapter_id, subject_id, title, difficulty, xp_reward, reward_coins, mode, source, display_order) VALUES
  ('654d7072-5924-5cda-9d23-4b2d40b34780', 'a8abdde0-172b-54e7-8dfa-c73958506bfc', 'math-5eme', 'اختبار فهم الدرس ⭐', 1, 20, 5, 'quiz', 'admin', 0)
ON CONFLICT (id) DO UPDATE SET
  chapter_id = EXCLUDED.chapter_id,
  subject_id = EXCLUDED.subject_id,
  title = EXCLUDED.title,
  difficulty = EXCLUDED.difficulty,
  xp_reward = EXCLUDED.xp_reward,
  reward_coins = EXCLUDED.reward_coins,
  mode = EXCLUDED.mode,
  display_order = EXCLUDED.display_order;

INSERT INTO public.questions (id, exercise_id, prompt, options, correct_option, explanation, display_order, question_type, answer_key, distractor_tags) VALUES
  ('8f3116bf-fa38-5cd2-931d-17334d32be92', '654d7072-5924-5cda-9d23-4b2d40b34780', 'كم صنفًا في العدد 7 152 008، وكم رقمًا في كلّ صنف؟', '[{"id":"a","text":"صنفان، رقمان في كلّ صنف"},{"id":"b","text":"صنفان، أربعة أرقام في كلّ صنف"},{"id":"c","text":"ثلاثة أصناف، ثلاثة أرقام في كلّ صنف"},{"id":"d","text":"أربعة أصناف، رقمان في كلّ صنف"}]'::jsonb, 'c', 'نقسّم الأرقام ثلاثةً ثلاثةً من اليمين: صنف الوحدات، صنف الآلاف، صنف الملايين، أي ثلاثة أصناف وكلّ صنفٍ ثلاثة أرقام.', 1, 'mcq', NULL, NULL)
ON CONFLICT (id) DO UPDATE SET
  exercise_id = EXCLUDED.exercise_id,
  prompt = EXCLUDED.prompt,
  options = EXCLUDED.options,
  correct_option = EXCLUDED.correct_option,
  explanation = EXCLUDED.explanation,
  display_order = EXCLUDED.display_order,
  question_type = EXCLUDED.question_type,
  answer_key = EXCLUDED.answer_key,
  distractor_tags = EXCLUDED.distractor_tags;

INSERT INTO public.questions (id, exercise_id, prompt, options, correct_option, explanation, display_order, question_type, answer_key, distractor_tags) VALUES
  ('7f73339c-4703-5613-b27f-abfa632fd58d', '654d7072-5924-5cda-9d23-4b2d40b34780', 'ما اسم الصنف الأوّل من اليمين في أيّ عددٍ كبير؟', '[{"id":"a","text":"صنف الملايين"},{"id":"b","text":"صنف الوحدات"},{"id":"c","text":"صنف الآلاف"},{"id":"d","text":"صنف العشرات"}]'::jsonb, 'b', 'نبدأ ترقيم الأصناف من اليمين: الصنف الأوّل هو صنف الوحدات، ثمّ صنف الآلاف، ثمّ صنف الملايين.', 2, 'mcq', NULL, NULL)
ON CONFLICT (id) DO UPDATE SET
  exercise_id = EXCLUDED.exercise_id,
  prompt = EXCLUDED.prompt,
  options = EXCLUDED.options,
  correct_option = EXCLUDED.correct_option,
  explanation = EXCLUDED.explanation,
  display_order = EXCLUDED.display_order,
  question_type = EXCLUDED.question_type,
  answer_key = EXCLUDED.answer_key,
  distractor_tags = EXCLUDED.distractor_tags;

INSERT INTO public.questions (id, exercise_id, prompt, options, correct_option, explanation, display_order, question_type, answer_key, distractor_tags) VALUES
  ('e5c4b396-51fb-5ad2-83be-7153a6bb697a', '654d7072-5924-5cda-9d23-4b2d40b34780', 'كيف يُقرأ العدد 3 000 005؟', '[{"id":"a","text":"ثلاثة آلاف وخمسة"},{"id":"b","text":"ثلاثة ملايين وخمسة"},{"id":"c","text":"ثلاثون مليونًا وخمسة"},{"id":"d","text":"ثلاثة ملايين وخمسمئة"}]'::jsonb, 'b', 'العدد فيه 3 في صنف الملايين و 5 في آحاد صنف الوحدات وبقيّة الرتب أصفار، فيُقرأ «ثلاثة ملايين وخمسة».', 3, 'mcq', NULL, NULL)
ON CONFLICT (id) DO UPDATE SET
  exercise_id = EXCLUDED.exercise_id,
  prompt = EXCLUDED.prompt,
  options = EXCLUDED.options,
  correct_option = EXCLUDED.correct_option,
  explanation = EXCLUDED.explanation,
  display_order = EXCLUDED.display_order,
  question_type = EXCLUDED.question_type,
  answer_key = EXCLUDED.answer_key,
  distractor_tags = EXCLUDED.distractor_tags;

INSERT INTO public.questions (id, exercise_id, prompt, options, correct_option, explanation, display_order, question_type, answer_key, distractor_tags) VALUES
  ('3515256c-f4f2-5e5f-a199-4abcde9fe731', '654d7072-5924-5cda-9d23-4b2d40b34780', 'ما قيمة الرقم 6 في العدد 4 600 000؟', '[{"id":"a","text":"600 000"},{"id":"b","text":"60 000"},{"id":"c","text":"6 000 000"},{"id":"d","text":"6 000"}]'::jsonb, 'a', 'الرقم 6 في رتبة مئات الآلاف، فقيمته 600 000 (الرقم 6 يتبعه خمسة أصفار حتّى آخر العدد).', 4, 'mcq', NULL, NULL)
ON CONFLICT (id) DO UPDATE SET
  exercise_id = EXCLUDED.exercise_id,
  prompt = EXCLUDED.prompt,
  options = EXCLUDED.options,
  correct_option = EXCLUDED.correct_option,
  explanation = EXCLUDED.explanation,
  display_order = EXCLUDED.display_order,
  question_type = EXCLUDED.question_type,
  answer_key = EXCLUDED.answer_key,
  distractor_tags = EXCLUDED.distractor_tags;

INSERT INTO public.questions (id, exercise_id, prompt, options, correct_option, explanation, display_order, question_type, answer_key, distractor_tags) VALUES
  ('6bf21961-1d3f-5f96-90ff-e2abbca6791b', '654d7072-5924-5cda-9d23-4b2d40b34780', 'أيّ عددٍ هو الأكبر؟', '[{"id":"a","text":"999 999"},{"id":"b","text":"909 090"},{"id":"c","text":"990 000"},{"id":"d","text":"1 000 000"}]'::jsonb, 'd', 'العدد 1 000 000 وحده فيه سبعة أرقام، وبقيّة الأعداد فيها ستّة أرقام، والأكثر أرقامًا هو الأكبر.', 5, 'mcq', NULL, NULL)
ON CONFLICT (id) DO UPDATE SET
  exercise_id = EXCLUDED.exercise_id,
  prompt = EXCLUDED.prompt,
  options = EXCLUDED.options,
  correct_option = EXCLUDED.correct_option,
  explanation = EXCLUDED.explanation,
  display_order = EXCLUDED.display_order,
  question_type = EXCLUDED.question_type,
  answer_key = EXCLUDED.answer_key,
  distractor_tags = EXCLUDED.distractor_tags;

INSERT INTO public.exercises (id, chapter_id, subject_id, title, difficulty, xp_reward, reward_coins, mode, source, display_order) VALUES
  ('bcff1327-a531-5f7e-8edb-ba4a5097d473', 'a8abdde0-172b-54e7-8dfa-c73958506bfc', 'math-5eme', '⭐ تمرين: أوّل خطوات إلى عالَم الملايين', 1, 50, 10, 'practice', 'admin', 1)
ON CONFLICT (id) DO UPDATE SET
  chapter_id = EXCLUDED.chapter_id,
  subject_id = EXCLUDED.subject_id,
  title = EXCLUDED.title,
  difficulty = EXCLUDED.difficulty,
  xp_reward = EXCLUDED.xp_reward,
  reward_coins = EXCLUDED.reward_coins,
  mode = EXCLUDED.mode,
  display_order = EXCLUDED.display_order;

INSERT INTO public.questions (id, exercise_id, prompt, options, correct_option, explanation, display_order, question_type, answer_key, distractor_tags) VALUES
  ('e2db8ed4-e9f7-5df4-a1d1-18011ee42eb8', 'bcff1327-a531-5f7e-8edb-ba4a5097d473', 'في العدد 845 327، ما اسم الصنف الذي فيه الأرقام 8 و 4 و 5؟', '[{"id":"a","text":"صنف الوحدات"},{"id":"b","text":"صنف الملايين"},{"id":"c","text":"صنف الآلاف"},{"id":"d","text":"صنف المئات"}]'::jsonb, 'c', 'نقسّم من اليمين: 327 صنف الوحدات، و 845 صنف الآلاف. فالأرقام 8 و 4 و 5 في صنف الآلاف.', 1, 'mcq', NULL, NULL)
ON CONFLICT (id) DO UPDATE SET
  exercise_id = EXCLUDED.exercise_id,
  prompt = EXCLUDED.prompt,
  options = EXCLUDED.options,
  correct_option = EXCLUDED.correct_option,
  explanation = EXCLUDED.explanation,
  display_order = EXCLUDED.display_order,
  question_type = EXCLUDED.question_type,
  answer_key = EXCLUDED.answer_key,
  distractor_tags = EXCLUDED.distractor_tags;

INSERT INTO public.questions (id, exercise_id, prompt, options, correct_option, explanation, display_order, question_type, answer_key, distractor_tags) VALUES
  ('309fae74-d73d-5a95-8e92-49b19bc63f01', 'bcff1327-a531-5f7e-8edb-ba4a5097d473', 'كيف يُقرأ العدد 600 000؟', '[{"id":"a","text":"ستّون ألفًا"},{"id":"b","text":"ستّمئة ألف"},{"id":"c","text":"ستّة ملايين"},{"id":"d","text":"ستّمئة"}]'::jsonb, 'b', 'الرقم 6 في رتبة مئات الآلاف وبقيّة الرتب أصفار، فيُقرأ العدد «ستّمئة ألف».', 2, 'mcq', NULL, NULL)
ON CONFLICT (id) DO UPDATE SET
  exercise_id = EXCLUDED.exercise_id,
  prompt = EXCLUDED.prompt,
  options = EXCLUDED.options,
  correct_option = EXCLUDED.correct_option,
  explanation = EXCLUDED.explanation,
  display_order = EXCLUDED.display_order,
  question_type = EXCLUDED.question_type,
  answer_key = EXCLUDED.answer_key,
  distractor_tags = EXCLUDED.distractor_tags;

INSERT INTO public.questions (id, exercise_id, prompt, options, correct_option, explanation, display_order, question_type, answer_key, distractor_tags) VALUES
  ('83a2c4b3-fee8-5dcb-b397-52ca108319ec', 'bcff1327-a531-5f7e-8edb-ba4a5097d473', 'كم رقمًا في العدد الذي يملأ الأصناف الثلاثة كاملةً (إلى صنف الملايين)؟', '[{"id":"a","text":"3 أرقام"},{"id":"b","text":"6 أرقام"},{"id":"c","text":"12 رقمًا"},{"id":"d","text":"9 أرقام"}]'::jsonb, 'd', 'كلّ صنفٍ ثلاثة أرقام، والأصناف ثلاثة (الوحدات والآلاف والملايين)، فيكون العدد من 3 × 3 = 9 أرقام.', 3, 'mcq', NULL, NULL)
ON CONFLICT (id) DO UPDATE SET
  exercise_id = EXCLUDED.exercise_id,
  prompt = EXCLUDED.prompt,
  options = EXCLUDED.options,
  correct_option = EXCLUDED.correct_option,
  explanation = EXCLUDED.explanation,
  display_order = EXCLUDED.display_order,
  question_type = EXCLUDED.question_type,
  answer_key = EXCLUDED.answer_key,
  distractor_tags = EXCLUDED.distractor_tags;

INSERT INTO public.questions (id, exercise_id, prompt, options, correct_option, explanation, display_order, question_type, answer_key, distractor_tags) VALUES
  ('accf278d-3609-5fbf-9f86-5353910044dd', 'bcff1327-a531-5f7e-8edb-ba4a5097d473', 'ما قيمة الرقم 3 في العدد 738 000؟', '[{"id":"a","text":"3"},{"id":"b","text":"3 000"},{"id":"c","text":"30 000"},{"id":"d","text":"300 000"}]'::jsonb, 'c', 'الرقم 3 في رتبة عشرات الآلاف، فقيمته 30 000 (الرقم 3 يتبعه أربعة أصفار حتّى آخر العدد).', 4, 'mcq', NULL, NULL)
ON CONFLICT (id) DO UPDATE SET
  exercise_id = EXCLUDED.exercise_id,
  prompt = EXCLUDED.prompt,
  options = EXCLUDED.options,
  correct_option = EXCLUDED.correct_option,
  explanation = EXCLUDED.explanation,
  display_order = EXCLUDED.display_order,
  question_type = EXCLUDED.question_type,
  answer_key = EXCLUDED.answer_key,
  distractor_tags = EXCLUDED.distractor_tags;

INSERT INTO public.questions (id, exercise_id, prompt, options, correct_option, explanation, display_order, question_type, answer_key, distractor_tags) VALUES
  ('c7221d68-e253-5544-9596-86206b02b36b', 'bcff1327-a531-5f7e-8edb-ba4a5097d473', 'أيّ كتابةٍ بالأرقام توافق «مئتان وخمسون ألفًا»؟', '[{"id":"a","text":"250 000"},{"id":"b","text":"25 000"},{"id":"c","text":"200 050"},{"id":"d","text":"2 500 000"}]'::jsonb, 'a', 'مئتان وخمسون ألفًا = 250 ألفًا، أي 250 في صنف الآلاف وصفر في صنف الوحدات، فيكون العدد 250 000.', 5, 'mcq', NULL, NULL)
ON CONFLICT (id) DO UPDATE SET
  exercise_id = EXCLUDED.exercise_id,
  prompt = EXCLUDED.prompt,
  options = EXCLUDED.options,
  correct_option = EXCLUDED.correct_option,
  explanation = EXCLUDED.explanation,
  display_order = EXCLUDED.display_order,
  question_type = EXCLUDED.question_type,
  answer_key = EXCLUDED.answer_key,
  distractor_tags = EXCLUDED.distractor_tags;

INSERT INTO public.questions (id, exercise_id, prompt, options, correct_option, explanation, display_order, question_type, answer_key, distractor_tags) VALUES
  ('de847887-39ec-5ce3-8200-02ce54baa08f', 'bcff1327-a531-5f7e-8edb-ba4a5097d473', 'أيّ عددٍ يساوي 500 000 + 40 000 + 6؟', '[{"id":"a","text":"504 006"},{"id":"b","text":"540 006"},{"id":"c","text":"540 600"},{"id":"d","text":"546 000"}]'::jsonb, 'b', 'نركّب: 5 مئات الآلاف، 4 عشرات الآلاف، ولا آلاف ولا مئات ولا عشرات، و 6 آحاد، فيكون العدد 540 006.', 6, 'mcq', NULL, NULL)
ON CONFLICT (id) DO UPDATE SET
  exercise_id = EXCLUDED.exercise_id,
  prompt = EXCLUDED.prompt,
  options = EXCLUDED.options,
  correct_option = EXCLUDED.correct_option,
  explanation = EXCLUDED.explanation,
  display_order = EXCLUDED.display_order,
  question_type = EXCLUDED.question_type,
  answer_key = EXCLUDED.answer_key,
  distractor_tags = EXCLUDED.distractor_tags;

INSERT INTO public.exercises (id, chapter_id, subject_id, title, difficulty, xp_reward, reward_coins, mode, source, display_order) VALUES
  ('c839fe7e-008a-51f9-ad22-032569235559', 'a8abdde0-172b-54e7-8dfa-c73958506bfc', 'math-5eme', '⚔️ زعيم الفصل ⭐⭐⭐: سيّد الأعداد الكبيرة', 3, 120, 30, 'boss', 'admin', 2)
ON CONFLICT (id) DO UPDATE SET
  chapter_id = EXCLUDED.chapter_id,
  subject_id = EXCLUDED.subject_id,
  title = EXCLUDED.title,
  difficulty = EXCLUDED.difficulty,
  xp_reward = EXCLUDED.xp_reward,
  reward_coins = EXCLUDED.reward_coins,
  mode = EXCLUDED.mode,
  display_order = EXCLUDED.display_order;

INSERT INTO public.questions (id, exercise_id, prompt, options, correct_option, explanation, display_order, question_type, answer_key, distractor_tags) VALUES
  ('069d778d-f3e1-5875-9ccc-077a4ef05b2d', 'c839fe7e-008a-51f9-ad22-032569235559', 'ما قيمة الرقم 9 في العدد 2 945 000؟', '[{"id":"a","text":"9 000"},{"id":"b","text":"900 000"},{"id":"c","text":"90 000"},{"id":"d","text":"9 000 000"}]'::jsonb, 'b', 'الرقم 9 في رتبة مئات الآلاف، فقيمته 900 000. الخطأ الشائع هو قراءة الرقم 9 وحده دون النظر إلى رتبته وصنفه.', 1, 'mcq', NULL, NULL)
ON CONFLICT (id) DO UPDATE SET
  exercise_id = EXCLUDED.exercise_id,
  prompt = EXCLUDED.prompt,
  options = EXCLUDED.options,
  correct_option = EXCLUDED.correct_option,
  explanation = EXCLUDED.explanation,
  display_order = EXCLUDED.display_order,
  question_type = EXCLUDED.question_type,
  answer_key = EXCLUDED.answer_key,
  distractor_tags = EXCLUDED.distractor_tags;

INSERT INTO public.questions (id, exercise_id, prompt, options, correct_option, explanation, display_order, question_type, answer_key, distractor_tags) VALUES
  ('5214bb90-fae1-576d-adbc-82c29b64c7a4', 'c839fe7e-008a-51f9-ad22-032569235559', 'كيف يُقرأ العدد 5 080 000؟', '[{"id":"a","text":"خمسة ملايين وثمانية آلاف"},{"id":"b","text":"خمسون مليونًا وثمانون ألفًا"},{"id":"c","text":"خمسة ملايين وثمانون ألفًا"},{"id":"d","text":"خمسة ملايين وثمانمئة ألف"}]'::jsonb, 'c', 'صنف الملايين فيه 5، وصنف الآلاف فيه 080 أي ثمانون ألفًا (الرقم 8 في عشرات الآلاف)، وصنف الوحدات أصفار. فيُقرأ «خمسة ملايين وثمانون ألفًا».', 2, 'mcq', NULL, NULL)
ON CONFLICT (id) DO UPDATE SET
  exercise_id = EXCLUDED.exercise_id,
  prompt = EXCLUDED.prompt,
  options = EXCLUDED.options,
  correct_option = EXCLUDED.correct_option,
  explanation = EXCLUDED.explanation,
  display_order = EXCLUDED.display_order,
  question_type = EXCLUDED.question_type,
  answer_key = EXCLUDED.answer_key,
  distractor_tags = EXCLUDED.distractor_tags;

INSERT INTO public.questions (id, exercise_id, prompt, options, correct_option, explanation, display_order, question_type, answer_key, distractor_tags) VALUES
  ('2f902df2-ed97-5538-a406-0b28cd6bbda2', 'c839fe7e-008a-51f9-ad22-032569235559', 'أيّ كتابةٍ بالأرقام توافق «أربعة ملايين وثلاثة»؟', '[{"id":"a","text":"4 003 000"},{"id":"b","text":"4 000 003"},{"id":"c","text":"4 300 000"},{"id":"d","text":"43"}]'::jsonb, 'b', 'الرقم 4 في صنف الملايين، والرقم 3 في آحاد صنف الوحدات، وكلّ الرتب بينهما أصفار، فيكون العدد 4 000 003. الخطأ الشائع نسيان الأصفار وكتابة 43.', 3, 'mcq', NULL, NULL)
ON CONFLICT (id) DO UPDATE SET
  exercise_id = EXCLUDED.exercise_id,
  prompt = EXCLUDED.prompt,
  options = EXCLUDED.options,
  correct_option = EXCLUDED.correct_option,
  explanation = EXCLUDED.explanation,
  display_order = EXCLUDED.display_order,
  question_type = EXCLUDED.question_type,
  answer_key = EXCLUDED.answer_key,
  distractor_tags = EXCLUDED.distractor_tags;

INSERT INTO public.questions (id, exercise_id, prompt, options, correct_option, explanation, display_order, question_type, answer_key, distractor_tags) VALUES
  ('86e61219-20a8-567d-9a41-31d6985b0c20', 'c839fe7e-008a-51f9-ad22-032569235559', 'أيّ عددٍ يساوي 3 000 000 + 600 000 + 80؟', '[{"id":"a","text":"3 680 000"},{"id":"b","text":"3 600 800"},{"id":"c","text":"3 006 080"},{"id":"d","text":"3 600 080"}]'::jsonb, 'd', 'نركّب: 3 في الملايين، 6 في مئات الآلاف، 8 في عشرات صنف الوحدات، وبقيّة الرتب أصفار، فيكون العدد 3 600 080.', 4, 'mcq', NULL, NULL)
ON CONFLICT (id) DO UPDATE SET
  exercise_id = EXCLUDED.exercise_id,
  prompt = EXCLUDED.prompt,
  options = EXCLUDED.options,
  correct_option = EXCLUDED.correct_option,
  explanation = EXCLUDED.explanation,
  display_order = EXCLUDED.display_order,
  question_type = EXCLUDED.question_type,
  answer_key = EXCLUDED.answer_key,
  distractor_tags = EXCLUDED.distractor_tags;

INSERT INTO public.questions (id, exercise_id, prompt, options, correct_option, explanation, display_order, question_type, answer_key, distractor_tags) VALUES
  ('c8e887e4-5df7-5d2e-8e8b-2e1c535e71cb', 'c839fe7e-008a-51f9-ad22-032569235559', 'في العدد 12 345 678، ما قيمة الرقم 2؟', '[{"id":"a","text":"200 000"},{"id":"b","text":"20 000"},{"id":"c","text":"2 000 000"},{"id":"d","text":"2"}]'::jsonb, 'c', 'نقسّم من اليمين: 678 وحدات، 345 آلاف، 12 ملايين. فالرقم 2 في آحاد الملايين وقيمته 2 000 000. الخطأ الشائع قراءته في صنف الوحدات.', 5, 'mcq', NULL, NULL)
ON CONFLICT (id) DO UPDATE SET
  exercise_id = EXCLUDED.exercise_id,
  prompt = EXCLUDED.prompt,
  options = EXCLUDED.options,
  correct_option = EXCLUDED.correct_option,
  explanation = EXCLUDED.explanation,
  display_order = EXCLUDED.display_order,
  question_type = EXCLUDED.question_type,
  answer_key = EXCLUDED.answer_key,
  distractor_tags = EXCLUDED.distractor_tags;

INSERT INTO public.questions (id, exercise_id, prompt, options, correct_option, explanation, display_order, question_type, answer_key, distractor_tags) VALUES
  ('c0678e3c-9d3c-5b9d-b1b9-d2943a7978ec', 'c839fe7e-008a-51f9-ad22-032569235559', 'كم عدد الأصفار في كتابة العدد «سبعة ملايين»؟', '[{"id":"a","text":"6 أصفار"},{"id":"b","text":"3 أصفار"},{"id":"c","text":"7 أصفار"},{"id":"d","text":"9 أصفار"}]'::jsonb, 'a', 'سبعة ملايين = 7 000 000؛ الرقم 7 في آحاد الملايين، ويليه صنف الآلاف (ثلاثة أصفار) وصنف الوحدات (ثلاثة أصفار)، أي ستّة أصفار.', 6, 'mcq', NULL, NULL)
ON CONFLICT (id) DO UPDATE SET
  exercise_id = EXCLUDED.exercise_id,
  prompt = EXCLUDED.prompt,
  options = EXCLUDED.options,
  correct_option = EXCLUDED.correct_option,
  explanation = EXCLUDED.explanation,
  display_order = EXCLUDED.display_order,
  question_type = EXCLUDED.question_type,
  answer_key = EXCLUDED.answer_key,
  distractor_tags = EXCLUDED.distractor_tags;

INSERT INTO public.exercises (id, chapter_id, subject_id, title, difficulty, xp_reward, reward_coins, mode, source, display_order) VALUES
  ('2ce7cead-dbbf-5460-9c60-dbd619c7e1db', 'a8abdde0-172b-54e7-8dfa-c73958506bfc', 'math-5eme', '⭐⭐ تمرين مراجعة (نمط امتحان): الأعداد الكبيرة', 2, 75, 15, 'practice', 'admin', 3)
ON CONFLICT (id) DO UPDATE SET
  chapter_id = EXCLUDED.chapter_id,
  subject_id = EXCLUDED.subject_id,
  title = EXCLUDED.title,
  difficulty = EXCLUDED.difficulty,
  xp_reward = EXCLUDED.xp_reward,
  reward_coins = EXCLUDED.reward_coins,
  mode = EXCLUDED.mode,
  display_order = EXCLUDED.display_order;

INSERT INTO public.questions (id, exercise_id, prompt, options, correct_option, explanation, display_order, question_type, answer_key, distractor_tags) VALUES
  ('e4c65524-85d9-5784-b7d4-ddf0ffd8e4c5', '2ce7cead-dbbf-5460-9c60-dbd619c7e1db', 'في العدد 936 504، ما رتبة الرقم 9؟', '[{"id":"a","text":"آحاد الآلاف"},{"id":"b","text":"عشرات الآلاف"},{"id":"c","text":"مئات الآلاف"},{"id":"d","text":"آحاد الوحدات"}]'::jsonb, 'c', 'نقسّم من اليمين: 504 صنف الوحدات، 936 صنف الآلاف. والرقم 9 هو أوّل صنف الآلاف من اليسار، أي رتبة مئات الآلاف.', 1, 'mcq', NULL, NULL)
ON CONFLICT (id) DO UPDATE SET
  exercise_id = EXCLUDED.exercise_id,
  prompt = EXCLUDED.prompt,
  options = EXCLUDED.options,
  correct_option = EXCLUDED.correct_option,
  explanation = EXCLUDED.explanation,
  display_order = EXCLUDED.display_order,
  question_type = EXCLUDED.question_type,
  answer_key = EXCLUDED.answer_key,
  distractor_tags = EXCLUDED.distractor_tags;

INSERT INTO public.questions (id, exercise_id, prompt, options, correct_option, explanation, display_order, question_type, answer_key, distractor_tags) VALUES
  ('6b17208d-9a8d-5322-a5f3-98f057272813', '2ce7cead-dbbf-5460-9c60-dbd619c7e1db', 'كيف يُقرأ العدد 408 020؟', '[{"id":"a","text":"أربعمئة وثمانية آلاف واثنان"},{"id":"b","text":"أربعمئة وثمانية آلاف وعشرون"},{"id":"c","text":"أربعون ألفًا وثمانون واثنان"},{"id":"d","text":"أربعمئة وثمانون ألفًا وعشرون"}]'::jsonb, 'b', 'صنف الآلاف فيه 408 أي أربعمئة وثمانية آلاف، وصنف الوحدات فيه 020 أي عشرون، فيُقرأ «أربعمئة وثمانية آلاف وعشرون».', 2, 'mcq', NULL, NULL)
ON CONFLICT (id) DO UPDATE SET
  exercise_id = EXCLUDED.exercise_id,
  prompt = EXCLUDED.prompt,
  options = EXCLUDED.options,
  correct_option = EXCLUDED.correct_option,
  explanation = EXCLUDED.explanation,
  display_order = EXCLUDED.display_order,
  question_type = EXCLUDED.question_type,
  answer_key = EXCLUDED.answer_key,
  distractor_tags = EXCLUDED.distractor_tags;

INSERT INTO public.questions (id, exercise_id, prompt, options, correct_option, explanation, display_order, question_type, answer_key, distractor_tags) VALUES
  ('e57159d5-ec9b-52a5-92c9-c5e43c891fbf', '2ce7cead-dbbf-5460-9c60-dbd619c7e1db', 'أيّ كتابةٍ بالأرقام توافق «ثلاثمئة ألف وخمسون»؟', '[{"id":"a","text":"350 000"},{"id":"b","text":"300 500"},{"id":"c","text":"300 050"},{"id":"d","text":"30 050"}]'::jsonb, 'c', 'ثلاثمئة ألف = 300 في صنف الآلاف، وخمسون = 50 في صنف الوحدات، فيكون العدد 300 050.', 3, 'mcq', NULL, NULL)
ON CONFLICT (id) DO UPDATE SET
  exercise_id = EXCLUDED.exercise_id,
  prompt = EXCLUDED.prompt,
  options = EXCLUDED.options,
  correct_option = EXCLUDED.correct_option,
  explanation = EXCLUDED.explanation,
  display_order = EXCLUDED.display_order,
  question_type = EXCLUDED.question_type,
  answer_key = EXCLUDED.answer_key,
  distractor_tags = EXCLUDED.distractor_tags;

INSERT INTO public.questions (id, exercise_id, prompt, options, correct_option, explanation, display_order, question_type, answer_key, distractor_tags) VALUES
  ('20ceecfb-d134-517b-8741-9e253fd49c60', '2ce7cead-dbbf-5460-9c60-dbd619c7e1db', 'ما قيمة الرقم 7 في العدد 5 720 000؟', '[{"id":"a","text":"700 000"},{"id":"b","text":"70 000"},{"id":"c","text":"7 000 000"},{"id":"d","text":"7 000"}]'::jsonb, 'a', 'نقسّم من اليمين: 000 وحدات، 720 آلاف، 5 ملايين. فالرقم 7 في رتبة مئات الآلاف وقيمته 700 000.', 4, 'mcq', NULL, NULL)
ON CONFLICT (id) DO UPDATE SET
  exercise_id = EXCLUDED.exercise_id,
  prompt = EXCLUDED.prompt,
  options = EXCLUDED.options,
  correct_option = EXCLUDED.correct_option,
  explanation = EXCLUDED.explanation,
  display_order = EXCLUDED.display_order,
  question_type = EXCLUDED.question_type,
  answer_key = EXCLUDED.answer_key,
  distractor_tags = EXCLUDED.distractor_tags;

INSERT INTO public.questions (id, exercise_id, prompt, options, correct_option, explanation, display_order, question_type, answer_key, distractor_tags) VALUES
  ('4e551fe4-3ae5-5b21-9d60-cc6bbe9289cd', '2ce7cead-dbbf-5460-9c60-dbd619c7e1db', 'أيّ تفكيكٍ يوافق العدد 604 003؟', '[{"id":"a","text":"600 000 + 40 000 + 3"},{"id":"b","text":"60 000 + 4 000 + 3"},{"id":"c","text":"600 000 + 400 + 30"},{"id":"d","text":"600 000 + 4 000 + 3"}]'::jsonb, 'd', 'نقسّم: 604 آلاف و 003 وحدات؛ أي 6 مئات الآلاف (600 000) و 4 آلاف (4 000) و 3 آحاد، فالتفكيك 600 000 + 4 000 + 3.', 5, 'mcq', NULL, NULL)
ON CONFLICT (id) DO UPDATE SET
  exercise_id = EXCLUDED.exercise_id,
  prompt = EXCLUDED.prompt,
  options = EXCLUDED.options,
  correct_option = EXCLUDED.correct_option,
  explanation = EXCLUDED.explanation,
  display_order = EXCLUDED.display_order,
  question_type = EXCLUDED.question_type,
  answer_key = EXCLUDED.answer_key,
  distractor_tags = EXCLUDED.distractor_tags;

INSERT INTO public.questions (id, exercise_id, prompt, options, correct_option, explanation, display_order, question_type, answer_key, distractor_tags) VALUES
  ('e251afc0-94fd-52a2-bead-ef882dbffd82', '2ce7cead-dbbf-5460-9c60-dbd619c7e1db', 'أيّ العددين أكبر: 89 999 أم 100 000؟', '[{"id":"a","text":"متساويان"},{"id":"b","text":"100 000 لأنّ أرقامه أكثر"},{"id":"c","text":"89 999 لأنّ 8 أكبر من 1"},{"id":"d","text":"89 999 لأنّه أقرب إلى مئة ألف"}]'::jsonb, 'b', 'العدد 100 000 فيه ستّة أرقام، و 89 999 فيه خمسة أرقام، والأكثر أرقامًا هو الأكبر، فـ 100 000 أكبر.', 6, 'mcq', NULL, NULL)
ON CONFLICT (id) DO UPDATE SET
  exercise_id = EXCLUDED.exercise_id,
  prompt = EXCLUDED.prompt,
  options = EXCLUDED.options,
  correct_option = EXCLUDED.correct_option,
  explanation = EXCLUDED.explanation,
  display_order = EXCLUDED.display_order,
  question_type = EXCLUDED.question_type,
  answer_key = EXCLUDED.answer_key,
  distractor_tags = EXCLUDED.distractor_tags;

INSERT INTO public.exercises (id, chapter_id, subject_id, title, difficulty, xp_reward, reward_coins, mode, source, display_order) VALUES
  ('2a852c65-9bf8-5cbf-8a46-14530a4651c3', 'a8abdde0-172b-54e7-8dfa-c73958506bfc', 'math-5eme', '👑 تحدّي النخبة ⭐⭐⭐⭐: ألغاز الأعداد الكبيرة', 4, 300, 60, 'challenge', 'admin', 4)
ON CONFLICT (id) DO UPDATE SET
  chapter_id = EXCLUDED.chapter_id,
  subject_id = EXCLUDED.subject_id,
  title = EXCLUDED.title,
  difficulty = EXCLUDED.difficulty,
  xp_reward = EXCLUDED.xp_reward,
  reward_coins = EXCLUDED.reward_coins,
  mode = EXCLUDED.mode,
  display_order = EXCLUDED.display_order;

INSERT INTO public.questions (id, exercise_id, prompt, options, correct_option, explanation, display_order, question_type, answer_key, distractor_tags) VALUES
  ('cae2d7e8-b279-5166-ab65-2eb9082796ff', '2a852c65-9bf8-5cbf-8a46-14530a4651c3', 'أنا عددٌ رقمُ مئات آلافي 4، ورقمُ آحاد آلافي 7، وبقيّة رتبي أصفار. من أكون؟', '[{"id":"a","text":"470 000"},{"id":"b","text":"47 000"},{"id":"c","text":"407 000"},{"id":"d","text":"4 007 000"}]'::jsonb, 'c', 'مئات الآلاف = 4، عشرات الآلاف = 0، آحاد الآلاف = 7، وصنف الوحدات أصفار. فيكون العدد 407 000. الخطأ الشائع وضع الرقم 7 في عشرات الآلاف.', 1, 'mcq', NULL, NULL)
ON CONFLICT (id) DO UPDATE SET
  exercise_id = EXCLUDED.exercise_id,
  prompt = EXCLUDED.prompt,
  options = EXCLUDED.options,
  correct_option = EXCLUDED.correct_option,
  explanation = EXCLUDED.explanation,
  display_order = EXCLUDED.display_order,
  question_type = EXCLUDED.question_type,
  answer_key = EXCLUDED.answer_key,
  distractor_tags = EXCLUDED.distractor_tags;

INSERT INTO public.questions (id, exercise_id, prompt, options, correct_option, explanation, display_order, question_type, answer_key, distractor_tags) VALUES
  ('53bf1c79-d13d-50ce-a42b-d19cdf9e13a6', '2a852c65-9bf8-5cbf-8a46-14530a4651c3', 'في العدد 7 654 321، كم تزيد قيمة الرقم 6 على قيمة الرقم 3؟', '[{"id":"a","text":"متساويتان"},{"id":"b","text":"599 700"},{"id":"c","text":"300"},{"id":"d","text":"600 000"}]'::jsonb, 'b', 'نقسّم: 321 وحدات، 654 آلاف، 7 ملايين. فالرقم 6 في مئات الآلاف قيمته 600 000، والرقم 3 في مئات الوحدات قيمته 300. الفرق 600 000 − 300 = 599 700.', 2, 'mcq', NULL, NULL)
ON CONFLICT (id) DO UPDATE SET
  exercise_id = EXCLUDED.exercise_id,
  prompt = EXCLUDED.prompt,
  options = EXCLUDED.options,
  correct_option = EXCLUDED.correct_option,
  explanation = EXCLUDED.explanation,
  display_order = EXCLUDED.display_order,
  question_type = EXCLUDED.question_type,
  answer_key = EXCLUDED.answer_key,
  distractor_tags = EXCLUDED.distractor_tags;

INSERT INTO public.questions (id, exercise_id, prompt, options, correct_option, explanation, display_order, question_type, answer_key, distractor_tags) VALUES
  ('d6ba2256-be6b-5c26-bc80-35b9c1b2d857', '2a852c65-9bf8-5cbf-8a46-14530a4651c3', 'باستعمال الأرقام 5 و 0 و 8 و 2 مرّةً واحدة لكلٍّ منها، ما أكبر عددٍ من أربعة أرقام يمكن تكوينه؟', '[{"id":"a","text":"8 520"},{"id":"b","text":"5 820"},{"id":"c","text":"8 250"},{"id":"d","text":"8 502"}]'::jsonb, 'a', 'لتكوين أكبر عدد نرتّب الأرقام تنازليًّا من اليسار: 8 ثمّ 5 ثمّ 2 ثمّ 0، فنحصل على 8 520.', 3, 'mcq', NULL, NULL)
ON CONFLICT (id) DO UPDATE SET
  exercise_id = EXCLUDED.exercise_id,
  prompt = EXCLUDED.prompt,
  options = EXCLUDED.options,
  correct_option = EXCLUDED.correct_option,
  explanation = EXCLUDED.explanation,
  display_order = EXCLUDED.display_order,
  question_type = EXCLUDED.question_type,
  answer_key = EXCLUDED.answer_key,
  distractor_tags = EXCLUDED.distractor_tags;

INSERT INTO public.questions (id, exercise_id, prompt, options, correct_option, explanation, display_order, question_type, answer_key, distractor_tags) VALUES
  ('dd306db4-52fe-5133-bbe9-bed76185403c', '2a852c65-9bf8-5cbf-8a46-14530a4651c3', 'ما العدد الذي يأتي مباشرةً بعد 1 299 999 (أي بزيادة 1)؟', '[{"id":"a","text":"1 200 000"},{"id":"b","text":"2 300 000"},{"id":"c","text":"1 300 001"},{"id":"d","text":"1 300 000"}]'::jsonb, 'd', 'عند زيادة 1 على 1 299 999 تمتلئ كلّ التسعات وتتحوّل إلى أصفار مع زيادة الرتبة الأعلى، فنحصل على 1 300 000.', 4, 'mcq', NULL, NULL)
ON CONFLICT (id) DO UPDATE SET
  exercise_id = EXCLUDED.exercise_id,
  prompt = EXCLUDED.prompt,
  options = EXCLUDED.options,
  correct_option = EXCLUDED.correct_option,
  explanation = EXCLUDED.explanation,
  display_order = EXCLUDED.display_order,
  question_type = EXCLUDED.question_type,
  answer_key = EXCLUDED.answer_key,
  distractor_tags = EXCLUDED.distractor_tags;

INSERT INTO public.questions (id, exercise_id, prompt, options, correct_option, explanation, display_order, question_type, answer_key, distractor_tags) VALUES
  ('8dda4bcc-671a-5ec1-b523-0ad542399682', '2a852c65-9bf8-5cbf-8a46-14530a4651c3', 'رتّب الأعداد التالية تصاعديًّا: 305 700 و 305 070 و 350 000.', '[{"id":"a","text":"305 070 < 305 700 < 350 000"},{"id":"b","text":"305 700 < 305 070 < 350 000"},{"id":"c","text":"350 000 < 305 700 < 305 070"},{"id":"d","text":"305 070 < 350 000 < 305 700"}]'::jsonb, 'a', 'كلّها من ستّة أرقام، فنقارن من اليسار. الأوّلان يبدآن بـ 305 ويختلفان في رتبة الآلاف: 070 < 700، و 350 000 يبدأ بـ 35 وهو الأكبر. فالترتيب 305 070 < 305 700 < 350 000.', 5, 'mcq', NULL, NULL)
ON CONFLICT (id) DO UPDATE SET
  exercise_id = EXCLUDED.exercise_id,
  prompt = EXCLUDED.prompt,
  options = EXCLUDED.options,
  correct_option = EXCLUDED.correct_option,
  explanation = EXCLUDED.explanation,
  display_order = EXCLUDED.display_order,
  question_type = EXCLUDED.question_type,
  answer_key = EXCLUDED.answer_key,
  distractor_tags = EXCLUDED.distractor_tags;

INSERT INTO public.questions (id, exercise_id, prompt, options, correct_option, explanation, display_order, question_type, answer_key, distractor_tags) VALUES
  ('e24e346e-6a70-572f-9c2d-79d2962aa793', '2a852c65-9bf8-5cbf-8a46-14530a4651c3', 'عددٌ من ستّة أرقام، رقمُ مئات آلافه 8 ورقمُ آحاده 8 وبقيّة رتبه أصفار، فما الفرق بين قيمتَي الرقمين 8 فيه؟', '[{"id":"a","text":"0"},{"id":"b","text":"80 000"},{"id":"c","text":"799 992"},{"id":"d","text":"800 008"}]'::jsonb, 'c', 'العدد هو 800 008؛ الرقم 8 الأيسر في مئات الآلاف قيمته 800 000، والرقم 8 الأيمن في الآحاد قيمته 8. الفرق 800 000 − 8 = 799 992.', 6, 'mcq', NULL, NULL)
ON CONFLICT (id) DO UPDATE SET
  exercise_id = EXCLUDED.exercise_id,
  prompt = EXCLUDED.prompt,
  options = EXCLUDED.options,
  correct_option = EXCLUDED.correct_option,
  explanation = EXCLUDED.explanation,
  display_order = EXCLUDED.display_order,
  question_type = EXCLUDED.question_type,
  answer_key = EXCLUDED.answer_key,
  distractor_tags = EXCLUDED.distractor_tags;

INSERT INTO public.exercises (id, chapter_id, subject_id, title, difficulty, xp_reward, reward_coins, mode, source, display_order) VALUES
  ('5540cfdc-0cb4-5777-8b33-a5544aa72822', 'a8abdde0-172b-54e7-8dfa-c73958506bfc', 'math-5eme', '📝 تدريب ⭐⭐⭐: مراجعة شاملة للأعداد الكبيرة', 3, 120, 30, 'boss', 'admin', 5)
ON CONFLICT (id) DO UPDATE SET
  chapter_id = EXCLUDED.chapter_id,
  subject_id = EXCLUDED.subject_id,
  title = EXCLUDED.title,
  difficulty = EXCLUDED.difficulty,
  xp_reward = EXCLUDED.xp_reward,
  reward_coins = EXCLUDED.reward_coins,
  mode = EXCLUDED.mode,
  display_order = EXCLUDED.display_order;

INSERT INTO public.questions (id, exercise_id, prompt, options, correct_option, explanation, display_order, question_type, answer_key, distractor_tags) VALUES
  ('7aa27ca7-96bc-50da-9f1c-7fe4e643826b', '5540cfdc-0cb4-5777-8b33-a5544aa72822', 'في العدد 6 410 309، ما اسم الصنف الذي فيه الرقم 6؟', '[{"id":"a","text":"صنف الوحدات"},{"id":"b","text":"صنف الملايين"},{"id":"c","text":"صنف الآلاف"},{"id":"d","text":"صنف مئات الآلاف"}]'::jsonb, 'b', 'نقسّم من اليمين ثلاثةً ثلاثةً: 309 وحدات، 410 آلاف، 6 ملايين. فالرقم 6 في صنف الملايين.', 1, 'mcq', NULL, NULL)
ON CONFLICT (id) DO UPDATE SET
  exercise_id = EXCLUDED.exercise_id,
  prompt = EXCLUDED.prompt,
  options = EXCLUDED.options,
  correct_option = EXCLUDED.correct_option,
  explanation = EXCLUDED.explanation,
  display_order = EXCLUDED.display_order,
  question_type = EXCLUDED.question_type,
  answer_key = EXCLUDED.answer_key,
  distractor_tags = EXCLUDED.distractor_tags;

INSERT INTO public.questions (id, exercise_id, prompt, options, correct_option, explanation, display_order, question_type, answer_key, distractor_tags) VALUES
  ('8e4e584c-11af-5812-acea-7d6db958eadd', '5540cfdc-0cb4-5777-8b33-a5544aa72822', 'كيف يُقرأ العدد 200 700؟', '[{"id":"a","text":"مئتان وسبعة آلاف"},{"id":"b","text":"مئتان وسبعون ألفًا"},{"id":"c","text":"مئتا ألف وسبعمئة"},{"id":"d","text":"مليونان وسبعمئة"}]'::jsonb, 'c', 'صنف الآلاف فيه 200 أي مئتا ألف، وصنف الوحدات فيه 700 أي سبعمئة، فيُقرأ «مئتا ألف وسبعمئة».', 2, 'mcq', NULL, NULL)
ON CONFLICT (id) DO UPDATE SET
  exercise_id = EXCLUDED.exercise_id,
  prompt = EXCLUDED.prompt,
  options = EXCLUDED.options,
  correct_option = EXCLUDED.correct_option,
  explanation = EXCLUDED.explanation,
  display_order = EXCLUDED.display_order,
  question_type = EXCLUDED.question_type,
  answer_key = EXCLUDED.answer_key,
  distractor_tags = EXCLUDED.distractor_tags;

INSERT INTO public.questions (id, exercise_id, prompt, options, correct_option, explanation, display_order, question_type, answer_key, distractor_tags) VALUES
  ('485371eb-4f8a-55bc-b8a3-d278d492cd34', '5540cfdc-0cb4-5777-8b33-a5544aa72822', 'ما قيمة الرقم 1 في العدد 1 050 000؟', '[{"id":"a","text":"100 000"},{"id":"b","text":"10 000"},{"id":"c","text":"1 000"},{"id":"d","text":"1 000 000"}]'::jsonb, 'd', 'نقسّم من اليمين: 000 وحدات، 050 آلاف، 1 ملايين. فالرقم 1 في آحاد الملايين وقيمته 1 000 000.', 3, 'mcq', NULL, NULL)
ON CONFLICT (id) DO UPDATE SET
  exercise_id = EXCLUDED.exercise_id,
  prompt = EXCLUDED.prompt,
  options = EXCLUDED.options,
  correct_option = EXCLUDED.correct_option,
  explanation = EXCLUDED.explanation,
  display_order = EXCLUDED.display_order,
  question_type = EXCLUDED.question_type,
  answer_key = EXCLUDED.answer_key,
  distractor_tags = EXCLUDED.distractor_tags;

INSERT INTO public.questions (id, exercise_id, prompt, options, correct_option, explanation, display_order, question_type, answer_key, distractor_tags) VALUES
  ('23852d50-058c-508c-9c3b-e475af967269', '5540cfdc-0cb4-5777-8b33-a5544aa72822', 'أيّ كتابةٍ بالأرقام توافق «مليون وخمسة وعشرون ألفًا»؟', '[{"id":"a","text":"1 025 000"},{"id":"b","text":"1 250 000"},{"id":"c","text":"1 000 025"},{"id":"d","text":"1 025"}]'::jsonb, 'a', 'مليون = 1 في صنف الملايين، وخمسة وعشرون ألفًا = 025 في صنف الآلاف، وصنف الوحدات أصفار، فيكون العدد 1 025 000.', 4, 'mcq', NULL, NULL)
ON CONFLICT (id) DO UPDATE SET
  exercise_id = EXCLUDED.exercise_id,
  prompt = EXCLUDED.prompt,
  options = EXCLUDED.options,
  correct_option = EXCLUDED.correct_option,
  explanation = EXCLUDED.explanation,
  display_order = EXCLUDED.display_order,
  question_type = EXCLUDED.question_type,
  answer_key = EXCLUDED.answer_key,
  distractor_tags = EXCLUDED.distractor_tags;

INSERT INTO public.questions (id, exercise_id, prompt, options, correct_option, explanation, display_order, question_type, answer_key, distractor_tags) VALUES
  ('766618ce-5a16-5f06-8a83-80f62e828c5e', '5540cfdc-0cb4-5777-8b33-a5544aa72822', 'أيّ عددٍ هو الأصغر؟', '[{"id":"a","text":"1 000 000"},{"id":"b","text":"990 000"},{"id":"c","text":"909 999"},{"id":"d","text":"999 000"}]'::jsonb, 'c', 'العدد 1 000 000 فيه سبعة أرقام فهو الأكبر؛ والباقي من ستّة أرقام نقارنه من اليسار: 909 999 يبدأ بـ 90 وهو أصغر من 99، فهو الأصغر.', 5, 'mcq', NULL, NULL)
ON CONFLICT (id) DO UPDATE SET
  exercise_id = EXCLUDED.exercise_id,
  prompt = EXCLUDED.prompt,
  options = EXCLUDED.options,
  correct_option = EXCLUDED.correct_option,
  explanation = EXCLUDED.explanation,
  display_order = EXCLUDED.display_order,
  question_type = EXCLUDED.question_type,
  answer_key = EXCLUDED.answer_key,
  distractor_tags = EXCLUDED.distractor_tags;

INSERT INTO public.questions (id, exercise_id, prompt, options, correct_option, explanation, display_order, question_type, answer_key, distractor_tags) VALUES
  ('692e1ed0-5c1a-5204-9fd3-86846e98da6a', '5540cfdc-0cb4-5777-8b33-a5544aa72822', 'عددٌ تفكيكه 5 000 000 + 60 000 + 300، ما هو؟', '[{"id":"a","text":"5 600 300"},{"id":"b","text":"5 060 300"},{"id":"c","text":"5 006 300"},{"id":"d","text":"5 060 030"}]'::jsonb, 'b', 'نركّب: 5 في الملايين، و 6 في عشرات الآلاف (60 000)، و 3 في مئات الوحدات (300)، وبقيّة الرتب أصفار، فيكون العدد 5 060 300.', 6, 'mcq', NULL, NULL)
ON CONFLICT (id) DO UPDATE SET
  exercise_id = EXCLUDED.exercise_id,
  prompt = EXCLUDED.prompt,
  options = EXCLUDED.options,
  correct_option = EXCLUDED.correct_option,
  explanation = EXCLUDED.explanation,
  display_order = EXCLUDED.display_order,
  question_type = EXCLUDED.question_type,
  answer_key = EXCLUDED.answer_key,
  distractor_tags = EXCLUDED.distractor_tags;

INSERT INTO public.exercises (id, chapter_id, subject_id, title, difficulty, xp_reward, reward_coins, mode, source, display_order) VALUES
  ('8ae09d01-894e-58e0-b5b1-5567bbec88d7', 'b09876a0-c7e5-5d99-bf81-b8aa313d419a', 'math-5eme', 'اختبار فهم الدرس ⭐', 1, 20, 5, 'quiz', 'admin', 0)
ON CONFLICT (id) DO UPDATE SET
  chapter_id = EXCLUDED.chapter_id,
  subject_id = EXCLUDED.subject_id,
  title = EXCLUDED.title,
  difficulty = EXCLUDED.difficulty,
  xp_reward = EXCLUDED.xp_reward,
  reward_coins = EXCLUDED.reward_coins,
  mode = EXCLUDED.mode,
  display_order = EXCLUDED.display_order;

INSERT INTO public.questions (id, exercise_id, prompt, options, correct_option, explanation, display_order, question_type, answer_key, distractor_tags) VALUES
  ('e29313cd-3872-5520-a28d-641cd792e304', '8ae09d01-894e-58e0-b5b1-5567bbec88d7', 'في العدد 7,4 ما هو الجزء الصحيح؟', '[{"id":"a","text":"4"},{"id":"b","text":"7"},{"id":"c","text":"74"},{"id":"d","text":"0"}]'::jsonb, 'b', 'الجزء الصحيح هو ما يقع يسار الفاصلة، وهو هنا 7. أمّا 4 فهو الجزء العشري (يمين الفاصلة).', 1, 'mcq', NULL, NULL)
ON CONFLICT (id) DO UPDATE SET
  exercise_id = EXCLUDED.exercise_id,
  prompt = EXCLUDED.prompt,
  options = EXCLUDED.options,
  correct_option = EXCLUDED.correct_option,
  explanation = EXCLUDED.explanation,
  display_order = EXCLUDED.display_order,
  question_type = EXCLUDED.question_type,
  answer_key = EXCLUDED.answer_key,
  distractor_tags = EXCLUDED.distractor_tags;

INSERT INTO public.questions (id, exercise_id, prompt, options, correct_option, explanation, display_order, question_type, answer_key, distractor_tags) VALUES
  ('ddd25e6f-4ee7-5995-98da-6435747b7cd5', '8ae09d01-894e-58e0-b5b1-5567bbec88d7', 'كيف نكتب الكسر العشري 3/10 عددًا ذا فاصلة؟', '[{"id":"a","text":"0,3"},{"id":"b","text":"0,03"},{"id":"c","text":"3,0"},{"id":"d","text":"30"}]'::jsonb, 'a', 'المقام 10 يعني رقمًا واحدًا بعد الفاصلة، فيكون 3/10 = 0,3 (أي 3 أعشار).', 2, 'mcq', NULL, NULL)
ON CONFLICT (id) DO UPDATE SET
  exercise_id = EXCLUDED.exercise_id,
  prompt = EXCLUDED.prompt,
  options = EXCLUDED.options,
  correct_option = EXCLUDED.correct_option,
  explanation = EXCLUDED.explanation,
  display_order = EXCLUDED.display_order,
  question_type = EXCLUDED.question_type,
  answer_key = EXCLUDED.answer_key,
  distractor_tags = EXCLUDED.distractor_tags;

INSERT INTO public.questions (id, exercise_id, prompt, options, correct_option, explanation, display_order, question_type, answer_key, distractor_tags) VALUES
  ('c15b0674-4818-5ffc-b095-481a06d8a483', '8ae09d01-894e-58e0-b5b1-5567bbec88d7', 'كيف يُقرأ العدد 4,5؟', '[{"id":"a","text":"خمسة وأربعون"},{"id":"b","text":"أربعة فاصلة خمسة"},{"id":"c","text":"أربعون وخمسة"},{"id":"d","text":"أربعة وخمسون"}]'::jsonb, 'b', 'نقرأ الجزء الصحيح 4 ثمّ «فاصلة» ثمّ الجزء العشري 5، فيُقرأ «أربعة فاصلة خمسة» (أو أربعة وخمسة أعشار).', 3, 'mcq', NULL, NULL)
ON CONFLICT (id) DO UPDATE SET
  exercise_id = EXCLUDED.exercise_id,
  prompt = EXCLUDED.prompt,
  options = EXCLUDED.options,
  correct_option = EXCLUDED.correct_option,
  explanation = EXCLUDED.explanation,
  display_order = EXCLUDED.display_order,
  question_type = EXCLUDED.question_type,
  answer_key = EXCLUDED.answer_key,
  distractor_tags = EXCLUDED.distractor_tags;

INSERT INTO public.questions (id, exercise_id, prompt, options, correct_option, explanation, display_order, question_type, answer_key, distractor_tags) VALUES
  ('6e5a0ba9-e104-55c7-8c42-dc723898eb01', '8ae09d01-894e-58e0-b5b1-5567bbec88d7', 'في العدد 6,25 ما رتبة الرقم 2؟', '[{"id":"a","text":"الأجزاء من مئة"},{"id":"b","text":"الآحاد"},{"id":"c","text":"الأعشار"},{"id":"d","text":"الأجزاء من ألف"}]'::jsonb, 'c', 'الرتبة الأولى بعد الفاصلة هي الأعشار. في 6,25 الرقم 2 أوّل رقمٍ بعد الفاصلة، فهو في رتبة الأعشار (قيمته 2/10).', 4, 'mcq', NULL, NULL)
ON CONFLICT (id) DO UPDATE SET
  exercise_id = EXCLUDED.exercise_id,
  prompt = EXCLUDED.prompt,
  options = EXCLUDED.options,
  correct_option = EXCLUDED.correct_option,
  explanation = EXCLUDED.explanation,
  display_order = EXCLUDED.display_order,
  question_type = EXCLUDED.question_type,
  answer_key = EXCLUDED.answer_key,
  distractor_tags = EXCLUDED.distractor_tags;

INSERT INTO public.questions (id, exercise_id, prompt, options, correct_option, explanation, display_order, question_type, answer_key, distractor_tags) VALUES
  ('337a7f16-34d4-54ba-be5b-2ea8dfbcfe90', '8ae09d01-894e-58e0-b5b1-5567bbec88d7', 'ما العدد الذي يساوي 25/100؟', '[{"id":"a","text":"2,5"},{"id":"b","text":"25,0"},{"id":"c","text":"0,025"},{"id":"d","text":"0,25"}]'::jsonb, 'd', 'المقام 100 يعني رقمين بعد الفاصلة، فيكون 25/100 = 0,25 (أي 25 جزءًا من مئة).', 5, 'mcq', NULL, NULL)
ON CONFLICT (id) DO UPDATE SET
  exercise_id = EXCLUDED.exercise_id,
  prompt = EXCLUDED.prompt,
  options = EXCLUDED.options,
  correct_option = EXCLUDED.correct_option,
  explanation = EXCLUDED.explanation,
  display_order = EXCLUDED.display_order,
  question_type = EXCLUDED.question_type,
  answer_key = EXCLUDED.answer_key,
  distractor_tags = EXCLUDED.distractor_tags;

INSERT INTO public.exercises (id, chapter_id, subject_id, title, difficulty, xp_reward, reward_coins, mode, source, display_order) VALUES
  ('66782fa2-9ba3-5765-aece-929d8586ebdd', 'b09876a0-c7e5-5d99-bf81-b8aa313d419a', 'math-5eme', '⭐ تمرين: أوّل خطوات ما بعد الفاصلة', 1, 50, 10, 'practice', 'admin', 1)
ON CONFLICT (id) DO UPDATE SET
  chapter_id = EXCLUDED.chapter_id,
  subject_id = EXCLUDED.subject_id,
  title = EXCLUDED.title,
  difficulty = EXCLUDED.difficulty,
  xp_reward = EXCLUDED.xp_reward,
  reward_coins = EXCLUDED.reward_coins,
  mode = EXCLUDED.mode,
  display_order = EXCLUDED.display_order;

INSERT INTO public.questions (id, exercise_id, prompt, options, correct_option, explanation, display_order, question_type, answer_key, distractor_tags) VALUES
  ('9a98fd5f-c763-53cb-b571-e6a653961a50', '66782fa2-9ba3-5765-aece-929d8586ebdd', 'في العدد 8,3 ما هو الجزء العشري؟', '[{"id":"a","text":"8"},{"id":"b","text":"3"},{"id":"c","text":"83"},{"id":"d","text":"0"}]'::jsonb, 'b', 'الجزء العشري هو ما يقع يمين الفاصلة، وهو هنا 3. أمّا 8 فهو الجزء الصحيح.', 1, 'mcq', NULL, NULL)
ON CONFLICT (id) DO UPDATE SET
  exercise_id = EXCLUDED.exercise_id,
  prompt = EXCLUDED.prompt,
  options = EXCLUDED.options,
  correct_option = EXCLUDED.correct_option,
  explanation = EXCLUDED.explanation,
  display_order = EXCLUDED.display_order,
  question_type = EXCLUDED.question_type,
  answer_key = EXCLUDED.answer_key,
  distractor_tags = EXCLUDED.distractor_tags;

INSERT INTO public.questions (id, exercise_id, prompt, options, correct_option, explanation, display_order, question_type, answer_key, distractor_tags) VALUES
  ('48da699b-ce5d-54dc-85c5-d1937d7e83f0', '66782fa2-9ba3-5765-aece-929d8586ebdd', 'كيف نكتب الكسر العشري 7/10 عددًا ذا فاصلة؟', '[{"id":"a","text":"0,7"},{"id":"b","text":"7,0"},{"id":"c","text":"0,07"},{"id":"d","text":"70"}]'::jsonb, 'a', 'المقام 10 يعني رقمًا واحدًا بعد الفاصلة، فيكون 7/10 = 0,7 (أي 7 أعشار).', 2, 'mcq', NULL, NULL)
ON CONFLICT (id) DO UPDATE SET
  exercise_id = EXCLUDED.exercise_id,
  prompt = EXCLUDED.prompt,
  options = EXCLUDED.options,
  correct_option = EXCLUDED.correct_option,
  explanation = EXCLUDED.explanation,
  display_order = EXCLUDED.display_order,
  question_type = EXCLUDED.question_type,
  answer_key = EXCLUDED.answer_key,
  distractor_tags = EXCLUDED.distractor_tags;

INSERT INTO public.questions (id, exercise_id, prompt, options, correct_option, explanation, display_order, question_type, answer_key, distractor_tags) VALUES
  ('04c09ab0-11f7-518a-9b3e-83600ddefc85', '66782fa2-9ba3-5765-aece-929d8586ebdd', 'ما هي الكتابة العشرية للعُشر الواحد 1/10؟', '[{"id":"a","text":"1,0"},{"id":"b","text":"0,01"},{"id":"c","text":"0,1"},{"id":"d","text":"10"}]'::jsonb, 'c', 'العُشر هو جزءٌ من عشرة، أي 1/10 = 0,1، وهو أوّل رتبةٍ بعد الفاصلة.', 3, 'mcq', NULL, NULL)
ON CONFLICT (id) DO UPDATE SET
  exercise_id = EXCLUDED.exercise_id,
  prompt = EXCLUDED.prompt,
  options = EXCLUDED.options,
  correct_option = EXCLUDED.correct_option,
  explanation = EXCLUDED.explanation,
  display_order = EXCLUDED.display_order,
  question_type = EXCLUDED.question_type,
  answer_key = EXCLUDED.answer_key,
  distractor_tags = EXCLUDED.distractor_tags;

INSERT INTO public.questions (id, exercise_id, prompt, options, correct_option, explanation, display_order, question_type, answer_key, distractor_tags) VALUES
  ('8d4dc7bd-90fa-5a87-9423-c5a08d20b130', '66782fa2-9ba3-5765-aece-929d8586ebdd', 'في العدد 5,6 ما رتبة الرقم 6؟', '[{"id":"a","text":"الآحاد"},{"id":"b","text":"المئات"},{"id":"c","text":"الأجزاء من مئة"},{"id":"d","text":"الأعشار"}]'::jsonb, 'd', 'الرقم 6 أوّل رقمٍ بعد الفاصلة، والرتبة الأولى بعد الفاصلة هي الأعشار، فقيمته 6/10.', 4, 'mcq', NULL, NULL)
ON CONFLICT (id) DO UPDATE SET
  exercise_id = EXCLUDED.exercise_id,
  prompt = EXCLUDED.prompt,
  options = EXCLUDED.options,
  correct_option = EXCLUDED.correct_option,
  explanation = EXCLUDED.explanation,
  display_order = EXCLUDED.display_order,
  question_type = EXCLUDED.question_type,
  answer_key = EXCLUDED.answer_key,
  distractor_tags = EXCLUDED.distractor_tags;

INSERT INTO public.questions (id, exercise_id, prompt, options, correct_option, explanation, display_order, question_type, answer_key, distractor_tags) VALUES
  ('b5b922f5-0350-5bc9-bdd4-73c5ccb79eac', '66782fa2-9ba3-5765-aece-929d8586ebdd', 'أيّ عددٍ يُكتب بالأرقام «اثنان فاصلة تسعة»؟', '[{"id":"a","text":"29"},{"id":"b","text":"9,2"},{"id":"c","text":"2,9"},{"id":"d","text":"0,29"}]'::jsonb, 'c', 'الجزء الصحيح 2 يسار الفاصلة، والجزء العشري 9 يمينها، فيكون العدد 2,9.', 5, 'mcq', NULL, NULL)
ON CONFLICT (id) DO UPDATE SET
  exercise_id = EXCLUDED.exercise_id,
  prompt = EXCLUDED.prompt,
  options = EXCLUDED.options,
  correct_option = EXCLUDED.correct_option,
  explanation = EXCLUDED.explanation,
  display_order = EXCLUDED.display_order,
  question_type = EXCLUDED.question_type,
  answer_key = EXCLUDED.answer_key,
  distractor_tags = EXCLUDED.distractor_tags;

INSERT INTO public.questions (id, exercise_id, prompt, options, correct_option, explanation, display_order, question_type, answer_key, distractor_tags) VALUES
  ('ed628407-565d-5efe-b397-e89ff0051ea3', '66782fa2-9ba3-5765-aece-929d8586ebdd', 'ما هي الكتابة العشرية للكسر 1/100؟', '[{"id":"a","text":"0,1"},{"id":"b","text":"100"},{"id":"c","text":"1,00"},{"id":"d","text":"0,01"}]'::jsonb, 'd', 'المقام 100 يعني رقمين بعد الفاصلة، فيكون 1/100 = 0,01 (جزء واحد من مئة).', 6, 'mcq', NULL, NULL)
ON CONFLICT (id) DO UPDATE SET
  exercise_id = EXCLUDED.exercise_id,
  prompt = EXCLUDED.prompt,
  options = EXCLUDED.options,
  correct_option = EXCLUDED.correct_option,
  explanation = EXCLUDED.explanation,
  display_order = EXCLUDED.display_order,
  question_type = EXCLUDED.question_type,
  answer_key = EXCLUDED.answer_key,
  distractor_tags = EXCLUDED.distractor_tags;

INSERT INTO public.exercises (id, chapter_id, subject_id, title, difficulty, xp_reward, reward_coins, mode, source, display_order) VALUES
  ('74e2b840-1296-590d-8cfd-5a924cbf26e2', 'b09876a0-c7e5-5d99-bf81-b8aa313d419a', 'math-5eme', '⚔️ زعيم الفصل ⭐⭐⭐: سيّد ما بعد الفاصلة', 3, 120, 30, 'boss', 'admin', 2)
ON CONFLICT (id) DO UPDATE SET
  chapter_id = EXCLUDED.chapter_id,
  subject_id = EXCLUDED.subject_id,
  title = EXCLUDED.title,
  difficulty = EXCLUDED.difficulty,
  xp_reward = EXCLUDED.xp_reward,
  reward_coins = EXCLUDED.reward_coins,
  mode = EXCLUDED.mode,
  display_order = EXCLUDED.display_order;

INSERT INTO public.questions (id, exercise_id, prompt, options, correct_option, explanation, display_order, question_type, answer_key, distractor_tags) VALUES
  ('10b3df93-1ab4-5474-b5ed-83fef76f5bfe', '74e2b840-1296-590d-8cfd-5a924cbf26e2', 'في العدد 12,75 ما هو الجزء الصحيح؟', '[{"id":"a","text":"12"},{"id":"b","text":"75"},{"id":"c","text":"1275"},{"id":"d","text":"1,2"}]'::jsonb, 'a', 'الجزء الصحيح هو ما يقع يسار الفاصلة، وهو 12. أمّا 75 فهو الجزء العشري (يمين الفاصلة).', 1, 'mcq', NULL, NULL)
ON CONFLICT (id) DO UPDATE SET
  exercise_id = EXCLUDED.exercise_id,
  prompt = EXCLUDED.prompt,
  options = EXCLUDED.options,
  correct_option = EXCLUDED.correct_option,
  explanation = EXCLUDED.explanation,
  display_order = EXCLUDED.display_order,
  question_type = EXCLUDED.question_type,
  answer_key = EXCLUDED.answer_key,
  distractor_tags = EXCLUDED.distractor_tags;

INSERT INTO public.questions (id, exercise_id, prompt, options, correct_option, explanation, display_order, question_type, answer_key, distractor_tags) VALUES
  ('471d9e6a-ae87-5194-9a46-e9afae2a5da0', '74e2b840-1296-590d-8cfd-5a924cbf26e2', 'ما العدد ذو الفاصلة الذي يساوي 7/100؟', '[{"id":"a","text":"0,7"},{"id":"b","text":"7,0"},{"id":"c","text":"0,07"},{"id":"d","text":"0,007"}]'::jsonb, 'c', 'المقام 100 يستلزم رقمين بعد الفاصلة، فنُكمل بصفرٍ: 7/100 = 0,07. الخطأ الشائع كتابة 0,7، وهي تساوي 7/10 لا 7/100.', 2, 'mcq', NULL, NULL)
ON CONFLICT (id) DO UPDATE SET
  exercise_id = EXCLUDED.exercise_id,
  prompt = EXCLUDED.prompt,
  options = EXCLUDED.options,
  correct_option = EXCLUDED.correct_option,
  explanation = EXCLUDED.explanation,
  display_order = EXCLUDED.display_order,
  question_type = EXCLUDED.question_type,
  answer_key = EXCLUDED.answer_key,
  distractor_tags = EXCLUDED.distractor_tags;

INSERT INTO public.questions (id, exercise_id, prompt, options, correct_option, explanation, display_order, question_type, answer_key, distractor_tags) VALUES
  ('77167b05-fa4a-5b79-b727-f55d03a21262', '74e2b840-1296-590d-8cfd-5a924cbf26e2', 'في العدد 3,608 ما رتبة الرقم 0؟', '[{"id":"a","text":"الأعشار"},{"id":"b","text":"الآحاد"},{"id":"c","text":"الأجزاء من ألف"},{"id":"d","text":"الأجزاء من مئة"}]'::jsonb, 'd', 'بعد الفاصلة: 6 أعشار، 0 أجزاء من مئة، 8 أجزاء من ألف. فالرقم 0 في رتبة الأجزاء من مئة.', 3, 'mcq', NULL, NULL)
ON CONFLICT (id) DO UPDATE SET
  exercise_id = EXCLUDED.exercise_id,
  prompt = EXCLUDED.prompt,
  options = EXCLUDED.options,
  correct_option = EXCLUDED.correct_option,
  explanation = EXCLUDED.explanation,
  display_order = EXCLUDED.display_order,
  question_type = EXCLUDED.question_type,
  answer_key = EXCLUDED.answer_key,
  distractor_tags = EXCLUDED.distractor_tags;

INSERT INTO public.questions (id, exercise_id, prompt, options, correct_option, explanation, display_order, question_type, answer_key, distractor_tags) VALUES
  ('02e3b936-5cc8-5915-9bb8-41e184042c92', '74e2b840-1296-590d-8cfd-5a924cbf26e2', 'ما العدد ذو الفاصلة الذي يساوي 125/100؟', '[{"id":"a","text":"12,5"},{"id":"b","text":"0,125"},{"id":"c","text":"125,0"},{"id":"d","text":"1,25"}]'::jsonb, 'd', '125/100 = 100/100 + 25/100 = 1 + 0,25 = 1,25؛ الجزء الصحيح 1 والباقي 25 جزءًا من مئة. الخطأ الشائع كتابة 12,5، وهي تساوي 125/10.', 4, 'mcq', NULL, NULL)
ON CONFLICT (id) DO UPDATE SET
  exercise_id = EXCLUDED.exercise_id,
  prompt = EXCLUDED.prompt,
  options = EXCLUDED.options,
  correct_option = EXCLUDED.correct_option,
  explanation = EXCLUDED.explanation,
  display_order = EXCLUDED.display_order,
  question_type = EXCLUDED.question_type,
  answer_key = EXCLUDED.answer_key,
  distractor_tags = EXCLUDED.distractor_tags;

INSERT INTO public.questions (id, exercise_id, prompt, options, correct_option, explanation, display_order, question_type, answer_key, distractor_tags) VALUES
  ('a8c46fdf-2585-580c-8651-b3ad8e28db6e', '74e2b840-1296-590d-8cfd-5a924cbf26e2', 'ما قيمة الرقم 4 في العدد 9,42؟', '[{"id":"a","text":"4/100"},{"id":"b","text":"4/10"},{"id":"c","text":"4"},{"id":"d","text":"40"}]'::jsonb, 'b', 'الرقم 4 أوّل رقمٍ بعد الفاصلة، أي في رتبة الأعشار، فقيمته 4/10. الخطأ الشائع وضعه في رتبة الأجزاء من مئة (4/100).', 5, 'mcq', NULL, NULL)
ON CONFLICT (id) DO UPDATE SET
  exercise_id = EXCLUDED.exercise_id,
  prompt = EXCLUDED.prompt,
  options = EXCLUDED.options,
  correct_option = EXCLUDED.correct_option,
  explanation = EXCLUDED.explanation,
  display_order = EXCLUDED.display_order,
  question_type = EXCLUDED.question_type,
  answer_key = EXCLUDED.answer_key,
  distractor_tags = EXCLUDED.distractor_tags;

INSERT INTO public.questions (id, exercise_id, prompt, options, correct_option, explanation, display_order, question_type, answer_key, distractor_tags) VALUES
  ('6328a5ff-29bc-5932-8b67-faa0e0b7ebe5', '74e2b840-1296-590d-8cfd-5a924cbf26e2', 'أيّ عددٍ يُقرأ «ثلاثة وأربعة أجزاء من مئة»؟', '[{"id":"a","text":"3,40"},{"id":"b","text":"34"},{"id":"c","text":"3,04"},{"id":"d","text":"3,4"}]'::jsonb, 'c', 'أربعة أجزاء من مئة = 4/100، وهي في الرتبة الثانية بعد الفاصلة، فنُكمل بصفرٍ في الأعشار: 3,04. الخطأ الشائع كتابة 3,4 (أربعة أعشار).', 6, 'mcq', NULL, NULL)
ON CONFLICT (id) DO UPDATE SET
  exercise_id = EXCLUDED.exercise_id,
  prompt = EXCLUDED.prompt,
  options = EXCLUDED.options,
  correct_option = EXCLUDED.correct_option,
  explanation = EXCLUDED.explanation,
  display_order = EXCLUDED.display_order,
  question_type = EXCLUDED.question_type,
  answer_key = EXCLUDED.answer_key,
  distractor_tags = EXCLUDED.distractor_tags;

INSERT INTO public.exercises (id, chapter_id, subject_id, title, difficulty, xp_reward, reward_coins, mode, source, display_order) VALUES
  ('c3e0ebb2-9605-5935-9f52-f503ecf3d6be', 'b09876a0-c7e5-5d99-bf81-b8aa313d419a', 'math-5eme', '⭐⭐ تمرين مراجعة (نمط امتحان): الأعداد العشرية', 2, 75, 15, 'practice', 'admin', 3)
ON CONFLICT (id) DO UPDATE SET
  chapter_id = EXCLUDED.chapter_id,
  subject_id = EXCLUDED.subject_id,
  title = EXCLUDED.title,
  difficulty = EXCLUDED.difficulty,
  xp_reward = EXCLUDED.xp_reward,
  reward_coins = EXCLUDED.reward_coins,
  mode = EXCLUDED.mode,
  display_order = EXCLUDED.display_order;

INSERT INTO public.questions (id, exercise_id, prompt, options, correct_option, explanation, display_order, question_type, answer_key, distractor_tags) VALUES
  ('d74d2e6b-b99e-58bc-9bfd-749f7c966d75', 'c3e0ebb2-9605-5935-9f52-f503ecf3d6be', 'في العدد 16,9 ما هو الجزء الصحيح؟', '[{"id":"a","text":"9"},{"id":"b","text":"16"},{"id":"c","text":"169"},{"id":"d","text":"1,6"}]'::jsonb, 'b', 'الجزء الصحيح هو ما يقع يسار الفاصلة، وهو 16. أمّا 9 فهو الجزء العشري.', 1, 'mcq', NULL, NULL)
ON CONFLICT (id) DO UPDATE SET
  exercise_id = EXCLUDED.exercise_id,
  prompt = EXCLUDED.prompt,
  options = EXCLUDED.options,
  correct_option = EXCLUDED.correct_option,
  explanation = EXCLUDED.explanation,
  display_order = EXCLUDED.display_order,
  question_type = EXCLUDED.question_type,
  answer_key = EXCLUDED.answer_key,
  distractor_tags = EXCLUDED.distractor_tags;

INSERT INTO public.questions (id, exercise_id, prompt, options, correct_option, explanation, display_order, question_type, answer_key, distractor_tags) VALUES
  ('9babefac-9650-564e-b741-fb7e514e322b', 'c3e0ebb2-9605-5935-9f52-f503ecf3d6be', 'كيف نكتب الكسر العشري 9/10 عددًا ذا فاصلة؟', '[{"id":"a","text":"0,9"},{"id":"b","text":"9,0"},{"id":"c","text":"0,09"},{"id":"d","text":"90"}]'::jsonb, 'a', 'المقام 10 يعني رقمًا واحدًا بعد الفاصلة، فيكون 9/10 = 0,9 (أي 9 أعشار).', 2, 'mcq', NULL, NULL)
ON CONFLICT (id) DO UPDATE SET
  exercise_id = EXCLUDED.exercise_id,
  prompt = EXCLUDED.prompt,
  options = EXCLUDED.options,
  correct_option = EXCLUDED.correct_option,
  explanation = EXCLUDED.explanation,
  display_order = EXCLUDED.display_order,
  question_type = EXCLUDED.question_type,
  answer_key = EXCLUDED.answer_key,
  distractor_tags = EXCLUDED.distractor_tags;

INSERT INTO public.questions (id, exercise_id, prompt, options, correct_option, explanation, display_order, question_type, answer_key, distractor_tags) VALUES
  ('c55ab9d7-8a68-5f9f-8cd0-22961b72d7e7', 'c3e0ebb2-9605-5935-9f52-f503ecf3d6be', 'في العدد 8,57 ما رتبة الرقم 7؟', '[{"id":"a","text":"الأعشار"},{"id":"b","text":"الآحاد"},{"id":"c","text":"الأجزاء من مئة"},{"id":"d","text":"الأجزاء من ألف"}]'::jsonb, 'c', 'بعد الفاصلة: 5 أعشار ثمّ 7 أجزاء من مئة. فالرقم 7 في الرتبة الثانية، أي الأجزاء من مئة (قيمته 7/100).', 3, 'mcq', NULL, NULL)
ON CONFLICT (id) DO UPDATE SET
  exercise_id = EXCLUDED.exercise_id,
  prompt = EXCLUDED.prompt,
  options = EXCLUDED.options,
  correct_option = EXCLUDED.correct_option,
  explanation = EXCLUDED.explanation,
  display_order = EXCLUDED.display_order,
  question_type = EXCLUDED.question_type,
  answer_key = EXCLUDED.answer_key,
  distractor_tags = EXCLUDED.distractor_tags;

INSERT INTO public.questions (id, exercise_id, prompt, options, correct_option, explanation, display_order, question_type, answer_key, distractor_tags) VALUES
  ('f6a2bec1-afb9-54fd-b49b-0ef6e7472bed', 'c3e0ebb2-9605-5935-9f52-f503ecf3d6be', 'ما العدد ذو الفاصلة الذي يساوي 45/100؟', '[{"id":"a","text":"4,5"},{"id":"b","text":"0,045"},{"id":"c","text":"45,0"},{"id":"d","text":"0,45"}]'::jsonb, 'd', 'المقام 100 يعني رقمين بعد الفاصلة، فيكون 45/100 = 0,45 (أي 45 جزءًا من مئة).', 4, 'mcq', NULL, NULL)
ON CONFLICT (id) DO UPDATE SET
  exercise_id = EXCLUDED.exercise_id,
  prompt = EXCLUDED.prompt,
  options = EXCLUDED.options,
  correct_option = EXCLUDED.correct_option,
  explanation = EXCLUDED.explanation,
  display_order = EXCLUDED.display_order,
  question_type = EXCLUDED.question_type,
  answer_key = EXCLUDED.answer_key,
  distractor_tags = EXCLUDED.distractor_tags;

INSERT INTO public.questions (id, exercise_id, prompt, options, correct_option, explanation, display_order, question_type, answer_key, distractor_tags) VALUES
  ('1ae96818-1809-5147-a4e9-d052388dd307', 'c3e0ebb2-9605-5935-9f52-f503ecf3d6be', 'أيّ عددٍ يُقرأ «سبعة وثلاثة أعشار»؟', '[{"id":"a","text":"7,3"},{"id":"b","text":"3,7"},{"id":"c","text":"7,03"},{"id":"d","text":"73"}]'::jsonb, 'a', 'الجزء الصحيح 7، وثلاثة أعشار = 3/10 في الرتبة الأولى بعد الفاصلة، فيكون العدد 7,3.', 5, 'mcq', NULL, NULL)
ON CONFLICT (id) DO UPDATE SET
  exercise_id = EXCLUDED.exercise_id,
  prompt = EXCLUDED.prompt,
  options = EXCLUDED.options,
  correct_option = EXCLUDED.correct_option,
  explanation = EXCLUDED.explanation,
  display_order = EXCLUDED.display_order,
  question_type = EXCLUDED.question_type,
  answer_key = EXCLUDED.answer_key,
  distractor_tags = EXCLUDED.distractor_tags;

INSERT INTO public.questions (id, exercise_id, prompt, options, correct_option, explanation, display_order, question_type, answer_key, distractor_tags) VALUES
  ('38d9295a-b262-59a5-aef6-fa0b1a4de759', 'c3e0ebb2-9605-5935-9f52-f503ecf3d6be', 'ما قيمة الرقم 5 في العدد 2,53؟', '[{"id":"a","text":"5/100"},{"id":"b","text":"5"},{"id":"c","text":"50"},{"id":"d","text":"5/10"}]'::jsonb, 'd', 'الرقم 5 أوّل رقمٍ بعد الفاصلة، أي في رتبة الأعشار، فقيمته 5/10.', 6, 'mcq', NULL, NULL)
ON CONFLICT (id) DO UPDATE SET
  exercise_id = EXCLUDED.exercise_id,
  prompt = EXCLUDED.prompt,
  options = EXCLUDED.options,
  correct_option = EXCLUDED.correct_option,
  explanation = EXCLUDED.explanation,
  display_order = EXCLUDED.display_order,
  question_type = EXCLUDED.question_type,
  answer_key = EXCLUDED.answer_key,
  distractor_tags = EXCLUDED.distractor_tags;

INSERT INTO public.exercises (id, chapter_id, subject_id, title, difficulty, xp_reward, reward_coins, mode, source, display_order) VALUES
  ('b055afdc-c9c3-59c5-9173-dcf00886c0c5', 'b09876a0-c7e5-5d99-bf81-b8aa313d419a', 'math-5eme', '👑 تحدّي النخبة ⭐⭐⭐⭐: ألغاز ما بعد الفاصلة', 4, 300, 60, 'challenge', 'admin', 4)
ON CONFLICT (id) DO UPDATE SET
  chapter_id = EXCLUDED.chapter_id,
  subject_id = EXCLUDED.subject_id,
  title = EXCLUDED.title,
  difficulty = EXCLUDED.difficulty,
  xp_reward = EXCLUDED.xp_reward,
  reward_coins = EXCLUDED.reward_coins,
  mode = EXCLUDED.mode,
  display_order = EXCLUDED.display_order;

INSERT INTO public.questions (id, exercise_id, prompt, options, correct_option, explanation, display_order, question_type, answer_key, distractor_tags) VALUES
  ('39baca46-fff2-50c4-88c6-04e743106383', 'b055afdc-c9c3-59c5-9173-dcf00886c0c5', 'ما العدد ذو الفاصلة الذي يساوي 9/1000؟', '[{"id":"a","text":"0,009"},{"id":"b","text":"0,9"},{"id":"c","text":"0,09"},{"id":"d","text":"9,0"}]'::jsonb, 'a', 'المقام 1000 يستلزم ثلاثة أرقامٍ بعد الفاصلة، فنُكمل بصفرين: 9/1000 = 0,009. الخطأ الشائع كتابة 0,9 (وهي 9/10).', 1, 'mcq', NULL, NULL)
ON CONFLICT (id) DO UPDATE SET
  exercise_id = EXCLUDED.exercise_id,
  prompt = EXCLUDED.prompt,
  options = EXCLUDED.options,
  correct_option = EXCLUDED.correct_option,
  explanation = EXCLUDED.explanation,
  display_order = EXCLUDED.display_order,
  question_type = EXCLUDED.question_type,
  answer_key = EXCLUDED.answer_key,
  distractor_tags = EXCLUDED.distractor_tags;

INSERT INTO public.questions (id, exercise_id, prompt, options, correct_option, explanation, display_order, question_type, answer_key, distractor_tags) VALUES
  ('41d21303-ac61-54c2-90b6-55f01eb2b3f6', 'b055afdc-c9c3-59c5-9173-dcf00886c0c5', 'عددٌ جزؤه الصحيح 4، ورقمُ أعشاره 0، ورقمُ أجزائه من مئة 6. ما هو؟', '[{"id":"a","text":"4,6"},{"id":"b","text":"4,06"},{"id":"c","text":"4,60"},{"id":"d","text":"46"}]'::jsonb, 'b', 'بعد الفاصلة: 0 في الأعشار ثمّ 6 في الأجزاء من مئة، فيكون 4,06. الخطأ الشائع إهمال صفر الأعشار وكتابة 4,6.', 2, 'mcq', NULL, NULL)
ON CONFLICT (id) DO UPDATE SET
  exercise_id = EXCLUDED.exercise_id,
  prompt = EXCLUDED.prompt,
  options = EXCLUDED.options,
  correct_option = EXCLUDED.correct_option,
  explanation = EXCLUDED.explanation,
  display_order = EXCLUDED.display_order,
  question_type = EXCLUDED.question_type,
  answer_key = EXCLUDED.answer_key,
  distractor_tags = EXCLUDED.distractor_tags;

INSERT INTO public.questions (id, exercise_id, prompt, options, correct_option, explanation, display_order, question_type, answer_key, distractor_tags) VALUES
  ('5c066794-9d75-5981-8585-b4a42568ab6d', 'b055afdc-c9c3-59c5-9173-dcf00886c0c5', 'أيّ كسرٍ عشري يساوي العدد 0,32؟', '[{"id":"a","text":"32/10"},{"id":"b","text":"32/1000"},{"id":"c","text":"3/100"},{"id":"d","text":"32/100"}]'::jsonb, 'd', 'للعدد رقمان بعد الفاصلة، فالمقام 100: 0,32 = 32/100. عدد الأرقام بعد الفاصلة = عدد أصفار المقام.', 3, 'mcq', NULL, NULL)
ON CONFLICT (id) DO UPDATE SET
  exercise_id = EXCLUDED.exercise_id,
  prompt = EXCLUDED.prompt,
  options = EXCLUDED.options,
  correct_option = EXCLUDED.correct_option,
  explanation = EXCLUDED.explanation,
  display_order = EXCLUDED.display_order,
  question_type = EXCLUDED.question_type,
  answer_key = EXCLUDED.answer_key,
  distractor_tags = EXCLUDED.distractor_tags;

INSERT INTO public.questions (id, exercise_id, prompt, options, correct_option, explanation, display_order, question_type, answer_key, distractor_tags) VALUES
  ('5fa6df7a-b401-5a47-b420-73467deb3b49', 'b055afdc-c9c3-59c5-9173-dcf00886c0c5', 'أيّ عددٍ من الأعداد التالية يساوي 0,5؟', '[{"id":"a","text":"0,05"},{"id":"b","text":"5/100"},{"id":"c","text":"50/100"},{"id":"d","text":"5/1000"}]'::jsonb, 'c', '0,5 = 5/10، و 5/10 = 50/100 (بضرب الحدّين في 10). الخطأ الشائع اختيار 5/100 وهي تساوي 0,05 لا 0,5.', 4, 'mcq', NULL, NULL)
ON CONFLICT (id) DO UPDATE SET
  exercise_id = EXCLUDED.exercise_id,
  prompt = EXCLUDED.prompt,
  options = EXCLUDED.options,
  correct_option = EXCLUDED.correct_option,
  explanation = EXCLUDED.explanation,
  display_order = EXCLUDED.display_order,
  question_type = EXCLUDED.question_type,
  answer_key = EXCLUDED.answer_key,
  distractor_tags = EXCLUDED.distractor_tags;

INSERT INTO public.questions (id, exercise_id, prompt, options, correct_option, explanation, display_order, question_type, answer_key, distractor_tags) VALUES
  ('d09a41f1-a99c-5566-8a29-c6954accb8a8', 'b055afdc-c9c3-59c5-9173-dcf00886c0c5', 'في العدد 7,418 ما مجموع رتبتَي الأعشار والأجزاء من ألف من حيث الأرقام؟', '[{"id":"a","text":"4 و 1"},{"id":"b","text":"1 و 8"},{"id":"c","text":"4 و 8"},{"id":"d","text":"7 و 4"}]'::jsonb, 'c', 'بعد الفاصلة: 4 أعشار، 1 جزء من مئة، 8 أجزاء من ألف. فرقمُ الأعشار 4 ورقمُ الأجزاء من ألف 8.', 5, 'mcq', NULL, NULL)
ON CONFLICT (id) DO UPDATE SET
  exercise_id = EXCLUDED.exercise_id,
  prompt = EXCLUDED.prompt,
  options = EXCLUDED.options,
  correct_option = EXCLUDED.correct_option,
  explanation = EXCLUDED.explanation,
  display_order = EXCLUDED.display_order,
  question_type = EXCLUDED.question_type,
  answer_key = EXCLUDED.answer_key,
  distractor_tags = EXCLUDED.distractor_tags;

INSERT INTO public.questions (id, exercise_id, prompt, options, correct_option, explanation, display_order, question_type, answer_key, distractor_tags) VALUES
  ('af589f8e-d0bb-5b44-84bd-ba907a1cb700', 'b055afdc-c9c3-59c5-9173-dcf00886c0c5', 'رتّب من الأصغر إلى الأكبر: 0,07 و 0,7 و 0,007. أيّ ترتيبٍ صحيح؟', '[{"id":"a","text":"0,007 ثمّ 0,07 ثمّ 0,7"},{"id":"b","text":"0,7 ثمّ 0,07 ثمّ 0,007"},{"id":"c","text":"0,07 ثمّ 0,007 ثمّ 0,7"},{"id":"d","text":"0,007 ثمّ 0,7 ثمّ 0,07"}]'::jsonb, 'a', '0,007 = 7 أجزاء من ألف، و 0,07 = 7 أجزاء من مئة، و 0,7 = 7 أعشار؛ فكلّما صَغُر الجزء صَغُر العدد. الترتيب: 0,007 ثمّ 0,07 ثمّ 0,7. الخطأ الشائع ظنّ أنّ كثرة الأرقام تعني عددًا أكبر.', 6, 'mcq', NULL, NULL)
ON CONFLICT (id) DO UPDATE SET
  exercise_id = EXCLUDED.exercise_id,
  prompt = EXCLUDED.prompt,
  options = EXCLUDED.options,
  correct_option = EXCLUDED.correct_option,
  explanation = EXCLUDED.explanation,
  display_order = EXCLUDED.display_order,
  question_type = EXCLUDED.question_type,
  answer_key = EXCLUDED.answer_key,
  distractor_tags = EXCLUDED.distractor_tags;

INSERT INTO public.exercises (id, chapter_id, subject_id, title, difficulty, xp_reward, reward_coins, mode, source, display_order) VALUES
  ('216529db-91b9-51ba-8a50-283b4ae1e5f1', 'b09876a0-c7e5-5d99-bf81-b8aa313d419a', 'math-5eme', '📝 تدريب ⭐⭐⭐: الأعداد العشرية (مراجعة شاملة)', 3, 120, 30, 'boss', 'admin', 5)
ON CONFLICT (id) DO UPDATE SET
  chapter_id = EXCLUDED.chapter_id,
  subject_id = EXCLUDED.subject_id,
  title = EXCLUDED.title,
  difficulty = EXCLUDED.difficulty,
  xp_reward = EXCLUDED.xp_reward,
  reward_coins = EXCLUDED.reward_coins,
  mode = EXCLUDED.mode,
  display_order = EXCLUDED.display_order;

INSERT INTO public.questions (id, exercise_id, prompt, options, correct_option, explanation, display_order, question_type, answer_key, distractor_tags) VALUES
  ('8717741e-530d-57b6-993d-700bfbcad9cc', '216529db-91b9-51ba-8a50-283b4ae1e5f1', 'في العدد 23,8 ما هو الجزء العشري؟', '[{"id":"a","text":"23"},{"id":"b","text":"8"},{"id":"c","text":"238"},{"id":"d","text":"2,3"}]'::jsonb, 'b', 'الجزء العشري هو ما يقع يمين الفاصلة، وهو 8. أمّا 23 فهو الجزء الصحيح.', 1, 'mcq', NULL, NULL)
ON CONFLICT (id) DO UPDATE SET
  exercise_id = EXCLUDED.exercise_id,
  prompt = EXCLUDED.prompt,
  options = EXCLUDED.options,
  correct_option = EXCLUDED.correct_option,
  explanation = EXCLUDED.explanation,
  display_order = EXCLUDED.display_order,
  question_type = EXCLUDED.question_type,
  answer_key = EXCLUDED.answer_key,
  distractor_tags = EXCLUDED.distractor_tags;

INSERT INTO public.questions (id, exercise_id, prompt, options, correct_option, explanation, display_order, question_type, answer_key, distractor_tags) VALUES
  ('54ca7980-96de-5216-8128-6bfe187b0c50', '216529db-91b9-51ba-8a50-283b4ae1e5f1', 'كيف نكتب الكسر العشري 6/100 عددًا ذا فاصلة؟', '[{"id":"a","text":"0,6"},{"id":"b","text":"6,0"},{"id":"c","text":"0,06"},{"id":"d","text":"0,006"}]'::jsonb, 'c', 'المقام 100 يستلزم رقمين بعد الفاصلة، فنُكمل بصفرٍ: 6/100 = 0,06.', 2, 'mcq', NULL, NULL)
ON CONFLICT (id) DO UPDATE SET
  exercise_id = EXCLUDED.exercise_id,
  prompt = EXCLUDED.prompt,
  options = EXCLUDED.options,
  correct_option = EXCLUDED.correct_option,
  explanation = EXCLUDED.explanation,
  display_order = EXCLUDED.display_order,
  question_type = EXCLUDED.question_type,
  answer_key = EXCLUDED.answer_key,
  distractor_tags = EXCLUDED.distractor_tags;

INSERT INTO public.questions (id, exercise_id, prompt, options, correct_option, explanation, display_order, question_type, answer_key, distractor_tags) VALUES
  ('bab9aa6b-d7d6-5ecc-be61-905e4e1c526e', '216529db-91b9-51ba-8a50-283b4ae1e5f1', 'في العدد 5,294 ما رتبة الرقم 9؟', '[{"id":"a","text":"الأعشار"},{"id":"b","text":"الأجزاء من مئة"},{"id":"c","text":"الآحاد"},{"id":"d","text":"الأجزاء من ألف"}]'::jsonb, 'b', 'بعد الفاصلة: 2 أعشار، 9 أجزاء من مئة، 4 أجزاء من ألف. فالرقم 9 في الرتبة الثانية، أي الأجزاء من مئة.', 3, 'mcq', NULL, NULL)
ON CONFLICT (id) DO UPDATE SET
  exercise_id = EXCLUDED.exercise_id,
  prompt = EXCLUDED.prompt,
  options = EXCLUDED.options,
  correct_option = EXCLUDED.correct_option,
  explanation = EXCLUDED.explanation,
  display_order = EXCLUDED.display_order,
  question_type = EXCLUDED.question_type,
  answer_key = EXCLUDED.answer_key,
  distractor_tags = EXCLUDED.distractor_tags;

INSERT INTO public.questions (id, exercise_id, prompt, options, correct_option, explanation, display_order, question_type, answer_key, distractor_tags) VALUES
  ('30e6f3b1-5a69-578f-869a-7214ccec9615', '216529db-91b9-51ba-8a50-283b4ae1e5f1', 'ما العدد ذو الفاصلة الذي يساوي 308/100؟', '[{"id":"a","text":"30,8"},{"id":"b","text":"0,308"},{"id":"c","text":"3,08"},{"id":"d","text":"308,0"}]'::jsonb, 'c', '308/100 = 300/100 + 8/100 = 3 + 0,08 = 3,08؛ الجزء الصحيح 3 والباقي 8 أجزاء من مئة.', 4, 'mcq', NULL, NULL)
ON CONFLICT (id) DO UPDATE SET
  exercise_id = EXCLUDED.exercise_id,
  prompt = EXCLUDED.prompt,
  options = EXCLUDED.options,
  correct_option = EXCLUDED.correct_option,
  explanation = EXCLUDED.explanation,
  display_order = EXCLUDED.display_order,
  question_type = EXCLUDED.question_type,
  answer_key = EXCLUDED.answer_key,
  distractor_tags = EXCLUDED.distractor_tags;

INSERT INTO public.questions (id, exercise_id, prompt, options, correct_option, explanation, display_order, question_type, answer_key, distractor_tags) VALUES
  ('6cc905ba-1e02-51c4-a85d-148112ebe754', '216529db-91b9-51ba-8a50-283b4ae1e5f1', 'ما قيمة الرقم 6 في العدد 1,062؟', '[{"id":"a","text":"6/10"},{"id":"b","text":"6"},{"id":"c","text":"6/1000"},{"id":"d","text":"6/100"}]'::jsonb, 'd', 'بعد الفاصلة: 0 أعشار، 6 أجزاء من مئة، 2 أجزاء من ألف. فالرقم 6 في رتبة الأجزاء من مئة، قيمته 6/100.', 5, 'mcq', NULL, NULL)
ON CONFLICT (id) DO UPDATE SET
  exercise_id = EXCLUDED.exercise_id,
  prompt = EXCLUDED.prompt,
  options = EXCLUDED.options,
  correct_option = EXCLUDED.correct_option,
  explanation = EXCLUDED.explanation,
  display_order = EXCLUDED.display_order,
  question_type = EXCLUDED.question_type,
  answer_key = EXCLUDED.answer_key,
  distractor_tags = EXCLUDED.distractor_tags;

INSERT INTO public.questions (id, exercise_id, prompt, options, correct_option, explanation, display_order, question_type, answer_key, distractor_tags) VALUES
  ('8298a664-162f-5e6e-b77c-4c7e93b15742', '216529db-91b9-51ba-8a50-283b4ae1e5f1', 'أيّ عددٍ يُقرأ «صفر فاصلة خمسة وعشرون»؟', '[{"id":"a","text":"0,025"},{"id":"b","text":"2,5"},{"id":"c","text":"25"},{"id":"d","text":"0,25"}]'::jsonb, 'd', 'الجزء الصحيح صفر، والجزء العشري 25 في رتبتي الأعشار والأجزاء من مئة، فيكون العدد 0,25 (أي 25 جزءًا من مئة).', 6, 'mcq', NULL, NULL)
ON CONFLICT (id) DO UPDATE SET
  exercise_id = EXCLUDED.exercise_id,
  prompt = EXCLUDED.prompt,
  options = EXCLUDED.options,
  correct_option = EXCLUDED.correct_option,
  explanation = EXCLUDED.explanation,
  display_order = EXCLUDED.display_order,
  question_type = EXCLUDED.question_type,
  answer_key = EXCLUDED.answer_key,
  distractor_tags = EXCLUDED.distractor_tags;

INSERT INTO public.exercises (id, chapter_id, subject_id, title, difficulty, xp_reward, reward_coins, mode, source, display_order) VALUES
  ('045c9f09-57e3-5c9f-9430-88c11685f5f2', '2599c0f4-4bc4-52c6-b154-b778f237f372', 'math-5eme', 'اختبار فهم الدرس ⭐', 1, 20, 5, 'quiz', 'admin', 0)
ON CONFLICT (id) DO UPDATE SET
  chapter_id = EXCLUDED.chapter_id,
  subject_id = EXCLUDED.subject_id,
  title = EXCLUDED.title,
  difficulty = EXCLUDED.difficulty,
  xp_reward = EXCLUDED.xp_reward,
  reward_coins = EXCLUDED.reward_coins,
  mode = EXCLUDED.mode,
  display_order = EXCLUDED.display_order;

INSERT INTO public.questions (id, exercise_id, prompt, options, correct_option, explanation, display_order, question_type, answer_key, distractor_tags) VALUES
  ('d7c9b0c6-7cc7-52e7-affe-c474369767a3', '045c9f09-57e3-5c9f-9430-88c11685f5f2', 'ما العلاقة الصحيحة بين العددين 12,9 و 8,75؟', '[{"id":"a","text":"12,9 < 8,75"},{"id":"b","text":"12,9 = 8,75"},{"id":"c","text":"12,9 > 8,75"},{"id":"d","text":"لا يمكن المقارنة"}]'::jsonb, 'c', 'نقارن الجزء الصحيح أوّلًا: 12 > 8، إذن 12,9 > 8,75 مباشرةً، ولا حاجة للنظر إلى ما بعد الفاصلة.', 1, 'mcq', NULL, NULL)
ON CONFLICT (id) DO UPDATE SET
  exercise_id = EXCLUDED.exercise_id,
  prompt = EXCLUDED.prompt,
  options = EXCLUDED.options,
  correct_option = EXCLUDED.correct_option,
  explanation = EXCLUDED.explanation,
  display_order = EXCLUDED.display_order,
  question_type = EXCLUDED.question_type,
  answer_key = EXCLUDED.answer_key,
  distractor_tags = EXCLUDED.distractor_tags;

INSERT INTO public.questions (id, exercise_id, prompt, options, correct_option, explanation, display_order, question_type, answer_key, distractor_tags) VALUES
  ('b18b14d7-d656-523a-a807-6cfd36779442', '045c9f09-57e3-5c9f-9430-88c11685f5f2', 'بين أيّ عددين صحيحين متتاليين يقع العدد 3,7؟', '[{"id":"a","text":"بين 2 و 3"},{"id":"b","text":"بين 7 و 8"},{"id":"c","text":"بين 3 و 4"},{"id":"d","text":"بين 3 و 5"}]'::jsonb, 'c', 'ننظر إلى الجزء الصحيح للعدد 3,7 وهو 3، وتاليه 4. إذن 3 < 3,7 < 4، فهو بين 3 و 4.', 2, 'mcq', NULL, NULL)
ON CONFLICT (id) DO UPDATE SET
  exercise_id = EXCLUDED.exercise_id,
  prompt = EXCLUDED.prompt,
  options = EXCLUDED.options,
  correct_option = EXCLUDED.correct_option,
  explanation = EXCLUDED.explanation,
  display_order = EXCLUDED.display_order,
  question_type = EXCLUDED.question_type,
  answer_key = EXCLUDED.answer_key,
  distractor_tags = EXCLUDED.distractor_tags;

INSERT INTO public.questions (id, exercise_id, prompt, options, correct_option, explanation, display_order, question_type, answer_key, distractor_tags) VALUES
  ('bba76dfb-13c8-55a8-9913-99430fb45950', '045c9f09-57e3-5c9f-9430-88c11685f5f2', 'أيّ الرمزين يجعل العبارة صحيحة: 5,36 … 5,4؟', '[{"id":"a","text":"<"},{"id":"b","text":">"},{"id":"c","text":"="},{"id":"d","text":"لا شيء ممّا سبق"}]'::jsonb, 'a', 'الجزءان الصحيحان متساويان (5 = 5)؛ ننظر إلى الأعشار: 3 < 4، إذن 5,36 < 5,4. الرمز الصحيح هو <.', 3, 'mcq', NULL, NULL)
ON CONFLICT (id) DO UPDATE SET
  exercise_id = EXCLUDED.exercise_id,
  prompt = EXCLUDED.prompt,
  options = EXCLUDED.options,
  correct_option = EXCLUDED.correct_option,
  explanation = EXCLUDED.explanation,
  display_order = EXCLUDED.display_order,
  question_type = EXCLUDED.question_type,
  answer_key = EXCLUDED.answer_key,
  distractor_tags = EXCLUDED.distractor_tags;

INSERT INTO public.questions (id, exercise_id, prompt, options, correct_option, explanation, display_order, question_type, answer_key, distractor_tags) VALUES
  ('cbbe28ba-499e-55c3-99ca-8c2cd1c54927', '045c9f09-57e3-5c9f-9430-88c11685f5f2', 'أيّ العبارات التالية صحيحة؟', '[{"id":"a","text":"2,5 = 2,05"},{"id":"b","text":"2,5 = 2,50"},{"id":"c","text":"2,5 = 25"},{"id":"d","text":"2,5 = 5,2"}]'::jsonb, 'b', 'الصفر في آخر الجزء العشري لا يُغيّر القيمة، فـ 2,5 = 2,50. أمّا 2,05 فأعشاره 0 فهو يختلف عن 2,5.', 4, 'mcq', NULL, NULL)
ON CONFLICT (id) DO UPDATE SET
  exercise_id = EXCLUDED.exercise_id,
  prompt = EXCLUDED.prompt,
  options = EXCLUDED.options,
  correct_option = EXCLUDED.correct_option,
  explanation = EXCLUDED.explanation,
  display_order = EXCLUDED.display_order,
  question_type = EXCLUDED.question_type,
  answer_key = EXCLUDED.answer_key,
  distractor_tags = EXCLUDED.distractor_tags;

INSERT INTO public.questions (id, exercise_id, prompt, options, correct_option, explanation, display_order, question_type, answer_key, distractor_tags) VALUES
  ('76c33c3a-838e-50e7-b118-c6ec42ad5822', '045c9f09-57e3-5c9f-9430-88c11685f5f2', 'ما الترتيب التصاعديّ الصحيح للأعداد 2,5 و 1,8 و 2,53؟', '[{"id":"a","text":"2,53 < 2,5 < 1,8"},{"id":"b","text":"1,8 < 2,5 < 2,53"},{"id":"c","text":"1,8 < 2,53 < 2,5"},{"id":"d","text":"2,5 < 1,8 < 2,53"}]'::jsonb, 'b', 'الجزء الصحيح للعدد 1,8 هو 1 فهو الأصغر؛ ثمّ نقارن 2,5 و 2,53: نُكمل 2,5 = 2,50، والأعشار متساوية ثمّ 0 < 3، إذن 2,5 < 2,53. الترتيب: 1,8 < 2,5 < 2,53.', 5, 'mcq', NULL, NULL)
ON CONFLICT (id) DO UPDATE SET
  exercise_id = EXCLUDED.exercise_id,
  prompt = EXCLUDED.prompt,
  options = EXCLUDED.options,
  correct_option = EXCLUDED.correct_option,
  explanation = EXCLUDED.explanation,
  display_order = EXCLUDED.display_order,
  question_type = EXCLUDED.question_type,
  answer_key = EXCLUDED.answer_key,
  distractor_tags = EXCLUDED.distractor_tags;

INSERT INTO public.exercises (id, chapter_id, subject_id, title, difficulty, xp_reward, reward_coins, mode, source, display_order) VALUES
  ('d8a46e03-6173-57ff-a94e-bb282e59ed34', '2599c0f4-4bc4-52c6-b154-b778f237f372', 'math-5eme', '⭐ تمرين: أوّل خطوات في مقارنة العشرية', 1, 50, 10, 'practice', 'admin', 1)
ON CONFLICT (id) DO UPDATE SET
  chapter_id = EXCLUDED.chapter_id,
  subject_id = EXCLUDED.subject_id,
  title = EXCLUDED.title,
  difficulty = EXCLUDED.difficulty,
  xp_reward = EXCLUDED.xp_reward,
  reward_coins = EXCLUDED.reward_coins,
  mode = EXCLUDED.mode,
  display_order = EXCLUDED.display_order;

INSERT INTO public.questions (id, exercise_id, prompt, options, correct_option, explanation, display_order, question_type, answer_key, distractor_tags) VALUES
  ('51cd89f3-7433-5a8c-bad4-74c4b5dce7cc', 'd8a46e03-6173-57ff-a94e-bb282e59ed34', 'أيّ الرمزين يجعل العبارة صحيحة: 3,5 … 3,8؟', '[{"id":"a","text":"<"},{"id":"b","text":">"},{"id":"c","text":"="},{"id":"d","text":"لا شيء ممّا سبق"}]'::jsonb, 'a', 'الجزءان الصحيحان متساويان (3 = 3)؛ ننظر إلى الأعشار: 5 < 8، إذن 3,5 < 3,8. الرمز الصحيح هو <.', 1, 'mcq', NULL, NULL)
ON CONFLICT (id) DO UPDATE SET
  exercise_id = EXCLUDED.exercise_id,
  prompt = EXCLUDED.prompt,
  options = EXCLUDED.options,
  correct_option = EXCLUDED.correct_option,
  explanation = EXCLUDED.explanation,
  display_order = EXCLUDED.display_order,
  question_type = EXCLUDED.question_type,
  answer_key = EXCLUDED.answer_key,
  distractor_tags = EXCLUDED.distractor_tags;

INSERT INTO public.questions (id, exercise_id, prompt, options, correct_option, explanation, display_order, question_type, answer_key, distractor_tags) VALUES
  ('569d9805-92dc-5e2e-9a83-9ffc0ce80661', 'd8a46e03-6173-57ff-a94e-bb282e59ed34', 'أيّ العددين أكبر: 7,2 أم 4,9؟', '[{"id":"a","text":"4,9"},{"id":"b","text":"7,2"},{"id":"c","text":"متساويان"},{"id":"d","text":"لا يمكن المعرفة"}]'::jsonb, 'b', 'نقارن الجزء الصحيح أوّلًا: 7 > 4، إذن 7,2 > 4,9 مباشرةً دون النظر إلى ما بعد الفاصلة.', 2, 'mcq', NULL, NULL)
ON CONFLICT (id) DO UPDATE SET
  exercise_id = EXCLUDED.exercise_id,
  prompt = EXCLUDED.prompt,
  options = EXCLUDED.options,
  correct_option = EXCLUDED.correct_option,
  explanation = EXCLUDED.explanation,
  display_order = EXCLUDED.display_order,
  question_type = EXCLUDED.question_type,
  answer_key = EXCLUDED.answer_key,
  distractor_tags = EXCLUDED.distractor_tags;

INSERT INTO public.questions (id, exercise_id, prompt, options, correct_option, explanation, display_order, question_type, answer_key, distractor_tags) VALUES
  ('e1192ac5-3db1-5584-88f2-d7078e79f330', 'd8a46e03-6173-57ff-a94e-bb282e59ed34', 'ما العلاقة الصحيحة بين العددين 4,5 و 4,50؟', '[{"id":"a","text":"4,5 < 4,50"},{"id":"b","text":"4,5 > 4,50"},{"id":"c","text":"4,5 = 4,50"},{"id":"d","text":"لا يمكن المقارنة"}]'::jsonb, 'c', 'الصفر في آخر الجزء العشري لا يُغيّر القيمة، فـ 4,5 = 4,50. كلاهما يساوي 5 أعشار.', 3, 'mcq', NULL, NULL)
ON CONFLICT (id) DO UPDATE SET
  exercise_id = EXCLUDED.exercise_id,
  prompt = EXCLUDED.prompt,
  options = EXCLUDED.options,
  correct_option = EXCLUDED.correct_option,
  explanation = EXCLUDED.explanation,
  display_order = EXCLUDED.display_order,
  question_type = EXCLUDED.question_type,
  answer_key = EXCLUDED.answer_key,
  distractor_tags = EXCLUDED.distractor_tags;

INSERT INTO public.questions (id, exercise_id, prompt, options, correct_option, explanation, display_order, question_type, answer_key, distractor_tags) VALUES
  ('042edb43-d788-5278-a54b-fceb1a85232d', 'd8a46e03-6173-57ff-a94e-bb282e59ed34', 'بين أيّ عددين صحيحين متتاليين يقع العدد 6,3؟', '[{"id":"a","text":"بين 5 و 6"},{"id":"b","text":"بين 3 و 4"},{"id":"c","text":"بين 6 و 8"},{"id":"d","text":"بين 6 و 7"}]'::jsonb, 'd', 'الجزء الصحيح للعدد 6,3 هو 6، وتاليه 7. إذن 6 < 6,3 < 7، فهو يقع بين 6 و 7.', 4, 'mcq', NULL, NULL)
ON CONFLICT (id) DO UPDATE SET
  exercise_id = EXCLUDED.exercise_id,
  prompt = EXCLUDED.prompt,
  options = EXCLUDED.options,
  correct_option = EXCLUDED.correct_option,
  explanation = EXCLUDED.explanation,
  display_order = EXCLUDED.display_order,
  question_type = EXCLUDED.question_type,
  answer_key = EXCLUDED.answer_key,
  distractor_tags = EXCLUDED.distractor_tags;

INSERT INTO public.questions (id, exercise_id, prompt, options, correct_option, explanation, display_order, question_type, answer_key, distractor_tags) VALUES
  ('20a6ebb0-25a9-5737-a239-cca442684386', 'd8a46e03-6173-57ff-a94e-bb282e59ed34', 'ما العلاقة الصحيحة بين العددين 5,36 و 5,4؟', '[{"id":"a","text":"5,36 > 5,4"},{"id":"b","text":"5,36 < 5,4"},{"id":"c","text":"5,36 = 5,4"},{"id":"d","text":"لا يمكن المقارنة"}]'::jsonb, 'b', 'الجزءان الصحيحان متساويان؛ ننظر إلى الأعشار: 3 < 4، إذن 5,36 < 5,4. عدد الأرقام بعد الفاصلة لا يقرّر الأكبر.', 5, 'mcq', NULL, NULL)
ON CONFLICT (id) DO UPDATE SET
  exercise_id = EXCLUDED.exercise_id,
  prompt = EXCLUDED.prompt,
  options = EXCLUDED.options,
  correct_option = EXCLUDED.correct_option,
  explanation = EXCLUDED.explanation,
  display_order = EXCLUDED.display_order,
  question_type = EXCLUDED.question_type,
  answer_key = EXCLUDED.answer_key,
  distractor_tags = EXCLUDED.distractor_tags;

INSERT INTO public.questions (id, exercise_id, prompt, options, correct_option, explanation, display_order, question_type, answer_key, distractor_tags) VALUES
  ('f1a38f5e-a2b4-5e54-9b05-9ab4ca917d22', 'd8a46e03-6173-57ff-a94e-bb282e59ed34', 'أوجِد عددًا عشريًّا يقع بين 4 و 5.', '[{"id":"a","text":"4,5"},{"id":"b","text":"5,4"},{"id":"c","text":"3,5"},{"id":"d","text":"45"}]'::jsonb, 'a', 'نحتاج عددًا أكبر من 4 وأصغر من 5؛ العدد 4,5 يحقّق ذلك لأنّ 4 < 4,5 < 5.', 6, 'mcq', NULL, NULL)
ON CONFLICT (id) DO UPDATE SET
  exercise_id = EXCLUDED.exercise_id,
  prompt = EXCLUDED.prompt,
  options = EXCLUDED.options,
  correct_option = EXCLUDED.correct_option,
  explanation = EXCLUDED.explanation,
  display_order = EXCLUDED.display_order,
  question_type = EXCLUDED.question_type,
  answer_key = EXCLUDED.answer_key,
  distractor_tags = EXCLUDED.distractor_tags;

INSERT INTO public.exercises (id, chapter_id, subject_id, title, difficulty, xp_reward, reward_coins, mode, source, display_order) VALUES
  ('a1a14272-3255-5b3b-872d-cf20e0e61174', '2599c0f4-4bc4-52c6-b154-b778f237f372', 'math-5eme', '⚔️ زعيم الفصل ⭐⭐⭐: سيّد مقارنة العشرية', 3, 120, 30, 'boss', 'admin', 2)
ON CONFLICT (id) DO UPDATE SET
  chapter_id = EXCLUDED.chapter_id,
  subject_id = EXCLUDED.subject_id,
  title = EXCLUDED.title,
  difficulty = EXCLUDED.difficulty,
  xp_reward = EXCLUDED.xp_reward,
  reward_coins = EXCLUDED.reward_coins,
  mode = EXCLUDED.mode,
  display_order = EXCLUDED.display_order;

INSERT INTO public.questions (id, exercise_id, prompt, options, correct_option, explanation, display_order, question_type, answer_key, distractor_tags) VALUES
  ('e0f6a67f-a046-5e5d-aae4-ea7301c24625', 'a1a14272-3255-5b3b-872d-cf20e0e61174', 'ما العلاقة الصحيحة بين العددين 7,2 و 7,02؟', '[{"id":"a","text":"7,2 < 7,02"},{"id":"b","text":"7,2 = 7,02"},{"id":"c","text":"7,2 > 7,02"},{"id":"d","text":"لا يمكن المقارنة"}]'::jsonb, 'c', 'الجزءان الصحيحان متساويان (7 = 7)؛ ننظر إلى الأعشار: 2 > 0، إذن 7,2 > 7,02. الخطأ الشائع هو الظنّ أنّ 7,02 أكبر لأنّ فيه أرقامًا أكثر بعد الفاصلة.', 1, 'mcq', NULL, NULL)
ON CONFLICT (id) DO UPDATE SET
  exercise_id = EXCLUDED.exercise_id,
  prompt = EXCLUDED.prompt,
  options = EXCLUDED.options,
  correct_option = EXCLUDED.correct_option,
  explanation = EXCLUDED.explanation,
  display_order = EXCLUDED.display_order,
  question_type = EXCLUDED.question_type,
  answer_key = EXCLUDED.answer_key,
  distractor_tags = EXCLUDED.distractor_tags;

INSERT INTO public.questions (id, exercise_id, prompt, options, correct_option, explanation, display_order, question_type, answer_key, distractor_tags) VALUES
  ('320e5799-ab0d-5db1-a2c8-b47b98e8cb65', 'a1a14272-3255-5b3b-872d-cf20e0e61174', 'أيّ الأعداد التالية هو الأكبر: 6,7 أم 6,68 أم 6,09؟', '[{"id":"a","text":"6,7"},{"id":"b","text":"6,68"},{"id":"c","text":"6,09"},{"id":"d","text":"6,7 و 6,68 متساويان"}]'::jsonb, 'a', 'الأجزاء الصحيحة متساوية (6)؛ نقارن الأعشار: 7 و 6 و 0. أكبرها 7، إذن 6,7 هو الأكبر (نُكمل 6,7 = 6,70 > 6,68).', 2, 'mcq', NULL, NULL)
ON CONFLICT (id) DO UPDATE SET
  exercise_id = EXCLUDED.exercise_id,
  prompt = EXCLUDED.prompt,
  options = EXCLUDED.options,
  correct_option = EXCLUDED.correct_option,
  explanation = EXCLUDED.explanation,
  display_order = EXCLUDED.display_order,
  question_type = EXCLUDED.question_type,
  answer_key = EXCLUDED.answer_key,
  distractor_tags = EXCLUDED.distractor_tags;

INSERT INTO public.questions (id, exercise_id, prompt, options, correct_option, explanation, display_order, question_type, answer_key, distractor_tags) VALUES
  ('49ec04bf-1894-5f56-8e33-6bc4bd02cdc5', 'a1a14272-3255-5b3b-872d-cf20e0e61174', 'ما الترتيب التصاعديّ الصحيح للأعداد 3,5 و 3,45 و 3,8؟', '[{"id":"a","text":"3,8 < 3,5 < 3,45"},{"id":"b","text":"3,45 < 3,5 < 3,8"},{"id":"c","text":"3,5 < 3,45 < 3,8"},{"id":"d","text":"3,45 < 3,8 < 3,5"}]'::jsonb, 'b', 'الأجزاء الصحيحة متساوية (3)؛ نقارن الأعشار: 4 ثمّ 5 ثمّ 8. نُكمل 3,5 = 3,50، فـ 3,45 < 3,50 < 3,80. الترتيب: 3,45 < 3,5 < 3,8.', 3, 'mcq', NULL, NULL)
ON CONFLICT (id) DO UPDATE SET
  exercise_id = EXCLUDED.exercise_id,
  prompt = EXCLUDED.prompt,
  options = EXCLUDED.options,
  correct_option = EXCLUDED.correct_option,
  explanation = EXCLUDED.explanation,
  display_order = EXCLUDED.display_order,
  question_type = EXCLUDED.question_type,
  answer_key = EXCLUDED.answer_key,
  distractor_tags = EXCLUDED.distractor_tags;

INSERT INTO public.questions (id, exercise_id, prompt, options, correct_option, explanation, display_order, question_type, answer_key, distractor_tags) VALUES
  ('d7fe1e4a-84e2-5fe5-bf45-f70fe0e57057', 'a1a14272-3255-5b3b-872d-cf20e0e61174', 'ما العلاقة الصحيحة بين العددين 2,5 و 2,05؟', '[{"id":"a","text":"2,5 < 2,05"},{"id":"b","text":"2,5 > 2,05"},{"id":"c","text":"2,5 = 2,05"},{"id":"d","text":"لا يمكن المقارنة"}]'::jsonb, 'b', 'الجزءان الصحيحان متساويان؛ الأعشار: في 2,5 العدد 5، وفي 2,05 العدد 0، فـ 5 > 0 إذن 2,5 > 2,05. الخطأ الشائع هو الظنّ أنّ 2,5 = 2,05، والصفر هنا مفيد لأنّه ليس في آخر العدد.', 4, 'mcq', NULL, NULL)
ON CONFLICT (id) DO UPDATE SET
  exercise_id = EXCLUDED.exercise_id,
  prompt = EXCLUDED.prompt,
  options = EXCLUDED.options,
  correct_option = EXCLUDED.correct_option,
  explanation = EXCLUDED.explanation,
  display_order = EXCLUDED.display_order,
  question_type = EXCLUDED.question_type,
  answer_key = EXCLUDED.answer_key,
  distractor_tags = EXCLUDED.distractor_tags;

INSERT INTO public.questions (id, exercise_id, prompt, options, correct_option, explanation, display_order, question_type, answer_key, distractor_tags) VALUES
  ('69d508af-9e0b-5643-ab5d-42ac80ea501c', 'a1a14272-3255-5b3b-872d-cf20e0e61174', 'أوجِد عددًا عشريًّا يقع بين 2,3 و 2,4.', '[{"id":"a","text":"2,35"},{"id":"b","text":"2,5"},{"id":"c","text":"2,03"},{"id":"d","text":"23,4"}]'::jsonb, 'a', 'نُكمل بصفر: 2,3 = 2,30 و 2,4 = 2,40، فالعدد 2,35 يقع بينهما لأنّ 2,30 < 2,35 < 2,40. أمّا 2,5 فأكبر من 2,4.', 5, 'mcq', NULL, NULL)
ON CONFLICT (id) DO UPDATE SET
  exercise_id = EXCLUDED.exercise_id,
  prompt = EXCLUDED.prompt,
  options = EXCLUDED.options,
  correct_option = EXCLUDED.correct_option,
  explanation = EXCLUDED.explanation,
  display_order = EXCLUDED.display_order,
  question_type = EXCLUDED.question_type,
  answer_key = EXCLUDED.answer_key,
  distractor_tags = EXCLUDED.distractor_tags;

INSERT INTO public.questions (id, exercise_id, prompt, options, correct_option, explanation, display_order, question_type, answer_key, distractor_tags) VALUES
  ('a2759777-dec3-5e77-950a-7640a05bd8ca', 'a1a14272-3255-5b3b-872d-cf20e0e61174', 'العدد 9,02 يقع بين عددين صحيحين متتاليين. ما هما؟', '[{"id":"a","text":"بين 0 و 2"},{"id":"b","text":"بين 8 و 9"},{"id":"c","text":"بين 9 و 11"},{"id":"d","text":"بين 9 و 10"}]'::jsonb, 'd', 'ننظر إلى الجزء الصحيح للعدد 9,02 وهو 9، وتاليه 10. إذن 9 < 9,02 < 10. الخطأ الشائع هو الانخداع بالصفر والظنّ أنّه قريبٌ من 0.', 6, 'mcq', NULL, NULL)
ON CONFLICT (id) DO UPDATE SET
  exercise_id = EXCLUDED.exercise_id,
  prompt = EXCLUDED.prompt,
  options = EXCLUDED.options,
  correct_option = EXCLUDED.correct_option,
  explanation = EXCLUDED.explanation,
  display_order = EXCLUDED.display_order,
  question_type = EXCLUDED.question_type,
  answer_key = EXCLUDED.answer_key,
  distractor_tags = EXCLUDED.distractor_tags;

INSERT INTO public.exercises (id, chapter_id, subject_id, title, difficulty, xp_reward, reward_coins, mode, source, display_order) VALUES
  ('089b4f17-c1b2-5e1f-8c00-8ede29498345', '2599c0f4-4bc4-52c6-b154-b778f237f372', 'math-5eme', '⭐⭐ تمرين مراجعة (نمط امتحان): مقارنة وترتيب العشرية', 2, 70, 15, 'practice', 'admin', 3)
ON CONFLICT (id) DO UPDATE SET
  chapter_id = EXCLUDED.chapter_id,
  subject_id = EXCLUDED.subject_id,
  title = EXCLUDED.title,
  difficulty = EXCLUDED.difficulty,
  xp_reward = EXCLUDED.xp_reward,
  reward_coins = EXCLUDED.reward_coins,
  mode = EXCLUDED.mode,
  display_order = EXCLUDED.display_order;

INSERT INTO public.questions (id, exercise_id, prompt, options, correct_option, explanation, display_order, question_type, answer_key, distractor_tags) VALUES
  ('48ee0e03-9c5e-5755-9035-926772745302', '089b4f17-c1b2-5e1f-8c00-8ede29498345', 'أيّ الرمزين يجعل العبارة صحيحة: 8,6 … 8,06؟', '[{"id":"a","text":"<"},{"id":"b","text":">"},{"id":"c","text":"="},{"id":"d","text":"لا شيء ممّا سبق"}]'::jsonb, 'b', 'الجزءان الصحيحان متساويان (8 = 8)؛ ننظر إلى الأعشار: 6 > 0، إذن 8,6 > 8,06. الرمز الصحيح هو >.', 1, 'mcq', NULL, NULL)
ON CONFLICT (id) DO UPDATE SET
  exercise_id = EXCLUDED.exercise_id,
  prompt = EXCLUDED.prompt,
  options = EXCLUDED.options,
  correct_option = EXCLUDED.correct_option,
  explanation = EXCLUDED.explanation,
  display_order = EXCLUDED.display_order,
  question_type = EXCLUDED.question_type,
  answer_key = EXCLUDED.answer_key,
  distractor_tags = EXCLUDED.distractor_tags;

INSERT INTO public.questions (id, exercise_id, prompt, options, correct_option, explanation, display_order, question_type, answer_key, distractor_tags) VALUES
  ('2e47e1af-28e1-51aa-984c-83df3d37c794', '089b4f17-c1b2-5e1f-8c00-8ede29498345', 'ما العلاقة الصحيحة بين العددين 3,40 و 3,4؟', '[{"id":"a","text":"3,40 < 3,4"},{"id":"b","text":"3,40 > 3,4"},{"id":"c","text":"3,40 = 3,4"},{"id":"d","text":"لا يمكن المقارنة"}]'::jsonb, 'c', 'الصفر في آخر الجزء العشري لا يُغيّر القيمة، فـ 3,40 = 3,4. كلاهما يساوي 4 أعشار.', 2, 'mcq', NULL, NULL)
ON CONFLICT (id) DO UPDATE SET
  exercise_id = EXCLUDED.exercise_id,
  prompt = EXCLUDED.prompt,
  options = EXCLUDED.options,
  correct_option = EXCLUDED.correct_option,
  explanation = EXCLUDED.explanation,
  display_order = EXCLUDED.display_order,
  question_type = EXCLUDED.question_type,
  answer_key = EXCLUDED.answer_key,
  distractor_tags = EXCLUDED.distractor_tags;

INSERT INTO public.questions (id, exercise_id, prompt, options, correct_option, explanation, display_order, question_type, answer_key, distractor_tags) VALUES
  ('7456f6ae-6e52-57a3-990d-7d61fe7c5b6e', '089b4f17-c1b2-5e1f-8c00-8ede29498345', 'بين أيّ عددين صحيحين متتاليين يقع العدد 12,8؟', '[{"id":"a","text":"بين 11 و 12"},{"id":"b","text":"بين 12 و 13"},{"id":"c","text":"بين 8 و 9"},{"id":"d","text":"بين 12 و 14"}]'::jsonb, 'b', 'الجزء الصحيح للعدد 12,8 هو 12، وتاليه 13. إذن 12 < 12,8 < 13، فهو يقع بين 12 و 13.', 3, 'mcq', NULL, NULL)
ON CONFLICT (id) DO UPDATE SET
  exercise_id = EXCLUDED.exercise_id,
  prompt = EXCLUDED.prompt,
  options = EXCLUDED.options,
  correct_option = EXCLUDED.correct_option,
  explanation = EXCLUDED.explanation,
  display_order = EXCLUDED.display_order,
  question_type = EXCLUDED.question_type,
  answer_key = EXCLUDED.answer_key,
  distractor_tags = EXCLUDED.distractor_tags;

INSERT INTO public.questions (id, exercise_id, prompt, options, correct_option, explanation, display_order, question_type, answer_key, distractor_tags) VALUES
  ('04252b5b-30c7-5c31-8c57-95bb0e7187d0', '089b4f17-c1b2-5e1f-8c00-8ede29498345', 'ما الترتيب التنازليّ الصحيح للأعداد 5,2 و 5,02 و 5,2 المكتوب 5,20؟', '[{"id":"a","text":"5,2 = 5,20 > 5,02"},{"id":"b","text":"5,02 > 5,2 = 5,20"},{"id":"c","text":"5,2 > 5,20 > 5,02"},{"id":"d","text":"5,20 > 5,2 > 5,02"}]'::jsonb, 'a', 'العددان 5,2 و 5,20 متساويان لأنّ الصفر الأخير غير مفيد. ونقارنهما بـ 5,02: الأعشار 2 > 0، إذن 5,2 = 5,20 > 5,02.', 4, 'mcq', NULL, NULL)
ON CONFLICT (id) DO UPDATE SET
  exercise_id = EXCLUDED.exercise_id,
  prompt = EXCLUDED.prompt,
  options = EXCLUDED.options,
  correct_option = EXCLUDED.correct_option,
  explanation = EXCLUDED.explanation,
  display_order = EXCLUDED.display_order,
  question_type = EXCLUDED.question_type,
  answer_key = EXCLUDED.answer_key,
  distractor_tags = EXCLUDED.distractor_tags;

INSERT INTO public.questions (id, exercise_id, prompt, options, correct_option, explanation, display_order, question_type, answer_key, distractor_tags) VALUES
  ('f119470d-a735-57a2-bc31-96c32cba9a94', '089b4f17-c1b2-5e1f-8c00-8ede29498345', 'ما الترتيب التصاعديّ الصحيح للأعداد 1,9 و 1,85 و 2,1؟', '[{"id":"a","text":"1,9 < 1,85 < 2,1"},{"id":"b","text":"2,1 < 1,9 < 1,85"},{"id":"c","text":"1,85 < 2,1 < 1,9"},{"id":"d","text":"1,85 < 1,9 < 2,1"}]'::jsonb, 'd', 'العدد 2,1 جزؤه الصحيح 2 فهو الأكبر؛ ثمّ نقارن 1,9 و 1,85: نُكمل 1,9 = 1,90، فالأعشار 9 > 8، إذن 1,85 < 1,9. الترتيب: 1,85 < 1,9 < 2,1.', 5, 'mcq', NULL, NULL)
ON CONFLICT (id) DO UPDATE SET
  exercise_id = EXCLUDED.exercise_id,
  prompt = EXCLUDED.prompt,
  options = EXCLUDED.options,
  correct_option = EXCLUDED.correct_option,
  explanation = EXCLUDED.explanation,
  display_order = EXCLUDED.display_order,
  question_type = EXCLUDED.question_type,
  answer_key = EXCLUDED.answer_key,
  distractor_tags = EXCLUDED.distractor_tags;

INSERT INTO public.questions (id, exercise_id, prompt, options, correct_option, explanation, display_order, question_type, answer_key, distractor_tags) VALUES
  ('a1ce5cbe-024f-527b-a266-e8bdc0837b20', '089b4f17-c1b2-5e1f-8c00-8ede29498345', 'أوجِد عددًا عشريًّا يقع بين 7 و 7,5.', '[{"id":"a","text":"6,5"},{"id":"b","text":"7,8"},{"id":"c","text":"7,2"},{"id":"d","text":"8"}]'::jsonb, 'c', 'نحتاج عددًا أكبر من 7 وأصغر من 7,5؛ العدد 7,2 يحقّق ذلك لأنّ 7 < 7,2 < 7,5. أمّا 7,8 فأكبر من 7,5.', 6, 'mcq', NULL, NULL)
ON CONFLICT (id) DO UPDATE SET
  exercise_id = EXCLUDED.exercise_id,
  prompt = EXCLUDED.prompt,
  options = EXCLUDED.options,
  correct_option = EXCLUDED.correct_option,
  explanation = EXCLUDED.explanation,
  display_order = EXCLUDED.display_order,
  question_type = EXCLUDED.question_type,
  answer_key = EXCLUDED.answer_key,
  distractor_tags = EXCLUDED.distractor_tags;

INSERT INTO public.exercises (id, chapter_id, subject_id, title, difficulty, xp_reward, reward_coins, mode, source, display_order) VALUES
  ('fba283a6-d44f-5029-8bee-53d21f15c3eb', '2599c0f4-4bc4-52c6-b154-b778f237f372', 'math-5eme', '👑 تحدّي النخبة ⭐⭐⭐⭐: ألغاز مقارنة العشرية', 4, 300, 60, 'challenge', 'admin', 4)
ON CONFLICT (id) DO UPDATE SET
  chapter_id = EXCLUDED.chapter_id,
  subject_id = EXCLUDED.subject_id,
  title = EXCLUDED.title,
  difficulty = EXCLUDED.difficulty,
  xp_reward = EXCLUDED.xp_reward,
  reward_coins = EXCLUDED.reward_coins,
  mode = EXCLUDED.mode,
  display_order = EXCLUDED.display_order;

INSERT INTO public.questions (id, exercise_id, prompt, options, correct_option, explanation, display_order, question_type, answer_key, distractor_tags) VALUES
  ('009b278f-a8c8-5412-b640-68021ccf750d', 'fba283a6-d44f-5029-8bee-53d21f15c3eb', 'ما العلاقة الصحيحة بين العددين 0,7 و 0,68؟', '[{"id":"a","text":"0,7 < 0,68"},{"id":"b","text":"0,7 = 0,68"},{"id":"c","text":"0,7 > 0,68"},{"id":"d","text":"لا يمكن المقارنة"}]'::jsonb, 'c', 'الجزءان الصحيحان متساويان (0 = 0)؛ نُكمل 0,7 = 0,70 ونقارن الأعشار: 7 > 6، إذن 0,7 > 0,68. الخطأ الشائع هو الظنّ أنّ 0,68 أكبر لأنّ فيه أرقامًا أكثر بعد الفاصلة.', 1, 'mcq', NULL, NULL)
ON CONFLICT (id) DO UPDATE SET
  exercise_id = EXCLUDED.exercise_id,
  prompt = EXCLUDED.prompt,
  options = EXCLUDED.options,
  correct_option = EXCLUDED.correct_option,
  explanation = EXCLUDED.explanation,
  display_order = EXCLUDED.display_order,
  question_type = EXCLUDED.question_type,
  answer_key = EXCLUDED.answer_key,
  distractor_tags = EXCLUDED.distractor_tags;

INSERT INTO public.questions (id, exercise_id, prompt, options, correct_option, explanation, display_order, question_type, answer_key, distractor_tags) VALUES
  ('4e6bc528-5b2c-5d79-a1c6-ecdabb09b45f', 'fba283a6-d44f-5029-8bee-53d21f15c3eb', 'ما الترتيب التصاعديّ الصحيح للأعداد 4,5 و 4,05 و 4,5 المكتوب 4,50 و 4,55؟', '[{"id":"a","text":"4,05 < 4,5 = 4,50 < 4,55"},{"id":"b","text":"4,05 < 4,55 < 4,5 = 4,50"},{"id":"c","text":"4,5 = 4,50 < 4,05 < 4,55"},{"id":"d","text":"4,55 < 4,5 = 4,50 < 4,05"}]'::jsonb, 'a', 'العددان 4,5 و 4,50 متساويان (صفر غير مفيد). الأعشار: 0 في 4,05 فهو الأصغر، ثمّ 5 في 4,50 و 4,55، ونفصلهما بالجزء من مئة: 0 < 5 إذن 4,50 < 4,55. الترتيب: 4,05 < 4,5 = 4,50 < 4,55.', 2, 'mcq', NULL, NULL)
ON CONFLICT (id) DO UPDATE SET
  exercise_id = EXCLUDED.exercise_id,
  prompt = EXCLUDED.prompt,
  options = EXCLUDED.options,
  correct_option = EXCLUDED.correct_option,
  explanation = EXCLUDED.explanation,
  display_order = EXCLUDED.display_order,
  question_type = EXCLUDED.question_type,
  answer_key = EXCLUDED.answer_key,
  distractor_tags = EXCLUDED.distractor_tags;

INSERT INTO public.questions (id, exercise_id, prompt, options, correct_option, explanation, display_order, question_type, answer_key, distractor_tags) VALUES
  ('647cb46f-aaa9-52d3-af4f-5ee97c974a40', 'fba283a6-d44f-5029-8bee-53d21f15c3eb', 'أنا عددٌ عشري جزئي الصحيح 5، أكبر من 5,3 وأصغر من 5,4، ورقمُ الجزء من مئة عندي 7. من أكون؟', '[{"id":"a","text":"5,07"},{"id":"b","text":"5,37"},{"id":"c","text":"5,73"},{"id":"d","text":"5,47"}]'::jsonb, 'b', 'العدد بين 5,3 و 5,4 فأعشاره 3 وهو من النوع 5,3_، ورقمُ الجزء من مئة 7، فهو 5,37 لأنّ 5,30 < 5,37 < 5,40.', 3, 'mcq', NULL, NULL)
ON CONFLICT (id) DO UPDATE SET
  exercise_id = EXCLUDED.exercise_id,
  prompt = EXCLUDED.prompt,
  options = EXCLUDED.options,
  correct_option = EXCLUDED.correct_option,
  explanation = EXCLUDED.explanation,
  display_order = EXCLUDED.display_order,
  question_type = EXCLUDED.question_type,
  answer_key = EXCLUDED.answer_key,
  distractor_tags = EXCLUDED.distractor_tags;

INSERT INTO public.questions (id, exercise_id, prompt, options, correct_option, explanation, display_order, question_type, answer_key, distractor_tags) VALUES
  ('2ace78e7-33e8-5b62-8fa0-aa5b776bf676', 'fba283a6-d44f-5029-8bee-53d21f15c3eb', 'كم عددًا عشريًّا له رقمٌ واحد بعد الفاصلة يقع تمامًا بين 2 و 3 (دون أن نَعُدّهما)؟', '[{"id":"a","text":"11"},{"id":"b","text":"10"},{"id":"c","text":"9"},{"id":"d","text":"8"}]'::jsonb, 'c', 'الأعداد ذات الرقم الواحد بعد الفاصلة بين 2 و 3 هي 2,1 و 2,2 حتّى 2,9، أي 9 أعداد. لا نَعُدّ 2 ولا 3.', 4, 'mcq', NULL, NULL)
ON CONFLICT (id) DO UPDATE SET
  exercise_id = EXCLUDED.exercise_id,
  prompt = EXCLUDED.prompt,
  options = EXCLUDED.options,
  correct_option = EXCLUDED.correct_option,
  explanation = EXCLUDED.explanation,
  display_order = EXCLUDED.display_order,
  question_type = EXCLUDED.question_type,
  answer_key = EXCLUDED.answer_key,
  distractor_tags = EXCLUDED.distractor_tags;

INSERT INTO public.questions (id, exercise_id, prompt, options, correct_option, explanation, display_order, question_type, answer_key, distractor_tags) VALUES
  ('d36f7dc9-48d9-585a-981d-7deb6764cb8d', 'fba283a6-d44f-5029-8bee-53d21f15c3eb', 'رتّب تنازليًّا: 3,4 و 3,40 و 3,04 و 3,44.', '[{"id":"a","text":"3,4 = 3,40 > 3,44 > 3,04"},{"id":"b","text":"3,44 > 3,4 = 3,40 > 3,04"},{"id":"c","text":"3,44 > 3,04 > 3,4 = 3,40"},{"id":"d","text":"3,04 > 3,44 > 3,4 = 3,40"}]'::jsonb, 'b', 'العددان 3,4 و 3,40 متساويان. نقارن الأعشار: 4 في 3,44 و 3,40 و 3,4، و 0 في 3,04. ثمّ الجزء من مئة يفصل 3,44 (4) عن 3,40 (0). تنازليًّا: 3,44 > 3,4 = 3,40 > 3,04.', 5, 'mcq', NULL, NULL)
ON CONFLICT (id) DO UPDATE SET
  exercise_id = EXCLUDED.exercise_id,
  prompt = EXCLUDED.prompt,
  options = EXCLUDED.options,
  correct_option = EXCLUDED.correct_option,
  explanation = EXCLUDED.explanation,
  display_order = EXCLUDED.display_order,
  question_type = EXCLUDED.question_type,
  answer_key = EXCLUDED.answer_key,
  distractor_tags = EXCLUDED.distractor_tags;

INSERT INTO public.questions (id, exercise_id, prompt, options, correct_option, explanation, display_order, question_type, answer_key, distractor_tags) VALUES
  ('52cd0a46-d5ae-5284-8722-188f568f66db', 'fba283a6-d44f-5029-8bee-53d21f15c3eb', 'عددان عشريّان جزؤهما الصحيح 6، والفرق بينهما يقع في رتبة الأعشار فقط، وأحدهما 6,2 وهو الأصغر. أيّ الأعداد التالية يصلح أن يكون الآخر؟', '[{"id":"a","text":"6,02"},{"id":"b","text":"6,15"},{"id":"c","text":"6,2"},{"id":"d","text":"6,5"}]'::jsonb, 'd', 'نريد عددًا جزؤه الصحيح 6 وأكبر من 6,2 ويختلف عنه في الأعشار؛ العدد 6,5 أعشاره 5 > 2 فهو أكبر ويصلح. أمّا 6,15 و 6,02 فأصغر من 6,2، و 6,2 يساويه.', 6, 'mcq', NULL, NULL)
ON CONFLICT (id) DO UPDATE SET
  exercise_id = EXCLUDED.exercise_id,
  prompt = EXCLUDED.prompt,
  options = EXCLUDED.options,
  correct_option = EXCLUDED.correct_option,
  explanation = EXCLUDED.explanation,
  display_order = EXCLUDED.display_order,
  question_type = EXCLUDED.question_type,
  answer_key = EXCLUDED.answer_key,
  distractor_tags = EXCLUDED.distractor_tags;

INSERT INTO public.exercises (id, chapter_id, subject_id, title, difficulty, xp_reward, reward_coins, mode, source, display_order) VALUES
  ('999ee5e6-182c-5375-b927-fbc86cb36ed1', '2599c0f4-4bc4-52c6-b154-b778f237f372', 'math-5eme', '📝 تدريب ⭐⭐⭐: مراجعة شاملة لمقارنة وترتيب العشرية', 3, 120, 30, 'boss', 'admin', 5)
ON CONFLICT (id) DO UPDATE SET
  chapter_id = EXCLUDED.chapter_id,
  subject_id = EXCLUDED.subject_id,
  title = EXCLUDED.title,
  difficulty = EXCLUDED.difficulty,
  xp_reward = EXCLUDED.xp_reward,
  reward_coins = EXCLUDED.reward_coins,
  mode = EXCLUDED.mode,
  display_order = EXCLUDED.display_order;

INSERT INTO public.questions (id, exercise_id, prompt, options, correct_option, explanation, display_order, question_type, answer_key, distractor_tags) VALUES
  ('a4e2cd83-8cd3-5fe1-9325-3a3c36a60a5b', '999ee5e6-182c-5375-b927-fbc86cb36ed1', 'أيّ الرمزين يجعل العبارة صحيحة: 9,1 … 8,99؟', '[{"id":"a","text":"<"},{"id":"b","text":"="},{"id":"c","text":">"},{"id":"d","text":"لا شيء ممّا سبق"}]'::jsonb, 'c', 'نقارن الجزء الصحيح أوّلًا: 9 > 8، إذن 9,1 > 8,99 مباشرةً. الرمز الصحيح هو >. الخطأ الشائع هو الظنّ أنّ 8,99 أكبر بسبب كثرة أرقامه.', 1, 'mcq', NULL, NULL)
ON CONFLICT (id) DO UPDATE SET
  exercise_id = EXCLUDED.exercise_id,
  prompt = EXCLUDED.prompt,
  options = EXCLUDED.options,
  correct_option = EXCLUDED.correct_option,
  explanation = EXCLUDED.explanation,
  display_order = EXCLUDED.display_order,
  question_type = EXCLUDED.question_type,
  answer_key = EXCLUDED.answer_key,
  distractor_tags = EXCLUDED.distractor_tags;

INSERT INTO public.questions (id, exercise_id, prompt, options, correct_option, explanation, display_order, question_type, answer_key, distractor_tags) VALUES
  ('2462d75c-ae49-5819-9da0-00d3878e1c20', '999ee5e6-182c-5375-b927-fbc86cb36ed1', 'ما العلاقة الصحيحة بين العددين 1,200 و 1,2؟', '[{"id":"a","text":"1,200 < 1,2"},{"id":"b","text":"1,200 > 1,2"},{"id":"c","text":"1,200 = 1,2"},{"id":"d","text":"لا يمكن المقارنة"}]'::jsonb, 'c', 'الصفران في آخر الجزء العشري غير مفيدين، فـ 1,200 = 1,20 = 1,2. كلّها تساوي عددين من عشرة.', 2, 'mcq', NULL, NULL)
ON CONFLICT (id) DO UPDATE SET
  exercise_id = EXCLUDED.exercise_id,
  prompt = EXCLUDED.prompt,
  options = EXCLUDED.options,
  correct_option = EXCLUDED.correct_option,
  explanation = EXCLUDED.explanation,
  display_order = EXCLUDED.display_order,
  question_type = EXCLUDED.question_type,
  answer_key = EXCLUDED.answer_key,
  distractor_tags = EXCLUDED.distractor_tags;

INSERT INTO public.questions (id, exercise_id, prompt, options, correct_option, explanation, display_order, question_type, answer_key, distractor_tags) VALUES
  ('5e631198-7a25-50b2-bf48-c71c5da67af5', '999ee5e6-182c-5375-b927-fbc86cb36ed1', 'بين أيّ عددين صحيحين متتاليين يقع العدد 20,05؟', '[{"id":"a","text":"بين 19 و 20"},{"id":"b","text":"بين 20 و 21"},{"id":"c","text":"بين 0 و 5"},{"id":"d","text":"بين 20 و 22"}]'::jsonb, 'b', 'الجزء الصحيح للعدد 20,05 هو 20، وتاليه 21. إذن 20 < 20,05 < 21، فهو يقع بين 20 و 21.', 3, 'mcq', NULL, NULL)
ON CONFLICT (id) DO UPDATE SET
  exercise_id = EXCLUDED.exercise_id,
  prompt = EXCLUDED.prompt,
  options = EXCLUDED.options,
  correct_option = EXCLUDED.correct_option,
  explanation = EXCLUDED.explanation,
  display_order = EXCLUDED.display_order,
  question_type = EXCLUDED.question_type,
  answer_key = EXCLUDED.answer_key,
  distractor_tags = EXCLUDED.distractor_tags;

INSERT INTO public.questions (id, exercise_id, prompt, options, correct_option, explanation, display_order, question_type, answer_key, distractor_tags) VALUES
  ('8c87a660-7316-50b8-b590-e36a7f9762da', '999ee5e6-182c-5375-b927-fbc86cb36ed1', 'ما الترتيب التصاعديّ الصحيح للأعداد 7,8 و 7,75 و 7,8 المكتوب 7,80 و 7,08؟', '[{"id":"a","text":"7,08 < 7,75 < 7,8 = 7,80"},{"id":"b","text":"7,75 < 7,08 < 7,8 = 7,80"},{"id":"c","text":"7,8 = 7,80 < 7,75 < 7,08"},{"id":"d","text":"7,08 < 7,8 = 7,80 < 7,75"}]'::jsonb, 'a', 'العددان 7,8 و 7,80 متساويان. نقارن الأعشار: 0 في 7,08 فهو الأصغر، ثمّ 7 في 7,75 و 8 في 7,80. الترتيب: 7,08 < 7,75 < 7,8 = 7,80.', 4, 'mcq', NULL, NULL)
ON CONFLICT (id) DO UPDATE SET
  exercise_id = EXCLUDED.exercise_id,
  prompt = EXCLUDED.prompt,
  options = EXCLUDED.options,
  correct_option = EXCLUDED.correct_option,
  explanation = EXCLUDED.explanation,
  display_order = EXCLUDED.display_order,
  question_type = EXCLUDED.question_type,
  answer_key = EXCLUDED.answer_key,
  distractor_tags = EXCLUDED.distractor_tags;

INSERT INTO public.questions (id, exercise_id, prompt, options, correct_option, explanation, display_order, question_type, answer_key, distractor_tags) VALUES
  ('1214260f-be38-5f45-8f84-19b4c58ba727', '999ee5e6-182c-5375-b927-fbc86cb36ed1', 'أوجِد عددًا عشريًّا يقع بين 5,6 و 5,7.', '[{"id":"a","text":"5,8"},{"id":"b","text":"5,06"},{"id":"c","text":"56,7"},{"id":"d","text":"5,65"}]'::jsonb, 'd', 'نُكمل بصفر: 5,6 = 5,60 و 5,7 = 5,70، فالعدد 5,65 يقع بينهما لأنّ 5,60 < 5,65 < 5,70. أمّا 5,8 فأكبر من 5,7.', 5, 'mcq', NULL, NULL)
ON CONFLICT (id) DO UPDATE SET
  exercise_id = EXCLUDED.exercise_id,
  prompt = EXCLUDED.prompt,
  options = EXCLUDED.options,
  correct_option = EXCLUDED.correct_option,
  explanation = EXCLUDED.explanation,
  display_order = EXCLUDED.display_order,
  question_type = EXCLUDED.question_type,
  answer_key = EXCLUDED.answer_key,
  distractor_tags = EXCLUDED.distractor_tags;

INSERT INTO public.questions (id, exercise_id, prompt, options, correct_option, explanation, display_order, question_type, answer_key, distractor_tags) VALUES
  ('20fa0fff-cbf7-5c25-b7ce-e86c6502095f', '999ee5e6-182c-5375-b927-fbc86cb36ed1', 'أيّ الأعداد التالية هو الأكبر: 3,5 أم 3,49 أم 3,409؟', '[{"id":"a","text":"3,409"},{"id":"b","text":"3,5"},{"id":"c","text":"3,49"},{"id":"d","text":"3,5 و 3,49 متساويان"}]'::jsonb, 'b', 'الأجزاء الصحيحة متساوية (3)؛ نقارن الأعشار: 5 في 3,5 و 4 في الباقي، فـ 5 > 4 إذن 3,5 هو الأكبر دون حاجة لمقارنة بقية الأرقام.', 6, 'mcq', NULL, NULL)
ON CONFLICT (id) DO UPDATE SET
  exercise_id = EXCLUDED.exercise_id,
  prompt = EXCLUDED.prompt,
  options = EXCLUDED.options,
  correct_option = EXCLUDED.correct_option,
  explanation = EXCLUDED.explanation,
  display_order = EXCLUDED.display_order,
  question_type = EXCLUDED.question_type,
  answer_key = EXCLUDED.answer_key,
  distractor_tags = EXCLUDED.distractor_tags;

INSERT INTO public.exercises (id, chapter_id, subject_id, title, difficulty, xp_reward, reward_coins, mode, source, display_order) VALUES
  ('304734d3-0c93-5b8e-a9c3-44128d029cbb', '5042da26-9de6-5ca0-9177-8da488372d68', 'math-5eme', 'اختبار فهم الدرس ⭐', 1, 20, 5, 'quiz', 'admin', 0)
ON CONFLICT (id) DO UPDATE SET
  chapter_id = EXCLUDED.chapter_id,
  subject_id = EXCLUDED.subject_id,
  title = EXCLUDED.title,
  difficulty = EXCLUDED.difficulty,
  xp_reward = EXCLUDED.xp_reward,
  reward_coins = EXCLUDED.reward_coins,
  mode = EXCLUDED.mode,
  display_order = EXCLUDED.display_order;

INSERT INTO public.questions (id, exercise_id, prompt, options, correct_option, explanation, display_order, question_type, answer_key, distractor_tags) VALUES
  ('7e06be5c-22ab-5de1-9ef8-11100387f624', '304734d3-0c93-5b8e-a9c3-44128d029cbb', 'لجمع عددين عشريين عموديًّا، ماذا نحاذي أوّلًا؟', '[{"id":"a","text":"الأرقام من اليسار"},{"id":"b","text":"الفاصلة تحت الفاصلة"},{"id":"c","text":"الأرقام من اليمين دون النظر إلى الفاصلة"},{"id":"d","text":"أكبر رقمٍ تحت أصغر رقم"}]'::jsonb, 'b', 'نضع الفاصلة تحت الفاصلة حتّى تصطفّ كلّ رتبةٍ تحت رتبتها: آحاد تحت آحاد وأعشار تحت أعشار، فنجمع ما هو من نفس الرتبة.', 1, 'mcq', NULL, NULL)
ON CONFLICT (id) DO UPDATE SET
  exercise_id = EXCLUDED.exercise_id,
  prompt = EXCLUDED.prompt,
  options = EXCLUDED.options,
  correct_option = EXCLUDED.correct_option,
  explanation = EXCLUDED.explanation,
  display_order = EXCLUDED.display_order,
  question_type = EXCLUDED.question_type,
  answer_key = EXCLUDED.answer_key,
  distractor_tags = EXCLUDED.distractor_tags;

INSERT INTO public.questions (id, exercise_id, prompt, options, correct_option, explanation, display_order, question_type, answer_key, distractor_tags) VALUES
  ('a93a6709-c1e6-5b2b-9b78-07d5f87d1a80', '304734d3-0c93-5b8e-a9c3-44128d029cbb', 'ما العدد المساوي لـ 7,5؟', '[{"id":"a","text":"0,75"},{"id":"b","text":"7,05"},{"id":"c","text":"7,50"},{"id":"d","text":"75,0"}]'::jsonb, 'c', 'إضافة صفرٍ في آخر الجزء العشري على اليمين لا تغيّر القيمة، فإنّ 7,5 = 7,50. نستعمل هذا لإكمال الأرقام عند الجمع والطرح.', 2, 'mcq', NULL, NULL)
ON CONFLICT (id) DO UPDATE SET
  exercise_id = EXCLUDED.exercise_id,
  prompt = EXCLUDED.prompt,
  options = EXCLUDED.options,
  correct_option = EXCLUDED.correct_option,
  explanation = EXCLUDED.explanation,
  display_order = EXCLUDED.display_order,
  question_type = EXCLUDED.question_type,
  answer_key = EXCLUDED.answer_key,
  distractor_tags = EXCLUDED.distractor_tags;

INSERT INTO public.questions (id, exercise_id, prompt, options, correct_option, explanation, display_order, question_type, answer_key, distractor_tags) VALUES
  ('ff3acefb-f06b-5117-9dc4-69f26a50944f', '304734d3-0c93-5b8e-a9c3-44128d029cbb', 'ما نتيجة 6,4 + 2,3؟', '[{"id":"a","text":"8,7"},{"id":"b","text":"9,7"},{"id":"c","text":"9,8"},{"id":"d","text":"87"}]'::jsonb, 'a', 'نحاذي الفاصلة ونجمع: الأعشار 4 + 3 = 7، والآحاد 6 + 2 = 8. إذن 6,4 + 2,3 = 8,7. الخطأ الشائع 87 من تجاهل الفاصلة.', 3, 'mcq', NULL, NULL)
ON CONFLICT (id) DO UPDATE SET
  exercise_id = EXCLUDED.exercise_id,
  prompt = EXCLUDED.prompt,
  options = EXCLUDED.options,
  correct_option = EXCLUDED.correct_option,
  explanation = EXCLUDED.explanation,
  display_order = EXCLUDED.display_order,
  question_type = EXCLUDED.question_type,
  answer_key = EXCLUDED.answer_key,
  distractor_tags = EXCLUDED.distractor_tags;

INSERT INTO public.questions (id, exercise_id, prompt, options, correct_option, explanation, display_order, question_type, answer_key, distractor_tags) VALUES
  ('e2723a59-3793-5a29-a33b-e80ebd88389a', '304734d3-0c93-5b8e-a9c3-44128d029cbb', 'ما نتيجة 5,7 − 2,4؟', '[{"id":"a","text":"1,3"},{"id":"b","text":"2,3"},{"id":"c","text":"3,1"},{"id":"d","text":"3,3"}]'::jsonb, 'd', 'نحاذي الفاصلة ونطرح: الأعشار 7 − 4 = 3، والآحاد 5 − 2 = 3. إذن 5,7 − 2,4 = 3,3.', 4, 'mcq', NULL, NULL)
ON CONFLICT (id) DO UPDATE SET
  exercise_id = EXCLUDED.exercise_id,
  prompt = EXCLUDED.prompt,
  options = EXCLUDED.options,
  correct_option = EXCLUDED.correct_option,
  explanation = EXCLUDED.explanation,
  display_order = EXCLUDED.display_order,
  question_type = EXCLUDED.question_type,
  answer_key = EXCLUDED.answer_key,
  distractor_tags = EXCLUDED.distractor_tags;

INSERT INTO public.questions (id, exercise_id, prompt, options, correct_option, explanation, display_order, question_type, answer_key, distractor_tags) VALUES
  ('2ac84dc7-9bf0-5d5f-b59d-3c6860989bb4', '304734d3-0c93-5b8e-a9c3-44128d029cbb', 'لحساب 12 − 4,3، كيف نكتب العدد 12 لتتساوى الأرقام بعد الفاصلة؟', '[{"id":"a","text":"1,2"},{"id":"b","text":"12,0"},{"id":"c","text":"12,3"},{"id":"d","text":"120"}]'::jsonb, 'b', 'نكمل بالأصفار فنكتب 12 في صورة 12,0 ليصبح لكلٍّ رقمٌ واحد بعد الفاصلة، ثمّ نطرح: 12,0 − 4,3 = 7,7.', 5, 'mcq', NULL, NULL)
ON CONFLICT (id) DO UPDATE SET
  exercise_id = EXCLUDED.exercise_id,
  prompt = EXCLUDED.prompt,
  options = EXCLUDED.options,
  correct_option = EXCLUDED.correct_option,
  explanation = EXCLUDED.explanation,
  display_order = EXCLUDED.display_order,
  question_type = EXCLUDED.question_type,
  answer_key = EXCLUDED.answer_key,
  distractor_tags = EXCLUDED.distractor_tags;

INSERT INTO public.exercises (id, chapter_id, subject_id, title, difficulty, xp_reward, reward_coins, mode, source, display_order) VALUES
  ('c236e9e8-924e-5ede-9f88-21fc0354972e', '5042da26-9de6-5ca0-9177-8da488372d68', 'math-5eme', '⭐ تمرين: أوّل خطوات في جمع وطرح الأعداد العشرية', 1, 50, 10, 'practice', 'admin', 1)
ON CONFLICT (id) DO UPDATE SET
  chapter_id = EXCLUDED.chapter_id,
  subject_id = EXCLUDED.subject_id,
  title = EXCLUDED.title,
  difficulty = EXCLUDED.difficulty,
  xp_reward = EXCLUDED.xp_reward,
  reward_coins = EXCLUDED.reward_coins,
  mode = EXCLUDED.mode,
  display_order = EXCLUDED.display_order;

INSERT INTO public.questions (id, exercise_id, prompt, options, correct_option, explanation, display_order, question_type, answer_key, distractor_tags) VALUES
  ('662547ba-1d61-5eb5-b7cb-7ba9287a304e', 'c236e9e8-924e-5ede-9f88-21fc0354972e', 'ما نتيجة 3,2 + 4,5؟', '[{"id":"a","text":"7,2"},{"id":"b","text":"7,5"},{"id":"c","text":"7,7"},{"id":"d","text":"8,7"}]'::jsonb, 'c', 'نحاذي الفاصلة ونجمع: الأعشار 2 + 5 = 7، والآحاد 3 + 4 = 7. إذن 3,2 + 4,5 = 7,7.', 1, 'mcq', NULL, NULL)
ON CONFLICT (id) DO UPDATE SET
  exercise_id = EXCLUDED.exercise_id,
  prompt = EXCLUDED.prompt,
  options = EXCLUDED.options,
  correct_option = EXCLUDED.correct_option,
  explanation = EXCLUDED.explanation,
  display_order = EXCLUDED.display_order,
  question_type = EXCLUDED.question_type,
  answer_key = EXCLUDED.answer_key,
  distractor_tags = EXCLUDED.distractor_tags;

INSERT INTO public.questions (id, exercise_id, prompt, options, correct_option, explanation, display_order, question_type, answer_key, distractor_tags) VALUES
  ('1d312cc7-cbd1-590b-8c2f-8a923591aef0', 'c236e9e8-924e-5ede-9f88-21fc0354972e', 'ما نتيجة 6,8 − 2,5؟', '[{"id":"a","text":"3,3"},{"id":"b","text":"4,3"},{"id":"c","text":"4,5"},{"id":"d","text":"9,3"}]'::jsonb, 'b', 'نحاذي الفاصلة ونطرح: الأعشار 8 − 5 = 3، والآحاد 6 − 2 = 4. إذن 6,8 − 2,5 = 4,3.', 2, 'mcq', NULL, NULL)
ON CONFLICT (id) DO UPDATE SET
  exercise_id = EXCLUDED.exercise_id,
  prompt = EXCLUDED.prompt,
  options = EXCLUDED.options,
  correct_option = EXCLUDED.correct_option,
  explanation = EXCLUDED.explanation,
  display_order = EXCLUDED.display_order,
  question_type = EXCLUDED.question_type,
  answer_key = EXCLUDED.answer_key,
  distractor_tags = EXCLUDED.distractor_tags;

INSERT INTO public.questions (id, exercise_id, prompt, options, correct_option, explanation, display_order, question_type, answer_key, distractor_tags) VALUES
  ('25ca0164-4b7a-56ea-8f36-43533057e67d', 'c236e9e8-924e-5ede-9f88-21fc0354972e', 'ما نتيجة 5,4 + 1,3؟', '[{"id":"a","text":"6,7"},{"id":"b","text":"6,9"},{"id":"c","text":"7,7"},{"id":"d","text":"8,7"}]'::jsonb, 'a', 'نحاذي الفاصلة ونجمع: الأعشار 4 + 3 = 7، والآحاد 5 + 1 = 6. إذن 5,4 + 1,3 = 6,7.', 3, 'mcq', NULL, NULL)
ON CONFLICT (id) DO UPDATE SET
  exercise_id = EXCLUDED.exercise_id,
  prompt = EXCLUDED.prompt,
  options = EXCLUDED.options,
  correct_option = EXCLUDED.correct_option,
  explanation = EXCLUDED.explanation,
  display_order = EXCLUDED.display_order,
  question_type = EXCLUDED.question_type,
  answer_key = EXCLUDED.answer_key,
  distractor_tags = EXCLUDED.distractor_tags;

INSERT INTO public.questions (id, exercise_id, prompt, options, correct_option, explanation, display_order, question_type, answer_key, distractor_tags) VALUES
  ('9531fd21-c8b9-5eb1-b50a-7ef97d34231f', 'c236e9e8-924e-5ede-9f88-21fc0354972e', 'ما نتيجة 9,7 − 4,2؟', '[{"id":"a","text":"4,5"},{"id":"b","text":"5,3"},{"id":"c","text":"5,4"},{"id":"d","text":"5,5"}]'::jsonb, 'd', 'نحاذي الفاصلة ونطرح: الأعشار 7 − 2 = 5، والآحاد 9 − 4 = 5. إذن 9,7 − 4,2 = 5,5.', 4, 'mcq', NULL, NULL)
ON CONFLICT (id) DO UPDATE SET
  exercise_id = EXCLUDED.exercise_id,
  prompt = EXCLUDED.prompt,
  options = EXCLUDED.options,
  correct_option = EXCLUDED.correct_option,
  explanation = EXCLUDED.explanation,
  display_order = EXCLUDED.display_order,
  question_type = EXCLUDED.question_type,
  answer_key = EXCLUDED.answer_key,
  distractor_tags = EXCLUDED.distractor_tags;

INSERT INTO public.questions (id, exercise_id, prompt, options, correct_option, explanation, display_order, question_type, answer_key, distractor_tags) VALUES
  ('0d0dcf1f-ef71-5f2d-b1d1-7d791e1e0834', 'c236e9e8-924e-5ede-9f88-21fc0354972e', 'ما نتيجة 4,6 + 2,7؟', '[{"id":"a","text":"6,3"},{"id":"b","text":"7,13"},{"id":"c","text":"7,3"},{"id":"d","text":"8,3"}]'::jsonb, 'c', 'الأعشار 6 + 7 = 13، نكتب 3 في الأعشار ونحتفظ بـ 1؛ الآحاد 4 + 2 + 1 = 7. إذن 4,6 + 2,7 = 7,3. الخطأ الشائع 7,13 من إهمال الاحتفاظ وكتابة 13 بعد الفاصلة.', 5, 'mcq', NULL, NULL)
ON CONFLICT (id) DO UPDATE SET
  exercise_id = EXCLUDED.exercise_id,
  prompt = EXCLUDED.prompt,
  options = EXCLUDED.options,
  correct_option = EXCLUDED.correct_option,
  explanation = EXCLUDED.explanation,
  display_order = EXCLUDED.display_order,
  question_type = EXCLUDED.question_type,
  answer_key = EXCLUDED.answer_key,
  distractor_tags = EXCLUDED.distractor_tags;

INSERT INTO public.questions (id, exercise_id, prompt, options, correct_option, explanation, display_order, question_type, answer_key, distractor_tags) VALUES
  ('e14938e3-3da6-579e-b80c-86defdb586e1', 'c236e9e8-924e-5ede-9f88-21fc0354972e', 'ما نتيجة 8,3 − 5,6؟', '[{"id":"a","text":"2,7"},{"id":"b","text":"3,3"},{"id":"c","text":"3,7"},{"id":"d","text":"8,7"}]'::jsonb, 'a', 'الأعشار 3 أصغر من 6 فنستلف عشرةً: 13 − 6 = 7، والآحاد تصير 7 − 5 = 2. إذن 8,3 − 5,6 = 2,7.', 6, 'mcq', NULL, NULL)
ON CONFLICT (id) DO UPDATE SET
  exercise_id = EXCLUDED.exercise_id,
  prompt = EXCLUDED.prompt,
  options = EXCLUDED.options,
  correct_option = EXCLUDED.correct_option,
  explanation = EXCLUDED.explanation,
  display_order = EXCLUDED.display_order,
  question_type = EXCLUDED.question_type,
  answer_key = EXCLUDED.answer_key,
  distractor_tags = EXCLUDED.distractor_tags;

INSERT INTO public.exercises (id, chapter_id, subject_id, title, difficulty, xp_reward, reward_coins, mode, source, display_order) VALUES
  ('8840415e-ba6d-5f48-bc0a-26da8baa92e3', '5042da26-9de6-5ca0-9177-8da488372d68', 'math-5eme', '⚔️ زعيم الفصل ⭐⭐⭐: معركة محاذاة الفواصل', 3, 120, 30, 'boss', 'admin', 2)
ON CONFLICT (id) DO UPDATE SET
  chapter_id = EXCLUDED.chapter_id,
  subject_id = EXCLUDED.subject_id,
  title = EXCLUDED.title,
  difficulty = EXCLUDED.difficulty,
  xp_reward = EXCLUDED.xp_reward,
  reward_coins = EXCLUDED.reward_coins,
  mode = EXCLUDED.mode,
  display_order = EXCLUDED.display_order;

INSERT INTO public.questions (id, exercise_id, prompt, options, correct_option, explanation, display_order, question_type, answer_key, distractor_tags) VALUES
  ('c411a85c-8a54-563d-ad75-6aa149871229', '8840415e-ba6d-5f48-bc0a-26da8baa92e3', 'ما نتيجة 7,5 + 2,38؟', '[{"id":"a","text":"9,43"},{"id":"b","text":"9,53"},{"id":"c","text":"9,68"},{"id":"d","text":"9,88"}]'::jsonb, 'd', 'نكمل 7,5 فتصير 7,50 ثمّ نحاذي الفاصلة: أجزاء المئة 0 + 8 = 8، الأعشار 5 + 3 = 8، الآحاد 7 + 2 = 9. إذن 7,5 + 2,38 = 9,88. الخطأ الشائع 9,53 من محاذاة الأرقام من اليمين فيُجمع 5 مع 8، والصواب محاذاة الفاصلة فيُجمع 5 مع 3.', 1, 'mcq', NULL, NULL)
ON CONFLICT (id) DO UPDATE SET
  exercise_id = EXCLUDED.exercise_id,
  prompt = EXCLUDED.prompt,
  options = EXCLUDED.options,
  correct_option = EXCLUDED.correct_option,
  explanation = EXCLUDED.explanation,
  display_order = EXCLUDED.display_order,
  question_type = EXCLUDED.question_type,
  answer_key = EXCLUDED.answer_key,
  distractor_tags = EXCLUDED.distractor_tags;

INSERT INTO public.questions (id, exercise_id, prompt, options, correct_option, explanation, display_order, question_type, answer_key, distractor_tags) VALUES
  ('0c1bfbd0-31ff-5268-a88e-a72544875ae4', '8840415e-ba6d-5f48-bc0a-26da8baa92e3', 'ما نتيجة 12 − 4,3؟', '[{"id":"a","text":"7,3"},{"id":"b","text":"7,7"},{"id":"c","text":"8,3"},{"id":"d","text":"8,7"}]'::jsonb, 'b', 'نكمل 12 فتصير 12,0 ثمّ نطرح مع الاستلاف: 12,0 − 4,3 = 7,7. الخطأ الشائع نسيان إكمال الصفر فيُطرح دون محاذاة، والصواب كتابة 12,0 أوّلًا.', 2, 'mcq', NULL, NULL)
ON CONFLICT (id) DO UPDATE SET
  exercise_id = EXCLUDED.exercise_id,
  prompt = EXCLUDED.prompt,
  options = EXCLUDED.options,
  correct_option = EXCLUDED.correct_option,
  explanation = EXCLUDED.explanation,
  display_order = EXCLUDED.display_order,
  question_type = EXCLUDED.question_type,
  answer_key = EXCLUDED.answer_key,
  distractor_tags = EXCLUDED.distractor_tags;

INSERT INTO public.questions (id, exercise_id, prompt, options, correct_option, explanation, display_order, question_type, answer_key, distractor_tags) VALUES
  ('f7e10607-1c78-5fff-a20d-38592b2532cf', '8840415e-ba6d-5f48-bc0a-26da8baa92e3', 'بتقريب كلّ عددٍ إلى أقرب عددٍ صحيح، ما تقدير 6,1 + 3,9؟', '[{"id":"a","text":"10"},{"id":"b","text":"11"},{"id":"c","text":"12"},{"id":"d","text":"13"}]'::jsonb, 'a', 'نقرّب: 6,1 ≈ 6 و 3,9 ≈ 4، فالتقدير 6 + 4 = 10، وهو قريب من النتيجة الحقيقية 10,0. نستعمل التقدير للتثبّت من معقولية الجواب.', 3, 'mcq', NULL, NULL)
ON CONFLICT (id) DO UPDATE SET
  exercise_id = EXCLUDED.exercise_id,
  prompt = EXCLUDED.prompt,
  options = EXCLUDED.options,
  correct_option = EXCLUDED.correct_option,
  explanation = EXCLUDED.explanation,
  display_order = EXCLUDED.display_order,
  question_type = EXCLUDED.question_type,
  answer_key = EXCLUDED.answer_key,
  distractor_tags = EXCLUDED.distractor_tags;

INSERT INTO public.questions (id, exercise_id, prompt, options, correct_option, explanation, display_order, question_type, answer_key, distractor_tags) VALUES
  ('1a16bd2b-4626-5ad2-a186-7fd0983ffdaf', '8840415e-ba6d-5f48-bc0a-26da8baa92e3', 'ما نتيجة 9,40 − 3,25؟', '[{"id":"a","text":"5,15"},{"id":"b","text":"6,05"},{"id":"c","text":"6,15"},{"id":"d","text":"6,25"}]'::jsonb, 'c', 'أجزاء المئة 0 أصغر من 5 فنستلف: 10 − 5 = 5، والأعشار تصير 3 − 2 = 1، والآحاد 9 − 3 = 6. إذن 9,40 − 3,25 = 6,15. الخطأ الشائع 6,25 من نسيان الاستلاف وطرح 0 − 5 على أنّه 0.', 4, 'mcq', NULL, NULL)
ON CONFLICT (id) DO UPDATE SET
  exercise_id = EXCLUDED.exercise_id,
  prompt = EXCLUDED.prompt,
  options = EXCLUDED.options,
  correct_option = EXCLUDED.correct_option,
  explanation = EXCLUDED.explanation,
  display_order = EXCLUDED.display_order,
  question_type = EXCLUDED.question_type,
  answer_key = EXCLUDED.answer_key,
  distractor_tags = EXCLUDED.distractor_tags;

INSERT INTO public.questions (id, exercise_id, prompt, options, correct_option, explanation, display_order, question_type, answer_key, distractor_tags) VALUES
  ('61ff39da-888e-5f3a-baba-8cc88e893727', '8840415e-ba6d-5f48-bc0a-26da8baa92e3', 'اشترى كريم دفترًا بـ 3,500 دينار وقلمًا بـ 1,250 دينار. كم دفع جملةً؟', '[{"id":"a","text":"2,250 دينارًا"},{"id":"b","text":"4,650 دينارًا"},{"id":"c","text":"4,750 دينارًا"},{"id":"d","text":"5,750 دينارًا"}]'::jsonb, 'c', 'نجمع الثمنين بمحاذاة الفاصلة: 3,500 + 1,250 = 4,750. إذن دفع كريم 4,750 دينارًا. الخطأ الشائع طرح الثمنين بدل جمعهما.', 5, 'mcq', NULL, NULL)
ON CONFLICT (id) DO UPDATE SET
  exercise_id = EXCLUDED.exercise_id,
  prompt = EXCLUDED.prompt,
  options = EXCLUDED.options,
  correct_option = EXCLUDED.correct_option,
  explanation = EXCLUDED.explanation,
  display_order = EXCLUDED.display_order,
  question_type = EXCLUDED.question_type,
  answer_key = EXCLUDED.answer_key,
  distractor_tags = EXCLUDED.distractor_tags;

INSERT INTO public.questions (id, exercise_id, prompt, options, correct_option, explanation, display_order, question_type, answer_key, distractor_tags) VALUES
  ('85317069-b1b4-5417-8cc2-77142320b848', '8840415e-ba6d-5f48-bc0a-26da8baa92e3', 'دفع وليد ورقة 10 دنانير ثمنَ سلعةٍ بـ 6,750 دينار. كم يرجع له من باقٍ؟', '[{"id":"a","text":"3,250 دينارًا"},{"id":"b","text":"3,350 دينارًا"},{"id":"c","text":"4,250 دينارًا"},{"id":"d","text":"16,750 دينارًا"}]'::jsonb, 'a', 'نكتب 10 في صورة 10,000 ثمّ نطرح مع الاستلاف: 10,000 − 6,750 = 3,250. إذن يرجع له 3,250 دينارًا. الخطأ الشائع نسيان إكمال 10 بالأصفار.', 6, 'mcq', NULL, NULL)
ON CONFLICT (id) DO UPDATE SET
  exercise_id = EXCLUDED.exercise_id,
  prompt = EXCLUDED.prompt,
  options = EXCLUDED.options,
  correct_option = EXCLUDED.correct_option,
  explanation = EXCLUDED.explanation,
  display_order = EXCLUDED.display_order,
  question_type = EXCLUDED.question_type,
  answer_key = EXCLUDED.answer_key,
  distractor_tags = EXCLUDED.distractor_tags;

INSERT INTO public.exercises (id, chapter_id, subject_id, title, difficulty, xp_reward, reward_coins, mode, source, display_order) VALUES
  ('d0e9edce-dd42-5238-813e-3e0135e029ad', '5042da26-9de6-5ca0-9177-8da488372d68', 'math-5eme', '⭐⭐ تمرين مراجعة (نمط امتحان): جمع وطرح الأعداد العشرية', 2, 75, 15, 'practice', 'admin', 3)
ON CONFLICT (id) DO UPDATE SET
  chapter_id = EXCLUDED.chapter_id,
  subject_id = EXCLUDED.subject_id,
  title = EXCLUDED.title,
  difficulty = EXCLUDED.difficulty,
  xp_reward = EXCLUDED.xp_reward,
  reward_coins = EXCLUDED.reward_coins,
  mode = EXCLUDED.mode,
  display_order = EXCLUDED.display_order;

INSERT INTO public.questions (id, exercise_id, prompt, options, correct_option, explanation, display_order, question_type, answer_key, distractor_tags) VALUES
  ('1f862623-2fa6-5e2f-a6a1-f5fee13ca140', 'd0e9edce-dd42-5238-813e-3e0135e029ad', 'ما نتيجة 2,5 + 3,4؟', '[{"id":"a","text":"5,1"},{"id":"b","text":"5,9"},{"id":"c","text":"6,9"},{"id":"d","text":"59"}]'::jsonb, 'b', 'نحاذي الفاصلة ونجمع: الأعشار 5 + 4 = 9، والآحاد 2 + 3 = 5. إذن 2,5 + 3,4 = 5,9.', 1, 'mcq', NULL, NULL)
ON CONFLICT (id) DO UPDATE SET
  exercise_id = EXCLUDED.exercise_id,
  prompt = EXCLUDED.prompt,
  options = EXCLUDED.options,
  correct_option = EXCLUDED.correct_option,
  explanation = EXCLUDED.explanation,
  display_order = EXCLUDED.display_order,
  question_type = EXCLUDED.question_type,
  answer_key = EXCLUDED.answer_key,
  distractor_tags = EXCLUDED.distractor_tags;

INSERT INTO public.questions (id, exercise_id, prompt, options, correct_option, explanation, display_order, question_type, answer_key, distractor_tags) VALUES
  ('158cbdab-f6e0-529e-9152-a5b2c9c35846', 'd0e9edce-dd42-5238-813e-3e0135e029ad', 'ما نتيجة 7,8 − 3,5؟', '[{"id":"a","text":"4,3"},{"id":"b","text":"4,5"},{"id":"c","text":"4,8"},{"id":"d","text":"11,3"}]'::jsonb, 'a', 'نحاذي الفاصلة ونطرح: الأعشار 8 − 5 = 3، والآحاد 7 − 3 = 4. إذن 7,8 − 3,5 = 4,3.', 2, 'mcq', NULL, NULL)
ON CONFLICT (id) DO UPDATE SET
  exercise_id = EXCLUDED.exercise_id,
  prompt = EXCLUDED.prompt,
  options = EXCLUDED.options,
  correct_option = EXCLUDED.correct_option,
  explanation = EXCLUDED.explanation,
  display_order = EXCLUDED.display_order,
  question_type = EXCLUDED.question_type,
  answer_key = EXCLUDED.answer_key,
  distractor_tags = EXCLUDED.distractor_tags;

INSERT INTO public.questions (id, exercise_id, prompt, options, correct_option, explanation, display_order, question_type, answer_key, distractor_tags) VALUES
  ('4332e82e-58da-5832-8fed-e54ac651f1ca', 'd0e9edce-dd42-5238-813e-3e0135e029ad', 'ما نتيجة 4,25 + 1,3؟', '[{"id":"a","text":"4,38"},{"id":"b","text":"4,55"},{"id":"c","text":"5,28"},{"id":"d","text":"5,55"}]'::jsonb, 'd', 'نكمل 1,3 فتصير 1,30 ثمّ نحاذي ونجمع: أجزاء المئة 5 + 0 = 5، الأعشار 2 + 3 = 5، الآحاد 4 + 1 = 5. إذن 4,25 + 1,3 = 5,55.', 3, 'mcq', NULL, NULL)
ON CONFLICT (id) DO UPDATE SET
  exercise_id = EXCLUDED.exercise_id,
  prompt = EXCLUDED.prompt,
  options = EXCLUDED.options,
  correct_option = EXCLUDED.correct_option,
  explanation = EXCLUDED.explanation,
  display_order = EXCLUDED.display_order,
  question_type = EXCLUDED.question_type,
  answer_key = EXCLUDED.answer_key,
  distractor_tags = EXCLUDED.distractor_tags;

INSERT INTO public.questions (id, exercise_id, prompt, options, correct_option, explanation, display_order, question_type, answer_key, distractor_tags) VALUES
  ('b7aede62-3781-5333-ba34-55f69ed9f263', 'd0e9edce-dd42-5238-813e-3e0135e029ad', 'ما نتيجة 6,75 − 2,4؟', '[{"id":"a","text":"3,35"},{"id":"b","text":"4,15"},{"id":"c","text":"4,35"},{"id":"d","text":"6,51"}]'::jsonb, 'c', 'نكمل 2,4 فتصير 2,40 ثمّ نطرح: أجزاء المئة 5 − 0 = 5، الأعشار 7 − 4 = 3، الآحاد 6 − 2 = 4. إذن 6,75 − 2,4 = 4,35.', 4, 'mcq', NULL, NULL)
ON CONFLICT (id) DO UPDATE SET
  exercise_id = EXCLUDED.exercise_id,
  prompt = EXCLUDED.prompt,
  options = EXCLUDED.options,
  correct_option = EXCLUDED.correct_option,
  explanation = EXCLUDED.explanation,
  display_order = EXCLUDED.display_order,
  question_type = EXCLUDED.question_type,
  answer_key = EXCLUDED.answer_key,
  distractor_tags = EXCLUDED.distractor_tags;

INSERT INTO public.questions (id, exercise_id, prompt, options, correct_option, explanation, display_order, question_type, answer_key, distractor_tags) VALUES
  ('eec47724-e3f8-50f3-8857-e42ae870fd27', 'd0e9edce-dd42-5238-813e-3e0135e029ad', 'طول شريطٍ 1,4 m وطول شريطٍ آخر 0,85 m. ما مجموع الطولين؟', '[{"id":"a","text":"0,99 m"},{"id":"b","text":"1,89 m"},{"id":"c","text":"2,15 m"},{"id":"d","text":"2,25 m"}]'::jsonb, 'd', 'نكمل 1,4 فتصير 1,40 ثمّ نجمع: أجزاء المئة 0 + 5 = 5، الأعشار 4 + 8 = 12 نكتب 2 ونحتفظ بـ 1، الآحاد 1 + 0 + 1 = 2. إذن 1,40 + 0,85 = 2,25 m.', 5, 'mcq', NULL, NULL)
ON CONFLICT (id) DO UPDATE SET
  exercise_id = EXCLUDED.exercise_id,
  prompt = EXCLUDED.prompt,
  options = EXCLUDED.options,
  correct_option = EXCLUDED.correct_option,
  explanation = EXCLUDED.explanation,
  display_order = EXCLUDED.display_order,
  question_type = EXCLUDED.question_type,
  answer_key = EXCLUDED.answer_key,
  distractor_tags = EXCLUDED.distractor_tags;

INSERT INTO public.questions (id, exercise_id, prompt, options, correct_option, explanation, display_order, question_type, answer_key, distractor_tags) VALUES
  ('36686211-1a10-58bd-aa74-28c5c877be57', 'd0e9edce-dd42-5238-813e-3e0135e029ad', 'ما نتيجة 5,2 − 1,8؟', '[{"id":"a","text":"3,3"},{"id":"b","text":"3,4"},{"id":"c","text":"4,4"},{"id":"d","text":"4,6"}]'::jsonb, 'b', 'الأعشار 2 أصغر من 8 فنستلف عشرةً: 12 − 8 = 4، والآحاد تصير 4 − 1 = 3. إذن 5,2 − 1,8 = 3,4.', 6, 'mcq', NULL, NULL)
ON CONFLICT (id) DO UPDATE SET
  exercise_id = EXCLUDED.exercise_id,
  prompt = EXCLUDED.prompt,
  options = EXCLUDED.options,
  correct_option = EXCLUDED.correct_option,
  explanation = EXCLUDED.explanation,
  display_order = EXCLUDED.display_order,
  question_type = EXCLUDED.question_type,
  answer_key = EXCLUDED.answer_key,
  distractor_tags = EXCLUDED.distractor_tags;

INSERT INTO public.exercises (id, chapter_id, subject_id, title, difficulty, xp_reward, reward_coins, mode, source, display_order) VALUES
  ('de2ba5ee-0cac-56ed-b86b-68ca898d60e3', '5042da26-9de6-5ca0-9177-8da488372d68', 'math-5eme', '👑 تحدّي النخبة ⭐⭐⭐⭐: ألغاز الفواصل', 4, 300, 60, 'challenge', 'admin', 4)
ON CONFLICT (id) DO UPDATE SET
  chapter_id = EXCLUDED.chapter_id,
  subject_id = EXCLUDED.subject_id,
  title = EXCLUDED.title,
  difficulty = EXCLUDED.difficulty,
  xp_reward = EXCLUDED.xp_reward,
  reward_coins = EXCLUDED.reward_coins,
  mode = EXCLUDED.mode,
  display_order = EXCLUDED.display_order;

INSERT INTO public.questions (id, exercise_id, prompt, options, correct_option, explanation, display_order, question_type, answer_key, distractor_tags) VALUES
  ('2740f7ea-ed20-5677-a423-34a9a8cd356e', 'de2ba5ee-0cac-56ed-b86b-68ca898d60e3', 'ما العدد الناقص؟ … + 2,5 = 7,2', '[{"id":"a","text":"4,3"},{"id":"b","text":"4,7"},{"id":"c","text":"5,7"},{"id":"d","text":"9,7"}]'::jsonb, 'b', 'نجد الحدّ الناقص بالطرح: 7,2 − 2,5 = 4,7. تحقّق: 4,7 + 2,5 = 7,2 ✓. إذن العدد الناقص هو 4,7.', 1, 'mcq', NULL, NULL)
ON CONFLICT (id) DO UPDATE SET
  exercise_id = EXCLUDED.exercise_id,
  prompt = EXCLUDED.prompt,
  options = EXCLUDED.options,
  correct_option = EXCLUDED.correct_option,
  explanation = EXCLUDED.explanation,
  display_order = EXCLUDED.display_order,
  question_type = EXCLUDED.question_type,
  answer_key = EXCLUDED.answer_key,
  distractor_tags = EXCLUDED.distractor_tags;

INSERT INTO public.questions (id, exercise_id, prompt, options, correct_option, explanation, display_order, question_type, answer_key, distractor_tags) VALUES
  ('bb163d94-aad0-5546-961b-2e243e323d81', 'de2ba5ee-0cac-56ed-b86b-68ca898d60e3', 'ما نتيجة 8,35 + 6,8؟', '[{"id":"a","text":"8,43"},{"id":"b","text":"14,43"},{"id":"c","text":"15,03"},{"id":"d","text":"15,15"}]'::jsonb, 'd', 'نكمل 6,8 فتصير 6,80 ثمّ نجمع: أجزاء المئة 5 + 0 = 5، الأعشار 3 + 8 = 11 نكتب 1 ونحتفظ بـ 1، الآحاد 8 + 6 + 1 = 15. إذن 8,35 + 6,8 = 15,15. الخطأ الشائع 14,43 من محاذاة الأرقام من اليمين بدل محاذاة الفاصلة.', 2, 'mcq', NULL, NULL)
ON CONFLICT (id) DO UPDATE SET
  exercise_id = EXCLUDED.exercise_id,
  prompt = EXCLUDED.prompt,
  options = EXCLUDED.options,
  correct_option = EXCLUDED.correct_option,
  explanation = EXCLUDED.explanation,
  display_order = EXCLUDED.display_order,
  question_type = EXCLUDED.question_type,
  answer_key = EXCLUDED.answer_key,
  distractor_tags = EXCLUDED.distractor_tags;

INSERT INTO public.questions (id, exercise_id, prompt, options, correct_option, explanation, display_order, question_type, answer_key, distractor_tags) VALUES
  ('9c3b6319-a31a-5cb0-9960-b628e885b105', 'de2ba5ee-0cac-56ed-b86b-68ca898d60e3', 'ما نتيجة 20 − 7,45؟', '[{"id":"a","text":"12,45"},{"id":"b","text":"12,55"},{"id":"c","text":"13,45"},{"id":"d","text":"13,55"}]'::jsonb, 'b', 'نكمل 20 فتصير 20,00 ثمّ نطرح مع الاستلاف: 20,00 − 7,45 = 12,55. تحقّق: 12,55 + 7,45 = 20,00 ✓. الخطأ الشائع نسيان إكمال 20 بالأصفار قبل الطرح.', 3, 'mcq', NULL, NULL)
ON CONFLICT (id) DO UPDATE SET
  exercise_id = EXCLUDED.exercise_id,
  prompt = EXCLUDED.prompt,
  options = EXCLUDED.options,
  correct_option = EXCLUDED.correct_option,
  explanation = EXCLUDED.explanation,
  display_order = EXCLUDED.display_order,
  question_type = EXCLUDED.question_type,
  answer_key = EXCLUDED.answer_key,
  distractor_tags = EXCLUDED.distractor_tags;

INSERT INTO public.questions (id, exercise_id, prompt, options, correct_option, explanation, display_order, question_type, answer_key, distractor_tags) VALUES
  ('0ec965c2-1a5f-534b-9df6-a0439cc3361c', 'de2ba5ee-0cac-56ed-b86b-68ca898d60e3', 'بتقدير رتبة المقدار، أيّ النتائج معقولةٌ للعمليّة 18,7 + 11,2؟', '[{"id":"a","text":"7,5"},{"id":"b","text":"19,9"},{"id":"c","text":"29,9"},{"id":"d","text":"30,9"}]'::jsonb, 'c', 'نقرّب: 18,7 ≈ 19 و 11,2 ≈ 11، فالتقدير 19 + 11 = 30. النتيجة الدقيقة 18,7 + 11,2 = 29,9 وهي قريبة من 30 ✓. الخطأ الشائع 19,9 من نسيان جمع العشرات.', 4, 'mcq', NULL, NULL)
ON CONFLICT (id) DO UPDATE SET
  exercise_id = EXCLUDED.exercise_id,
  prompt = EXCLUDED.prompt,
  options = EXCLUDED.options,
  correct_option = EXCLUDED.correct_option,
  explanation = EXCLUDED.explanation,
  display_order = EXCLUDED.display_order,
  question_type = EXCLUDED.question_type,
  answer_key = EXCLUDED.answer_key,
  distractor_tags = EXCLUDED.distractor_tags;

INSERT INTO public.questions (id, exercise_id, prompt, options, correct_option, explanation, display_order, question_type, answer_key, distractor_tags) VALUES
  ('4cba2ccc-f33b-5e13-acfe-6b8108f0a6c5', 'de2ba5ee-0cac-56ed-b86b-68ca898d60e3', 'مع مريم 5 دنانير، اشترت قصّةً بـ 2,300 دينار ومسطرةً بـ 1,450 دينار. كم بقي معها؟', '[{"id":"a","text":"1,250 دينارًا"},{"id":"b","text":"1,350 دينارًا"},{"id":"c","text":"1,550 دينارًا"},{"id":"d","text":"3,750 دينارًا"}]'::jsonb, 'a', 'نجمع الثمنين أوّلًا: 2,300 + 1,450 = 3,750، ثمّ نطرح من 5,000: 5,000 − 3,750 = 1,250. إذن بقي معها 1,250 دينارًا. الخطأ الشائع الاكتفاء بالجمع 3,750 ونسيان طرحه من النقود.', 5, 'mcq', NULL, NULL)
ON CONFLICT (id) DO UPDATE SET
  exercise_id = EXCLUDED.exercise_id,
  prompt = EXCLUDED.prompt,
  options = EXCLUDED.options,
  correct_option = EXCLUDED.correct_option,
  explanation = EXCLUDED.explanation,
  display_order = EXCLUDED.display_order,
  question_type = EXCLUDED.question_type,
  answer_key = EXCLUDED.answer_key,
  distractor_tags = EXCLUDED.distractor_tags;

INSERT INTO public.questions (id, exercise_id, prompt, options, correct_option, explanation, display_order, question_type, answer_key, distractor_tags) VALUES
  ('3e7cd338-4f87-5653-a3b2-c1dc440dfcab', 'de2ba5ee-0cac-56ed-b86b-68ca898d60e3', 'ما العدد الناقص؟ 10 − … = 6,4', '[{"id":"a","text":"3,4"},{"id":"b","text":"3,5"},{"id":"c","text":"3,6"},{"id":"d","text":"16,4"}]'::jsonb, 'c', 'نكمل 10 فتصير 10,0 ثمّ نجد المطروح بالطرح: 10,0 − 6,4 = 3,6. تحقّق: 10,0 − 3,6 = 6,4 ✓. إذن العدد الناقص هو 3,6.', 6, 'mcq', NULL, NULL)
ON CONFLICT (id) DO UPDATE SET
  exercise_id = EXCLUDED.exercise_id,
  prompt = EXCLUDED.prompt,
  options = EXCLUDED.options,
  correct_option = EXCLUDED.correct_option,
  explanation = EXCLUDED.explanation,
  display_order = EXCLUDED.display_order,
  question_type = EXCLUDED.question_type,
  answer_key = EXCLUDED.answer_key,
  distractor_tags = EXCLUDED.distractor_tags;

INSERT INTO public.exercises (id, chapter_id, subject_id, title, difficulty, xp_reward, reward_coins, mode, source, display_order) VALUES
  ('bf0372f1-e5a4-5425-add9-053e8c8612ae', '5042da26-9de6-5ca0-9177-8da488372d68', 'math-5eme', '📝 تدريب ⭐⭐⭐: إتقان جمع وطرح الأعداد العشرية (مراجعة شاملة)', 3, 120, 30, 'boss', 'admin', 5)
ON CONFLICT (id) DO UPDATE SET
  chapter_id = EXCLUDED.chapter_id,
  subject_id = EXCLUDED.subject_id,
  title = EXCLUDED.title,
  difficulty = EXCLUDED.difficulty,
  xp_reward = EXCLUDED.xp_reward,
  reward_coins = EXCLUDED.reward_coins,
  mode = EXCLUDED.mode,
  display_order = EXCLUDED.display_order;

INSERT INTO public.questions (id, exercise_id, prompt, options, correct_option, explanation, display_order, question_type, answer_key, distractor_tags) VALUES
  ('5833c377-c204-5bac-9bcd-6f466f3e4d4d', 'bf0372f1-e5a4-5425-add9-053e8c8612ae', 'ما نتيجة 3,6 + 5,25؟', '[{"id":"a","text":"3,91"},{"id":"b","text":"8,31"},{"id":"c","text":"8,85"},{"id":"d","text":"9,85"}]'::jsonb, 'c', 'نكمل 3,6 فتصير 3,60 ثمّ نجمع: أجزاء المئة 0 + 5 = 5، الأعشار 6 + 2 = 8، الآحاد 3 + 5 = 8. إذن 3,6 + 5,25 = 8,85.', 1, 'mcq', NULL, NULL)
ON CONFLICT (id) DO UPDATE SET
  exercise_id = EXCLUDED.exercise_id,
  prompt = EXCLUDED.prompt,
  options = EXCLUDED.options,
  correct_option = EXCLUDED.correct_option,
  explanation = EXCLUDED.explanation,
  display_order = EXCLUDED.display_order,
  question_type = EXCLUDED.question_type,
  answer_key = EXCLUDED.answer_key,
  distractor_tags = EXCLUDED.distractor_tags;

INSERT INTO public.questions (id, exercise_id, prompt, options, correct_option, explanation, display_order, question_type, answer_key, distractor_tags) VALUES
  ('f6ff4335-3699-58a1-8e56-c11444f45e87', 'bf0372f1-e5a4-5425-add9-053e8c8612ae', 'ما نتيجة 9,5 − 4,28؟', '[{"id":"a","text":"5,22"},{"id":"b","text":"5,28"},{"id":"c","text":"5,32"},{"id":"d","text":"5,72"}]'::jsonb, 'a', 'نكمل 9,5 فتصير 9,50 ثمّ نطرح: أجزاء المئة 0 أصغر من 8 فنستلف 10 − 8 = 2، الأعشار تصير 4 − 2 = 2، الآحاد 9 − 4 = 5. إذن 9,5 − 4,28 = 5,22.', 2, 'mcq', NULL, NULL)
ON CONFLICT (id) DO UPDATE SET
  exercise_id = EXCLUDED.exercise_id,
  prompt = EXCLUDED.prompt,
  options = EXCLUDED.options,
  correct_option = EXCLUDED.correct_option,
  explanation = EXCLUDED.explanation,
  display_order = EXCLUDED.display_order,
  question_type = EXCLUDED.question_type,
  answer_key = EXCLUDED.answer_key,
  distractor_tags = EXCLUDED.distractor_tags;

INSERT INTO public.questions (id, exercise_id, prompt, options, correct_option, explanation, display_order, question_type, answer_key, distractor_tags) VALUES
  ('d6a73708-eae2-59c5-af04-97046989a605', 'bf0372f1-e5a4-5425-add9-053e8c8612ae', 'ما نتيجة 0,75 + 0,25؟', '[{"id":"a","text":"0,90"},{"id":"b","text":"1"},{"id":"c","text":"1,1"},{"id":"d","text":"1,2"}]'::jsonb, 'b', 'أجزاء المئة 5 + 5 = 10 نكتب 0 ونحتفظ بـ 1، الأعشار 7 + 2 + 1 = 10 نكتب 0 ونحتفظ بـ 1، الآحاد 0 + 0 + 1 = 1. إذن 0,75 + 0,25 = 1,00 = 1.', 3, 'mcq', NULL, NULL)
ON CONFLICT (id) DO UPDATE SET
  exercise_id = EXCLUDED.exercise_id,
  prompt = EXCLUDED.prompt,
  options = EXCLUDED.options,
  correct_option = EXCLUDED.correct_option,
  explanation = EXCLUDED.explanation,
  display_order = EXCLUDED.display_order,
  question_type = EXCLUDED.question_type,
  answer_key = EXCLUDED.answer_key,
  distractor_tags = EXCLUDED.distractor_tags;

INSERT INTO public.questions (id, exercise_id, prompt, options, correct_option, explanation, display_order, question_type, answer_key, distractor_tags) VALUES
  ('628d273b-85b0-5d0f-b725-81a1a162001a', 'bf0372f1-e5a4-5425-add9-053e8c8612ae', 'ما نتيجة 7,03 + 2,8؟', '[{"id":"a","text":"7,31"},{"id":"b","text":"9,11"},{"id":"c","text":"9,31"},{"id":"d","text":"9,83"}]'::jsonb, 'd', 'نكمل 2,8 فتصير 2,80 ثمّ نجمع: أجزاء المئة 3 + 0 = 3، الأعشار 0 + 8 = 8، الآحاد 7 + 2 = 9. إذن 7,03 + 2,8 = 9,83.', 4, 'mcq', NULL, NULL)
ON CONFLICT (id) DO UPDATE SET
  exercise_id = EXCLUDED.exercise_id,
  prompt = EXCLUDED.prompt,
  options = EXCLUDED.options,
  correct_option = EXCLUDED.correct_option,
  explanation = EXCLUDED.explanation,
  display_order = EXCLUDED.display_order,
  question_type = EXCLUDED.question_type,
  answer_key = EXCLUDED.answer_key,
  distractor_tags = EXCLUDED.distractor_tags;

INSERT INTO public.questions (id, exercise_id, prompt, options, correct_option, explanation, display_order, question_type, answer_key, distractor_tags) VALUES
  ('e2b1c044-2118-5af6-9a06-ea0a4937f754', 'bf0372f1-e5a4-5425-add9-053e8c8612ae', 'حبلٌ طوله 2,5 m قُطع منه 1,75 m. كم بقي من الحبل؟', '[{"id":"a","text":"0,75 m"},{"id":"b","text":"0,85 m"},{"id":"c","text":"1,25 m"},{"id":"d","text":"1,75 m"}]'::jsonb, 'a', 'نكمل 2,5 فتصير 2,50 ثمّ نطرح مع الاستلاف: 2,50 − 1,75 = 0,75. تحقّق: 0,75 + 1,75 = 2,50 ✓. إذن بقي 0,75 m.', 5, 'mcq', NULL, NULL)
ON CONFLICT (id) DO UPDATE SET
  exercise_id = EXCLUDED.exercise_id,
  prompt = EXCLUDED.prompt,
  options = EXCLUDED.options,
  correct_option = EXCLUDED.correct_option,
  explanation = EXCLUDED.explanation,
  display_order = EXCLUDED.display_order,
  question_type = EXCLUDED.question_type,
  answer_key = EXCLUDED.answer_key,
  distractor_tags = EXCLUDED.distractor_tags;

INSERT INTO public.questions (id, exercise_id, prompt, options, correct_option, explanation, display_order, question_type, answer_key, distractor_tags) VALUES
  ('5d370911-782e-5499-af9b-f18620a49427', 'bf0372f1-e5a4-5425-add9-053e8c8612ae', 'حسب تلميذٌ 6,5 + 2,7 فكتب 8,12. ما النتيجة الصحيحة؟', '[{"id":"a","text":"8,12"},{"id":"b","text":"8,2"},{"id":"c","text":"9,12"},{"id":"d","text":"9,2"}]'::jsonb, 'd', 'الأعشار 5 + 7 = 12 نكتب 2 ونحتفظ بـ 1، والآحاد 6 + 2 + 1 = 9. إذن 6,5 + 2,7 = 9,2. الخطأ الشائع كتابة 8,12 من إهمال الاحتفاظ ووضع 12 بعد الفاصلة.', 6, 'mcq', NULL, NULL)
ON CONFLICT (id) DO UPDATE SET
  exercise_id = EXCLUDED.exercise_id,
  prompt = EXCLUDED.prompt,
  options = EXCLUDED.options,
  correct_option = EXCLUDED.correct_option,
  explanation = EXCLUDED.explanation,
  display_order = EXCLUDED.display_order,
  question_type = EXCLUDED.question_type,
  answer_key = EXCLUDED.answer_key,
  distractor_tags = EXCLUDED.distractor_tags;

INSERT INTO public.exercises (id, chapter_id, subject_id, title, difficulty, xp_reward, reward_coins, mode, source, display_order) VALUES
  ('edfe6b0c-d020-5228-9b42-dc90b5733957', 'f80b7e9d-9413-57fb-b26b-6c2a626403cb', 'math-5eme', 'اختبار فهم الدرس ⭐', 1, 20, 5, 'quiz', 'admin', 0)
ON CONFLICT (id) DO UPDATE SET
  chapter_id = EXCLUDED.chapter_id,
  subject_id = EXCLUDED.subject_id,
  title = EXCLUDED.title,
  difficulty = EXCLUDED.difficulty,
  xp_reward = EXCLUDED.xp_reward,
  reward_coins = EXCLUDED.reward_coins,
  mode = EXCLUDED.mode,
  display_order = EXCLUDED.display_order;

INSERT INTO public.questions (id, exercise_id, prompt, options, correct_option, explanation, display_order, question_type, answer_key, distractor_tags) VALUES
  ('9dd1eff5-7098-5519-999c-4951be7eb800', 'edfe6b0c-d020-5228-9b42-dc90b5733957', 'ما نتيجة 2,5 × 3؟', '[{"id":"a","text":"6,5"},{"id":"b","text":"7,5"},{"id":"c","text":"75"},{"id":"d","text":"0,75"}]'::jsonb, 'b', 'نضرب كأنّهما صحيحان: 25 × 3 = 75، وفي 2,5 رقمٌ واحد بعد الفاصلة فنضع رقمًا واحدًا: 7,5. ويطابق الجمع 2,5 + 2,5 + 2,5 = 7,5.', 1, 'mcq', NULL, NULL)
ON CONFLICT (id) DO UPDATE SET
  exercise_id = EXCLUDED.exercise_id,
  prompt = EXCLUDED.prompt,
  options = EXCLUDED.options,
  correct_option = EXCLUDED.correct_option,
  explanation = EXCLUDED.explanation,
  display_order = EXCLUDED.display_order,
  question_type = EXCLUDED.question_type,
  answer_key = EXCLUDED.answer_key,
  distractor_tags = EXCLUDED.distractor_tags;

INSERT INTO public.questions (id, exercise_id, prompt, options, correct_option, explanation, display_order, question_type, answer_key, distractor_tags) VALUES
  ('0ea4582c-ee9b-5da3-913b-153482ceb78a', 'edfe6b0c-d020-5228-9b42-dc90b5733957', 'ما نتيجة 3,17 × 10؟', '[{"id":"a","text":"0,317"},{"id":"b","text":"3,170"},{"id":"c","text":"31,7"},{"id":"d","text":"317"}]'::jsonb, 'c', 'في الضرب في 10 نُزيح الفاصلة مرتبةً واحدة نحو اليمين، فتصير 3,17 × 10 = 31,7.', 2, 'mcq', NULL, NULL)
ON CONFLICT (id) DO UPDATE SET
  exercise_id = EXCLUDED.exercise_id,
  prompt = EXCLUDED.prompt,
  options = EXCLUDED.options,
  correct_option = EXCLUDED.correct_option,
  explanation = EXCLUDED.explanation,
  display_order = EXCLUDED.display_order,
  question_type = EXCLUDED.question_type,
  answer_key = EXCLUDED.answer_key,
  distractor_tags = EXCLUDED.distractor_tags;

INSERT INTO public.questions (id, exercise_id, prompt, options, correct_option, explanation, display_order, question_type, answer_key, distractor_tags) VALUES
  ('bb8378bf-1693-5ffa-9118-3f7284595faa', 'edfe6b0c-d020-5228-9b42-dc90b5733957', 'في العامل 1,25 رقمان بعد الفاصلة. كم رقمًا نضع بعد الفاصلة في جداء 1,25 × 4؟', '[{"id":"a","text":"رقمان"},{"id":"b","text":"رقمٌ واحد"},{"id":"c","text":"ثلاثة أرقام"},{"id":"d","text":"لا شيء"}]'::jsonb, 'a', 'عدد أرقام الجزء العشري في الجداء يساوي عددها في العاملين، وفي 1,25 رقمان بعد الفاصلة فنضع في الجداء رقمين.', 3, 'mcq', NULL, NULL)
ON CONFLICT (id) DO UPDATE SET
  exercise_id = EXCLUDED.exercise_id,
  prompt = EXCLUDED.prompt,
  options = EXCLUDED.options,
  correct_option = EXCLUDED.correct_option,
  explanation = EXCLUDED.explanation,
  display_order = EXCLUDED.display_order,
  question_type = EXCLUDED.question_type,
  answer_key = EXCLUDED.answer_key,
  distractor_tags = EXCLUDED.distractor_tags;

INSERT INTO public.questions (id, exercise_id, prompt, options, correct_option, explanation, display_order, question_type, answer_key, distractor_tags) VALUES
  ('53bafad7-1a21-5e04-b8ca-41a1c00cffd5', 'edfe6b0c-d020-5228-9b42-dc90b5733957', 'ما نتيجة 1,2 × 4؟', '[{"id":"a","text":"0,48"},{"id":"b","text":"5,2"},{"id":"c","text":"48"},{"id":"d","text":"4,8"}]'::jsonb, 'd', 'نضرب كأنّهما صحيحان: 12 × 4 = 48، وفي 1,2 رقمٌ واحد بعد الفاصلة فنضع رقمًا واحدًا: 4,8.', 4, 'mcq', NULL, NULL)
ON CONFLICT (id) DO UPDATE SET
  exercise_id = EXCLUDED.exercise_id,
  prompt = EXCLUDED.prompt,
  options = EXCLUDED.options,
  correct_option = EXCLUDED.correct_option,
  explanation = EXCLUDED.explanation,
  display_order = EXCLUDED.display_order,
  question_type = EXCLUDED.question_type,
  answer_key = EXCLUDED.answer_key,
  distractor_tags = EXCLUDED.distractor_tags;

INSERT INTO public.questions (id, exercise_id, prompt, options, correct_option, explanation, display_order, question_type, answer_key, distractor_tags) VALUES
  ('6b4d7a4c-2be7-5d46-a8fa-430c1a96c6e8', 'edfe6b0c-d020-5228-9b42-dc90b5733957', 'ما نتيجة 0,6 × 100؟', '[{"id":"a","text":"0,006"},{"id":"b","text":"6"},{"id":"c","text":"60"},{"id":"d","text":"600"}]'::jsonb, 'c', 'في الضرب في 100 نُزيح الفاصلة مرتبتين نحو اليمين ونكمل بالأصفار عند اللزوم، فتصير 0,6 × 100 = 60.', 5, 'mcq', NULL, NULL)
ON CONFLICT (id) DO UPDATE SET
  exercise_id = EXCLUDED.exercise_id,
  prompt = EXCLUDED.prompt,
  options = EXCLUDED.options,
  correct_option = EXCLUDED.correct_option,
  explanation = EXCLUDED.explanation,
  display_order = EXCLUDED.display_order,
  question_type = EXCLUDED.question_type,
  answer_key = EXCLUDED.answer_key,
  distractor_tags = EXCLUDED.distractor_tags;

INSERT INTO public.exercises (id, chapter_id, subject_id, title, difficulty, xp_reward, reward_coins, mode, source, display_order) VALUES
  ('a42e6e3d-aa3d-5a49-b739-444673700f52', 'f80b7e9d-9413-57fb-b26b-6c2a626403cb', 'math-5eme', '⭐ تمرين: أوّل ضربٍ بفاصلة', 1, 50, 10, 'practice', 'admin', 1)
ON CONFLICT (id) DO UPDATE SET
  chapter_id = EXCLUDED.chapter_id,
  subject_id = EXCLUDED.subject_id,
  title = EXCLUDED.title,
  difficulty = EXCLUDED.difficulty,
  xp_reward = EXCLUDED.xp_reward,
  reward_coins = EXCLUDED.reward_coins,
  mode = EXCLUDED.mode,
  display_order = EXCLUDED.display_order;

INSERT INTO public.questions (id, exercise_id, prompt, options, correct_option, explanation, display_order, question_type, answer_key, distractor_tags) VALUES
  ('cebced21-238d-5132-b4b6-30400e9cf8ab', 'a42e6e3d-aa3d-5a49-b739-444673700f52', 'ما نتيجة 1,3 × 2؟', '[{"id":"a","text":"1,6"},{"id":"b","text":"2,6"},{"id":"c","text":"26"},{"id":"d","text":"3,3"}]'::jsonb, 'b', 'نضرب كأنّهما صحيحان: 13 × 2 = 26، وفي 1,3 رقمٌ واحد بعد الفاصلة فنضع رقمًا واحدًا: 2,6.', 1, 'mcq', NULL, NULL)
ON CONFLICT (id) DO UPDATE SET
  exercise_id = EXCLUDED.exercise_id,
  prompt = EXCLUDED.prompt,
  options = EXCLUDED.options,
  correct_option = EXCLUDED.correct_option,
  explanation = EXCLUDED.explanation,
  display_order = EXCLUDED.display_order,
  question_type = EXCLUDED.question_type,
  answer_key = EXCLUDED.answer_key,
  distractor_tags = EXCLUDED.distractor_tags;

INSERT INTO public.questions (id, exercise_id, prompt, options, correct_option, explanation, display_order, question_type, answer_key, distractor_tags) VALUES
  ('b766f6b0-f71d-586a-85bc-b079dcefca42', 'a42e6e3d-aa3d-5a49-b739-444673700f52', 'ما نتيجة 4,2 × 10؟', '[{"id":"a","text":"0,42"},{"id":"b","text":"4,2"},{"id":"c","text":"402"},{"id":"d","text":"42"}]'::jsonb, 'd', 'في الضرب في 10 نُزيح الفاصلة مرتبةً واحدة نحو اليمين، فتصير 4,2 × 10 = 42.', 2, 'mcq', NULL, NULL)
ON CONFLICT (id) DO UPDATE SET
  exercise_id = EXCLUDED.exercise_id,
  prompt = EXCLUDED.prompt,
  options = EXCLUDED.options,
  correct_option = EXCLUDED.correct_option,
  explanation = EXCLUDED.explanation,
  display_order = EXCLUDED.display_order,
  question_type = EXCLUDED.question_type,
  answer_key = EXCLUDED.answer_key,
  distractor_tags = EXCLUDED.distractor_tags;

INSERT INTO public.questions (id, exercise_id, prompt, options, correct_option, explanation, display_order, question_type, answer_key, distractor_tags) VALUES
  ('715be8dd-da58-5684-b3ea-61b01cddfef7', 'a42e6e3d-aa3d-5a49-b739-444673700f52', 'ما نتيجة 2,1 × 3؟', '[{"id":"a","text":"5,1"},{"id":"b","text":"63"},{"id":"c","text":"6,3"},{"id":"d","text":"6,4"}]'::jsonb, 'c', 'نضرب كأنّهما صحيحان: 21 × 3 = 63، وفي 2,1 رقمٌ واحد بعد الفاصلة فنضع رقمًا واحدًا: 6,3.', 3, 'mcq', NULL, NULL)
ON CONFLICT (id) DO UPDATE SET
  exercise_id = EXCLUDED.exercise_id,
  prompt = EXCLUDED.prompt,
  options = EXCLUDED.options,
  correct_option = EXCLUDED.correct_option,
  explanation = EXCLUDED.explanation,
  display_order = EXCLUDED.display_order,
  question_type = EXCLUDED.question_type,
  answer_key = EXCLUDED.answer_key,
  distractor_tags = EXCLUDED.distractor_tags;

INSERT INTO public.questions (id, exercise_id, prompt, options, correct_option, explanation, display_order, question_type, answer_key, distractor_tags) VALUES
  ('8a0256e9-126d-5708-9db6-6b3b9acc3707', 'a42e6e3d-aa3d-5a49-b739-444673700f52', 'ما نتيجة 0,5 × 4؟', '[{"id":"a","text":"2"},{"id":"b","text":"0,2"},{"id":"c","text":"2,5"},{"id":"d","text":"20"}]'::jsonb, 'a', 'نضرب كأنّهما صحيحان: 5 × 4 = 20، وفي 0,5 رقمٌ واحد بعد الفاصلة فنضع رقمًا واحدًا: 2,0 أي 2.', 4, 'mcq', NULL, NULL)
ON CONFLICT (id) DO UPDATE SET
  exercise_id = EXCLUDED.exercise_id,
  prompt = EXCLUDED.prompt,
  options = EXCLUDED.options,
  correct_option = EXCLUDED.correct_option,
  explanation = EXCLUDED.explanation,
  display_order = EXCLUDED.display_order,
  question_type = EXCLUDED.question_type,
  answer_key = EXCLUDED.answer_key,
  distractor_tags = EXCLUDED.distractor_tags;

INSERT INTO public.questions (id, exercise_id, prompt, options, correct_option, explanation, display_order, question_type, answer_key, distractor_tags) VALUES
  ('16679fb5-1897-52af-847e-b4a3fd3d552d', 'a42e6e3d-aa3d-5a49-b739-444673700f52', 'ما نتيجة 3,12 × 2؟', '[{"id":"a","text":"6,14"},{"id":"b","text":"62,4"},{"id":"c","text":"6,24"},{"id":"d","text":"624"}]'::jsonb, 'c', 'نضرب كأنّهما صحيحان: 312 × 2 = 624، وفي 3,12 رقمان بعد الفاصلة فنضع رقمين: 6,24.', 5, 'mcq', NULL, NULL)
ON CONFLICT (id) DO UPDATE SET
  exercise_id = EXCLUDED.exercise_id,
  prompt = EXCLUDED.prompt,
  options = EXCLUDED.options,
  correct_option = EXCLUDED.correct_option,
  explanation = EXCLUDED.explanation,
  display_order = EXCLUDED.display_order,
  question_type = EXCLUDED.question_type,
  answer_key = EXCLUDED.answer_key,
  distractor_tags = EXCLUDED.distractor_tags;

INSERT INTO public.questions (id, exercise_id, prompt, options, correct_option, explanation, display_order, question_type, answer_key, distractor_tags) VALUES
  ('bed78242-c765-5511-b4f2-83a9b2923d49', 'a42e6e3d-aa3d-5a49-b739-444673700f52', 'ما نتيجة 1,5 × 100؟', '[{"id":"a","text":"1,5"},{"id":"b","text":"150"},{"id":"c","text":"15"},{"id":"d","text":"1500"}]'::jsonb, 'b', 'في الضرب في 100 نُزيح الفاصلة مرتبتين نحو اليمين ونكمل بالأصفار، فتصير 1,5 × 100 = 150.', 6, 'mcq', NULL, NULL)
ON CONFLICT (id) DO UPDATE SET
  exercise_id = EXCLUDED.exercise_id,
  prompt = EXCLUDED.prompt,
  options = EXCLUDED.options,
  correct_option = EXCLUDED.correct_option,
  explanation = EXCLUDED.explanation,
  display_order = EXCLUDED.display_order,
  question_type = EXCLUDED.question_type,
  answer_key = EXCLUDED.answer_key,
  distractor_tags = EXCLUDED.distractor_tags;

INSERT INTO public.exercises (id, chapter_id, subject_id, title, difficulty, xp_reward, reward_coins, mode, source, display_order) VALUES
  ('30907347-f5be-5f53-9bf8-7aec485bb98d', 'f80b7e9d-9413-57fb-b26b-6c2a626403cb', 'math-5eme', '⚔️ زعيم الفصل ⭐⭐⭐: معركة الفاصلة', 3, 120, 30, 'boss', 'admin', 2)
ON CONFLICT (id) DO UPDATE SET
  chapter_id = EXCLUDED.chapter_id,
  subject_id = EXCLUDED.subject_id,
  title = EXCLUDED.title,
  difficulty = EXCLUDED.difficulty,
  xp_reward = EXCLUDED.xp_reward,
  reward_coins = EXCLUDED.reward_coins,
  mode = EXCLUDED.mode,
  display_order = EXCLUDED.display_order;

INSERT INTO public.questions (id, exercise_id, prompt, options, correct_option, explanation, display_order, question_type, answer_key, distractor_tags) VALUES
  ('1e286ee8-1b65-5770-b2ff-0921ff093e7f', '30907347-f5be-5f53-9bf8-7aec485bb98d', 'ما نتيجة 2,4 × 5؟', '[{"id":"a","text":"1,2"},{"id":"b","text":"10"},{"id":"c","text":"12"},{"id":"d","text":"120"}]'::jsonb, 'c', 'نضرب 24 × 5 = 120، وفي 2,4 رقمٌ واحد بعد الفاصلة فنضع رقمًا واحدًا: 12,0 أي 12. (الخطأ الشائع 120 هو نسيان وضع الفاصلة في الجداء.)', 1, 'mcq', NULL, NULL)
ON CONFLICT (id) DO UPDATE SET
  exercise_id = EXCLUDED.exercise_id,
  prompt = EXCLUDED.prompt,
  options = EXCLUDED.options,
  correct_option = EXCLUDED.correct_option,
  explanation = EXCLUDED.explanation,
  display_order = EXCLUDED.display_order,
  question_type = EXCLUDED.question_type,
  answer_key = EXCLUDED.answer_key,
  distractor_tags = EXCLUDED.distractor_tags;

INSERT INTO public.questions (id, exercise_id, prompt, options, correct_option, explanation, display_order, question_type, answer_key, distractor_tags) VALUES
  ('9de86d4c-6122-5ca6-b8ad-c48224566401', '30907347-f5be-5f53-9bf8-7aec485bb98d', 'ما نتيجة 0,25 × 3؟', '[{"id":"a","text":"0,75"},{"id":"b","text":"7,5"},{"id":"c","text":"75"},{"id":"d","text":"750"}]'::jsonb, 'a', 'نضرب 25 × 3 = 75، وفي 0,25 رقمان بعد الفاصلة فنضع رقمين: 0,75. (الخطأ الشائع 7,5 هو وضع رقمٍ واحد بعد الفاصلة بدل رقمين.)', 2, 'mcq', NULL, NULL)
ON CONFLICT (id) DO UPDATE SET
  exercise_id = EXCLUDED.exercise_id,
  prompt = EXCLUDED.prompt,
  options = EXCLUDED.options,
  correct_option = EXCLUDED.correct_option,
  explanation = EXCLUDED.explanation,
  display_order = EXCLUDED.display_order,
  question_type = EXCLUDED.question_type,
  answer_key = EXCLUDED.answer_key,
  distractor_tags = EXCLUDED.distractor_tags;

INSERT INTO public.questions (id, exercise_id, prompt, options, correct_option, explanation, display_order, question_type, answer_key, distractor_tags) VALUES
  ('7a47f691-4cdc-568c-8f01-7bbae620d569', '30907347-f5be-5f53-9bf8-7aec485bb98d', 'ما نتيجة 3,17 × 1000؟', '[{"id":"a","text":"3,17"},{"id":"b","text":"31,7"},{"id":"c","text":"317"},{"id":"d","text":"3170"}]'::jsonb, 'd', 'في الضرب في 1000 نُزيح الفاصلة ثلاث مراتب نحو اليمين ونكمل بالأصفار: 3,17 × 1000 = 3170. (الخطأ الشائع 317 هو إزاحة مرتبتين فقط كأنّه × 100.)', 3, 'mcq', NULL, NULL)
ON CONFLICT (id) DO UPDATE SET
  exercise_id = EXCLUDED.exercise_id,
  prompt = EXCLUDED.prompt,
  options = EXCLUDED.options,
  correct_option = EXCLUDED.correct_option,
  explanation = EXCLUDED.explanation,
  display_order = EXCLUDED.display_order,
  question_type = EXCLUDED.question_type,
  answer_key = EXCLUDED.answer_key,
  distractor_tags = EXCLUDED.distractor_tags;

INSERT INTO public.questions (id, exercise_id, prompt, options, correct_option, explanation, display_order, question_type, answer_key, distractor_tags) VALUES
  ('2b40b7a5-e1c2-5af6-b982-dd59cc73f1e0', '30907347-f5be-5f53-9bf8-7aec485bb98d', 'ما نتيجة 1,25 × 8؟', '[{"id":"a","text":"1"},{"id":"b","text":"10"},{"id":"c","text":"12,5"},{"id":"d","text":"100"}]'::jsonb, 'b', 'نضرب 125 × 8 = 1000، وفي 1,25 رقمان بعد الفاصلة فنضع رقمين: 10,00 أي 10. (الخطأ الشائع 100 هو نسيان وضع الفاصلة في الجداء.)', 4, 'mcq', NULL, NULL)
ON CONFLICT (id) DO UPDATE SET
  exercise_id = EXCLUDED.exercise_id,
  prompt = EXCLUDED.prompt,
  options = EXCLUDED.options,
  correct_option = EXCLUDED.correct_option,
  explanation = EXCLUDED.explanation,
  display_order = EXCLUDED.display_order,
  question_type = EXCLUDED.question_type,
  answer_key = EXCLUDED.answer_key,
  distractor_tags = EXCLUDED.distractor_tags;

INSERT INTO public.questions (id, exercise_id, prompt, options, correct_option, explanation, display_order, question_type, answer_key, distractor_tags) VALUES
  ('ed7742f4-6755-57da-85ce-ef0a5afe3508', '30907347-f5be-5f53-9bf8-7aec485bb98d', 'ما نتيجة 12,5 × 4؟', '[{"id":"a","text":"5"},{"id":"b","text":"50"},{"id":"c","text":"125"},{"id":"d","text":"500"}]'::jsonb, 'b', 'نضرب 125 × 4 = 500، وفي 12,5 رقمٌ واحد بعد الفاصلة فنضع رقمًا واحدًا: 50,0 أي 50. (الخطأ الشائع 5 هو وضع رقمين بعد الفاصلة بدل رقمٍ واحد.)', 5, 'mcq', NULL, NULL)
ON CONFLICT (id) DO UPDATE SET
  exercise_id = EXCLUDED.exercise_id,
  prompt = EXCLUDED.prompt,
  options = EXCLUDED.options,
  correct_option = EXCLUDED.correct_option,
  explanation = EXCLUDED.explanation,
  display_order = EXCLUDED.display_order,
  question_type = EXCLUDED.question_type,
  answer_key = EXCLUDED.answer_key,
  distractor_tags = EXCLUDED.distractor_tags;

INSERT INTO public.questions (id, exercise_id, prompt, options, correct_option, explanation, display_order, question_type, answer_key, distractor_tags) VALUES
  ('332751f9-2c5b-5840-a6b5-8d040c208cab', '30907347-f5be-5f53-9bf8-7aec485bb98d', 'ما نتيجة 4,06 × 3؟', '[{"id":"a","text":"12,18"},{"id":"b","text":"12,8"},{"id":"c","text":"121,8"},{"id":"d","text":"1218"}]'::jsonb, 'a', 'نضرب 406 × 3 = 1218، وفي 4,06 رقمان بعد الفاصلة فنضع رقمين: 12,18. (الخطأ الشائع 12,8 هو إهمال الصفر في 4,06 وحساب 43 × 3 خطأً.)', 6, 'mcq', NULL, NULL)
ON CONFLICT (id) DO UPDATE SET
  exercise_id = EXCLUDED.exercise_id,
  prompt = EXCLUDED.prompt,
  options = EXCLUDED.options,
  correct_option = EXCLUDED.correct_option,
  explanation = EXCLUDED.explanation,
  display_order = EXCLUDED.display_order,
  question_type = EXCLUDED.question_type,
  answer_key = EXCLUDED.answer_key,
  distractor_tags = EXCLUDED.distractor_tags;

INSERT INTO public.exercises (id, chapter_id, subject_id, title, difficulty, xp_reward, reward_coins, mode, source, display_order) VALUES
  ('81a61d7f-bad3-5f5a-9685-47c4c38dbe3c', 'f80b7e9d-9413-57fb-b26b-6c2a626403cb', 'math-5eme', '⭐⭐ تمرين مراجعة (نمط امتحان): ضرب الأعداد العشرية', 2, 75, 15, 'practice', 'admin', 3)
ON CONFLICT (id) DO UPDATE SET
  chapter_id = EXCLUDED.chapter_id,
  subject_id = EXCLUDED.subject_id,
  title = EXCLUDED.title,
  difficulty = EXCLUDED.difficulty,
  xp_reward = EXCLUDED.xp_reward,
  reward_coins = EXCLUDED.reward_coins,
  mode = EXCLUDED.mode,
  display_order = EXCLUDED.display_order;

INSERT INTO public.questions (id, exercise_id, prompt, options, correct_option, explanation, display_order, question_type, answer_key, distractor_tags) VALUES
  ('3fd71411-778a-5398-9b08-cd9862382abf', '81a61d7f-bad3-5f5a-9685-47c4c38dbe3c', 'ما نتيجة 1,4 × 2؟', '[{"id":"a","text":"1,8"},{"id":"b","text":"2,8"},{"id":"c","text":"3,2"},{"id":"d","text":"28"}]'::jsonb, 'b', 'نضرب 14 × 2 = 28، وفي 1,4 رقمٌ واحد بعد الفاصلة فنضع رقمًا واحدًا: 2,8.', 1, 'mcq', NULL, NULL)
ON CONFLICT (id) DO UPDATE SET
  exercise_id = EXCLUDED.exercise_id,
  prompt = EXCLUDED.prompt,
  options = EXCLUDED.options,
  correct_option = EXCLUDED.correct_option,
  explanation = EXCLUDED.explanation,
  display_order = EXCLUDED.display_order,
  question_type = EXCLUDED.question_type,
  answer_key = EXCLUDED.answer_key,
  distractor_tags = EXCLUDED.distractor_tags;

INSERT INTO public.questions (id, exercise_id, prompt, options, correct_option, explanation, display_order, question_type, answer_key, distractor_tags) VALUES
  ('2ba355a1-67cd-5784-9063-96c27316fdaf', '81a61d7f-bad3-5f5a-9685-47c4c38dbe3c', 'ما نتيجة 6,5 × 10؟', '[{"id":"a","text":"0,65"},{"id":"b","text":"6,5"},{"id":"c","text":"65"},{"id":"d","text":"650"}]'::jsonb, 'c', 'في الضرب في 10 نُزيح الفاصلة مرتبةً واحدة نحو اليمين، فتصير 6,5 × 10 = 65.', 2, 'mcq', NULL, NULL)
ON CONFLICT (id) DO UPDATE SET
  exercise_id = EXCLUDED.exercise_id,
  prompt = EXCLUDED.prompt,
  options = EXCLUDED.options,
  correct_option = EXCLUDED.correct_option,
  explanation = EXCLUDED.explanation,
  display_order = EXCLUDED.display_order,
  question_type = EXCLUDED.question_type,
  answer_key = EXCLUDED.answer_key,
  distractor_tags = EXCLUDED.distractor_tags;

INSERT INTO public.questions (id, exercise_id, prompt, options, correct_option, explanation, display_order, question_type, answer_key, distractor_tags) VALUES
  ('4902bf37-b938-50dd-abcf-7e82b9280cf6', '81a61d7f-bad3-5f5a-9685-47c4c38dbe3c', 'ما نتيجة 2,3 × 4؟', '[{"id":"a","text":"9,2"},{"id":"b","text":"9,6"},{"id":"c","text":"12"},{"id":"d","text":"92"}]'::jsonb, 'a', 'نضرب 23 × 4 = 92، وفي 2,3 رقمٌ واحد بعد الفاصلة فنضع رقمًا واحدًا: 9,2.', 3, 'mcq', NULL, NULL)
ON CONFLICT (id) DO UPDATE SET
  exercise_id = EXCLUDED.exercise_id,
  prompt = EXCLUDED.prompt,
  options = EXCLUDED.options,
  correct_option = EXCLUDED.correct_option,
  explanation = EXCLUDED.explanation,
  display_order = EXCLUDED.display_order,
  question_type = EXCLUDED.question_type,
  answer_key = EXCLUDED.answer_key,
  distractor_tags = EXCLUDED.distractor_tags;

INSERT INTO public.questions (id, exercise_id, prompt, options, correct_option, explanation, display_order, question_type, answer_key, distractor_tags) VALUES
  ('6a5ea48e-520e-5743-bc5b-52a3c7049ef5', '81a61d7f-bad3-5f5a-9685-47c4c38dbe3c', 'ما نتيجة 0,8 × 100؟', '[{"id":"a","text":"0,08"},{"id":"b","text":"0,8"},{"id":"c","text":"8"},{"id":"d","text":"80"}]'::jsonb, 'd', 'في الضرب في 100 نُزيح الفاصلة مرتبتين نحو اليمين ونكمل بالأصفار، فتصير 0,8 × 100 = 80.', 4, 'mcq', NULL, NULL)
ON CONFLICT (id) DO UPDATE SET
  exercise_id = EXCLUDED.exercise_id,
  prompt = EXCLUDED.prompt,
  options = EXCLUDED.options,
  correct_option = EXCLUDED.correct_option,
  explanation = EXCLUDED.explanation,
  display_order = EXCLUDED.display_order,
  question_type = EXCLUDED.question_type,
  answer_key = EXCLUDED.answer_key,
  distractor_tags = EXCLUDED.distractor_tags;

INSERT INTO public.questions (id, exercise_id, prompt, options, correct_option, explanation, display_order, question_type, answer_key, distractor_tags) VALUES
  ('5ffde08c-e1d1-5323-b2c5-7829b8fe138b', '81a61d7f-bad3-5f5a-9685-47c4c38dbe3c', 'ثمن الكرّاس الواحد 2,5 دينار. كم ثمن 4 كرّاريس؟', '[{"id":"a","text":"10 دنانير"},{"id":"b","text":"12,5 دينارًا"},{"id":"c","text":"25 دينارًا"},{"id":"d","text":"100 دينار"}]'::jsonb, 'a', 'الثمن الجمليّ = ثمن الواحد × العدد = 2,5 × 4. نضرب 25 × 4 = 100، وفي 2,5 رقمٌ واحد بعد الفاصلة فنضع رقمًا واحدًا: 10,0 أي 10 دنانير. (الخطأ الشائع 100 هو نسيان الفاصلة.)', 5, 'mcq', NULL, NULL)
ON CONFLICT (id) DO UPDATE SET
  exercise_id = EXCLUDED.exercise_id,
  prompt = EXCLUDED.prompt,
  options = EXCLUDED.options,
  correct_option = EXCLUDED.correct_option,
  explanation = EXCLUDED.explanation,
  display_order = EXCLUDED.display_order,
  question_type = EXCLUDED.question_type,
  answer_key = EXCLUDED.answer_key,
  distractor_tags = EXCLUDED.distractor_tags;

INSERT INTO public.questions (id, exercise_id, prompt, options, correct_option, explanation, display_order, question_type, answer_key, distractor_tags) VALUES
  ('861dfbd5-fc67-55f7-9dfa-eb57aff6ce29', '81a61d7f-bad3-5f5a-9685-47c4c38dbe3c', 'ما نتيجة 5,25 × 3؟', '[{"id":"a","text":"1,575"},{"id":"b","text":"15,15"},{"id":"c","text":"15,75"},{"id":"d","text":"157,5"}]'::jsonb, 'c', 'نضرب 525 × 3 = 1575، وفي 5,25 رقمان بعد الفاصلة فنضع رقمين: 15,75.', 6, 'mcq', NULL, NULL)
ON CONFLICT (id) DO UPDATE SET
  exercise_id = EXCLUDED.exercise_id,
  prompt = EXCLUDED.prompt,
  options = EXCLUDED.options,
  correct_option = EXCLUDED.correct_option,
  explanation = EXCLUDED.explanation,
  display_order = EXCLUDED.display_order,
  question_type = EXCLUDED.question_type,
  answer_key = EXCLUDED.answer_key,
  distractor_tags = EXCLUDED.distractor_tags;

INSERT INTO public.exercises (id, chapter_id, subject_id, title, difficulty, xp_reward, reward_coins, mode, source, display_order) VALUES
  ('704e953f-3406-50fc-a940-4757094a2472', 'f80b7e9d-9413-57fb-b26b-6c2a626403cb', 'math-5eme', '👑 تحدّي النخبة ⭐⭐⭐⭐: ألغاز ضرب العشرية', 4, 300, 60, 'challenge', 'admin', 4)
ON CONFLICT (id) DO UPDATE SET
  chapter_id = EXCLUDED.chapter_id,
  subject_id = EXCLUDED.subject_id,
  title = EXCLUDED.title,
  difficulty = EXCLUDED.difficulty,
  xp_reward = EXCLUDED.xp_reward,
  reward_coins = EXCLUDED.reward_coins,
  mode = EXCLUDED.mode,
  display_order = EXCLUDED.display_order;

INSERT INTO public.questions (id, exercise_id, prompt, options, correct_option, explanation, display_order, question_type, answer_key, distractor_tags) VALUES
  ('745cdac6-97e0-5f69-b98b-51fbde21fb69', '704e953f-3406-50fc-a940-4757094a2472', 'يقطع عدّاءٌ 2,4 km في كلّ دورة. كم يقطع في 5 دورات؟', '[{"id":"a","text":"9,6 km"},{"id":"b","text":"12 km"},{"id":"c","text":"12,4 km"},{"id":"d","text":"120 km"}]'::jsonb, 'b', 'المسافة = مسافة الدورة × عددها = 2,4 × 5. نضرب 24 × 5 = 120، وفي 2,4 رقمٌ واحد بعد الفاصلة فنضع رقمًا واحدًا: 12,0 أي 12 km.', 1, 'mcq', NULL, NULL)
ON CONFLICT (id) DO UPDATE SET
  exercise_id = EXCLUDED.exercise_id,
  prompt = EXCLUDED.prompt,
  options = EXCLUDED.options,
  correct_option = EXCLUDED.correct_option,
  explanation = EXCLUDED.explanation,
  display_order = EXCLUDED.display_order,
  question_type = EXCLUDED.question_type,
  answer_key = EXCLUDED.answer_key,
  distractor_tags = EXCLUDED.distractor_tags;

INSERT INTO public.questions (id, exercise_id, prompt, options, correct_option, explanation, display_order, question_type, answer_key, distractor_tags) VALUES
  ('eadbde54-73b7-5d69-b956-239c5746e970', '704e953f-3406-50fc-a940-4757094a2472', 'مستطيلٌ طوله 3,5 m وعرضه 4 m. ما مساحته؟', '[{"id":"a","text":"14 m²"},{"id":"b","text":"17,5 m²"},{"id":"c","text":"35 m²"},{"id":"d","text":"140 m²"}]'::jsonb, 'a', 'المساحة = الطول × العرض = 3,5 × 4. نضرب 35 × 4 = 140، وفي 3,5 رقمٌ واحد بعد الفاصلة فنضع رقمًا واحدًا: 14,0 أي 14 m². (الخطأ الشائع 140 هو نسيان وضع الفاصلة في الجداء.)', 2, 'mcq', NULL, NULL)
ON CONFLICT (id) DO UPDATE SET
  exercise_id = EXCLUDED.exercise_id,
  prompt = EXCLUDED.prompt,
  options = EXCLUDED.options,
  correct_option = EXCLUDED.correct_option,
  explanation = EXCLUDED.explanation,
  display_order = EXCLUDED.display_order,
  question_type = EXCLUDED.question_type,
  answer_key = EXCLUDED.answer_key,
  distractor_tags = EXCLUDED.distractor_tags;

INSERT INTO public.questions (id, exercise_id, prompt, options, correct_option, explanation, display_order, question_type, answer_key, distractor_tags) VALUES
  ('08c2399e-ddd6-5514-b8c3-422da9afa435', '704e953f-3406-50fc-a940-4757094a2472', 'ثمن الكيلوغرام الواحد من التفّاح 4,5 دينار. كم ثمن 3 كيلوغرامات؟', '[{"id":"a","text":"1,35 دينار"},{"id":"b","text":"12 دينارًا"},{"id":"c","text":"13,2 دينارًا"},{"id":"d","text":"13,5 دينارًا"}]'::jsonb, 'd', 'الثمن الجمليّ = ثمن الواحد × العدد = 4,5 × 3. نضرب 45 × 3 = 135، وفي 4,5 رقمٌ واحد بعد الفاصلة فنضع رقمًا واحدًا: 13,5 دينارًا.', 3, 'mcq', NULL, NULL)
ON CONFLICT (id) DO UPDATE SET
  exercise_id = EXCLUDED.exercise_id,
  prompt = EXCLUDED.prompt,
  options = EXCLUDED.options,
  correct_option = EXCLUDED.correct_option,
  explanation = EXCLUDED.explanation,
  display_order = EXCLUDED.display_order,
  question_type = EXCLUDED.question_type,
  answer_key = EXCLUDED.answer_key,
  distractor_tags = EXCLUDED.distractor_tags;

INSERT INTO public.questions (id, exercise_id, prompt, options, correct_option, explanation, display_order, question_type, answer_key, distractor_tags) VALUES
  ('5a1bb3a6-998f-5c6d-9434-de413d335d9f', '704e953f-3406-50fc-a940-4757094a2472', 'عددٌ عشريّ مضروبٌ في 100 يساوي 250. ما هو هذا العدد؟', '[{"id":"a","text":"0,025"},{"id":"b","text":"0,25"},{"id":"c","text":"2,5"},{"id":"d","text":"25"}]'::jsonb, 'c', 'الضرب في 100 يُزيح الفاصلة مرتبتين نحو اليمين، فنبحث عن عددٍ تعطيه إزاحةُ فاصلته مرتبتين العددَ 250: إنّه 2,5 لأنّ 2,5 × 100 = 250. (الخطأ الشائع 25 هو إزاحة مرتبةٍ واحدة كأنّه × 10.)', 4, 'mcq', NULL, NULL)
ON CONFLICT (id) DO UPDATE SET
  exercise_id = EXCLUDED.exercise_id,
  prompt = EXCLUDED.prompt,
  options = EXCLUDED.options,
  correct_option = EXCLUDED.correct_option,
  explanation = EXCLUDED.explanation,
  display_order = EXCLUDED.display_order,
  question_type = EXCLUDED.question_type,
  answer_key = EXCLUDED.answer_key,
  distractor_tags = EXCLUDED.distractor_tags;

INSERT INTO public.questions (id, exercise_id, prompt, options, correct_option, explanation, display_order, question_type, answer_key, distractor_tags) VALUES
  ('ad21cf1c-0070-59d4-aa66-9cfaf314e9fd', '704e953f-3406-50fc-a940-4757094a2472', 'مربّعٌ طول ضلعه 2,5 m. ما محيطه (مجموع أطوال أضلاعه الأربعة)؟', '[{"id":"a","text":"7,5 m"},{"id":"b","text":"10 m"},{"id":"c","text":"10,25 m"},{"id":"d","text":"25 m"}]'::jsonb, 'b', 'محيط المربّع = طول الضلع × 4 = 2,5 × 4. نضرب 25 × 4 = 100، وفي 2,5 رقمٌ واحد بعد الفاصلة فنضع رقمًا واحدًا: 10,0 أي 10 m. (الخطأ الشائع 7,5 هو جمع الضلع ثلاث مرّاتٍ بدل أربع.)', 5, 'mcq', NULL, NULL)
ON CONFLICT (id) DO UPDATE SET
  exercise_id = EXCLUDED.exercise_id,
  prompt = EXCLUDED.prompt,
  options = EXCLUDED.options,
  correct_option = EXCLUDED.correct_option,
  explanation = EXCLUDED.explanation,
  display_order = EXCLUDED.display_order,
  question_type = EXCLUDED.question_type,
  answer_key = EXCLUDED.answer_key,
  distractor_tags = EXCLUDED.distractor_tags;

INSERT INTO public.questions (id, exercise_id, prompt, options, correct_option, explanation, display_order, question_type, answer_key, distractor_tags) VALUES
  ('7c0fcd55-5243-5370-a295-bbe488801cae', '704e953f-3406-50fc-a940-4757094a2472', 'يقطع دلوٌ 1,5 لترٍ من الماء في كلّ مرّة. كم لترًا في 8 مرّات؟', '[{"id":"a","text":"1,2 لتر"},{"id":"b","text":"9,5 لترًا"},{"id":"c","text":"12 لترًا"},{"id":"d","text":"120 لترًا"}]'::jsonb, 'c', 'الكمّيّة = 1,5 × 8. نضرب 15 × 8 = 120، وفي 1,5 رقمٌ واحد بعد الفاصلة فنضع رقمًا واحدًا: 12,0 أي 12 لترًا. (الخطأ الشائع 120 هو نسيان الفاصلة في الجداء.)', 6, 'mcq', NULL, NULL)
ON CONFLICT (id) DO UPDATE SET
  exercise_id = EXCLUDED.exercise_id,
  prompt = EXCLUDED.prompt,
  options = EXCLUDED.options,
  correct_option = EXCLUDED.correct_option,
  explanation = EXCLUDED.explanation,
  display_order = EXCLUDED.display_order,
  question_type = EXCLUDED.question_type,
  answer_key = EXCLUDED.answer_key,
  distractor_tags = EXCLUDED.distractor_tags;

INSERT INTO public.exercises (id, chapter_id, subject_id, title, difficulty, xp_reward, reward_coins, mode, source, display_order) VALUES
  ('c494bd9e-f1aa-5dbc-af0f-b017eba817c8', 'f80b7e9d-9413-57fb-b26b-6c2a626403cb', 'math-5eme', '📝 تدريب ⭐⭐⭐: ضرب الأعداد العشرية (مراجعة شاملة)', 3, 120, 30, 'boss', 'admin', 5)
ON CONFLICT (id) DO UPDATE SET
  chapter_id = EXCLUDED.chapter_id,
  subject_id = EXCLUDED.subject_id,
  title = EXCLUDED.title,
  difficulty = EXCLUDED.difficulty,
  xp_reward = EXCLUDED.xp_reward,
  reward_coins = EXCLUDED.reward_coins,
  mode = EXCLUDED.mode,
  display_order = EXCLUDED.display_order;

INSERT INTO public.questions (id, exercise_id, prompt, options, correct_option, explanation, display_order, question_type, answer_key, distractor_tags) VALUES
  ('da8609ca-d2a0-5c9c-b773-75749d123ea5', 'c494bd9e-f1aa-5dbc-af0f-b017eba817c8', 'ما نتيجة 3,4 × 2؟', '[{"id":"a","text":"6,8"},{"id":"b","text":"7,2"},{"id":"c","text":"8,6"},{"id":"d","text":"68"}]'::jsonb, 'a', 'نضرب 34 × 2 = 68، وفي 3,4 رقمٌ واحد بعد الفاصلة فنضع رقمًا واحدًا: 6,8.', 1, 'mcq', NULL, NULL)
ON CONFLICT (id) DO UPDATE SET
  exercise_id = EXCLUDED.exercise_id,
  prompt = EXCLUDED.prompt,
  options = EXCLUDED.options,
  correct_option = EXCLUDED.correct_option,
  explanation = EXCLUDED.explanation,
  display_order = EXCLUDED.display_order,
  question_type = EXCLUDED.question_type,
  answer_key = EXCLUDED.answer_key,
  distractor_tags = EXCLUDED.distractor_tags;

INSERT INTO public.questions (id, exercise_id, prompt, options, correct_option, explanation, display_order, question_type, answer_key, distractor_tags) VALUES
  ('f834ccec-4c87-50af-8203-1131693cd1bc', 'c494bd9e-f1aa-5dbc-af0f-b017eba817c8', 'ما نتيجة 2,75 × 10؟', '[{"id":"a","text":"0,275"},{"id":"b","text":"2,75"},{"id":"c","text":"27,5"},{"id":"d","text":"275"}]'::jsonb, 'c', 'في الضرب في 10 نُزيح الفاصلة مرتبةً واحدة نحو اليمين، فتصير 2,75 × 10 = 27,5.', 2, 'mcq', NULL, NULL)
ON CONFLICT (id) DO UPDATE SET
  exercise_id = EXCLUDED.exercise_id,
  prompt = EXCLUDED.prompt,
  options = EXCLUDED.options,
  correct_option = EXCLUDED.correct_option,
  explanation = EXCLUDED.explanation,
  display_order = EXCLUDED.display_order,
  question_type = EXCLUDED.question_type,
  answer_key = EXCLUDED.answer_key,
  distractor_tags = EXCLUDED.distractor_tags;

INSERT INTO public.questions (id, exercise_id, prompt, options, correct_option, explanation, display_order, question_type, answer_key, distractor_tags) VALUES
  ('f37d6d68-a40e-56cb-901d-7770575d626a', 'c494bd9e-f1aa-5dbc-af0f-b017eba817c8', 'ما نتيجة 0,9 × 1000؟', '[{"id":"a","text":"0,9"},{"id":"b","text":"9"},{"id":"c","text":"90"},{"id":"d","text":"900"}]'::jsonb, 'd', 'في الضرب في 1000 نُزيح الفاصلة ثلاث مراتب نحو اليمين ونكمل بالأصفار: 0,9 × 1000 = 900.', 3, 'mcq', NULL, NULL)
ON CONFLICT (id) DO UPDATE SET
  exercise_id = EXCLUDED.exercise_id,
  prompt = EXCLUDED.prompt,
  options = EXCLUDED.options,
  correct_option = EXCLUDED.correct_option,
  explanation = EXCLUDED.explanation,
  display_order = EXCLUDED.display_order,
  question_type = EXCLUDED.question_type,
  answer_key = EXCLUDED.answer_key,
  distractor_tags = EXCLUDED.distractor_tags;

INSERT INTO public.questions (id, exercise_id, prompt, options, correct_option, explanation, display_order, question_type, answer_key, distractor_tags) VALUES
  ('cd99ace9-4125-532d-b6c3-884f56abca40', 'c494bd9e-f1aa-5dbc-af0f-b017eba817c8', 'ما نتيجة 6,4 × 5؟', '[{"id":"a","text":"3,2"},{"id":"b","text":"32"},{"id":"c","text":"34"},{"id":"d","text":"320"}]'::jsonb, 'b', 'نضرب 64 × 5 = 320، وفي 6,4 رقمٌ واحد بعد الفاصلة فنضع رقمًا واحدًا: 32,0 أي 32. (الخطأ الشائع 320 هو نسيان الفاصلة في الجداء.)', 4, 'mcq', NULL, NULL)
ON CONFLICT (id) DO UPDATE SET
  exercise_id = EXCLUDED.exercise_id,
  prompt = EXCLUDED.prompt,
  options = EXCLUDED.options,
  correct_option = EXCLUDED.correct_option,
  explanation = EXCLUDED.explanation,
  display_order = EXCLUDED.display_order,
  question_type = EXCLUDED.question_type,
  answer_key = EXCLUDED.answer_key,
  distractor_tags = EXCLUDED.distractor_tags;

INSERT INTO public.questions (id, exercise_id, prompt, options, correct_option, explanation, display_order, question_type, answer_key, distractor_tags) VALUES
  ('1124bf93-8978-56ef-8905-4b5c7498d25c', 'c494bd9e-f1aa-5dbc-af0f-b017eba817c8', 'ما نتيجة 2,08 × 4؟', '[{"id":"a","text":"8,32"},{"id":"b","text":"8,42"},{"id":"c","text":"83,2"},{"id":"d","text":"832"}]'::jsonb, 'a', 'نضرب 208 × 4 = 832، وفي 2,08 رقمان بعد الفاصلة فنضع رقمين: 8,32. (الخطأ الشائع 83,2 هو وضع رقمٍ واحد بعد الفاصلة بدل رقمين.)', 5, 'mcq', NULL, NULL)
ON CONFLICT (id) DO UPDATE SET
  exercise_id = EXCLUDED.exercise_id,
  prompt = EXCLUDED.prompt,
  options = EXCLUDED.options,
  correct_option = EXCLUDED.correct_option,
  explanation = EXCLUDED.explanation,
  display_order = EXCLUDED.display_order,
  question_type = EXCLUDED.question_type,
  answer_key = EXCLUDED.answer_key,
  distractor_tags = EXCLUDED.distractor_tags;

INSERT INTO public.questions (id, exercise_id, prompt, options, correct_option, explanation, display_order, question_type, answer_key, distractor_tags) VALUES
  ('4ebe6440-9e34-507d-98d8-70cad64048cb', 'c494bd9e-f1aa-5dbc-af0f-b017eba817c8', 'ثمن المتر الواحد من القماش 3,5 دينار. كم ثمن 6 أمتار؟', '[{"id":"a","text":"2,1 دينار"},{"id":"b","text":"18 دينارًا"},{"id":"c","text":"21 دينارًا"},{"id":"d","text":"210 دنانير"}]'::jsonb, 'c', 'الثمن الجمليّ = ثمن الواحد × العدد = 3,5 × 6. نضرب 35 × 6 = 210، وفي 3,5 رقمٌ واحد بعد الفاصلة فنضع رقمًا واحدًا: 21,0 أي 21 دينارًا. (الخطأ الشائع 210 هو نسيان الفاصلة في الجداء.)', 6, 'mcq', NULL, NULL)
ON CONFLICT (id) DO UPDATE SET
  exercise_id = EXCLUDED.exercise_id,
  prompt = EXCLUDED.prompt,
  options = EXCLUDED.options,
  correct_option = EXCLUDED.correct_option,
  explanation = EXCLUDED.explanation,
  display_order = EXCLUDED.display_order,
  question_type = EXCLUDED.question_type,
  answer_key = EXCLUDED.answer_key,
  distractor_tags = EXCLUDED.distractor_tags;

INSERT INTO public.exercises (id, chapter_id, subject_id, title, difficulty, xp_reward, reward_coins, mode, source, display_order) VALUES
  ('d684dc7e-cf1c-51a0-835f-58c211e5a361', '919437f3-7913-5144-b78f-eee53cca8b24', 'math-5eme', 'اختبار فهم الدرس ⭐', 1, 20, 5, 'quiz', 'admin', 0)
ON CONFLICT (id) DO UPDATE SET
  chapter_id = EXCLUDED.chapter_id,
  subject_id = EXCLUDED.subject_id,
  title = EXCLUDED.title,
  difficulty = EXCLUDED.difficulty,
  xp_reward = EXCLUDED.xp_reward,
  reward_coins = EXCLUDED.reward_coins,
  mode = EXCLUDED.mode,
  display_order = EXCLUDED.display_order;

INSERT INTO public.questions (id, exercise_id, prompt, options, correct_option, explanation, display_order, question_type, answer_key, distractor_tags) VALUES
  ('10fab923-b487-5e10-bccc-ad66fdb07662', 'd684dc7e-cf1c-51a0-835f-58c211e5a361', 'في القسمة 47 ÷ 6 = 7 والباقي 5، ماذا نسمّي العدد 47؟', '[{"id":"a","text":"الخارج"},{"id":"b","text":"الباقي"},{"id":"c","text":"المقسوم"},{"id":"d","text":"المقسوم عليه"}]'::jsonb, 'c', 'المقسوم هو العدد الذي نوزّعه، فالعدد 47 في 47 ÷ 6 هو المقسوم. أمّا 6 فهو المقسوم عليه.', 1, 'mcq', NULL, NULL)
ON CONFLICT (id) DO UPDATE SET
  exercise_id = EXCLUDED.exercise_id,
  prompt = EXCLUDED.prompt,
  options = EXCLUDED.options,
  correct_option = EXCLUDED.correct_option,
  explanation = EXCLUDED.explanation,
  display_order = EXCLUDED.display_order,
  question_type = EXCLUDED.question_type,
  answer_key = EXCLUDED.answer_key,
  distractor_tags = EXCLUDED.distractor_tags;

INSERT INTO public.questions (id, exercise_id, prompt, options, correct_option, explanation, display_order, question_type, answer_key, distractor_tags) VALUES
  ('5e3ae375-4516-5ec6-8a2a-8ee23c97445a', 'd684dc7e-cf1c-51a0-835f-58c211e5a361', 'أنجزنا القسمة 38 ÷ 5 فكان الخارج 7. ما الباقي؟', '[{"id":"a","text":"3"},{"id":"b","text":"8"},{"id":"c","text":"5"},{"id":"d","text":"2"}]'::jsonb, 'a', '5 × 7 = 35، والباقي 38 − 35 = 3. والباقي 3 أصغر من المقسوم عليه 5، فالقسمة صحيحة.', 2, 'mcq', NULL, NULL)
ON CONFLICT (id) DO UPDATE SET
  exercise_id = EXCLUDED.exercise_id,
  prompt = EXCLUDED.prompt,
  options = EXCLUDED.options,
  correct_option = EXCLUDED.correct_option,
  explanation = EXCLUDED.explanation,
  display_order = EXCLUDED.display_order,
  question_type = EXCLUDED.question_type,
  answer_key = EXCLUDED.answer_key,
  distractor_tags = EXCLUDED.distractor_tags;

INSERT INTO public.questions (id, exercise_id, prompt, options, correct_option, explanation, display_order, question_type, answer_key, distractor_tags) VALUES
  ('a522e1c5-69dc-5e64-8a89-5306eda1128f', 'd684dc7e-cf1c-51a0-835f-58c211e5a361', 'ما العلاقة الصحيحة التي تربط أعداد القسمة الإقليدية؟', '[{"id":"a","text":"المقسوم = المقسوم عليه + الخارج"},{"id":"b","text":"المقسوم = المقسوم عليه × الخارج + الباقي"},{"id":"c","text":"المقسوم = المقسوم عليه × الباقي + الخارج"},{"id":"d","text":"المقسوم = الخارج × الباقي"}]'::jsonb, 'b', 'العلاقة الأساسية هي المقسوم = المقسوم عليه × الخارج + الباقي، ونتثبّت بها من كلّ قسمة.', 3, 'mcq', NULL, NULL)
ON CONFLICT (id) DO UPDATE SET
  exercise_id = EXCLUDED.exercise_id,
  prompt = EXCLUDED.prompt,
  options = EXCLUDED.options,
  correct_option = EXCLUDED.correct_option,
  explanation = EXCLUDED.explanation,
  display_order = EXCLUDED.display_order,
  question_type = EXCLUDED.question_type,
  answer_key = EXCLUDED.answer_key,
  distractor_tags = EXCLUDED.distractor_tags;

INSERT INTO public.questions (id, exercise_id, prompt, options, correct_option, explanation, display_order, question_type, answer_key, distractor_tags) VALUES
  ('a0d06528-619a-52d9-b6d4-82ff54357bd8', 'd684dc7e-cf1c-51a0-835f-58c211e5a361', 'كم يساوي 350 ÷ 10؟', '[{"id":"a","text":"3 500"},{"id":"b","text":"3,5"},{"id":"c","text":"350"},{"id":"d","text":"35"}]'::jsonb, 'd', 'للقسمة على 10 نُزيح الفاصلة مرتبةً واحدةً نحو اليسار، فـ 350 ÷ 10 = 35.', 4, 'mcq', NULL, NULL)
ON CONFLICT (id) DO UPDATE SET
  exercise_id = EXCLUDED.exercise_id,
  prompt = EXCLUDED.prompt,
  options = EXCLUDED.options,
  correct_option = EXCLUDED.correct_option,
  explanation = EXCLUDED.explanation,
  display_order = EXCLUDED.display_order,
  question_type = EXCLUDED.question_type,
  answer_key = EXCLUDED.answer_key,
  distractor_tags = EXCLUDED.distractor_tags;

INSERT INTO public.questions (id, exercise_id, prompt, options, correct_option, explanation, display_order, question_type, answer_key, distractor_tags) VALUES
  ('953fdbb4-852c-533e-bc6c-4a4a6cc37943', 'd684dc7e-cf1c-51a0-835f-58c211e5a361', 'أيّ شرطٍ يجب أن يتحقّق دائمًا في الباقي؟', '[{"id":"a","text":"الباقي أكبر من المقسوم عليه"},{"id":"b","text":"الباقي يساوي الخارج"},{"id":"c","text":"الباقي أصغر من المقسوم عليه"},{"id":"d","text":"الباقي يساوي صفرًا دائمًا"}]'::jsonb, 'c', 'الباقي أصغر دائمًا من المقسوم عليه، وإلّا أمكن توزيعه من جديد ولزاد الخارج.', 5, 'mcq', NULL, NULL)
ON CONFLICT (id) DO UPDATE SET
  exercise_id = EXCLUDED.exercise_id,
  prompt = EXCLUDED.prompt,
  options = EXCLUDED.options,
  correct_option = EXCLUDED.correct_option,
  explanation = EXCLUDED.explanation,
  display_order = EXCLUDED.display_order,
  question_type = EXCLUDED.question_type,
  answer_key = EXCLUDED.answer_key,
  distractor_tags = EXCLUDED.distractor_tags;

INSERT INTO public.exercises (id, chapter_id, subject_id, title, difficulty, xp_reward, reward_coins, mode, source, display_order) VALUES
  ('712e9b53-a3e9-5937-9be4-8e123a82839c', '919437f3-7913-5144-b78f-eee53cca8b24', 'math-5eme', '⭐ تمرين: أوّل خطوات في عالَم القسمة', 1, 50, 10, 'practice', 'admin', 1)
ON CONFLICT (id) DO UPDATE SET
  chapter_id = EXCLUDED.chapter_id,
  subject_id = EXCLUDED.subject_id,
  title = EXCLUDED.title,
  difficulty = EXCLUDED.difficulty,
  xp_reward = EXCLUDED.xp_reward,
  reward_coins = EXCLUDED.reward_coins,
  mode = EXCLUDED.mode,
  display_order = EXCLUDED.display_order;

INSERT INTO public.questions (id, exercise_id, prompt, options, correct_option, explanation, display_order, question_type, answer_key, distractor_tags) VALUES
  ('ff2747f0-6a13-5138-8f9e-d7649d506475', '712e9b53-a3e9-5937-9be4-8e123a82839c', 'في القسمة 53 ÷ 4 = 13 والباقي 1، ماذا نسمّي العدد 4؟', '[{"id":"a","text":"المقسوم"},{"id":"b","text":"الخارج"},{"id":"c","text":"المقسوم عليه"},{"id":"d","text":"الباقي"}]'::jsonb, 'c', 'المقسوم عليه هو العدد الذي نقسم عليه (عدد الحصص)، فالعدد 4 في 53 ÷ 4 هو المقسوم عليه.', 1, 'mcq', NULL, NULL)
ON CONFLICT (id) DO UPDATE SET
  exercise_id = EXCLUDED.exercise_id,
  prompt = EXCLUDED.prompt,
  options = EXCLUDED.options,
  correct_option = EXCLUDED.correct_option,
  explanation = EXCLUDED.explanation,
  display_order = EXCLUDED.display_order,
  question_type = EXCLUDED.question_type,
  answer_key = EXCLUDED.answer_key,
  distractor_tags = EXCLUDED.distractor_tags;

INSERT INTO public.questions (id, exercise_id, prompt, options, correct_option, explanation, display_order, question_type, answer_key, distractor_tags) VALUES
  ('0a33a6ca-e748-50ce-b121-d10468a3d9b3', '712e9b53-a3e9-5937-9be4-8e123a82839c', 'ما خارج القسمة 72 ÷ 6؟', '[{"id":"a","text":"11"},{"id":"b","text":"12"},{"id":"c","text":"13"},{"id":"d","text":"8"}]'::jsonb, 'b', '6 × 12 = 72 تمامًا، فالخارج 12 والباقي 0. تحقّق: 6 × 12 = 72 ✓.', 2, 'mcq', NULL, NULL)
ON CONFLICT (id) DO UPDATE SET
  exercise_id = EXCLUDED.exercise_id,
  prompt = EXCLUDED.prompt,
  options = EXCLUDED.options,
  correct_option = EXCLUDED.correct_option,
  explanation = EXCLUDED.explanation,
  display_order = EXCLUDED.display_order,
  question_type = EXCLUDED.question_type,
  answer_key = EXCLUDED.answer_key,
  distractor_tags = EXCLUDED.distractor_tags;

INSERT INTO public.questions (id, exercise_id, prompt, options, correct_option, explanation, display_order, question_type, answer_key, distractor_tags) VALUES
  ('37e5de61-8bd1-596b-83a0-061480168578', '712e9b53-a3e9-5937-9be4-8e123a82839c', 'أنجزنا 29 ÷ 3 فكان الخارج 9. ما الباقي؟', '[{"id":"a","text":"2"},{"id":"b","text":"3"},{"id":"c","text":"1"},{"id":"d","text":"5"}]'::jsonb, 'a', '3 × 9 = 27، والباقي 29 − 27 = 2. والباقي 2 أصغر من 3، فالقسمة صحيحة.', 3, 'mcq', NULL, NULL)
ON CONFLICT (id) DO UPDATE SET
  exercise_id = EXCLUDED.exercise_id,
  prompt = EXCLUDED.prompt,
  options = EXCLUDED.options,
  correct_option = EXCLUDED.correct_option,
  explanation = EXCLUDED.explanation,
  display_order = EXCLUDED.display_order,
  question_type = EXCLUDED.question_type,
  answer_key = EXCLUDED.answer_key,
  distractor_tags = EXCLUDED.distractor_tags;

INSERT INTO public.questions (id, exercise_id, prompt, options, correct_option, explanation, display_order, question_type, answer_key, distractor_tags) VALUES
  ('ce84c1e1-eeb4-5b60-97a8-06be7da0b3f0', '712e9b53-a3e9-5937-9be4-8e123a82839c', 'كم يساوي 80 ÷ 10؟', '[{"id":"a","text":"800"},{"id":"b","text":"0,8"},{"id":"c","text":"18"},{"id":"d","text":"8"}]'::jsonb, 'd', 'للقسمة على 10 نُزيح الفاصلة مرتبةً واحدةً نحو اليسار، فـ 80 ÷ 10 = 8.', 4, 'mcq', NULL, NULL)
ON CONFLICT (id) DO UPDATE SET
  exercise_id = EXCLUDED.exercise_id,
  prompt = EXCLUDED.prompt,
  options = EXCLUDED.options,
  correct_option = EXCLUDED.correct_option,
  explanation = EXCLUDED.explanation,
  display_order = EXCLUDED.display_order,
  question_type = EXCLUDED.question_type,
  answer_key = EXCLUDED.answer_key,
  distractor_tags = EXCLUDED.distractor_tags;

INSERT INTO public.questions (id, exercise_id, prompt, options, correct_option, explanation, display_order, question_type, answer_key, distractor_tags) VALUES
  ('b5a77d3e-ce3e-549d-b374-d805804178bb', '712e9b53-a3e9-5937-9be4-8e123a82839c', 'ما خارج القسمة 45 ÷ 6 وما باقيها؟', '[{"id":"a","text":"الخارج 6 والباقي 9"},{"id":"b","text":"الخارج 7 والباقي 3"},{"id":"c","text":"الخارج 7 والباقي 4"},{"id":"d","text":"الخارج 8 والباقي 0"}]'::jsonb, 'b', '6 × 7 = 42 ≤ 45، والباقي 45 − 42 = 3. تحقّق: 6 × 7 + 3 = 45 ✓، والباقي 3 أصغر من 6.', 5, 'mcq', NULL, NULL)
ON CONFLICT (id) DO UPDATE SET
  exercise_id = EXCLUDED.exercise_id,
  prompt = EXCLUDED.prompt,
  options = EXCLUDED.options,
  correct_option = EXCLUDED.correct_option,
  explanation = EXCLUDED.explanation,
  display_order = EXCLUDED.display_order,
  question_type = EXCLUDED.question_type,
  answer_key = EXCLUDED.answer_key,
  distractor_tags = EXCLUDED.distractor_tags;

INSERT INTO public.questions (id, exercise_id, prompt, options, correct_option, explanation, display_order, question_type, answer_key, distractor_tags) VALUES
  ('f9bae86a-4df8-5c3f-b0c5-b31f6acd857a', '712e9b53-a3e9-5937-9be4-8e123a82839c', 'أنجزنا 64 ÷ 9 فكان الخارج 7. ما الباقي؟', '[{"id":"a","text":"7"},{"id":"b","text":"2"},{"id":"c","text":"1"},{"id":"d","text":"9"}]'::jsonb, 'c', '9 × 7 = 63، والباقي 64 − 63 = 1. تحقّق: 9 × 7 + 1 = 64 ✓، والباقي 1 أصغر من 9.', 6, 'mcq', NULL, NULL)
ON CONFLICT (id) DO UPDATE SET
  exercise_id = EXCLUDED.exercise_id,
  prompt = EXCLUDED.prompt,
  options = EXCLUDED.options,
  correct_option = EXCLUDED.correct_option,
  explanation = EXCLUDED.explanation,
  display_order = EXCLUDED.display_order,
  question_type = EXCLUDED.question_type,
  answer_key = EXCLUDED.answer_key,
  distractor_tags = EXCLUDED.distractor_tags;

INSERT INTO public.exercises (id, chapter_id, subject_id, title, difficulty, xp_reward, reward_coins, mode, source, display_order) VALUES
  ('61eecc80-1ed0-579a-afcf-ae74b8d40128', '919437f3-7913-5144-b78f-eee53cca8b24', 'math-5eme', '⚔️ زعيم الفصل ⭐⭐⭐: معركة المقسوم والباقي', 3, 120, 30, 'boss', 'admin', 2)
ON CONFLICT (id) DO UPDATE SET
  chapter_id = EXCLUDED.chapter_id,
  subject_id = EXCLUDED.subject_id,
  title = EXCLUDED.title,
  difficulty = EXCLUDED.difficulty,
  xp_reward = EXCLUDED.xp_reward,
  reward_coins = EXCLUDED.reward_coins,
  mode = EXCLUDED.mode,
  display_order = EXCLUDED.display_order;

INSERT INTO public.questions (id, exercise_id, prompt, options, correct_option, explanation, display_order, question_type, answer_key, distractor_tags) VALUES
  ('ade913e1-d403-560e-bd49-31b1404c28be', '61eecc80-1ed0-579a-afcf-ae74b8d40128', 'ما خارج القسمة 92 ÷ 7 وما باقيها؟', '[{"id":"a","text":"الخارج 12 والباقي 8"},{"id":"b","text":"الخارج 13 والباقي 1"},{"id":"c","text":"الخارج 13 والباقي 3"},{"id":"d","text":"الخارج 14 والباقي 0"}]'::jsonb, 'b', '7 × 13 = 91 ≤ 92، والباقي 92 − 91 = 1. تحقّق: 7 × 13 + 1 = 92 ✓. الخطأ الشائع «12 والباقي 8»: الباقي 8 أكبر من المقسوم عليه 7، فهو خطأ.', 1, 'mcq', NULL, NULL)
ON CONFLICT (id) DO UPDATE SET
  exercise_id = EXCLUDED.exercise_id,
  prompt = EXCLUDED.prompt,
  options = EXCLUDED.options,
  correct_option = EXCLUDED.correct_option,
  explanation = EXCLUDED.explanation,
  display_order = EXCLUDED.display_order,
  question_type = EXCLUDED.question_type,
  answer_key = EXCLUDED.answer_key,
  distractor_tags = EXCLUDED.distractor_tags;

INSERT INTO public.questions (id, exercise_id, prompt, options, correct_option, explanation, display_order, question_type, answer_key, distractor_tags) VALUES
  ('6dd10698-7dff-5a0f-8ca9-498fae4deadb', '61eecc80-1ed0-579a-afcf-ae74b8d40128', 'ما خارج القسمة 96 ÷ 12؟', '[{"id":"a","text":"6"},{"id":"b","text":"9"},{"id":"c","text":"8"},{"id":"d","text":"7"}]'::jsonb, 'c', 'نبحث في مضاعفات 12: 12 × 8 = 96 تمامًا، فالخارج 8 والباقي 0. تحقّق: 12 × 8 = 96 ✓.', 2, 'mcq', NULL, NULL)
ON CONFLICT (id) DO UPDATE SET
  exercise_id = EXCLUDED.exercise_id,
  prompt = EXCLUDED.prompt,
  options = EXCLUDED.options,
  correct_option = EXCLUDED.correct_option,
  explanation = EXCLUDED.explanation,
  display_order = EXCLUDED.display_order,
  question_type = EXCLUDED.question_type,
  answer_key = EXCLUDED.answer_key,
  distractor_tags = EXCLUDED.distractor_tags;

INSERT INTO public.questions (id, exercise_id, prompt, options, correct_option, explanation, display_order, question_type, answer_key, distractor_tags) VALUES
  ('2626ea54-1865-5e08-9a2c-4446e1d5fd2f', '61eecc80-1ed0-579a-afcf-ae74b8d40128', 'عرف تلميذٌ أنّ 7 × 8 = 56. ما خارج القسمة 60 ÷ 7 وما باقيها؟', '[{"id":"a","text":"الخارج 8 والباقي 4"},{"id":"b","text":"الخارج 8 والباقي 6"},{"id":"c","text":"الخارج 9 والباقي 3"},{"id":"d","text":"الخارج 7 والباقي 11"}]'::jsonb, 'a', '7 × 8 = 56 ≤ 60، والباقي 60 − 56 = 4. تحقّق: 7 × 8 + 4 = 60 ✓، والباقي 4 أصغر من 7.', 3, 'mcq', NULL, NULL)
ON CONFLICT (id) DO UPDATE SET
  exercise_id = EXCLUDED.exercise_id,
  prompt = EXCLUDED.prompt,
  options = EXCLUDED.options,
  correct_option = EXCLUDED.correct_option,
  explanation = EXCLUDED.explanation,
  display_order = EXCLUDED.display_order,
  question_type = EXCLUDED.question_type,
  answer_key = EXCLUDED.answer_key,
  distractor_tags = EXCLUDED.distractor_tags;

INSERT INTO public.questions (id, exercise_id, prompt, options, correct_option, explanation, display_order, question_type, answer_key, distractor_tags) VALUES
  ('29719f30-7668-5ed4-ba88-2a14dd5ca730', '61eecc80-1ed0-579a-afcf-ae74b8d40128', 'ما خارج القسمة 85 ÷ 15 وما باقيها؟', '[{"id":"a","text":"الخارج 6 والباقي 5"},{"id":"b","text":"الخارج 4 والباقي 25"},{"id":"c","text":"الخارج 5 والباقي 15"},{"id":"d","text":"الخارج 5 والباقي 10"}]'::jsonb, 'd', 'مضاعفات 15: 75 = 15 × 5 ≤ 85، والباقي 85 − 75 = 10. تحقّق: 15 × 5 + 10 = 85 ✓. الخطأ الشائع «الباقي 15»: 15 يساوي المقسوم عليه فيمكن قسمته من جديد، فالخارج يصير 6.', 4, 'mcq', NULL, NULL)
ON CONFLICT (id) DO UPDATE SET
  exercise_id = EXCLUDED.exercise_id,
  prompt = EXCLUDED.prompt,
  options = EXCLUDED.options,
  correct_option = EXCLUDED.correct_option,
  explanation = EXCLUDED.explanation,
  display_order = EXCLUDED.display_order,
  question_type = EXCLUDED.question_type,
  answer_key = EXCLUDED.answer_key,
  distractor_tags = EXCLUDED.distractor_tags;

INSERT INTO public.questions (id, exercise_id, prompt, options, correct_option, explanation, display_order, question_type, answer_key, distractor_tags) VALUES
  ('cc2b1d17-4c76-5b47-afcb-96b824932449', '61eecc80-1ed0-579a-afcf-ae74b8d40128', 'ما خارج القسمة 100 ÷ 27 وما باقيها؟', '[{"id":"a","text":"الخارج 4 والباقي 8"},{"id":"b","text":"الخارج 3 والباقي 19"},{"id":"c","text":"الخارج 3 والباقي 28"},{"id":"d","text":"الخارج 2 والباقي 46"}]'::jsonb, 'b', 'مضاعفات 27: 81 = 27 × 3 ≤ 100، والباقي 100 − 81 = 19. تحقّق: 27 × 3 + 19 = 100 ✓، والباقي 19 أصغر من 27.', 5, 'mcq', NULL, NULL)
ON CONFLICT (id) DO UPDATE SET
  exercise_id = EXCLUDED.exercise_id,
  prompt = EXCLUDED.prompt,
  options = EXCLUDED.options,
  correct_option = EXCLUDED.correct_option,
  explanation = EXCLUDED.explanation,
  display_order = EXCLUDED.display_order,
  question_type = EXCLUDED.question_type,
  answer_key = EXCLUDED.answer_key,
  distractor_tags = EXCLUDED.distractor_tags;

INSERT INTO public.questions (id, exercise_id, prompt, options, correct_option, explanation, display_order, question_type, answer_key, distractor_tags) VALUES
  ('3dec5402-5ba3-5bdd-8cad-569165e95462', '61eecc80-1ed0-579a-afcf-ae74b8d40128', 'قسمةٌ مقسومها 50 ومقسومها عليه 6، وادّعى تلميذٌ أنّ خارجها 8 وباقيها 2. هل هذا صحيح؟', '[{"id":"a","text":"خطأ، الخارج 7 والباقي 8"},{"id":"b","text":"خطأ، الخارج 9 والباقي 4"},{"id":"c","text":"صحيح، الخارج 8 والباقي 2"},{"id":"d","text":"خطأ، الخارج 8 والباقي 4"}]'::jsonb, 'c', '6 × 8 = 48 ≤ 50، والباقي 50 − 48 = 2. تحقّق: 6 × 8 + 2 = 50 ✓، والباقي 2 أصغر من 6، فالادّعاء صحيح.', 6, 'mcq', NULL, NULL)
ON CONFLICT (id) DO UPDATE SET
  exercise_id = EXCLUDED.exercise_id,
  prompt = EXCLUDED.prompt,
  options = EXCLUDED.options,
  correct_option = EXCLUDED.correct_option,
  explanation = EXCLUDED.explanation,
  display_order = EXCLUDED.display_order,
  question_type = EXCLUDED.question_type,
  answer_key = EXCLUDED.answer_key,
  distractor_tags = EXCLUDED.distractor_tags;

INSERT INTO public.exercises (id, chapter_id, subject_id, title, difficulty, xp_reward, reward_coins, mode, source, display_order) VALUES
  ('1a6b1745-a97d-572a-b07f-8303b8840708', '919437f3-7913-5144-b78f-eee53cca8b24', 'math-5eme', '⭐⭐ تمرين مراجعة (نمط امتحان): القسمة من كلّ الأبواب', 2, 75, 15, 'practice', 'admin', 3)
ON CONFLICT (id) DO UPDATE SET
  chapter_id = EXCLUDED.chapter_id,
  subject_id = EXCLUDED.subject_id,
  title = EXCLUDED.title,
  difficulty = EXCLUDED.difficulty,
  xp_reward = EXCLUDED.xp_reward,
  reward_coins = EXCLUDED.reward_coins,
  mode = EXCLUDED.mode,
  display_order = EXCLUDED.display_order;

INSERT INTO public.questions (id, exercise_id, prompt, options, correct_option, explanation, display_order, question_type, answer_key, distractor_tags) VALUES
  ('15f74050-6c4a-5447-a52f-88479c9daf4d', '1a6b1745-a97d-572a-b07f-8303b8840708', 'كم يساوي 47 ÷ 10؟', '[{"id":"a","text":"470"},{"id":"b","text":"4,7"},{"id":"c","text":"0,47"},{"id":"d","text":"37"}]'::jsonb, 'b', 'للقسمة على 10 نُزيح الفاصلة مرتبةً واحدةً نحو اليسار، فـ 47 ÷ 10 = 4,7.', 1, 'mcq', NULL, NULL)
ON CONFLICT (id) DO UPDATE SET
  exercise_id = EXCLUDED.exercise_id,
  prompt = EXCLUDED.prompt,
  options = EXCLUDED.options,
  correct_option = EXCLUDED.correct_option,
  explanation = EXCLUDED.explanation,
  display_order = EXCLUDED.display_order,
  question_type = EXCLUDED.question_type,
  answer_key = EXCLUDED.answer_key,
  distractor_tags = EXCLUDED.distractor_tags;

INSERT INTO public.questions (id, exercise_id, prompt, options, correct_option, explanation, display_order, question_type, answer_key, distractor_tags) VALUES
  ('d0880495-4bc7-54e1-a877-abcc734f27a2', '1a6b1745-a97d-572a-b07f-8303b8840708', 'كم يساوي 1 250 ÷ 100؟', '[{"id":"a","text":"125"},{"id":"b","text":"1,25"},{"id":"c","text":"12,5"},{"id":"d","text":"1 150"}]'::jsonb, 'c', 'للقسمة على 100 نُزيح الفاصلة مرتبتين نحو اليسار، فـ 1 250 ÷ 100 = 12,5.', 2, 'mcq', NULL, NULL)
ON CONFLICT (id) DO UPDATE SET
  exercise_id = EXCLUDED.exercise_id,
  prompt = EXCLUDED.prompt,
  options = EXCLUDED.options,
  correct_option = EXCLUDED.correct_option,
  explanation = EXCLUDED.explanation,
  display_order = EXCLUDED.display_order,
  question_type = EXCLUDED.question_type,
  answer_key = EXCLUDED.answer_key,
  distractor_tags = EXCLUDED.distractor_tags;

INSERT INTO public.questions (id, exercise_id, prompt, options, correct_option, explanation, display_order, question_type, answer_key, distractor_tags) VALUES
  ('08e223aa-72c0-562a-b9c8-67b43cab6de3', '1a6b1745-a97d-572a-b07f-8303b8840708', 'بتمديد القسمة، كم يساوي 18 ÷ 5؟', '[{"id":"a","text":"3 والباقي 3"},{"id":"b","text":"3,5"},{"id":"c","text":"9"},{"id":"d","text":"3,6"}]'::jsonb, 'd', '18 ÷ 5: الخارج 3 والباقي 3، نُنزل صفرًا فيصير 30، و 30 ÷ 5 = 6، فالخارج 3,6. تحقّق: 5 × 3,6 = 18 ✓.', 3, 'mcq', NULL, NULL)
ON CONFLICT (id) DO UPDATE SET
  exercise_id = EXCLUDED.exercise_id,
  prompt = EXCLUDED.prompt,
  options = EXCLUDED.options,
  correct_option = EXCLUDED.correct_option,
  explanation = EXCLUDED.explanation,
  display_order = EXCLUDED.display_order,
  question_type = EXCLUDED.question_type,
  answer_key = EXCLUDED.answer_key,
  distractor_tags = EXCLUDED.distractor_tags;

INSERT INTO public.questions (id, exercise_id, prompt, options, correct_option, explanation, display_order, question_type, answer_key, distractor_tags) VALUES
  ('5e119324-0161-518d-80ab-e94228d810db', '1a6b1745-a97d-572a-b07f-8303b8840708', 'كم يساوي 7 ÷ 100؟', '[{"id":"a","text":"0,07"},{"id":"b","text":"0,7"},{"id":"c","text":"7"},{"id":"d","text":"700"}]'::jsonb, 'a', 'نُزيح الفاصلة مرتبتين نحو اليسار ونكمل بصفرٍ على اليسار: 7 ÷ 100 = 0,07.', 4, 'mcq', NULL, NULL)
ON CONFLICT (id) DO UPDATE SET
  exercise_id = EXCLUDED.exercise_id,
  prompt = EXCLUDED.prompt,
  options = EXCLUDED.options,
  correct_option = EXCLUDED.correct_option,
  explanation = EXCLUDED.explanation,
  display_order = EXCLUDED.display_order,
  question_type = EXCLUDED.question_type,
  answer_key = EXCLUDED.answer_key,
  distractor_tags = EXCLUDED.distractor_tags;

INSERT INTO public.questions (id, exercise_id, prompt, options, correct_option, explanation, display_order, question_type, answer_key, distractor_tags) VALUES
  ('07881568-1239-5118-ad8a-b09180f1c2f5', '1a6b1745-a97d-572a-b07f-8303b8840708', 'بتمديد القسمة، كم يساوي 9 ÷ 4؟', '[{"id":"a","text":"2 والباقي 1"},{"id":"b","text":"2,5"},{"id":"c","text":"2,25"},{"id":"d","text":"4,5"}]'::jsonb, 'c', '9 ÷ 4: الخارج 2 والباقي 1، نُنزل صفرًا (10) فالخارج 2 والباقي 2، ثمّ صفرًا (20) فـ 5، إذن 2,25. تحقّق: 4 × 2,25 = 9 ✓.', 5, 'mcq', NULL, NULL)
ON CONFLICT (id) DO UPDATE SET
  exercise_id = EXCLUDED.exercise_id,
  prompt = EXCLUDED.prompt,
  options = EXCLUDED.options,
  correct_option = EXCLUDED.correct_option,
  explanation = EXCLUDED.explanation,
  display_order = EXCLUDED.display_order,
  question_type = EXCLUDED.question_type,
  answer_key = EXCLUDED.answer_key,
  distractor_tags = EXCLUDED.distractor_tags;

INSERT INTO public.questions (id, exercise_id, prompt, options, correct_option, explanation, display_order, question_type, answer_key, distractor_tags) VALUES
  ('e609fa30-6483-57d7-a030-651628f305e9', '1a6b1745-a97d-572a-b07f-8303b8840708', 'كم يساوي 6,5 ÷ 10؟', '[{"id":"a","text":"65"},{"id":"b","text":"0,65"},{"id":"c","text":"6,05"},{"id":"d","text":"0,065"}]'::jsonb, 'b', 'نُزيح الفاصلة مرتبةً واحدةً نحو اليسار، فـ 6,5 ÷ 10 = 0,65.', 6, 'mcq', NULL, NULL)
ON CONFLICT (id) DO UPDATE SET
  exercise_id = EXCLUDED.exercise_id,
  prompt = EXCLUDED.prompt,
  options = EXCLUDED.options,
  correct_option = EXCLUDED.correct_option,
  explanation = EXCLUDED.explanation,
  display_order = EXCLUDED.display_order,
  question_type = EXCLUDED.question_type,
  answer_key = EXCLUDED.answer_key,
  distractor_tags = EXCLUDED.distractor_tags;

INSERT INTO public.exercises (id, chapter_id, subject_id, title, difficulty, xp_reward, reward_coins, mode, source, display_order) VALUES
  ('b45f98f1-ec63-55b4-9b45-b4f9adad5c20', '919437f3-7913-5144-b78f-eee53cca8b24', 'math-5eme', '👑 تحدّي النخبة ⭐⭐⭐⭐: ألغاز التوزيع والباقي', 4, 300, 60, 'challenge', 'admin', 4)
ON CONFLICT (id) DO UPDATE SET
  chapter_id = EXCLUDED.chapter_id,
  subject_id = EXCLUDED.subject_id,
  title = EXCLUDED.title,
  difficulty = EXCLUDED.difficulty,
  xp_reward = EXCLUDED.xp_reward,
  reward_coins = EXCLUDED.reward_coins,
  mode = EXCLUDED.mode,
  display_order = EXCLUDED.display_order;

INSERT INTO public.questions (id, exercise_id, prompt, options, correct_option, explanation, display_order, question_type, answer_key, distractor_tags) VALUES
  ('1ffb0b06-14b4-5486-bdf3-513636b82c6e', 'b45f98f1-ec63-55b4-9b45-b4f9adad5c20', 'نوزّع 72 جوهرةً بالتساوي على 6 أبطال. كم ينال كلّ بطل؟', '[{"id":"a","text":"11 جوهرة"},{"id":"b","text":"13 جوهرة"},{"id":"c","text":"12 جوهرة"},{"id":"d","text":"9 جواهر"}]'::jsonb, 'c', 'نقسم بالتساوي: 72 ÷ 6 = 12 (لأنّ 6 × 12 = 72)، فينال كلّ بطلٍ 12 جوهرة دون باقٍ.', 1, 'mcq', NULL, NULL)
ON CONFLICT (id) DO UPDATE SET
  exercise_id = EXCLUDED.exercise_id,
  prompt = EXCLUDED.prompt,
  options = EXCLUDED.options,
  correct_option = EXCLUDED.correct_option,
  explanation = EXCLUDED.explanation,
  display_order = EXCLUDED.display_order,
  question_type = EXCLUDED.question_type,
  answer_key = EXCLUDED.answer_key,
  distractor_tags = EXCLUDED.distractor_tags;

INSERT INTO public.questions (id, exercise_id, prompt, options, correct_option, explanation, display_order, question_type, answer_key, distractor_tags) VALUES
  ('c542e450-ea43-50ff-9827-75f3bcbc10ae', 'b45f98f1-ec63-55b4-9b45-b4f9adad5c20', 'نضع 30 كتابًا في صناديق، يَسَع كلّ صندوقٍ 4 كتب. كم صندوقًا نحتاج لوضع كلّ الكتب؟', '[{"id":"a","text":"7 صناديق"},{"id":"b","text":"8 صناديق"},{"id":"c","text":"6 صناديق"},{"id":"d","text":"9 صناديق"}]'::jsonb, 'b', '30 ÷ 4: الخارج 7 والباقي 2 (4 × 7 + 2 = 30). الكتابان المتبقّيان يحتاجان صندوقًا إضافيًّا، فالعدد 7 + 1 = 8 صناديق. الخطأ الشائع 7: ينسى الباقي ولا يكفي لكلّ الكتب.', 2, 'mcq', NULL, NULL)
ON CONFLICT (id) DO UPDATE SET
  exercise_id = EXCLUDED.exercise_id,
  prompt = EXCLUDED.prompt,
  options = EXCLUDED.options,
  correct_option = EXCLUDED.correct_option,
  explanation = EXCLUDED.explanation,
  display_order = EXCLUDED.display_order,
  question_type = EXCLUDED.question_type,
  answer_key = EXCLUDED.answer_key,
  distractor_tags = EXCLUDED.distractor_tags;

INSERT INTO public.questions (id, exercise_id, prompt, options, correct_option, explanation, display_order, question_type, answer_key, distractor_tags) VALUES
  ('a8cf5241-52dc-5c4e-bdb7-8f0c6f4a5923', 'b45f98f1-ec63-55b4-9b45-b4f9adad5c20', 'اشترى 6 أصدقاء هديّةً بثمن 45 دينارًا واقتسموا الثمن بالتساوي. كم يدفع كلّ واحد؟', '[{"id":"a","text":"7,5 دينارًا"},{"id":"b","text":"7 دنانير والباقي 3"},{"id":"c","text":"8 دنانير"},{"id":"d","text":"6,5 دينارًا"}]'::jsonb, 'a', 'في الأثمان نمدّد القسمة لخارجٍ عشريّ: 45 ÷ 6، الخارج 7 والباقي 3، نُنزل صفرًا (30) فـ 5، إذن 7,5. تحقّق: 6 × 7,5 = 45 ✓.', 3, 'mcq', NULL, NULL)
ON CONFLICT (id) DO UPDATE SET
  exercise_id = EXCLUDED.exercise_id,
  prompt = EXCLUDED.prompt,
  options = EXCLUDED.options,
  correct_option = EXCLUDED.correct_option,
  explanation = EXCLUDED.explanation,
  display_order = EXCLUDED.display_order,
  question_type = EXCLUDED.question_type,
  answer_key = EXCLUDED.answer_key,
  distractor_tags = EXCLUDED.distractor_tags;

INSERT INTO public.questions (id, exercise_id, prompt, options, correct_option, explanation, display_order, question_type, answer_key, distractor_tags) VALUES
  ('ba39e897-5f34-5a7a-a3d9-f0efdec1f1bb', 'b45f98f1-ec63-55b4-9b45-b4f9adad5c20', 'في قسمةٍ إقليدية المقسوم عليه 8 والخارج 12 والباقي 4. ما المقسوم؟', '[{"id":"a","text":"24"},{"id":"b","text":"96"},{"id":"c","text":"84"},{"id":"d","text":"100"}]'::jsonb, 'd', 'نستعمل العلاقة: المقسوم = المقسوم عليه × الخارج + الباقي = 8 × 12 + 4 = 96 + 4 = 100. والباقي 4 أصغر من 8 ✓.', 4, 'mcq', NULL, NULL)
ON CONFLICT (id) DO UPDATE SET
  exercise_id = EXCLUDED.exercise_id,
  prompt = EXCLUDED.prompt,
  options = EXCLUDED.options,
  correct_option = EXCLUDED.correct_option,
  explanation = EXCLUDED.explanation,
  display_order = EXCLUDED.display_order,
  question_type = EXCLUDED.question_type,
  answer_key = EXCLUDED.answer_key,
  distractor_tags = EXCLUDED.distractor_tags;

INSERT INTO public.questions (id, exercise_id, prompt, options, correct_option, explanation, display_order, question_type, answer_key, distractor_tags) VALUES
  ('1f6240ff-c485-5d52-aad4-3efe8df35636', 'b45f98f1-ec63-55b4-9b45-b4f9adad5c20', 'قسمنا عددًا على 25 فكان الخارج 5 والباقي 5. أيّ عددٍ هو المقسوم؟', '[{"id":"a","text":"30"},{"id":"b","text":"125"},{"id":"c","text":"130"},{"id":"d","text":"150"}]'::jsonb, 'c', 'المقسوم = 25 × 5 + 5 = 125 + 5 = 130. الخطأ الشائع 125: ينسى إضافة الباقي 5 إلى الجداء.', 5, 'mcq', NULL, NULL)
ON CONFLICT (id) DO UPDATE SET
  exercise_id = EXCLUDED.exercise_id,
  prompt = EXCLUDED.prompt,
  options = EXCLUDED.options,
  correct_option = EXCLUDED.correct_option,
  explanation = EXCLUDED.explanation,
  display_order = EXCLUDED.display_order,
  question_type = EXCLUDED.question_type,
  answer_key = EXCLUDED.answer_key,
  distractor_tags = EXCLUDED.distractor_tags;

INSERT INTO public.questions (id, exercise_id, prompt, options, correct_option, explanation, display_order, question_type, answer_key, distractor_tags) VALUES
  ('07e36f39-0aa0-5877-b0e9-f8fb516cb311', 'b45f98f1-ec63-55b4-9b45-b4f9adad5c20', 'شريطٌ طوله 15,6 m نقصّه إلى 4 قطعٍ متساوية. ما طول كلّ قطعة؟', '[{"id":"a","text":"3,6 m"},{"id":"b","text":"3,9 m"},{"id":"c","text":"4,1 m"},{"id":"d","text":"3 m والباقي 0,6"}]'::jsonb, 'b', 'نقسم العدد العشري على عددٍ صحيح: 15,6 ÷ 4 = 3,9 (15 ÷ 4 الخارج 3 والباقي 3، ننزل 6 فيصير 36، و 36 ÷ 4 = 9). تحقّق: 4 × 3,9 = 15,6 ✓.', 6, 'mcq', NULL, NULL)
ON CONFLICT (id) DO UPDATE SET
  exercise_id = EXCLUDED.exercise_id,
  prompt = EXCLUDED.prompt,
  options = EXCLUDED.options,
  correct_option = EXCLUDED.correct_option,
  explanation = EXCLUDED.explanation,
  display_order = EXCLUDED.display_order,
  question_type = EXCLUDED.question_type,
  answer_key = EXCLUDED.answer_key,
  distractor_tags = EXCLUDED.distractor_tags;

INSERT INTO public.exercises (id, chapter_id, subject_id, title, difficulty, xp_reward, reward_coins, mode, source, display_order) VALUES
  ('b030d87b-fe85-5893-96bf-5a7603e7345b', '919437f3-7913-5144-b78f-eee53cca8b24', 'math-5eme', '📝 تدريب ⭐⭐⭐: إتقان القسمة (مراجعة شاملة)', 3, 120, 30, 'boss', 'admin', 5)
ON CONFLICT (id) DO UPDATE SET
  chapter_id = EXCLUDED.chapter_id,
  subject_id = EXCLUDED.subject_id,
  title = EXCLUDED.title,
  difficulty = EXCLUDED.difficulty,
  xp_reward = EXCLUDED.xp_reward,
  reward_coins = EXCLUDED.reward_coins,
  mode = EXCLUDED.mode,
  display_order = EXCLUDED.display_order;

INSERT INTO public.questions (id, exercise_id, prompt, options, correct_option, explanation, display_order, question_type, answer_key, distractor_tags) VALUES
  ('7a0ed095-1dbc-5f34-9b96-45919b38ccf4', 'b030d87b-fe85-5893-96bf-5a7603e7345b', 'كم يساوي 9,6 ÷ 4؟', '[{"id":"a","text":"2,2"},{"id":"b","text":"2,4"},{"id":"c","text":"24"},{"id":"d","text":"2 والباقي 1,6"}]'::jsonb, 'b', 'نقسم العدد العشري: 9 ÷ 4 الخارج 2 والباقي 1، نضع الفاصلة وننزل 6 (16)، و 16 ÷ 4 = 4، فالخارج 2,4. تحقّق: 4 × 2,4 = 9,6 ✓.', 1, 'mcq', NULL, NULL)
ON CONFLICT (id) DO UPDATE SET
  exercise_id = EXCLUDED.exercise_id,
  prompt = EXCLUDED.prompt,
  options = EXCLUDED.options,
  correct_option = EXCLUDED.correct_option,
  explanation = EXCLUDED.explanation,
  display_order = EXCLUDED.display_order,
  question_type = EXCLUDED.question_type,
  answer_key = EXCLUDED.answer_key,
  distractor_tags = EXCLUDED.distractor_tags;

INSERT INTO public.questions (id, exercise_id, prompt, options, correct_option, explanation, display_order, question_type, answer_key, distractor_tags) VALUES
  ('6d2d4ef5-4b85-59c7-9c06-8f974f41c92c', 'b030d87b-fe85-5893-96bf-5a7603e7345b', 'ما خارج القسمة 84 ÷ 21؟', '[{"id":"a","text":"3"},{"id":"b","text":"5"},{"id":"c","text":"4"},{"id":"d","text":"6"}]'::jsonb, 'c', 'مضاعفات 21: 21 × 4 = 84 تمامًا، فالخارج 4 والباقي 0. تحقّق: 21 × 4 = 84 ✓.', 2, 'mcq', NULL, NULL)
ON CONFLICT (id) DO UPDATE SET
  exercise_id = EXCLUDED.exercise_id,
  prompt = EXCLUDED.prompt,
  options = EXCLUDED.options,
  correct_option = EXCLUDED.correct_option,
  explanation = EXCLUDED.explanation,
  display_order = EXCLUDED.display_order,
  question_type = EXCLUDED.question_type,
  answer_key = EXCLUDED.answer_key,
  distractor_tags = EXCLUDED.distractor_tags;

INSERT INTO public.questions (id, exercise_id, prompt, options, correct_option, explanation, display_order, question_type, answer_key, distractor_tags) VALUES
  ('b882e3a7-9a54-5c34-a200-cf51b46e2e56', 'b030d87b-fe85-5893-96bf-5a7603e7345b', 'بتمديد القسمة، كم يساوي 27 ÷ 4؟', '[{"id":"a","text":"6,75"},{"id":"b","text":"6,5"},{"id":"c","text":"6 والباقي 3"},{"id":"d","text":"7,25"}]'::jsonb, 'a', '27 ÷ 4 الخارج 6 والباقي 3، ننزل صفرًا (30) فـ 7 والباقي 2، ثمّ صفرًا (20) فـ 5، إذن 6,75. تحقّق: 4 × 6,75 = 27 ✓.', 3, 'mcq', NULL, NULL)
ON CONFLICT (id) DO UPDATE SET
  exercise_id = EXCLUDED.exercise_id,
  prompt = EXCLUDED.prompt,
  options = EXCLUDED.options,
  correct_option = EXCLUDED.correct_option,
  explanation = EXCLUDED.explanation,
  display_order = EXCLUDED.display_order,
  question_type = EXCLUDED.question_type,
  answer_key = EXCLUDED.answer_key,
  distractor_tags = EXCLUDED.distractor_tags;

INSERT INTO public.questions (id, exercise_id, prompt, options, correct_option, explanation, display_order, question_type, answer_key, distractor_tags) VALUES
  ('95049512-d7c6-5e64-b49c-3f2df96397fa', 'b030d87b-fe85-5893-96bf-5a7603e7345b', 'ما خارج القسمة 75 ÷ 24 وما باقيها؟', '[{"id":"a","text":"الخارج 2 والباقي 27"},{"id":"b","text":"الخارج 4 والباقي 0"},{"id":"c","text":"الخارج 3 والباقي 7"},{"id":"d","text":"الخارج 3 والباقي 3"}]'::jsonb, 'd', 'مضاعفات 24: 72 = 24 × 3 ≤ 75، والباقي 75 − 72 = 3. تحقّق: 24 × 3 + 3 = 75 ✓، والباقي 3 أصغر من 24.', 4, 'mcq', NULL, NULL)
ON CONFLICT (id) DO UPDATE SET
  exercise_id = EXCLUDED.exercise_id,
  prompt = EXCLUDED.prompt,
  options = EXCLUDED.options,
  correct_option = EXCLUDED.correct_option,
  explanation = EXCLUDED.explanation,
  display_order = EXCLUDED.display_order,
  question_type = EXCLUDED.question_type,
  answer_key = EXCLUDED.answer_key,
  distractor_tags = EXCLUDED.distractor_tags;

INSERT INTO public.questions (id, exercise_id, prompt, options, correct_option, explanation, display_order, question_type, answer_key, distractor_tags) VALUES
  ('13b86a83-7357-5d5e-8758-b4fbc91f48b3', 'b030d87b-fe85-5893-96bf-5a7603e7345b', 'كم يساوي 12,5 ÷ 5؟', '[{"id":"a","text":"2,4"},{"id":"b","text":"25"},{"id":"c","text":"2,5"},{"id":"d","text":"2 والباقي 2,5"}]'::jsonb, 'c', 'نقسم العدد العشري: 12 ÷ 5 الخارج 2 والباقي 2، نضع الفاصلة وننزل 5 (25)، و 25 ÷ 5 = 5، فالخارج 2,5. تحقّق: 5 × 2,5 = 12,5 ✓.', 5, 'mcq', NULL, NULL)
ON CONFLICT (id) DO UPDATE SET
  exercise_id = EXCLUDED.exercise_id,
  prompt = EXCLUDED.prompt,
  options = EXCLUDED.options,
  correct_option = EXCLUDED.correct_option,
  explanation = EXCLUDED.explanation,
  display_order = EXCLUDED.display_order,
  question_type = EXCLUDED.question_type,
  answer_key = EXCLUDED.answer_key,
  distractor_tags = EXCLUDED.distractor_tags;

INSERT INTO public.questions (id, exercise_id, prompt, options, correct_option, explanation, display_order, question_type, answer_key, distractor_tags) VALUES
  ('6b662ea7-02ce-5e57-a66d-9616a526a2f3', 'b030d87b-fe85-5893-96bf-5a7603e7345b', 'في قسمةٍ إقليدية المقسوم عليه 16 والخارج 3 والباقي 2. ما المقسوم؟', '[{"id":"a","text":"50"},{"id":"b","text":"48"},{"id":"c","text":"21"},{"id":"d","text":"18"}]'::jsonb, 'a', 'المقسوم = المقسوم عليه × الخارج + الباقي = 16 × 3 + 2 = 48 + 2 = 50. والباقي 2 أصغر من 16 ✓.', 6, 'mcq', NULL, NULL)
ON CONFLICT (id) DO UPDATE SET
  exercise_id = EXCLUDED.exercise_id,
  prompt = EXCLUDED.prompt,
  options = EXCLUDED.options,
  correct_option = EXCLUDED.correct_option,
  explanation = EXCLUDED.explanation,
  display_order = EXCLUDED.display_order,
  question_type = EXCLUDED.question_type,
  answer_key = EXCLUDED.answer_key,
  distractor_tags = EXCLUDED.distractor_tags;

INSERT INTO public.exercises (id, chapter_id, subject_id, title, difficulty, xp_reward, reward_coins, mode, source, display_order) VALUES
  ('35a98de3-95a6-5ee2-9707-1212ba4898a1', '85fd2b06-e40a-5718-af2e-cc342fcd2f5c', 'math-5eme', 'اختبار فهم الدرس ⭐', 1, 20, 5, 'quiz', 'admin', 0)
ON CONFLICT (id) DO UPDATE SET
  chapter_id = EXCLUDED.chapter_id,
  subject_id = EXCLUDED.subject_id,
  title = EXCLUDED.title,
  difficulty = EXCLUDED.difficulty,
  xp_reward = EXCLUDED.xp_reward,
  reward_coins = EXCLUDED.reward_coins,
  mode = EXCLUDED.mode,
  display_order = EXCLUDED.display_order;

INSERT INTO public.questions (id, exercise_id, prompt, options, correct_option, explanation, display_order, question_type, answer_key, distractor_tags) VALUES
  ('82fd8a91-29b5-5c73-9404-8d2bfbfcbc8c', '35a98de3-95a6-5ee2-9707-1212ba4898a1', 'في الكسر 3/4، ما هو المقام؟', '[{"id":"a","text":"3"},{"id":"b","text":"4"},{"id":"c","text":"7"},{"id":"d","text":"1"}]'::jsonb, 'b', 'المقام هو العدد الأسفل، وهو 4: يدلّ على أنّ الوحدة قُسّمت إلى 4 أجزاء متساوية. والبسط هو 3 (عدد الأجزاء المأخوذة).', 1, 'mcq', NULL, NULL)
ON CONFLICT (id) DO UPDATE SET
  exercise_id = EXCLUDED.exercise_id,
  prompt = EXCLUDED.prompt,
  options = EXCLUDED.options,
  correct_option = EXCLUDED.correct_option,
  explanation = EXCLUDED.explanation,
  display_order = EXCLUDED.display_order,
  question_type = EXCLUDED.question_type,
  answer_key = EXCLUDED.answer_key,
  distractor_tags = EXCLUDED.distractor_tags;

INSERT INTO public.questions (id, exercise_id, prompt, options, correct_option, explanation, display_order, question_type, answer_key, distractor_tags) VALUES
  ('85624531-5c4c-5590-a050-3add144cac05', '35a98de3-95a6-5ee2-9707-1212ba4898a1', 'ما الكسر الذي يمثّله الجزء الملوّن في هذا الشكل؟ <svg viewBox="0 0 100 100"><circle cx="50" cy="50" r="44" fill="none" stroke="currentColor" stroke-width="2.5"/><path d="M50 50 L50 6 A44 44 0 0 1 94 50 Z" fill="#d1d5db"/><line x1="6" y1="50" x2="94" y2="50" stroke="currentColor" stroke-width="2.5"/><line x1="50" y1="6" x2="50" y2="94" stroke="currentColor" stroke-width="2.5"/></svg>', '[{"id":"a","text":"1/2"},{"id":"b","text":"1/3"},{"id":"c","text":"1/4"},{"id":"d","text":"4/1"}]'::jsonb, 'c', 'قُسّم القرص إلى 4 أجزاء متساوية ولُوّن منها جزءٌ واحد، فالكسر هو 1/4: البسط 1 والمقام 4.', 2, 'mcq', NULL, NULL)
ON CONFLICT (id) DO UPDATE SET
  exercise_id = EXCLUDED.exercise_id,
  prompt = EXCLUDED.prompt,
  options = EXCLUDED.options,
  correct_option = EXCLUDED.correct_option,
  explanation = EXCLUDED.explanation,
  display_order = EXCLUDED.display_order,
  question_type = EXCLUDED.question_type,
  answer_key = EXCLUDED.answer_key,
  distractor_tags = EXCLUDED.distractor_tags;

INSERT INTO public.questions (id, exercise_id, prompt, options, correct_option, explanation, display_order, question_type, answer_key, distractor_tags) VALUES
  ('43fcc3a0-2e73-5a0e-9de7-89d26ee782aa', '35a98de3-95a6-5ee2-9707-1212ba4898a1', 'كم يساوي 1/3 من 12؟', '[{"id":"a","text":"3"},{"id":"b","text":"4"},{"id":"c","text":"9"},{"id":"d","text":"36"}]'::jsonb, 'b', '1/3 من عددٍ يعني قسمته على 3: 12 ÷ 3 = 4. إذن 1/3 من 12 = 4.', 3, 'mcq', NULL, NULL)
ON CONFLICT (id) DO UPDATE SET
  exercise_id = EXCLUDED.exercise_id,
  prompt = EXCLUDED.prompt,
  options = EXCLUDED.options,
  correct_option = EXCLUDED.correct_option,
  explanation = EXCLUDED.explanation,
  display_order = EXCLUDED.display_order,
  question_type = EXCLUDED.question_type,
  answer_key = EXCLUDED.answer_key,
  distractor_tags = EXCLUDED.distractor_tags;

INSERT INTO public.questions (id, exercise_id, prompt, options, correct_option, explanation, display_order, question_type, answer_key, distractor_tags) VALUES
  ('3827e9e4-36ca-5994-b933-0cf75ddcdb89', '35a98de3-95a6-5ee2-9707-1212ba4898a1', 'أيّ كسرٍ يساوي 1/2؟', '[{"id":"a","text":"2/4"},{"id":"b","text":"1/4"},{"id":"c","text":"3/4"},{"id":"d","text":"2/1"}]'::jsonb, 'a', 'نضرب البسط والمقام في 2: (1 × 2)/(2 × 2) = 2/4. إذن 1/2 = 2/4؛ كلاهما يمثّل نصف الوحدة.', 4, 'mcq', NULL, NULL)
ON CONFLICT (id) DO UPDATE SET
  exercise_id = EXCLUDED.exercise_id,
  prompt = EXCLUDED.prompt,
  options = EXCLUDED.options,
  correct_option = EXCLUDED.correct_option,
  explanation = EXCLUDED.explanation,
  display_order = EXCLUDED.display_order,
  question_type = EXCLUDED.question_type,
  answer_key = EXCLUDED.answer_key,
  distractor_tags = EXCLUDED.distractor_tags;

INSERT INTO public.questions (id, exercise_id, prompt, options, correct_option, explanation, display_order, question_type, answer_key, distractor_tags) VALUES
  ('96e1d67d-0164-5541-9247-94cb7ae79596', '35a98de3-95a6-5ee2-9707-1212ba4898a1', 'ما الكتابة العشرية للكسر 1/2؟', '[{"id":"a","text":"0,2"},{"id":"b","text":"1,2"},{"id":"c","text":"0,5"},{"id":"d","text":"2,0"}]'::jsonb, 'c', 'نصف الوحدة يساوي 5 أعشار، أي 1/2 = 0,5. هذه كتابةٌ نستعملها كثيرًا في النقود والقياس.', 5, 'mcq', NULL, NULL)
ON CONFLICT (id) DO UPDATE SET
  exercise_id = EXCLUDED.exercise_id,
  prompt = EXCLUDED.prompt,
  options = EXCLUDED.options,
  correct_option = EXCLUDED.correct_option,
  explanation = EXCLUDED.explanation,
  display_order = EXCLUDED.display_order,
  question_type = EXCLUDED.question_type,
  answer_key = EXCLUDED.answer_key,
  distractor_tags = EXCLUDED.distractor_tags;

INSERT INTO public.exercises (id, chapter_id, subject_id, title, difficulty, xp_reward, reward_coins, mode, source, display_order) VALUES
  ('32a41b5a-6329-5c73-954e-4b910a4c7d4a', '85fd2b06-e40a-5718-af2e-cc342fcd2f5c', 'math-5eme', '⭐ تمرين: أوّل خطوات مع الكسور', 1, 50, 10, 'practice', 'admin', 1)
ON CONFLICT (id) DO UPDATE SET
  chapter_id = EXCLUDED.chapter_id,
  subject_id = EXCLUDED.subject_id,
  title = EXCLUDED.title,
  difficulty = EXCLUDED.difficulty,
  xp_reward = EXCLUDED.xp_reward,
  reward_coins = EXCLUDED.reward_coins,
  mode = EXCLUDED.mode,
  display_order = EXCLUDED.display_order;

INSERT INTO public.questions (id, exercise_id, prompt, options, correct_option, explanation, display_order, question_type, answer_key, distractor_tags) VALUES
  ('fa4305d8-e083-5523-9bb2-79d9caf8696b', '32a41b5a-6329-5c73-954e-4b910a4c7d4a', 'في الكسر 2/5، ما هو البسط؟', '[{"id":"a","text":"2"},{"id":"b","text":"5"},{"id":"c","text":"7"},{"id":"d","text":"3"}]'::jsonb, 'a', 'البسط هو العدد الأعلى، وهو 2: عدد الأجزاء المأخوذة. والمقام هو 5: عدد الأجزاء المتساوية في الوحدة.', 1, 'mcq', NULL, NULL)
ON CONFLICT (id) DO UPDATE SET
  exercise_id = EXCLUDED.exercise_id,
  prompt = EXCLUDED.prompt,
  options = EXCLUDED.options,
  correct_option = EXCLUDED.correct_option,
  explanation = EXCLUDED.explanation,
  display_order = EXCLUDED.display_order,
  question_type = EXCLUDED.question_type,
  answer_key = EXCLUDED.answer_key,
  distractor_tags = EXCLUDED.distractor_tags;

INSERT INTO public.questions (id, exercise_id, prompt, options, correct_option, explanation, display_order, question_type, answer_key, distractor_tags) VALUES
  ('c9811cf5-ff6e-5c6a-a61d-e50305608bc8', '32a41b5a-6329-5c73-954e-4b910a4c7d4a', 'ما الكسر الذي يمثّله الجزء الملوّن في هذا الشكل؟ <svg viewBox="0 0 100 100"><rect x="8" y="30" width="84" height="40" fill="none" stroke="currentColor" stroke-width="2.5"/><rect x="8" y="30" width="28" height="40" fill="#d1d5db"/><rect x="36" y="30" width="28" height="40" fill="#d1d5db"/><line x1="36" y1="30" x2="36" y2="70" stroke="currentColor" stroke-width="2.5"/><line x1="64" y1="30" x2="64" y2="70" stroke="currentColor" stroke-width="2.5"/></svg>', '[{"id":"a","text":"1/3"},{"id":"b","text":"3/2"},{"id":"c","text":"2/3"},{"id":"d","text":"2/5"}]'::jsonb, 'c', 'قُسّم المستطيل إلى 3 أجزاء متساوية ولُوّن منها جزآن، فالكسر هو 2/3: البسط 2 والمقام 3.', 2, 'mcq', NULL, NULL)
ON CONFLICT (id) DO UPDATE SET
  exercise_id = EXCLUDED.exercise_id,
  prompt = EXCLUDED.prompt,
  options = EXCLUDED.options,
  correct_option = EXCLUDED.correct_option,
  explanation = EXCLUDED.explanation,
  display_order = EXCLUDED.display_order,
  question_type = EXCLUDED.question_type,
  answer_key = EXCLUDED.answer_key,
  distractor_tags = EXCLUDED.distractor_tags;

INSERT INTO public.questions (id, exercise_id, prompt, options, correct_option, explanation, display_order, question_type, answer_key, distractor_tags) VALUES
  ('f2ebeccd-9726-5171-b228-d6dd47c7efd8', '32a41b5a-6329-5c73-954e-4b910a4c7d4a', 'كم يساوي 1/4 من 16؟', '[{"id":"a","text":"12"},{"id":"b","text":"4"},{"id":"c","text":"64"},{"id":"d","text":"8"}]'::jsonb, 'b', '1/4 من عددٍ يعني قسمته على 4: 16 ÷ 4 = 4. إذن 1/4 من 16 = 4.', 3, 'mcq', NULL, NULL)
ON CONFLICT (id) DO UPDATE SET
  exercise_id = EXCLUDED.exercise_id,
  prompt = EXCLUDED.prompt,
  options = EXCLUDED.options,
  correct_option = EXCLUDED.correct_option,
  explanation = EXCLUDED.explanation,
  display_order = EXCLUDED.display_order,
  question_type = EXCLUDED.question_type,
  answer_key = EXCLUDED.answer_key,
  distractor_tags = EXCLUDED.distractor_tags;

INSERT INTO public.questions (id, exercise_id, prompt, options, correct_option, explanation, display_order, question_type, answer_key, distractor_tags) VALUES
  ('9622c804-e33d-5baf-bb20-063755c4ba56', '32a41b5a-6329-5c73-954e-4b910a4c7d4a', 'كيف نقرأ الكسر 3/4؟', '[{"id":"a","text":"رُبعان"},{"id":"b","text":"أربعة أثلاث"},{"id":"c","text":"ثلاثة أنصاف"},{"id":"d","text":"ثلاثة أرباع"}]'::jsonb, 'd', 'المقام 4 يعطي «أرباعًا»، والبسط 3 يعطي عددها، فنقرأ 3/4 «ثلاثة أرباع».', 4, 'mcq', NULL, NULL)
ON CONFLICT (id) DO UPDATE SET
  exercise_id = EXCLUDED.exercise_id,
  prompt = EXCLUDED.prompt,
  options = EXCLUDED.options,
  correct_option = EXCLUDED.correct_option,
  explanation = EXCLUDED.explanation,
  display_order = EXCLUDED.display_order,
  question_type = EXCLUDED.question_type,
  answer_key = EXCLUDED.answer_key,
  distractor_tags = EXCLUDED.distractor_tags;

INSERT INTO public.questions (id, exercise_id, prompt, options, correct_option, explanation, display_order, question_type, answer_key, distractor_tags) VALUES
  ('3714710b-c567-598c-b393-424bcc94ed2e', '32a41b5a-6329-5c73-954e-4b910a4c7d4a', 'أكمل: 1/2 = .../6 (بضرب البسط والمقام في العدد نفسه).', '[{"id":"a","text":"3"},{"id":"b","text":"2"},{"id":"c","text":"6"},{"id":"d","text":"1"}]'::jsonb, 'a', 'المقام تضاعف من 2 إلى 6، أي ضربناه في 3، فنضرب البسط أيضًا في 3: 1 × 3 = 3. إذن 1/2 = 3/6.', 5, 'mcq', NULL, NULL)
ON CONFLICT (id) DO UPDATE SET
  exercise_id = EXCLUDED.exercise_id,
  prompt = EXCLUDED.prompt,
  options = EXCLUDED.options,
  correct_option = EXCLUDED.correct_option,
  explanation = EXCLUDED.explanation,
  display_order = EXCLUDED.display_order,
  question_type = EXCLUDED.question_type,
  answer_key = EXCLUDED.answer_key,
  distractor_tags = EXCLUDED.distractor_tags;

INSERT INTO public.questions (id, exercise_id, prompt, options, correct_option, explanation, display_order, question_type, answer_key, distractor_tags) VALUES
  ('a28f993a-b164-5704-a680-56ade93375ed', '32a41b5a-6329-5c73-954e-4b910a4c7d4a', 'كم يساوي 2/3 من 9؟', '[{"id":"a","text":"3"},{"id":"b","text":"18"},{"id":"c","text":"6"},{"id":"d","text":"27"}]'::jsonb, 'c', 'نقسم على المقام ثمّ نضرب في البسط: 9 ÷ 3 = 3، ثمّ 3 × 2 = 6. إذن 2/3 من 9 = 6.', 6, 'mcq', NULL, NULL)
ON CONFLICT (id) DO UPDATE SET
  exercise_id = EXCLUDED.exercise_id,
  prompt = EXCLUDED.prompt,
  options = EXCLUDED.options,
  correct_option = EXCLUDED.correct_option,
  explanation = EXCLUDED.explanation,
  display_order = EXCLUDED.display_order,
  question_type = EXCLUDED.question_type,
  answer_key = EXCLUDED.answer_key,
  distractor_tags = EXCLUDED.distractor_tags;

INSERT INTO public.exercises (id, chapter_id, subject_id, title, difficulty, xp_reward, reward_coins, mode, source, display_order) VALUES
  ('1b9051e2-3acf-519e-b72c-01b0f74e6048', '85fd2b06-e40a-5718-af2e-cc342fcd2f5c', 'math-5eme', '⚔️ زعيم الفصل ⭐⭐⭐: معركة الكسور', 3, 120, 30, 'boss', 'admin', 2)
ON CONFLICT (id) DO UPDATE SET
  chapter_id = EXCLUDED.chapter_id,
  subject_id = EXCLUDED.subject_id,
  title = EXCLUDED.title,
  difficulty = EXCLUDED.difficulty,
  xp_reward = EXCLUDED.xp_reward,
  reward_coins = EXCLUDED.reward_coins,
  mode = EXCLUDED.mode,
  display_order = EXCLUDED.display_order;

INSERT INTO public.questions (id, exercise_id, prompt, options, correct_option, explanation, display_order, question_type, answer_key, distractor_tags) VALUES
  ('1c1c5b3e-8057-59ff-a942-63f30b11e574', '1b9051e2-3acf-519e-b72c-01b0f74e6048', 'ما أبسط صورةٍ للكسر 6/8؟', '[{"id":"a","text":"2/4"},{"id":"b","text":"3/4"},{"id":"c","text":"6/8"},{"id":"d","text":"1/2"}]'::jsonb, 'b', 'نقسم البسط والمقام على قاسمهما المشترك 2: 6 ÷ 2 = 3 و 8 ÷ 2 = 4، فنحصل على 3/4 ولا قاسم مشترك بعدها. الخطأ الشائع التوقّف عند 2/4 (قُسم البسط فقط على 3 ذهنيًّا) وهي غير مختزلة.', 1, 'mcq', NULL, NULL)
ON CONFLICT (id) DO UPDATE SET
  exercise_id = EXCLUDED.exercise_id,
  prompt = EXCLUDED.prompt,
  options = EXCLUDED.options,
  correct_option = EXCLUDED.correct_option,
  explanation = EXCLUDED.explanation,
  display_order = EXCLUDED.display_order,
  question_type = EXCLUDED.question_type,
  answer_key = EXCLUDED.answer_key,
  distractor_tags = EXCLUDED.distractor_tags;

INSERT INTO public.questions (id, exercise_id, prompt, options, correct_option, explanation, display_order, question_type, answer_key, distractor_tags) VALUES
  ('78f57fd7-6b60-5f7c-a745-03bc87dba4dd', '1b9051e2-3acf-519e-b72c-01b0f74e6048', 'أيّ كسرٍ أكبر: 3/7 أم 5/7؟', '[{"id":"a","text":"لا يمكن المقارنة"},{"id":"b","text":"3/7"},{"id":"c","text":"هما متساويان"},{"id":"d","text":"5/7"}]'::jsonb, 'd', 'للكسرين المقام نفسه (7)، فالأكبر بسطًا هو الأكبر: 5 > 3، إذن 5/7 > 3/7. الأجزاء من الحجم نفسه، وعددها أكبر في 5/7.', 2, 'mcq', NULL, NULL)
ON CONFLICT (id) DO UPDATE SET
  exercise_id = EXCLUDED.exercise_id,
  prompt = EXCLUDED.prompt,
  options = EXCLUDED.options,
  correct_option = EXCLUDED.correct_option,
  explanation = EXCLUDED.explanation,
  display_order = EXCLUDED.display_order,
  question_type = EXCLUDED.question_type,
  answer_key = EXCLUDED.answer_key,
  distractor_tags = EXCLUDED.distractor_tags;

INSERT INTO public.questions (id, exercise_id, prompt, options, correct_option, explanation, display_order, question_type, answer_key, distractor_tags) VALUES
  ('cdcac690-f543-5bbf-95b6-f1591f96396d', '1b9051e2-3acf-519e-b72c-01b0f74e6048', 'ما الكسر الذي يمثّله الجزء الملوّن، وما أبسط صورةٍ له؟ <svg viewBox="0 0 100 100"><rect x="6" y="34" width="88" height="32" fill="none" stroke="currentColor" stroke-width="2.5"/><rect x="6" y="34" width="22" height="32" fill="#d1d5db"/><rect x="28" y="34" width="22" height="32" fill="#d1d5db"/><line x1="28" y1="34" x2="28" y2="66" stroke="currentColor" stroke-width="2.5"/><line x1="50" y1="34" x2="50" y2="66" stroke="currentColor" stroke-width="2.5"/><line x1="72" y1="34" x2="72" y2="66" stroke="currentColor" stroke-width="2.5"/></svg>', '[{"id":"a","text":"2/4 = 1/2"},{"id":"b","text":"1/4"},{"id":"c","text":"2/4 = 1/3"},{"id":"d","text":"4/2 = 2"}]'::jsonb, 'a', 'قُسّم المستطيل إلى 4 أجزاء متساوية ولُوّن منها جزآن، فالكسر 2/4. نختزله بالقسمة على 2: 2/4 = 1/2. الخطأ الشائع كتابة 1/3 (عدّ الأجزاء غير الملوّنة بدل المقام).', 3, 'mcq', NULL, NULL)
ON CONFLICT (id) DO UPDATE SET
  exercise_id = EXCLUDED.exercise_id,
  prompt = EXCLUDED.prompt,
  options = EXCLUDED.options,
  correct_option = EXCLUDED.correct_option,
  explanation = EXCLUDED.explanation,
  display_order = EXCLUDED.display_order,
  question_type = EXCLUDED.question_type,
  answer_key = EXCLUDED.answer_key,
  distractor_tags = EXCLUDED.distractor_tags;

INSERT INTO public.questions (id, exercise_id, prompt, options, correct_option, explanation, display_order, question_type, answer_key, distractor_tags) VALUES
  ('ba364af5-6101-5a3f-be0d-519f13d2fe69', '1b9051e2-3acf-519e-b72c-01b0f74e6048', 'كم يساوي 3/5 من 25؟', '[{"id":"a","text":"5"},{"id":"b","text":"75"},{"id":"c","text":"15"},{"id":"d","text":"8"}]'::jsonb, 'c', 'نقسم على المقام ثمّ نضرب في البسط: 25 ÷ 5 = 5، ثمّ 5 × 3 = 15. إذن 3/5 من 25 = 15. الخطأ الشائع الضرب في المقام (25 × 5 = 125) بدل القسمة عليه.', 4, 'mcq', NULL, NULL)
ON CONFLICT (id) DO UPDATE SET
  exercise_id = EXCLUDED.exercise_id,
  prompt = EXCLUDED.prompt,
  options = EXCLUDED.options,
  correct_option = EXCLUDED.correct_option,
  explanation = EXCLUDED.explanation,
  display_order = EXCLUDED.display_order,
  question_type = EXCLUDED.question_type,
  answer_key = EXCLUDED.answer_key,
  distractor_tags = EXCLUDED.distractor_tags;

INSERT INTO public.questions (id, exercise_id, prompt, options, correct_option, explanation, display_order, question_type, answer_key, distractor_tags) VALUES
  ('ae0fb1c2-a894-5160-9d67-4aa2f6746945', '1b9051e2-3acf-519e-b72c-01b0f74e6048', 'كسرٌ بسطه أصغر من مقامه. كيف هو بالنسبة إلى الوحدة 1؟', '[{"id":"a","text":"أكبر من 1"},{"id":"b","text":"أصغر من 1"},{"id":"c","text":"يساوي 1"},{"id":"d","text":"يساوي 0"}]'::jsonb, 'b', 'إذا كان البسط أصغر من المقام فإنّنا لم نأخذ الوحدة كاملة، فالكسر أصغر من 1 (مثل 3/4 < 1). يساوي 1 فقط حين يتساوى البسط والمقام.', 5, 'mcq', NULL, NULL)
ON CONFLICT (id) DO UPDATE SET
  exercise_id = EXCLUDED.exercise_id,
  prompt = EXCLUDED.prompt,
  options = EXCLUDED.options,
  correct_option = EXCLUDED.correct_option,
  explanation = EXCLUDED.explanation,
  display_order = EXCLUDED.display_order,
  question_type = EXCLUDED.question_type,
  answer_key = EXCLUDED.answer_key,
  distractor_tags = EXCLUDED.distractor_tags;

INSERT INTO public.questions (id, exercise_id, prompt, options, correct_option, explanation, display_order, question_type, answer_key, distractor_tags) VALUES
  ('b0a41ac1-fe6b-51d6-a1ad-91c80bcbdf7d', '1b9051e2-3acf-519e-b72c-01b0f74e6048', 'أكمل الكسور المتساوية: 2/3 = .../12.', '[{"id":"a","text":"24"},{"id":"b","text":"4"},{"id":"c","text":"6"},{"id":"d","text":"8"}]'::jsonb, 'd', 'المقام تضاعف من 3 إلى 12، أي ضربناه في 4، فنضرب البسط أيضًا في 4: 2 × 4 = 8. إذن 2/3 = 8/12. الخطأ الشائع ضرب المقام فقط وترك البسط 2، فتتغيّر قيمة الكسر.', 6, 'mcq', NULL, NULL)
ON CONFLICT (id) DO UPDATE SET
  exercise_id = EXCLUDED.exercise_id,
  prompt = EXCLUDED.prompt,
  options = EXCLUDED.options,
  correct_option = EXCLUDED.correct_option,
  explanation = EXCLUDED.explanation,
  display_order = EXCLUDED.display_order,
  question_type = EXCLUDED.question_type,
  answer_key = EXCLUDED.answer_key,
  distractor_tags = EXCLUDED.distractor_tags;

INSERT INTO public.exercises (id, chapter_id, subject_id, title, difficulty, xp_reward, reward_coins, mode, source, display_order) VALUES
  ('2f4eb1d6-1bff-5b96-9e66-cc28182bcff8', '85fd2b06-e40a-5718-af2e-cc342fcd2f5c', 'math-5eme', '⭐⭐ تمرين مراجعة (نمط امتحان): الكسور', 2, 75, 15, 'practice', 'admin', 3)
ON CONFLICT (id) DO UPDATE SET
  chapter_id = EXCLUDED.chapter_id,
  subject_id = EXCLUDED.subject_id,
  title = EXCLUDED.title,
  difficulty = EXCLUDED.difficulty,
  xp_reward = EXCLUDED.xp_reward,
  reward_coins = EXCLUDED.reward_coins,
  mode = EXCLUDED.mode,
  display_order = EXCLUDED.display_order;

INSERT INTO public.questions (id, exercise_id, prompt, options, correct_option, explanation, display_order, question_type, answer_key, distractor_tags) VALUES
  ('e1512b36-f685-54a5-99b2-13147443c921', '2f4eb1d6-1bff-5b96-9e66-cc28182bcff8', 'وزّعت أمٌّ كعكةً على 8 أجزاء متساوية، وأكل الأطفال 5 أجزاء. ما الكسر الذي أُكل؟', '[{"id":"a","text":"3/8"},{"id":"b","text":"8/5"},{"id":"c","text":"5/8"},{"id":"d","text":"5/3"}]'::jsonb, 'c', 'الوحدة قُسّمت إلى 8 أجزاء (المقام)، وأُكل منها 5 (البسط)، فالكسر المأكول هو 5/8.', 1, 'mcq', NULL, NULL)
ON CONFLICT (id) DO UPDATE SET
  exercise_id = EXCLUDED.exercise_id,
  prompt = EXCLUDED.prompt,
  options = EXCLUDED.options,
  correct_option = EXCLUDED.correct_option,
  explanation = EXCLUDED.explanation,
  display_order = EXCLUDED.display_order,
  question_type = EXCLUDED.question_type,
  answer_key = EXCLUDED.answer_key,
  distractor_tags = EXCLUDED.distractor_tags;

INSERT INTO public.questions (id, exercise_id, prompt, options, correct_option, explanation, display_order, question_type, answer_key, distractor_tags) VALUES
  ('2aa3bbbd-2e7f-59b6-86c0-fb5e23e5b419', '2f4eb1d6-1bff-5b96-9e66-cc28182bcff8', 'ما الكتابة العشرية للكسر 1/4؟', '[{"id":"a","text":"0,25"},{"id":"b","text":"0,4"},{"id":"c","text":"1,4"},{"id":"d","text":"0,14"}]'::jsonb, 'a', 'رُبع الوحدة يساوي 25 جزءًا من مئة، أي 1/4 = 25/100 = 0,25. نستعملها كثيرًا في النقود (رُبع دينار).', 2, 'mcq', NULL, NULL)
ON CONFLICT (id) DO UPDATE SET
  exercise_id = EXCLUDED.exercise_id,
  prompt = EXCLUDED.prompt,
  options = EXCLUDED.options,
  correct_option = EXCLUDED.correct_option,
  explanation = EXCLUDED.explanation,
  display_order = EXCLUDED.display_order,
  question_type = EXCLUDED.question_type,
  answer_key = EXCLUDED.answer_key,
  distractor_tags = EXCLUDED.distractor_tags;

INSERT INTO public.questions (id, exercise_id, prompt, options, correct_option, explanation, display_order, question_type, answer_key, distractor_tags) VALUES
  ('afe60979-6918-523b-9634-490e0ef79d5a', '2f4eb1d6-1bff-5b96-9e66-cc28182bcff8', 'كم يساوي 1/5 من 40؟', '[{"id":"a","text":"35"},{"id":"b","text":"5"},{"id":"c","text":"200"},{"id":"d","text":"8"}]'::jsonb, 'd', '1/5 من عددٍ يعني قسمته على 5: 40 ÷ 5 = 8. إذن 1/5 من 40 = 8.', 3, 'mcq', NULL, NULL)
ON CONFLICT (id) DO UPDATE SET
  exercise_id = EXCLUDED.exercise_id,
  prompt = EXCLUDED.prompt,
  options = EXCLUDED.options,
  correct_option = EXCLUDED.correct_option,
  explanation = EXCLUDED.explanation,
  display_order = EXCLUDED.display_order,
  question_type = EXCLUDED.question_type,
  answer_key = EXCLUDED.answer_key,
  distractor_tags = EXCLUDED.distractor_tags;

INSERT INTO public.questions (id, exercise_id, prompt, options, correct_option, explanation, display_order, question_type, answer_key, distractor_tags) VALUES
  ('db50db37-b3b3-53b0-ae8b-a79d681b40ce', '2f4eb1d6-1bff-5b96-9e66-cc28182bcff8', 'ما أبسط صورةٍ للكسر 10/15؟', '[{"id":"a","text":"5/3"},{"id":"b","text":"2/3"},{"id":"c","text":"1/5"},{"id":"d","text":"10/15"}]'::jsonb, 'b', 'نقسم البسط والمقام على قاسمهما المشترك 5: 10 ÷ 5 = 2 و 15 ÷ 5 = 3، فنحصل على 2/3، وهي أبسط صورة.', 4, 'mcq', NULL, NULL)
ON CONFLICT (id) DO UPDATE SET
  exercise_id = EXCLUDED.exercise_id,
  prompt = EXCLUDED.prompt,
  options = EXCLUDED.options,
  correct_option = EXCLUDED.correct_option,
  explanation = EXCLUDED.explanation,
  display_order = EXCLUDED.display_order,
  question_type = EXCLUDED.question_type,
  answer_key = EXCLUDED.answer_key,
  distractor_tags = EXCLUDED.distractor_tags;

INSERT INTO public.questions (id, exercise_id, prompt, options, correct_option, explanation, display_order, question_type, answer_key, distractor_tags) VALUES
  ('54e1a3a6-c50f-5fa8-948a-9f9e65c891f1', '2f4eb1d6-1bff-5b96-9e66-cc28182bcff8', 'أيّ العبارات صحيحة؟', '[{"id":"a","text":"4/5 يساوي 1"},{"id":"b","text":"4/5 أكبر من 1"},{"id":"c","text":"4/5 أصغر من 1"},{"id":"d","text":"4/5 يساوي 5/4"}]'::jsonb, 'c', 'البسط 4 أصغر من المقام 5، فلم نأخذ الوحدة كاملة، إذن 4/5 أصغر من 1.', 5, 'mcq', NULL, NULL)
ON CONFLICT (id) DO UPDATE SET
  exercise_id = EXCLUDED.exercise_id,
  prompt = EXCLUDED.prompt,
  options = EXCLUDED.options,
  correct_option = EXCLUDED.correct_option,
  explanation = EXCLUDED.explanation,
  display_order = EXCLUDED.display_order,
  question_type = EXCLUDED.question_type,
  answer_key = EXCLUDED.answer_key,
  distractor_tags = EXCLUDED.distractor_tags;

INSERT INTO public.questions (id, exercise_id, prompt, options, correct_option, explanation, display_order, question_type, answer_key, distractor_tags) VALUES
  ('5c0ecb30-2419-5c9d-93f5-4400c9263e97', '2f4eb1d6-1bff-5b96-9e66-cc28182bcff8', 'كم يساوي 3/4 من 24؟', '[{"id":"a","text":"18"},{"id":"b","text":"6"},{"id":"c","text":"8"},{"id":"d","text":"72"}]'::jsonb, 'a', 'نقسم على المقام ثمّ نضرب في البسط: 24 ÷ 4 = 6، ثمّ 6 × 3 = 18. إذن 3/4 من 24 = 18.', 6, 'mcq', NULL, NULL)
ON CONFLICT (id) DO UPDATE SET
  exercise_id = EXCLUDED.exercise_id,
  prompt = EXCLUDED.prompt,
  options = EXCLUDED.options,
  correct_option = EXCLUDED.correct_option,
  explanation = EXCLUDED.explanation,
  display_order = EXCLUDED.display_order,
  question_type = EXCLUDED.question_type,
  answer_key = EXCLUDED.answer_key,
  distractor_tags = EXCLUDED.distractor_tags;

INSERT INTO public.exercises (id, chapter_id, subject_id, title, difficulty, xp_reward, reward_coins, mode, source, display_order) VALUES
  ('5c0e6049-1972-5e48-8b43-94d43bef291b', '85fd2b06-e40a-5718-af2e-cc342fcd2f5c', 'math-5eme', '👑 تحدّي النخبة ⭐⭐⭐⭐: ألغاز الكسور', 4, 300, 60, 'challenge', 'admin', 4)
ON CONFLICT (id) DO UPDATE SET
  chapter_id = EXCLUDED.chapter_id,
  subject_id = EXCLUDED.subject_id,
  title = EXCLUDED.title,
  difficulty = EXCLUDED.difficulty,
  xp_reward = EXCLUDED.xp_reward,
  reward_coins = EXCLUDED.reward_coins,
  mode = EXCLUDED.mode,
  display_order = EXCLUDED.display_order;

INSERT INTO public.questions (id, exercise_id, prompt, options, correct_option, explanation, display_order, question_type, answer_key, distractor_tags) VALUES
  ('73a9d6b6-76ea-5f86-85be-6e88818154ae', '5c0e6049-1972-5e48-8b43-94d43bef291b', 'أنا كسرٌ بسطي يساوي مقامي. ما قيمتي؟', '[{"id":"a","text":"أساوي 1"},{"id":"b","text":"أساوي 0"},{"id":"c","text":"أصغر من 1"},{"id":"d","text":"أكبر من 1"}]'::jsonb, 'a', 'حين يتساوى البسط والمقام نكون قد أخذنا كلّ الأجزاء، أي الوحدة كاملة، مثل 5/5 = 1. الخطأ الشائع الظنّ أنّه يساوي 0.', 1, 'mcq', NULL, NULL)
ON CONFLICT (id) DO UPDATE SET
  exercise_id = EXCLUDED.exercise_id,
  prompt = EXCLUDED.prompt,
  options = EXCLUDED.options,
  correct_option = EXCLUDED.correct_option,
  explanation = EXCLUDED.explanation,
  display_order = EXCLUDED.display_order,
  question_type = EXCLUDED.question_type,
  answer_key = EXCLUDED.answer_key,
  distractor_tags = EXCLUDED.distractor_tags;

INSERT INTO public.questions (id, exercise_id, prompt, options, correct_option, explanation, display_order, question_type, answer_key, distractor_tags) VALUES
  ('7a6a2b57-ac03-526d-98e6-9a5e384f2ee1', '5c0e6049-1972-5e48-8b43-94d43bef291b', 'أيّ الكسرين أكبر: 1/2 أم 1/3؟', '[{"id":"a","text":"1/3"},{"id":"b","text":"1/2"},{"id":"c","text":"هما متساويان"},{"id":"d","text":"1/3 لأنّ مقامه أكبر"}]'::jsonb, 'b', 'كلّما كبر المقام صَغُر الجزء: تقسيم الوحدة إلى 3 يعطي أجزاءً أصغر من تقسيمها إلى 2، إذن 1/2 > 1/3. الخطأ الشائع ظنّ أنّ المقام الأكبر يعني كسرًا أكبر.', 2, 'mcq', NULL, NULL)
ON CONFLICT (id) DO UPDATE SET
  exercise_id = EXCLUDED.exercise_id,
  prompt = EXCLUDED.prompt,
  options = EXCLUDED.options,
  correct_option = EXCLUDED.correct_option,
  explanation = EXCLUDED.explanation,
  display_order = EXCLUDED.display_order,
  question_type = EXCLUDED.question_type,
  answer_key = EXCLUDED.answer_key,
  distractor_tags = EXCLUDED.distractor_tags;

INSERT INTO public.questions (id, exercise_id, prompt, options, correct_option, explanation, display_order, question_type, answer_key, distractor_tags) VALUES
  ('87cc5605-3fc3-5304-ae2d-692064998797', '5c0e6049-1972-5e48-8b43-94d43bef291b', 'ربح وليدٌ 30 دينارًا، فأنفق 2/5 منها واحتفظ بالباقي. كم احتفظ؟', '[{"id":"a","text":"12 دينارًا"},{"id":"b","text":"6 دنانير"},{"id":"c","text":"18 دينارًا"},{"id":"d","text":"10 دنانير"}]'::jsonb, 'c', 'ما أنفقه 2/5 من 30 = (30 ÷ 5) × 2 = 6 × 2 = 12 دينارًا، فالباقي 30 − 12 = 18 دينارًا. الخطأ الشائع اختيار 12 (المبلغ المُنفق لا المحتفظ به).', 3, 'mcq', NULL, NULL)
ON CONFLICT (id) DO UPDATE SET
  exercise_id = EXCLUDED.exercise_id,
  prompt = EXCLUDED.prompt,
  options = EXCLUDED.options,
  correct_option = EXCLUDED.correct_option,
  explanation = EXCLUDED.explanation,
  display_order = EXCLUDED.display_order,
  question_type = EXCLUDED.question_type,
  answer_key = EXCLUDED.answer_key,
  distractor_tags = EXCLUDED.distractor_tags;

INSERT INTO public.questions (id, exercise_id, prompt, options, correct_option, explanation, display_order, question_type, answer_key, distractor_tags) VALUES
  ('bf4e3807-cf69-5e4f-afca-cbaae317520e', '5c0e6049-1972-5e48-8b43-94d43bef291b', 'ما الكسر الذي يمثّله الجزء الملوّن، مكتوبًا في أبسط صورة؟ <svg viewBox="0 0 100 100"><rect x="6" y="36" width="88" height="28" fill="none" stroke="currentColor" stroke-width="2.5"/><rect x="6" y="36" width="33" height="28" fill="#d1d5db"/><line x1="17" y1="36" x2="17" y2="64" stroke="currentColor" stroke-width="2.5"/><line x1="28" y1="36" x2="28" y2="64" stroke="currentColor" stroke-width="2.5"/><line x1="39" y1="36" x2="39" y2="64" stroke="currentColor" stroke-width="2.5"/><line x1="50" y1="36" x2="50" y2="64" stroke="currentColor" stroke-width="2.5"/><line x1="61" y1="36" x2="61" y2="64" stroke="currentColor" stroke-width="2.5"/><line x1="72" y1="36" x2="72" y2="64" stroke="currentColor" stroke-width="2.5"/><line x1="83" y1="36" x2="83" y2="64" stroke="currentColor" stroke-width="2.5"/></svg>', '[{"id":"a","text":"3/5"},{"id":"b","text":"8/3"},{"id":"c","text":"1/3"},{"id":"d","text":"3/8"}]'::jsonb, 'd', 'قُسّم المستطيل إلى 8 أجزاء متساوية ولُوّن منها 3، فالكسر 3/8، ولا قاسم مشترك بين 3 و 8 غير 1، فهو أصلًا في أبسط صورة. الخطأ الشائع عدّ الأجزاء غير الملوّنة (5) فيُكتب 3/5.', 4, 'mcq', NULL, NULL)
ON CONFLICT (id) DO UPDATE SET
  exercise_id = EXCLUDED.exercise_id,
  prompt = EXCLUDED.prompt,
  options = EXCLUDED.options,
  correct_option = EXCLUDED.correct_option,
  explanation = EXCLUDED.explanation,
  display_order = EXCLUDED.display_order,
  question_type = EXCLUDED.question_type,
  answer_key = EXCLUDED.answer_key,
  distractor_tags = EXCLUDED.distractor_tags;

INSERT INTO public.questions (id, exercise_id, prompt, options, correct_option, explanation, display_order, question_type, answer_key, distractor_tags) VALUES
  ('eab610c3-c595-59cb-b383-942fa3cc775d', '5c0e6049-1972-5e48-8b43-94d43bef291b', 'أيّ هذه الكسور لا يساوي 1/2؟', '[{"id":"a","text":"2/4"},{"id":"b","text":"3/5"},{"id":"c","text":"3/6"},{"id":"d","text":"5/10"}]'::jsonb, 'b', 'نختزل كلًّا منها: 2/4 = 1/2، و 3/6 = 1/2، و 5/10 = 1/2، أمّا 3/5 فلا قاسم مشترك بين 3 و 5، وهو أكبر من 1/2 (لأنّ 3/5 = 6/10 > 5/10). إذن 3/5 هو المختلف.', 5, 'mcq', NULL, NULL)
ON CONFLICT (id) DO UPDATE SET
  exercise_id = EXCLUDED.exercise_id,
  prompt = EXCLUDED.prompt,
  options = EXCLUDED.options,
  correct_option = EXCLUDED.correct_option,
  explanation = EXCLUDED.explanation,
  display_order = EXCLUDED.display_order,
  question_type = EXCLUDED.question_type,
  answer_key = EXCLUDED.answer_key,
  distractor_tags = EXCLUDED.distractor_tags;

INSERT INTO public.questions (id, exercise_id, prompt, options, correct_option, explanation, display_order, question_type, answer_key, distractor_tags) VALUES
  ('abadf395-0050-5bf4-bbf0-70135cdacc0c', '5c0e6049-1972-5e48-8b43-94d43bef291b', 'في قسمٍ فيه 24 تلميذًا، يحبّ 18 منهم مادّة الرياضيات. ما الكسر الممثّل لمحبّي الرياضيات في أبسط صورة؟', '[{"id":"a","text":"3/4"},{"id":"b","text":"6/8"},{"id":"c","text":"18/24"},{"id":"d","text":"2/3"}]'::jsonb, 'a', 'نختزل 18/24 بقسمة البسط والمقام على قاسمهما المشترك 6: 18 ÷ 6 = 3 و 24 ÷ 6 = 4، فنحصل على 3/4 وهي أبسط صورة. الخطأ الشائع التوقّف عند 6/8 (القسمة على 3 فقط) أو ترك الكسر 18/24 دون اختزال.', 6, 'mcq', NULL, NULL)
ON CONFLICT (id) DO UPDATE SET
  exercise_id = EXCLUDED.exercise_id,
  prompt = EXCLUDED.prompt,
  options = EXCLUDED.options,
  correct_option = EXCLUDED.correct_option,
  explanation = EXCLUDED.explanation,
  display_order = EXCLUDED.display_order,
  question_type = EXCLUDED.question_type,
  answer_key = EXCLUDED.answer_key,
  distractor_tags = EXCLUDED.distractor_tags;

INSERT INTO public.exercises (id, chapter_id, subject_id, title, difficulty, xp_reward, reward_coins, mode, source, display_order) VALUES
  ('e424c280-f8c6-54ad-887e-d135a43dc22c', '85fd2b06-e40a-5718-af2e-cc342fcd2f5c', 'math-5eme', '📝 تدريب ⭐⭐⭐: إتقان الكسور (مراجعة شاملة)', 3, 120, 30, 'boss', 'admin', 5)
ON CONFLICT (id) DO UPDATE SET
  chapter_id = EXCLUDED.chapter_id,
  subject_id = EXCLUDED.subject_id,
  title = EXCLUDED.title,
  difficulty = EXCLUDED.difficulty,
  xp_reward = EXCLUDED.xp_reward,
  reward_coins = EXCLUDED.reward_coins,
  mode = EXCLUDED.mode,
  display_order = EXCLUDED.display_order;

INSERT INTO public.questions (id, exercise_id, prompt, options, correct_option, explanation, display_order, question_type, answer_key, distractor_tags) VALUES
  ('612cb849-8df9-5d2d-84e4-f400794f4c9f', 'e424c280-f8c6-54ad-887e-d135a43dc22c', 'ما الكسر الذي يمثّله الجزء الملوّن في هذا القرص؟ <svg viewBox="0 0 100 100"><circle cx="50" cy="50" r="44" fill="none" stroke="currentColor" stroke-width="2.5"/><path d="M50 50 L50 6 A44 44 0 0 1 94 50 Z" fill="#d1d5db"/><path d="M50 50 L94 50 A44 44 0 0 1 50 94 Z" fill="#d1d5db"/><path d="M50 50 L50 94 A44 44 0 0 1 6 50 Z" fill="#d1d5db"/><line x1="6" y1="50" x2="94" y2="50" stroke="currentColor" stroke-width="2.5"/><line x1="50" y1="6" x2="50" y2="94" stroke="currentColor" stroke-width="2.5"/></svg>', '[{"id":"a","text":"3/1"},{"id":"b","text":"1/4"},{"id":"c","text":"4/3"},{"id":"d","text":"3/4"}]'::jsonb, 'd', 'قُسّم القرص إلى 4 أجزاء متساوية ولُوّن منها 3، فالكسر هو 3/4: البسط 3 والمقام 4.', 1, 'mcq', NULL, NULL)
ON CONFLICT (id) DO UPDATE SET
  exercise_id = EXCLUDED.exercise_id,
  prompt = EXCLUDED.prompt,
  options = EXCLUDED.options,
  correct_option = EXCLUDED.correct_option,
  explanation = EXCLUDED.explanation,
  display_order = EXCLUDED.display_order,
  question_type = EXCLUDED.question_type,
  answer_key = EXCLUDED.answer_key,
  distractor_tags = EXCLUDED.distractor_tags;

INSERT INTO public.questions (id, exercise_id, prompt, options, correct_option, explanation, display_order, question_type, answer_key, distractor_tags) VALUES
  ('6d20229b-7b1a-5859-953d-b8661365aa5a', 'e424c280-f8c6-54ad-887e-d135a43dc22c', 'كم يساوي 2/3 من 18؟', '[{"id":"a","text":"6"},{"id":"b","text":"12"},{"id":"c","text":"9"},{"id":"d","text":"27"}]'::jsonb, 'b', 'نقسم على المقام ثمّ نضرب في البسط: 18 ÷ 3 = 6، ثمّ 6 × 2 = 12. إذن 2/3 من 18 = 12.', 2, 'mcq', NULL, NULL)
ON CONFLICT (id) DO UPDATE SET
  exercise_id = EXCLUDED.exercise_id,
  prompt = EXCLUDED.prompt,
  options = EXCLUDED.options,
  correct_option = EXCLUDED.correct_option,
  explanation = EXCLUDED.explanation,
  display_order = EXCLUDED.display_order,
  question_type = EXCLUDED.question_type,
  answer_key = EXCLUDED.answer_key,
  distractor_tags = EXCLUDED.distractor_tags;

INSERT INTO public.questions (id, exercise_id, prompt, options, correct_option, explanation, display_order, question_type, answer_key, distractor_tags) VALUES
  ('81d566e6-7660-5377-b136-1c49d2e9df0a', 'e424c280-f8c6-54ad-887e-d135a43dc22c', 'ما أبسط صورةٍ للكسر 9/12؟', '[{"id":"a","text":"9/4"},{"id":"b","text":"3/12"},{"id":"c","text":"3/4"},{"id":"d","text":"1/3"}]'::jsonb, 'c', 'نقسم البسط والمقام على قاسمهما المشترك 3: 9 ÷ 3 = 3 و 12 ÷ 3 = 4، فنحصل على 3/4، وهي أبسط صورة.', 3, 'mcq', NULL, NULL)
ON CONFLICT (id) DO UPDATE SET
  exercise_id = EXCLUDED.exercise_id,
  prompt = EXCLUDED.prompt,
  options = EXCLUDED.options,
  correct_option = EXCLUDED.correct_option,
  explanation = EXCLUDED.explanation,
  display_order = EXCLUDED.display_order,
  question_type = EXCLUDED.question_type,
  answer_key = EXCLUDED.answer_key,
  distractor_tags = EXCLUDED.distractor_tags;

INSERT INTO public.questions (id, exercise_id, prompt, options, correct_option, explanation, display_order, question_type, answer_key, distractor_tags) VALUES
  ('e0d1a6f6-07c6-5228-8905-93ccd87a9b38', 'e424c280-f8c6-54ad-887e-d135a43dc22c', 'أيّ كسرٍ أكبر من الوحدة 1؟', '[{"id":"a","text":"7/5"},{"id":"b","text":"3/5"},{"id":"c","text":"5/5"},{"id":"d","text":"4/5"}]'::jsonb, 'a', 'الكسر أكبر من 1 حين يكون بسطه أكبر من مقامه: في 7/5 البسط 7 > المقام 5، فهو أكبر من 1. أمّا 5/5 فيساوي 1 تمامًا، والباقي أصغر من 1.', 4, 'mcq', NULL, NULL)
ON CONFLICT (id) DO UPDATE SET
  exercise_id = EXCLUDED.exercise_id,
  prompt = EXCLUDED.prompt,
  options = EXCLUDED.options,
  correct_option = EXCLUDED.correct_option,
  explanation = EXCLUDED.explanation,
  display_order = EXCLUDED.display_order,
  question_type = EXCLUDED.question_type,
  answer_key = EXCLUDED.answer_key,
  distractor_tags = EXCLUDED.distractor_tags;

INSERT INTO public.questions (id, exercise_id, prompt, options, correct_option, explanation, display_order, question_type, answer_key, distractor_tags) VALUES
  ('a7c84950-2de6-55b9-b3d5-86117788559d', 'e424c280-f8c6-54ad-887e-d135a43dc22c', 'ما الكتابة العشرية للكسر 3/10؟', '[{"id":"a","text":"0,003"},{"id":"b","text":"0,03"},{"id":"c","text":"3,10"},{"id":"d","text":"0,3"}]'::jsonb, 'd', 'المقام 10 يعني رقمًا واحدًا بعد الفاصلة، و 3/10 تساوي 3 أعشار، أي 0,3. الخطأ الشائع كتابة 0,03 (وهي 3/100) أو 0,003 (وهي 3/1000) لا 3/10.', 5, 'mcq', NULL, NULL)
ON CONFLICT (id) DO UPDATE SET
  exercise_id = EXCLUDED.exercise_id,
  prompt = EXCLUDED.prompt,
  options = EXCLUDED.options,
  correct_option = EXCLUDED.correct_option,
  explanation = EXCLUDED.explanation,
  display_order = EXCLUDED.display_order,
  question_type = EXCLUDED.question_type,
  answer_key = EXCLUDED.answer_key,
  distractor_tags = EXCLUDED.distractor_tags;

INSERT INTO public.questions (id, exercise_id, prompt, options, correct_option, explanation, display_order, question_type, answer_key, distractor_tags) VALUES
  ('2f6de24a-7542-5daa-872d-d77a2515ca17', 'e424c280-f8c6-54ad-887e-d135a43dc22c', 'أكمل الكسور المتساوية: 4/5 = .../10.', '[{"id":"a","text":"4"},{"id":"b","text":"8"},{"id":"c","text":"9"},{"id":"d","text":"5"}]'::jsonb, 'b', 'المقام تضاعف من 5 إلى 10، أي ضربناه في 2، فنضرب البسط أيضًا في 2: 4 × 2 = 8. إذن 4/5 = 8/10. الخطأ الشائع ضرب المقام فقط وترك البسط 4.', 6, 'mcq', NULL, NULL)
ON CONFLICT (id) DO UPDATE SET
  exercise_id = EXCLUDED.exercise_id,
  prompt = EXCLUDED.prompt,
  options = EXCLUDED.options,
  correct_option = EXCLUDED.correct_option,
  explanation = EXCLUDED.explanation,
  display_order = EXCLUDED.display_order,
  question_type = EXCLUDED.question_type,
  answer_key = EXCLUDED.answer_key,
  distractor_tags = EXCLUDED.distractor_tags;

INSERT INTO public.exercises (id, chapter_id, subject_id, title, difficulty, xp_reward, reward_coins, mode, source, display_order) VALUES
  ('a10363b0-fe62-522a-897b-c5ee472e57e3', 'aa69b42c-66fd-50a2-a251-5496a72420be', 'math-5eme', 'اختبار فهم الدرس ⭐', 1, 20, 5, 'quiz', 'admin', 0)
ON CONFLICT (id) DO UPDATE SET
  chapter_id = EXCLUDED.chapter_id,
  subject_id = EXCLUDED.subject_id,
  title = EXCLUDED.title,
  difficulty = EXCLUDED.difficulty,
  xp_reward = EXCLUDED.xp_reward,
  reward_coins = EXCLUDED.reward_coins,
  mode = EXCLUDED.mode,
  display_order = EXCLUDED.display_order;

INSERT INTO public.questions (id, exercise_id, prompt, options, correct_option, explanation, display_order, question_type, answer_key, distractor_tags) VALUES
  ('d533d6f1-8dd4-5831-aa8e-a50c639331b7', 'a10363b0-fe62-522a-897b-c5ee472e57e3', 'كم مترًا في الكيلومتر الواحد؟', '[{"id":"a","text":"10 m"},{"id":"b","text":"100 m"},{"id":"c","text":"1 000 m"},{"id":"d","text":"10 000 m"}]'::jsonb, 'c', 'في جدول التحويل بين km و m ثلاث خانات، فالعامل 1000: إذن 1 km = 1 000 m.', 1, 'mcq', NULL, NULL)
ON CONFLICT (id) DO UPDATE SET
  exercise_id = EXCLUDED.exercise_id,
  prompt = EXCLUDED.prompt,
  options = EXCLUDED.options,
  correct_option = EXCLUDED.correct_option,
  explanation = EXCLUDED.explanation,
  display_order = EXCLUDED.display_order,
  question_type = EXCLUDED.question_type,
  answer_key = EXCLUDED.answer_key,
  distractor_tags = EXCLUDED.distractor_tags;

INSERT INTO public.questions (id, exercise_id, prompt, options, correct_option, explanation, display_order, question_type, answer_key, distractor_tags) VALUES
  ('980e47ca-7600-5386-9712-00bb9deb01f3', 'a10363b0-fe62-522a-897b-c5ee472e57e3', 'بأيّ وحدةٍ نقيس المسافة بين مدينتين؟', '[{"id":"a","text":"الكيلومتر (km)"},{"id":"b","text":"الصنتيمتر (cm)"},{"id":"c","text":"الميليمتر (mm)"},{"id":"d","text":"اللتر (L)"}]'::jsonb, 'a', 'المسافة بين مدينتين كبيرة، فنختار الوحدة الكبيرة وهي الكيلومتر (km) حتّى يكون العدد معقولًا.', 2, 'mcq', NULL, NULL)
ON CONFLICT (id) DO UPDATE SET
  exercise_id = EXCLUDED.exercise_id,
  prompt = EXCLUDED.prompt,
  options = EXCLUDED.options,
  correct_option = EXCLUDED.correct_option,
  explanation = EXCLUDED.explanation,
  display_order = EXCLUDED.display_order,
  question_type = EXCLUDED.question_type,
  answer_key = EXCLUDED.answer_key,
  distractor_tags = EXCLUDED.distractor_tags;

INSERT INTO public.questions (id, exercise_id, prompt, options, correct_option, explanation, display_order, question_type, answer_key, distractor_tags) VALUES
  ('7c9b4a12-f48c-57ac-9e96-6b5cf1a7d450', 'a10363b0-fe62-522a-897b-c5ee472e57e3', 'كم غرامًا يساوي 1 kg؟', '[{"id":"a","text":"10 g"},{"id":"b","text":"1 000 g"},{"id":"c","text":"100 g"},{"id":"d","text":"10 000 g"}]'::jsonb, 'b', 'العلاقة الأساسيّة للكتلة هي 1 kg = 1 000 g. فالكيلوغرام الواحد يساوي 1 000 غرام.', 3, 'mcq', NULL, NULL)
ON CONFLICT (id) DO UPDATE SET
  exercise_id = EXCLUDED.exercise_id,
  prompt = EXCLUDED.prompt,
  options = EXCLUDED.options,
  correct_option = EXCLUDED.correct_option,
  explanation = EXCLUDED.explanation,
  display_order = EXCLUDED.display_order,
  question_type = EXCLUDED.question_type,
  answer_key = EXCLUDED.answer_key,
  distractor_tags = EXCLUDED.distractor_tags;

INSERT INTO public.questions (id, exercise_id, prompt, options, correct_option, explanation, display_order, question_type, answer_key, distractor_tags) VALUES
  ('a26ffead-c8b4-5154-bf89-dd5da70d5c88', 'a10363b0-fe62-522a-897b-c5ee472e57e3', 'كم دقيقةً في الساعة الواحدة؟', '[{"id":"a","text":"10 دقائق"},{"id":"b","text":"24 دقيقة"},{"id":"c","text":"100 دقيقة"},{"id":"d","text":"60 دقيقة"}]'::jsonb, 'd', 'وحدات الزمن ليست عشريّة: الساعة الواحدة تساوي 60 دقيقة وليست 100 دقيقة.', 4, 'mcq', NULL, NULL)
ON CONFLICT (id) DO UPDATE SET
  exercise_id = EXCLUDED.exercise_id,
  prompt = EXCLUDED.prompt,
  options = EXCLUDED.options,
  correct_option = EXCLUDED.correct_option,
  explanation = EXCLUDED.explanation,
  display_order = EXCLUDED.display_order,
  question_type = EXCLUDED.question_type,
  answer_key = EXCLUDED.answer_key,
  distractor_tags = EXCLUDED.distractor_tags;

INSERT INTO public.questions (id, exercise_id, prompt, options, correct_option, explanation, display_order, question_type, answer_key, distractor_tags) VALUES
  ('4acbe5a1-4a2e-5c66-84f9-2d8c6c79eb3c', 'a10363b0-fe62-522a-897b-c5ee472e57e3', 'كم صنتيمترًا يساوي 3 m؟', '[{"id":"a","text":"30 cm"},{"id":"b","text":"300 cm"},{"id":"c","text":"3 000 cm"},{"id":"d","text":"103 cm"}]'::jsonb, 'b', 'بين m و cm خانتان فالعامل 100، نضرب: 3 × 100 = 300. إذن 3 m = 300 cm.', 5, 'mcq', NULL, NULL)
ON CONFLICT (id) DO UPDATE SET
  exercise_id = EXCLUDED.exercise_id,
  prompt = EXCLUDED.prompt,
  options = EXCLUDED.options,
  correct_option = EXCLUDED.correct_option,
  explanation = EXCLUDED.explanation,
  display_order = EXCLUDED.display_order,
  question_type = EXCLUDED.question_type,
  answer_key = EXCLUDED.answer_key,
  distractor_tags = EXCLUDED.distractor_tags;

INSERT INTO public.exercises (id, chapter_id, subject_id, title, difficulty, xp_reward, reward_coins, mode, source, display_order) VALUES
  ('48e61514-83b1-5456-8c7e-000d344a7da1', 'aa69b42c-66fd-50a2-a251-5496a72420be', 'math-5eme', '⭐ تمرين: مبادئ الوحدات والتحويل', 1, 50, 10, 'practice', 'admin', 1)
ON CONFLICT (id) DO UPDATE SET
  chapter_id = EXCLUDED.chapter_id,
  subject_id = EXCLUDED.subject_id,
  title = EXCLUDED.title,
  difficulty = EXCLUDED.difficulty,
  xp_reward = EXCLUDED.xp_reward,
  reward_coins = EXCLUDED.reward_coins,
  mode = EXCLUDED.mode,
  display_order = EXCLUDED.display_order;

INSERT INTO public.questions (id, exercise_id, prompt, options, correct_option, explanation, display_order, question_type, answer_key, distractor_tags) VALUES
  ('c300710f-0ab9-58ed-9365-7f9d5b8fca5c', '48e61514-83b1-5456-8c7e-000d344a7da1', 'بأيّ وحدةٍ نقيس كتلة تلميذ؟', '[{"id":"a","text":"الكيلوغرام (kg)"},{"id":"b","text":"الغرام (g)"},{"id":"c","text":"اللتر (L)"},{"id":"d","text":"الميليمتر (mm)"}]'::jsonb, 'a', 'كتلة تلميذٍ كبيرة نسبيًّا، فنختار الكيلوغرام (kg) حتّى يكون العدد معقولًا، مثل 35 kg.', 1, 'mcq', NULL, NULL)
ON CONFLICT (id) DO UPDATE SET
  exercise_id = EXCLUDED.exercise_id,
  prompt = EXCLUDED.prompt,
  options = EXCLUDED.options,
  correct_option = EXCLUDED.correct_option,
  explanation = EXCLUDED.explanation,
  display_order = EXCLUDED.display_order,
  question_type = EXCLUDED.question_type,
  answer_key = EXCLUDED.answer_key,
  distractor_tags = EXCLUDED.distractor_tags;

INSERT INTO public.questions (id, exercise_id, prompt, options, correct_option, explanation, display_order, question_type, answer_key, distractor_tags) VALUES
  ('b92bc4da-3d00-5abb-bb10-7793936fc685', '48e61514-83b1-5456-8c7e-000d344a7da1', 'كم صنتيلترًا يساوي 1 L؟', '[{"id":"a","text":"10 cL"},{"id":"b","text":"1 000 cL"},{"id":"c","text":"100 cL"},{"id":"d","text":"60 cL"}]'::jsonb, 'c', 'العلاقة الأساسيّة للسعة هي 1 L = 100 cL. فاللتر الواحد يساوي 100 صنتيلتر.', 2, 'mcq', NULL, NULL)
ON CONFLICT (id) DO UPDATE SET
  exercise_id = EXCLUDED.exercise_id,
  prompt = EXCLUDED.prompt,
  options = EXCLUDED.options,
  correct_option = EXCLUDED.correct_option,
  explanation = EXCLUDED.explanation,
  display_order = EXCLUDED.display_order,
  question_type = EXCLUDED.question_type,
  answer_key = EXCLUDED.answer_key,
  distractor_tags = EXCLUDED.distractor_tags;

INSERT INTO public.questions (id, exercise_id, prompt, options, correct_option, explanation, display_order, question_type, answer_key, distractor_tags) VALUES
  ('8bdb7da9-0739-51df-8eea-9c76be91fd34', '48e61514-83b1-5456-8c7e-000d344a7da1', 'كم مليمترًا يساوي 5 cm؟', '[{"id":"a","text":"5 mm"},{"id":"b","text":"50 mm"},{"id":"c","text":"500 mm"},{"id":"d","text":"15 mm"}]'::jsonb, 'b', 'بين cm و mm خانةٌ واحدة فالعامل 10، نضرب: 5 × 10 = 50. إذن 5 cm = 50 mm.', 3, 'mcq', NULL, NULL)
ON CONFLICT (id) DO UPDATE SET
  exercise_id = EXCLUDED.exercise_id,
  prompt = EXCLUDED.prompt,
  options = EXCLUDED.options,
  correct_option = EXCLUDED.correct_option,
  explanation = EXCLUDED.explanation,
  display_order = EXCLUDED.display_order,
  question_type = EXCLUDED.question_type,
  answer_key = EXCLUDED.answer_key,
  distractor_tags = EXCLUDED.distractor_tags;

INSERT INTO public.questions (id, exercise_id, prompt, options, correct_option, explanation, display_order, question_type, answer_key, distractor_tags) VALUES
  ('5ebf1961-3018-55b9-9fa6-f0c48f47f060', '48e61514-83b1-5456-8c7e-000d344a7da1', 'كم غرامًا يساوي 2 kg؟', '[{"id":"a","text":"20 g"},{"id":"b","text":"102 g"},{"id":"c","text":"200 g"},{"id":"d","text":"2 000 g"}]'::jsonb, 'd', 'العامل بين kg و g هو 1000، نضرب: 2 × 1 000 = 2 000. إذن 2 kg = 2 000 g.', 4, 'mcq', NULL, NULL)
ON CONFLICT (id) DO UPDATE SET
  exercise_id = EXCLUDED.exercise_id,
  prompt = EXCLUDED.prompt,
  options = EXCLUDED.options,
  correct_option = EXCLUDED.correct_option,
  explanation = EXCLUDED.explanation,
  display_order = EXCLUDED.display_order,
  question_type = EXCLUDED.question_type,
  answer_key = EXCLUDED.answer_key,
  distractor_tags = EXCLUDED.distractor_tags;

INSERT INTO public.questions (id, exercise_id, prompt, options, correct_option, explanation, display_order, question_type, answer_key, distractor_tags) VALUES
  ('1a87e995-821e-571e-a23f-168669170852', '48e61514-83b1-5456-8c7e-000d344a7da1', 'كم مترًا يساوي 400 cm؟', '[{"id":"a","text":"40 m"},{"id":"b","text":"40 000 m"},{"id":"c","text":"4 m"},{"id":"d","text":"4 000 m"}]'::jsonb, 'c', 'من cm إلى m نصعد خانتين فنقسم على 100: 400 ÷ 100 = 4. إذن 400 cm = 4 m.', 5, 'mcq', NULL, NULL)
ON CONFLICT (id) DO UPDATE SET
  exercise_id = EXCLUDED.exercise_id,
  prompt = EXCLUDED.prompt,
  options = EXCLUDED.options,
  correct_option = EXCLUDED.correct_option,
  explanation = EXCLUDED.explanation,
  display_order = EXCLUDED.display_order,
  question_type = EXCLUDED.question_type,
  answer_key = EXCLUDED.answer_key,
  distractor_tags = EXCLUDED.distractor_tags;

INSERT INTO public.questions (id, exercise_id, prompt, options, correct_option, explanation, display_order, question_type, answer_key, distractor_tags) VALUES
  ('90a29dd1-2204-5de7-abc9-a0c8e7d1ca0b', '48e61514-83b1-5456-8c7e-000d344a7da1', 'كم ثانيةً في الدقيقة الواحدة؟', '[{"id":"a","text":"60 ثانية"},{"id":"b","text":"10 ثوانٍ"},{"id":"c","text":"100 ثانية"},{"id":"d","text":"24 ثانية"}]'::jsonb, 'a', 'وحدات الزمن ليست عشريّة: الدقيقة الواحدة تساوي 60 ثانية، تمامًا كما أنّ الساعة 60 دقيقة.', 6, 'mcq', NULL, NULL)
ON CONFLICT (id) DO UPDATE SET
  exercise_id = EXCLUDED.exercise_id,
  prompt = EXCLUDED.prompt,
  options = EXCLUDED.options,
  correct_option = EXCLUDED.correct_option,
  explanation = EXCLUDED.explanation,
  display_order = EXCLUDED.display_order,
  question_type = EXCLUDED.question_type,
  answer_key = EXCLUDED.answer_key,
  distractor_tags = EXCLUDED.distractor_tags;

INSERT INTO public.exercises (id, chapter_id, subject_id, title, difficulty, xp_reward, reward_coins, mode, source, display_order) VALUES
  ('478ade4f-e616-5d01-b10c-441caf02b42c', 'aa69b42c-66fd-50a2-a251-5496a72420be', 'math-5eme', '⚔️ زعيم الفصل ⭐⭐⭐: سيّد جدول التحويل', 3, 120, 30, 'boss', 'admin', 2)
ON CONFLICT (id) DO UPDATE SET
  chapter_id = EXCLUDED.chapter_id,
  subject_id = EXCLUDED.subject_id,
  title = EXCLUDED.title,
  difficulty = EXCLUDED.difficulty,
  xp_reward = EXCLUDED.xp_reward,
  reward_coins = EXCLUDED.reward_coins,
  mode = EXCLUDED.mode,
  display_order = EXCLUDED.display_order;

INSERT INTO public.questions (id, exercise_id, prompt, options, correct_option, explanation, display_order, question_type, answer_key, distractor_tags) VALUES
  ('877fc1c5-c2e9-554c-a44c-128082297e45', '478ade4f-e616-5d01-b10c-441caf02b42c', 'كم مترًا يساوي 2,5 km؟', '[{"id":"a","text":"25 m"},{"id":"b","text":"250 m"},{"id":"c","text":"2 500 m"},{"id":"d","text":"25 000 m"}]'::jsonb, 'c', 'بين km و m ثلاث خانات فالعامل 1000: 2,5 × 1 000 = 2 500. إذن 2,5 km = 2 500 m. الخطأ الشائع 250 m من استعمال خانتين (×100) بدل ثلاث خانات (×1000).', 1, 'mcq', NULL, NULL)
ON CONFLICT (id) DO UPDATE SET
  exercise_id = EXCLUDED.exercise_id,
  prompt = EXCLUDED.prompt,
  options = EXCLUDED.options,
  correct_option = EXCLUDED.correct_option,
  explanation = EXCLUDED.explanation,
  display_order = EXCLUDED.display_order,
  question_type = EXCLUDED.question_type,
  answer_key = EXCLUDED.answer_key,
  distractor_tags = EXCLUDED.distractor_tags;

INSERT INTO public.questions (id, exercise_id, prompt, options, correct_option, explanation, display_order, question_type, answer_key, distractor_tags) VALUES
  ('7ef0bd98-ad38-5e08-a11a-99bba5aea772', '478ade4f-e616-5d01-b10c-441caf02b42c', 'كم لترًا يساوي 250 cL؟', '[{"id":"a","text":"0,25 L"},{"id":"b","text":"2,5 L"},{"id":"c","text":"25 L"},{"id":"d","text":"2 500 L"}]'::jsonb, 'b', 'من cL إلى L نصعد خانتين فنقسم على 100: 250 ÷ 100 = 2,5. إذن 250 cL = 2,5 L. الخطأ الشائع 0,25 L من القسمة على 1000 بدل 100.', 2, 'mcq', NULL, NULL)
ON CONFLICT (id) DO UPDATE SET
  exercise_id = EXCLUDED.exercise_id,
  prompt = EXCLUDED.prompt,
  options = EXCLUDED.options,
  correct_option = EXCLUDED.correct_option,
  explanation = EXCLUDED.explanation,
  display_order = EXCLUDED.display_order,
  question_type = EXCLUDED.question_type,
  answer_key = EXCLUDED.answer_key,
  distractor_tags = EXCLUDED.distractor_tags;

INSERT INTO public.questions (id, exercise_id, prompt, options, correct_option, explanation, display_order, question_type, answer_key, distractor_tags) VALUES
  ('0a94fcf0-b113-5f9d-b8d2-e0c751259bd6', '478ade4f-e616-5d01-b10c-441caf02b42c', 'كم كيلوغرامًا يساوي 350 g؟', '[{"id":"a","text":"3,5 kg"},{"id":"b","text":"35 kg"},{"id":"c","text":"0,035 kg"},{"id":"d","text":"0,35 kg"}]'::jsonb, 'd', 'من g إلى kg نصعد ثلاث خانات فنقسم على 1000: 350 ÷ 1 000 = 0,35. إذن 350 g = 0,35 kg. الخطأ الشائع 3,5 kg من تحريك الفاصلة خانةً واحدة بدل ثلاث.', 3, 'mcq', NULL, NULL)
ON CONFLICT (id) DO UPDATE SET
  exercise_id = EXCLUDED.exercise_id,
  prompt = EXCLUDED.prompt,
  options = EXCLUDED.options,
  correct_option = EXCLUDED.correct_option,
  explanation = EXCLUDED.explanation,
  display_order = EXCLUDED.display_order,
  question_type = EXCLUDED.question_type,
  answer_key = EXCLUDED.answer_key,
  distractor_tags = EXCLUDED.distractor_tags;

INSERT INTO public.questions (id, exercise_id, prompt, options, correct_option, explanation, display_order, question_type, answer_key, distractor_tags) VALUES
  ('8282ab1c-d0f0-53fd-b70a-ade6108dc39d', '478ade4f-e616-5d01-b10c-441caf02b42c', 'كم صنتيلترًا يساوي 1,5 L؟', '[{"id":"a","text":"150 cL"},{"id":"b","text":"15 cL"},{"id":"c","text":"1 500 cL"},{"id":"d","text":"1,5 cL"}]'::jsonb, 'a', 'من L إلى cL ننزل خانتين فنضرب في 100: 1,5 × 100 = 150. إذن 1,5 L = 150 cL. الخطأ الشائع 15 cL من الضرب في 10 (خانة واحدة) بدل 100.', 4, 'mcq', NULL, NULL)
ON CONFLICT (id) DO UPDATE SET
  exercise_id = EXCLUDED.exercise_id,
  prompt = EXCLUDED.prompt,
  options = EXCLUDED.options,
  correct_option = EXCLUDED.correct_option,
  explanation = EXCLUDED.explanation,
  display_order = EXCLUDED.display_order,
  question_type = EXCLUDED.question_type,
  answer_key = EXCLUDED.answer_key,
  distractor_tags = EXCLUDED.distractor_tags;

INSERT INTO public.questions (id, exercise_id, prompt, options, correct_option, explanation, display_order, question_type, answer_key, distractor_tags) VALUES
  ('2de8115f-7eb1-51dd-8954-4f609940ae3c', '478ade4f-e616-5d01-b10c-441caf02b42c', 'ساعتان ونصف، كم دقيقةً تساوي؟', '[{"id":"a","text":"120 دقيقة"},{"id":"b","text":"200 دقيقة"},{"id":"c","text":"150 دقيقة"},{"id":"d","text":"250 دقيقة"}]'::jsonb, 'c', 'الساعة 60 دقيقة فساعتان 2 × 60 = 120، والنصف 30 دقيقة: 120 + 30 = 150. إذن ساعتان ونصف = 150 دقيقة. الخطأ الشائع 250 من تطبيق ×100 على الزمن، والزمن ليس عشريًّا.', 5, 'mcq', NULL, NULL)
ON CONFLICT (id) DO UPDATE SET
  exercise_id = EXCLUDED.exercise_id,
  prompt = EXCLUDED.prompt,
  options = EXCLUDED.options,
  correct_option = EXCLUDED.correct_option,
  explanation = EXCLUDED.explanation,
  display_order = EXCLUDED.display_order,
  question_type = EXCLUDED.question_type,
  answer_key = EXCLUDED.answer_key,
  distractor_tags = EXCLUDED.distractor_tags;

INSERT INTO public.questions (id, exercise_id, prompt, options, correct_option, explanation, display_order, question_type, answer_key, distractor_tags) VALUES
  ('e123f796-ea83-5dbf-a4cb-ca6bfd97f7c4', '478ade4f-e616-5d01-b10c-441caf02b42c', 'أيّ المقدارين أكبر: 1,2 m أم 95 cm؟', '[{"id":"a","text":"95 cm"},{"id":"b","text":"1,2 m"},{"id":"c","text":"متساويان"},{"id":"d","text":"لا يمكن المقارنة"}]'::jsonb, 'b', 'نوحّد الوحدة: 1,2 m = 1,2 × 100 = 120 cm. ونقارن: 120 > 95. إذن 1,2 m أكبر من 95 cm. الخطأ الشائع مقارنة 1,2 بـ 95 مباشرةً دون توحيد الوحدة.', 6, 'mcq', NULL, NULL)
ON CONFLICT (id) DO UPDATE SET
  exercise_id = EXCLUDED.exercise_id,
  prompt = EXCLUDED.prompt,
  options = EXCLUDED.options,
  correct_option = EXCLUDED.correct_option,
  explanation = EXCLUDED.explanation,
  display_order = EXCLUDED.display_order,
  question_type = EXCLUDED.question_type,
  answer_key = EXCLUDED.answer_key,
  distractor_tags = EXCLUDED.distractor_tags;

INSERT INTO public.exercises (id, chapter_id, subject_id, title, difficulty, xp_reward, reward_coins, mode, source, display_order) VALUES
  ('9087290f-afc5-52ea-a6b3-b4946010a4ee', 'aa69b42c-66fd-50a2-a251-5496a72420be', 'math-5eme', '⭐⭐ تمرين مراجعة (نمط امتحان): القيس والتحويل', 2, 75, 15, 'practice', 'admin', 3)
ON CONFLICT (id) DO UPDATE SET
  chapter_id = EXCLUDED.chapter_id,
  subject_id = EXCLUDED.subject_id,
  title = EXCLUDED.title,
  difficulty = EXCLUDED.difficulty,
  xp_reward = EXCLUDED.xp_reward,
  reward_coins = EXCLUDED.reward_coins,
  mode = EXCLUDED.mode,
  display_order = EXCLUDED.display_order;

INSERT INTO public.questions (id, exercise_id, prompt, options, correct_option, explanation, display_order, question_type, answer_key, distractor_tags) VALUES
  ('ac0bc9db-0d62-5c73-96b7-0c9f2b7963f2', '9087290f-afc5-52ea-a6b3-b4946010a4ee', 'كم مليمترًا يساوي 1 m؟', '[{"id":"a","text":"100 mm"},{"id":"b","text":"1 000 mm"},{"id":"c","text":"10 mm"},{"id":"d","text":"10 000 mm"}]'::jsonb, 'b', 'بين m و mm ثلاث خانات فالعامل 1000: 1 × 1 000 = 1 000. إذن 1 m = 1 000 mm.', 1, 'mcq', NULL, NULL)
ON CONFLICT (id) DO UPDATE SET
  exercise_id = EXCLUDED.exercise_id,
  prompt = EXCLUDED.prompt,
  options = EXCLUDED.options,
  correct_option = EXCLUDED.correct_option,
  explanation = EXCLUDED.explanation,
  display_order = EXCLUDED.display_order,
  question_type = EXCLUDED.question_type,
  answer_key = EXCLUDED.answer_key,
  distractor_tags = EXCLUDED.distractor_tags;

INSERT INTO public.questions (id, exercise_id, prompt, options, correct_option, explanation, display_order, question_type, answer_key, distractor_tags) VALUES
  ('e51427bc-846b-5312-99c3-6cf15ac3c253', '9087290f-afc5-52ea-a6b3-b4946010a4ee', 'كم كيلوغرامًا يساوي 3 t؟', '[{"id":"a","text":"3 000 kg"},{"id":"b","text":"300 kg"},{"id":"c","text":"30 kg"},{"id":"d","text":"30 000 kg"}]'::jsonb, 'a', 'العامل بين t و kg هو 1000، نضرب: 3 × 1 000 = 3 000. إذن 3 t = 3 000 kg.', 2, 'mcq', NULL, NULL)
ON CONFLICT (id) DO UPDATE SET
  exercise_id = EXCLUDED.exercise_id,
  prompt = EXCLUDED.prompt,
  options = EXCLUDED.options,
  correct_option = EXCLUDED.correct_option,
  explanation = EXCLUDED.explanation,
  display_order = EXCLUDED.display_order,
  question_type = EXCLUDED.question_type,
  answer_key = EXCLUDED.answer_key,
  distractor_tags = EXCLUDED.distractor_tags;

INSERT INTO public.questions (id, exercise_id, prompt, options, correct_option, explanation, display_order, question_type, answer_key, distractor_tags) VALUES
  ('bcac18b1-936a-5bd5-9a16-4a97475ab9f0', '9087290f-afc5-52ea-a6b3-b4946010a4ee', 'أيّ وحدةٍ نختار لقياس سُمك دفتر؟', '[{"id":"a","text":"المتر (m)"},{"id":"b","text":"الكيلومتر (km)"},{"id":"c","text":"الميليمتر (mm)"},{"id":"d","text":"اللتر (L)"}]'::jsonb, 'c', 'سُمك الدفتر صغيرٌ جدًّا، فنختار الوحدة الصغيرة وهي الميليمتر (mm)، مثل 8 mm.', 3, 'mcq', NULL, NULL)
ON CONFLICT (id) DO UPDATE SET
  exercise_id = EXCLUDED.exercise_id,
  prompt = EXCLUDED.prompt,
  options = EXCLUDED.options,
  correct_option = EXCLUDED.correct_option,
  explanation = EXCLUDED.explanation,
  display_order = EXCLUDED.display_order,
  question_type = EXCLUDED.question_type,
  answer_key = EXCLUDED.answer_key,
  distractor_tags = EXCLUDED.distractor_tags;

INSERT INTO public.questions (id, exercise_id, prompt, options, correct_option, explanation, display_order, question_type, answer_key, distractor_tags) VALUES
  ('ce37acf5-1b6d-542a-a470-3344ad08253f', '9087290f-afc5-52ea-a6b3-b4946010a4ee', 'كم لترًا يساوي 3 000 mL؟', '[{"id":"a","text":"30 L"},{"id":"b","text":"300 L"},{"id":"c","text":"0,3 L"},{"id":"d","text":"3 L"}]'::jsonb, 'd', 'من mL إلى L نصعد ثلاث خانات فنقسم على 1000: 3 000 ÷ 1 000 = 3. إذن 3 000 mL = 3 L.', 4, 'mcq', NULL, NULL)
ON CONFLICT (id) DO UPDATE SET
  exercise_id = EXCLUDED.exercise_id,
  prompt = EXCLUDED.prompt,
  options = EXCLUDED.options,
  correct_option = EXCLUDED.correct_option,
  explanation = EXCLUDED.explanation,
  display_order = EXCLUDED.display_order,
  question_type = EXCLUDED.question_type,
  answer_key = EXCLUDED.answer_key,
  distractor_tags = EXCLUDED.distractor_tags;

INSERT INTO public.questions (id, exercise_id, prompt, options, correct_option, explanation, display_order, question_type, answer_key, distractor_tags) VALUES
  ('e6f5290e-88ec-5c1a-9414-3c03e8ca00cb', '9087290f-afc5-52ea-a6b3-b4946010a4ee', 'حقيبةٌ كتلتها 2 kg ووُضع فيها كتابٌ كتلته 500 g. ما الكتلة الجمليّة بالغرامات؟', '[{"id":"a","text":"700 g"},{"id":"b","text":"2 500 g"},{"id":"c","text":"250 g"},{"id":"d","text":"520 g"}]'::jsonb, 'b', 'نوحّد الوحدة أوّلًا: 2 kg = 2 000 g، ثمّ نجمع: 2 000 + 500 = 2 500. إذن الكتلة الجمليّة 2 500 g.', 5, 'mcq', NULL, NULL)
ON CONFLICT (id) DO UPDATE SET
  exercise_id = EXCLUDED.exercise_id,
  prompt = EXCLUDED.prompt,
  options = EXCLUDED.options,
  correct_option = EXCLUDED.correct_option,
  explanation = EXCLUDED.explanation,
  display_order = EXCLUDED.display_order,
  question_type = EXCLUDED.question_type,
  answer_key = EXCLUDED.answer_key,
  distractor_tags = EXCLUDED.distractor_tags;

INSERT INTO public.questions (id, exercise_id, prompt, options, correct_option, explanation, display_order, question_type, answer_key, distractor_tags) VALUES
  ('af3cd9b3-9104-5607-824b-8ede01378995', '9087290f-afc5-52ea-a6b3-b4946010a4ee', 'كم مترًا يساوي 7,3 km؟', '[{"id":"a","text":"73 m"},{"id":"b","text":"730 m"},{"id":"c","text":"7 300 m"},{"id":"d","text":"73 000 m"}]'::jsonb, 'c', 'بين km و m ثلاث خانات فالعامل 1000: 7,3 × 1 000 = 7 300. إذن 7,3 km = 7 300 m.', 6, 'mcq', NULL, NULL)
ON CONFLICT (id) DO UPDATE SET
  exercise_id = EXCLUDED.exercise_id,
  prompt = EXCLUDED.prompt,
  options = EXCLUDED.options,
  correct_option = EXCLUDED.correct_option,
  explanation = EXCLUDED.explanation,
  display_order = EXCLUDED.display_order,
  question_type = EXCLUDED.question_type,
  answer_key = EXCLUDED.answer_key,
  distractor_tags = EXCLUDED.distractor_tags;

INSERT INTO public.exercises (id, chapter_id, subject_id, title, difficulty, xp_reward, reward_coins, mode, source, display_order) VALUES
  ('677e22b9-f5d2-5ae4-9803-9c8eb61c42f8', 'aa69b42c-66fd-50a2-a251-5496a72420be', 'math-5eme', '👑 تحدّي النخبة ⭐⭐⭐⭐: ألغاز القيس', 4, 300, 60, 'challenge', 'admin', 4)
ON CONFLICT (id) DO UPDATE SET
  chapter_id = EXCLUDED.chapter_id,
  subject_id = EXCLUDED.subject_id,
  title = EXCLUDED.title,
  difficulty = EXCLUDED.difficulty,
  xp_reward = EXCLUDED.xp_reward,
  reward_coins = EXCLUDED.reward_coins,
  mode = EXCLUDED.mode,
  display_order = EXCLUDED.display_order;

INSERT INTO public.questions (id, exercise_id, prompt, options, correct_option, explanation, display_order, question_type, answer_key, distractor_tags) VALUES
  ('449bb4cd-a8dc-5bd1-885b-c8437cfd16e7', '677e22b9-f5d2-5ae4-9803-9c8eb61c42f8', 'شريطٌ طوله 3 m قُطِعت منه قطعةٌ طولها 75 cm. كم بقي منه بالصنتيمترات؟', '[{"id":"a","text":"72 cm"},{"id":"b","text":"75 cm"},{"id":"c","text":"225 cm"},{"id":"d","text":"2 925 cm"}]'::jsonb, 'c', 'نوحّد الوحدة: 3 m = 300 cm، ثمّ نطرح: 300 − 75 = 225. إذن البقيّة 225 cm. الخطأ الشائع طرح 75 من 3 مباشرةً (72) دون تحويل المتر إلى صنتيمتر.', 1, 'mcq', NULL, NULL)
ON CONFLICT (id) DO UPDATE SET
  exercise_id = EXCLUDED.exercise_id,
  prompt = EXCLUDED.prompt,
  options = EXCLUDED.options,
  correct_option = EXCLUDED.correct_option,
  explanation = EXCLUDED.explanation,
  display_order = EXCLUDED.display_order,
  question_type = EXCLUDED.question_type,
  answer_key = EXCLUDED.answer_key,
  distractor_tags = EXCLUDED.distractor_tags;

INSERT INTO public.questions (id, exercise_id, prompt, options, correct_option, explanation, display_order, question_type, answer_key, distractor_tags) VALUES
  ('6889eb26-71f0-5286-a0e3-c2192aca5e4a', '677e22b9-f5d2-5ae4-9803-9c8eb61c42f8', 'قارورةٌ سعتها 1,5 L مُلئت ثمّ شُرب منها 400 mL. كم بقي فيها بالميليلترات؟', '[{"id":"a","text":"1 100 mL"},{"id":"b","text":"1 900 mL"},{"id":"c","text":"350 mL"},{"id":"d","text":"1 460 mL"}]'::jsonb, 'a', 'نوحّد الوحدة: 1,5 L = 1 500 mL، ثمّ نطرح: 1 500 − 400 = 1 100. إذن البقيّة 1 100 mL. الخطأ الشائع 1 460 mL من تحويل 1,5 L إلى 1 500 mL ثمّ طرح 40 بدل 400.', 2, 'mcq', NULL, NULL)
ON CONFLICT (id) DO UPDATE SET
  exercise_id = EXCLUDED.exercise_id,
  prompt = EXCLUDED.prompt,
  options = EXCLUDED.options,
  correct_option = EXCLUDED.correct_option,
  explanation = EXCLUDED.explanation,
  display_order = EXCLUDED.display_order,
  question_type = EXCLUDED.question_type,
  answer_key = EXCLUDED.answer_key,
  distractor_tags = EXCLUDED.distractor_tags;

INSERT INTO public.questions (id, exercise_id, prompt, options, correct_option, explanation, display_order, question_type, answer_key, distractor_tags) VALUES
  ('55aa0b7b-770e-5b97-932a-b9cf19a6a703', '677e22b9-f5d2-5ae4-9803-9c8eb61c42f8', 'رتّب تصاعديًّا: 1,2 m، 90 cm، 1 050 mm.', '[{"id":"a","text":"1,2 m < 90 cm < 1 050 mm"},{"id":"b","text":"1 050 mm < 90 cm < 1,2 m"},{"id":"c","text":"1,2 m < 1 050 mm < 90 cm"},{"id":"d","text":"90 cm < 1 050 mm < 1,2 m"}]'::jsonb, 'd', 'نوحّد بالميليمتر: 1,2 m = 1 200 mm، و 90 cm = 900 mm، و 1 050 mm كما هي. الترتيب التصاعدي: 900 < 1050 < 1200، أي 90 cm < 1 050 mm < 1,2 m. الخطأ الشائع الترتيب حسب العدد دون النظر إلى الوحدة.', 3, 'mcq', NULL, NULL)
ON CONFLICT (id) DO UPDATE SET
  exercise_id = EXCLUDED.exercise_id,
  prompt = EXCLUDED.prompt,
  options = EXCLUDED.options,
  correct_option = EXCLUDED.correct_option,
  explanation = EXCLUDED.explanation,
  display_order = EXCLUDED.display_order,
  question_type = EXCLUDED.question_type,
  answer_key = EXCLUDED.answer_key,
  distractor_tags = EXCLUDED.distractor_tags;

INSERT INTO public.questions (id, exercise_id, prompt, options, correct_option, explanation, display_order, question_type, answer_key, distractor_tags) VALUES
  ('e05d0f46-0f58-5d5b-a241-505c9e0307a8', '677e22b9-f5d2-5ae4-9803-9c8eb61c42f8', 'اشترى تاجرٌ 4 أكياسٍ من السكّر كتلة الواحد 2,5 kg. ما الكتلة الجمليّة بالغرامات؟', '[{"id":"a","text":"10 000 g"},{"id":"b","text":"1 000 g"},{"id":"c","text":"100 000 g"},{"id":"d","text":"6 500 g"}]'::jsonb, 'a', 'الكتلة الجمليّة 4 × 2,5 = 10 kg، ثمّ نحوّل: 10 × 1 000 = 10 000 g. إذن 10 000 g. الخطأ الشائع نسيان ضرب الكتلة في عدد الأكياس قبل التحويل.', 4, 'mcq', NULL, NULL)
ON CONFLICT (id) DO UPDATE SET
  exercise_id = EXCLUDED.exercise_id,
  prompt = EXCLUDED.prompt,
  options = EXCLUDED.options,
  correct_option = EXCLUDED.correct_option,
  explanation = EXCLUDED.explanation,
  display_order = EXCLUDED.display_order,
  question_type = EXCLUDED.question_type,
  answer_key = EXCLUDED.answer_key,
  distractor_tags = EXCLUDED.distractor_tags;

INSERT INTO public.questions (id, exercise_id, prompt, options, correct_option, explanation, display_order, question_type, answer_key, distractor_tags) VALUES
  ('60c8ecce-e6f8-520f-85fc-f7582aa400c1', '677e22b9-f5d2-5ae4-9803-9c8eb61c42f8', 'فيلمٌ مدّته ساعةٌ و45 دقيقة. كم دقيقةً يساوي؟', '[{"id":"a","text":"145 دقيقة"},{"id":"b","text":"105 دقيقة"},{"id":"c","text":"60 دقيقة"},{"id":"d","text":"245 دقيقة"}]'::jsonb, 'b', 'الساعة 60 دقيقة، نجمع: 60 + 45 = 105. إذن مدّته 105 دقيقة. الخطأ الشائع 145 من معاملة الساعة كأنّها 100 دقيقة وإلصاق 45، والساعة 60 دقيقة فقط.', 5, 'mcq', NULL, NULL)
ON CONFLICT (id) DO UPDATE SET
  exercise_id = EXCLUDED.exercise_id,
  prompt = EXCLUDED.prompt,
  options = EXCLUDED.options,
  correct_option = EXCLUDED.correct_option,
  explanation = EXCLUDED.explanation,
  display_order = EXCLUDED.display_order,
  question_type = EXCLUDED.question_type,
  answer_key = EXCLUDED.answer_key,
  distractor_tags = EXCLUDED.distractor_tags;

INSERT INTO public.questions (id, exercise_id, prompt, options, correct_option, explanation, display_order, question_type, answer_key, distractor_tags) VALUES
  ('97db8e21-5c31-56d1-ad60-b434b4a028ba', '677e22b9-f5d2-5ae4-9803-9c8eb61c42f8', 'مسافةٌ طولها 2 km و300 m. كم مترًا تساوي جملةً؟', '[{"id":"a","text":"230 m"},{"id":"b","text":"2 030 m"},{"id":"c","text":"2 300 m"},{"id":"d","text":"5 000 m"}]'::jsonb, 'c', 'نحوّل أوّلًا: 2 km = 2 000 m، ثمّ نجمع مع 300 m: 2 000 + 300 = 2 300. إذن المسافة 2 300 m. الخطأ الشائع 2 030 m من وضع 300 في رتبةٍ خاطئة عند الجمع.', 6, 'mcq', NULL, NULL)
ON CONFLICT (id) DO UPDATE SET
  exercise_id = EXCLUDED.exercise_id,
  prompt = EXCLUDED.prompt,
  options = EXCLUDED.options,
  correct_option = EXCLUDED.correct_option,
  explanation = EXCLUDED.explanation,
  display_order = EXCLUDED.display_order,
  question_type = EXCLUDED.question_type,
  answer_key = EXCLUDED.answer_key,
  distractor_tags = EXCLUDED.distractor_tags;

INSERT INTO public.exercises (id, chapter_id, subject_id, title, difficulty, xp_reward, reward_coins, mode, source, display_order) VALUES
  ('6e941dd6-d774-59d5-b71d-26ce480c4667', 'aa69b42c-66fd-50a2-a251-5496a72420be', 'math-5eme', '📝 تدريب ⭐⭐⭐ على القيس (مراجعة شاملة)', 3, 120, 30, 'boss', 'admin', 5)
ON CONFLICT (id) DO UPDATE SET
  chapter_id = EXCLUDED.chapter_id,
  subject_id = EXCLUDED.subject_id,
  title = EXCLUDED.title,
  difficulty = EXCLUDED.difficulty,
  xp_reward = EXCLUDED.xp_reward,
  reward_coins = EXCLUDED.reward_coins,
  mode = EXCLUDED.mode,
  display_order = EXCLUDED.display_order;

INSERT INTO public.questions (id, exercise_id, prompt, options, correct_option, explanation, display_order, question_type, answer_key, distractor_tags) VALUES
  ('8b05591d-fa76-5b1a-ade9-3a975bb72b83', '6e941dd6-d774-59d5-b71d-26ce480c4667', 'كم صنتيمترًا يساوي 4,5 m؟', '[{"id":"a","text":"45 cm"},{"id":"b","text":"4 500 cm"},{"id":"c","text":"450 cm"},{"id":"d","text":"45 000 cm"}]'::jsonb, 'c', 'بين m و cm خانتان فالعامل 100: 4,5 × 100 = 450. إذن 4,5 m = 450 cm. الخطأ الشائع 45 cm من الضرب في 10 بدل 100.', 1, 'mcq', NULL, NULL)
ON CONFLICT (id) DO UPDATE SET
  exercise_id = EXCLUDED.exercise_id,
  prompt = EXCLUDED.prompt,
  options = EXCLUDED.options,
  correct_option = EXCLUDED.correct_option,
  explanation = EXCLUDED.explanation,
  display_order = EXCLUDED.display_order,
  question_type = EXCLUDED.question_type,
  answer_key = EXCLUDED.answer_key,
  distractor_tags = EXCLUDED.distractor_tags;

INSERT INTO public.questions (id, exercise_id, prompt, options, correct_option, explanation, display_order, question_type, answer_key, distractor_tags) VALUES
  ('3a0de348-d9ca-5746-9f5c-1d877b22a8c6', '6e941dd6-d774-59d5-b71d-26ce480c4667', 'كم كيلوغرامًا يساوي 2 500 g؟', '[{"id":"a","text":"25 kg"},{"id":"b","text":"2,5 kg"},{"id":"c","text":"0,25 kg"},{"id":"d","text":"250 kg"}]'::jsonb, 'b', 'من g إلى kg نصعد ثلاث خانات فنقسم على 1000: 2 500 ÷ 1 000 = 2,5. إذن 2 500 g = 2,5 kg. الخطأ الشائع القسمة على 100 (25 kg) بدل 1000.', 2, 'mcq', NULL, NULL)
ON CONFLICT (id) DO UPDATE SET
  exercise_id = EXCLUDED.exercise_id,
  prompt = EXCLUDED.prompt,
  options = EXCLUDED.options,
  correct_option = EXCLUDED.correct_option,
  explanation = EXCLUDED.explanation,
  display_order = EXCLUDED.display_order,
  question_type = EXCLUDED.question_type,
  answer_key = EXCLUDED.answer_key,
  distractor_tags = EXCLUDED.distractor_tags;

INSERT INTO public.questions (id, exercise_id, prompt, options, correct_option, explanation, display_order, question_type, answer_key, distractor_tags) VALUES
  ('a4c33f1c-b572-58b3-a5e7-1adf0739f8fa', '6e941dd6-d774-59d5-b71d-26ce480c4667', 'كم صنتيلترًا يساوي 0,75 L؟', '[{"id":"a","text":"75 cL"},{"id":"b","text":"7,5 cL"},{"id":"c","text":"750 cL"},{"id":"d","text":"0,75 cL"}]'::jsonb, 'a', 'من L إلى cL ننزل خانتين فنضرب في 100: 0,75 × 100 = 75. إذن 0,75 L = 75 cL. الخطأ الشائع 7,5 cL من الضرب في 10 بدل 100.', 3, 'mcq', NULL, NULL)
ON CONFLICT (id) DO UPDATE SET
  exercise_id = EXCLUDED.exercise_id,
  prompt = EXCLUDED.prompt,
  options = EXCLUDED.options,
  correct_option = EXCLUDED.correct_option,
  explanation = EXCLUDED.explanation,
  display_order = EXCLUDED.display_order,
  question_type = EXCLUDED.question_type,
  answer_key = EXCLUDED.answer_key,
  distractor_tags = EXCLUDED.distractor_tags;

INSERT INTO public.questions (id, exercise_id, prompt, options, correct_option, explanation, display_order, question_type, answer_key, distractor_tags) VALUES
  ('d8ff0a19-6a73-594b-b3a8-d5c2c85efd5e', '6e941dd6-d774-59d5-b71d-26ce480c4667', 'أيّ المقدارين أكبر: 0,8 kg أم 850 g؟', '[{"id":"a","text":"0,8 kg"},{"id":"b","text":"متساويان"},{"id":"c","text":"لا يمكن المقارنة"},{"id":"d","text":"850 g"}]'::jsonb, 'd', 'نوحّد الوحدة: 0,8 kg = 0,8 × 1 000 = 800 g. ونقارن: 850 > 800. إذن 850 g أكبر من 0,8 kg. الخطأ الشائع مقارنة 0,8 بـ 850 دون توحيد الوحدة.', 4, 'mcq', NULL, NULL)
ON CONFLICT (id) DO UPDATE SET
  exercise_id = EXCLUDED.exercise_id,
  prompt = EXCLUDED.prompt,
  options = EXCLUDED.options,
  correct_option = EXCLUDED.correct_option,
  explanation = EXCLUDED.explanation,
  display_order = EXCLUDED.display_order,
  question_type = EXCLUDED.question_type,
  answer_key = EXCLUDED.answer_key,
  distractor_tags = EXCLUDED.distractor_tags;

INSERT INTO public.questions (id, exercise_id, prompt, options, correct_option, explanation, display_order, question_type, answer_key, distractor_tags) VALUES
  ('3f22c334-a076-5de9-bd73-41e4ad1ea62e', '6e941dd6-d774-59d5-b71d-26ce480c4667', 'مسافةٌ يقطعها عدّاءٌ 1 250 m. كم تساوي بالكيلومترات والأمتار؟', '[{"id":"a","text":"1 km و25 m"},{"id":"b","text":"1 km و250 m"},{"id":"c","text":"12 km و50 m"},{"id":"d","text":"125 km"}]'::jsonb, 'b', '1 250 m = 1 000 m + 250 m، و 1 000 m = 1 km. إذن 1 250 m = 1 km و250 m. الخطأ الشائع 1 km و25 m من خطأٍ في رتبة العدد الباقي.', 5, 'mcq', NULL, NULL)
ON CONFLICT (id) DO UPDATE SET
  exercise_id = EXCLUDED.exercise_id,
  prompt = EXCLUDED.prompt,
  options = EXCLUDED.options,
  correct_option = EXCLUDED.correct_option,
  explanation = EXCLUDED.explanation,
  display_order = EXCLUDED.display_order,
  question_type = EXCLUDED.question_type,
  answer_key = EXCLUDED.answer_key,
  distractor_tags = EXCLUDED.distractor_tags;

INSERT INTO public.questions (id, exercise_id, prompt, options, correct_option, explanation, display_order, question_type, answer_key, distractor_tags) VALUES
  ('6350cc71-b5ed-5bc1-be51-64f4ed609c3f', '6e941dd6-d774-59d5-b71d-26ce480c4667', 'ركضت سلمى 1,5 km صباحًا و800 m مساءً. كم مترًا قطعت جملةً؟', '[{"id":"a","text":"950 m"},{"id":"b","text":"1 580 m"},{"id":"c","text":"2 300 m"},{"id":"d","text":"9 500 m"}]'::jsonb, 'c', 'نوحّد الوحدة: 1,5 km = 1 500 m، ثمّ نجمع: 1 500 + 800 = 2 300. إذن قطعت 2 300 m. الخطأ الشائع جمع 150 + 800 من تحويل 1,5 km إلى 150 m (×100) بدل 1 500 m (×1000).', 6, 'mcq', NULL, NULL)
ON CONFLICT (id) DO UPDATE SET
  exercise_id = EXCLUDED.exercise_id,
  prompt = EXCLUDED.prompt,
  options = EXCLUDED.options,
  correct_option = EXCLUDED.correct_option,
  explanation = EXCLUDED.explanation,
  display_order = EXCLUDED.display_order,
  question_type = EXCLUDED.question_type,
  answer_key = EXCLUDED.answer_key,
  distractor_tags = EXCLUDED.distractor_tags;

INSERT INTO public.exercises (id, chapter_id, subject_id, title, difficulty, xp_reward, reward_coins, mode, source, display_order) VALUES
  ('3e2825ac-937a-59c4-b860-d69ac9ed6e9f', '2066e3e8-629b-5c4e-a2a1-9a6cf7a2961d', 'math-5eme', 'اختبار فهم الدرس ⭐', 1, 20, 5, 'quiz', 'admin', 0)
ON CONFLICT (id) DO UPDATE SET
  chapter_id = EXCLUDED.chapter_id,
  subject_id = EXCLUDED.subject_id,
  title = EXCLUDED.title,
  difficulty = EXCLUDED.difficulty,
  xp_reward = EXCLUDED.xp_reward,
  reward_coins = EXCLUDED.reward_coins,
  mode = EXCLUDED.mode,
  display_order = EXCLUDED.display_order;

INSERT INTO public.questions (id, exercise_id, prompt, options, correct_option, explanation, display_order, question_type, answer_key, distractor_tags) VALUES
  ('456b7b1e-a937-52ad-94e4-5e64b57ef7b4', '3e2825ac-937a-59c4-b860-d69ac9ed6e9f', 'ما محيط مربّعٍ طول ضلعه 6 cm؟
<svg viewBox="0 0 70 80"><title>مربّعٌ طول ضلعه 6 cm</title><rect x="8" y="18" width="54" height="54" fill="#e5e7eb" stroke="currentColor" stroke-width="2.5"/><text x="35" y="14" font-size="10" text-anchor="middle" fill="currentColor">6 cm</text></svg>', '[{"id":"a","text":"10 cm"},{"id":"b","text":"12 cm"},{"id":"c","text":"24 cm"},{"id":"d","text":"36 cm"}]'::jsonb, 'c', 'محيط المربّع = الضلع × 4 = 6 × 4 = 24 cm. كلّ أضلاع المربّع الأربعة متساوية فنضرب الضلع في 4.', 1, 'mcq', NULL, NULL)
ON CONFLICT (id) DO UPDATE SET
  exercise_id = EXCLUDED.exercise_id,
  prompt = EXCLUDED.prompt,
  options = EXCLUDED.options,
  correct_option = EXCLUDED.correct_option,
  explanation = EXCLUDED.explanation,
  display_order = EXCLUDED.display_order,
  question_type = EXCLUDED.question_type,
  answer_key = EXCLUDED.answer_key,
  distractor_tags = EXCLUDED.distractor_tags;

INSERT INTO public.questions (id, exercise_id, prompt, options, correct_option, explanation, display_order, question_type, answer_key, distractor_tags) VALUES
  ('a6820d6e-29e9-5c81-a31c-8cdc82b25dc1', '3e2825ac-937a-59c4-b860-d69ac9ed6e9f', 'ما مساحة مستطيلٍ طوله 5 cm وعرضه 3 cm؟
<svg viewBox="0 0 114 70"><title>مستطيلٌ طوله 5 cm وعرضه 3 cm</title><rect x="34" y="18" width="72" height="44" fill="#e5e7eb" stroke="currentColor" stroke-width="2.5"/><text x="70" y="14" font-size="10" text-anchor="middle" fill="currentColor">5 cm</text><text x="28" y="43.5" font-size="10" text-anchor="end" fill="currentColor">3 cm</text></svg>', '[{"id":"a","text":"8 cm²"},{"id":"b","text":"15 cm²"},{"id":"c","text":"16 cm²"},{"id":"d","text":"15 cm"}]'::jsonb, 'b', 'مساحة المستطيل = الطول × العرض = 5 × 3 = 15 cm². ناتج المساحة بوحدةٍ مربّعة لأنّنا ضربنا طولًا في طول.', 2, 'mcq', NULL, NULL)
ON CONFLICT (id) DO UPDATE SET
  exercise_id = EXCLUDED.exercise_id,
  prompt = EXCLUDED.prompt,
  options = EXCLUDED.options,
  correct_option = EXCLUDED.correct_option,
  explanation = EXCLUDED.explanation,
  display_order = EXCLUDED.display_order,
  question_type = EXCLUDED.question_type,
  answer_key = EXCLUDED.answer_key,
  distractor_tags = EXCLUDED.distractor_tags;

INSERT INTO public.questions (id, exercise_id, prompt, options, correct_option, explanation, display_order, question_type, answer_key, distractor_tags) VALUES
  ('b3593d50-a910-598a-a1e5-c138292852b4', '3e2825ac-937a-59c4-b860-d69ac9ed6e9f', 'بأيّ وحدةٍ نعبّر عن مساحة أرضيّة غرفة؟', '[{"id":"a","text":"m (متر)"},{"id":"b","text":"cm (صنتيمتر)"},{"id":"c","text":"m² (متر مربّع)"},{"id":"d","text":"km (كيلومتر)"}]'::jsonb, 'c', 'المساحة سطحٌ فوحدتها مربّعة. مساحة غرفةٍ متوسّطة الحجم تُعبَّر بالمتر المربّع m²، لا بالمتر m وهو وحدة طول.', 3, 'mcq', NULL, NULL)
ON CONFLICT (id) DO UPDATE SET
  exercise_id = EXCLUDED.exercise_id,
  prompt = EXCLUDED.prompt,
  options = EXCLUDED.options,
  correct_option = EXCLUDED.correct_option,
  explanation = EXCLUDED.explanation,
  display_order = EXCLUDED.display_order,
  question_type = EXCLUDED.question_type,
  answer_key = EXCLUDED.answer_key,
  distractor_tags = EXCLUDED.distractor_tags;

INSERT INTO public.questions (id, exercise_id, prompt, options, correct_option, explanation, display_order, question_type, answer_key, distractor_tags) VALUES
  ('ce43703a-ec25-55e9-8baf-3933830a83ac', '3e2825ac-937a-59c4-b860-d69ac9ed6e9f', 'ما محيط مستطيلٍ طوله 7 cm وعرضه 4 cm؟
<svg viewBox="0 0 120 72"><title>مستطيلٌ طوله 7 cm وعرضه 4 cm</title><rect x="34" y="18" width="78" height="46" fill="#e5e7eb" stroke="currentColor" stroke-width="2.5"/><text x="73" y="14" font-size="10" text-anchor="middle" fill="currentColor">7 cm</text><text x="28" y="44.5" font-size="10" text-anchor="end" fill="currentColor">4 cm</text></svg>', '[{"id":"a","text":"11 cm"},{"id":"b","text":"22 cm"},{"id":"c","text":"28 cm"},{"id":"d","text":"28 cm²"}]'::jsonb, 'b', 'محيط المستطيل = (الطول + العرض) × 2 = (7 + 4) × 2 = 11 × 2 = 22 cm. لا نتوقّف عند 11 بل نضرب المجموع في 2 لأنّ للمستطيل أربعة أضلاع.', 4, 'mcq', NULL, NULL)
ON CONFLICT (id) DO UPDATE SET
  exercise_id = EXCLUDED.exercise_id,
  prompt = EXCLUDED.prompt,
  options = EXCLUDED.options,
  correct_option = EXCLUDED.correct_option,
  explanation = EXCLUDED.explanation,
  display_order = EXCLUDED.display_order,
  question_type = EXCLUDED.question_type,
  answer_key = EXCLUDED.answer_key,
  distractor_tags = EXCLUDED.distractor_tags;

INSERT INTO public.questions (id, exercise_id, prompt, options, correct_option, explanation, display_order, question_type, answer_key, distractor_tags) VALUES
  ('53b4b8f0-b212-5fb1-80e5-c01be3e08a8c', '3e2825ac-937a-59c4-b860-d69ac9ed6e9f', 'نريد وضع سياجٍ حول حديقةٍ. أيّ مقدارٍ نحسب؟', '[{"id":"a","text":"محيط الحديقة"},{"id":"b","text":"مساحة الحديقة"},{"id":"c","text":"طول قطرها"},{"id":"d","text":"عدد بلاطاتها"}]'::jsonb, 'a', 'السياج يحيط بالحديقة من الخارج على طول حافّتها، وهذا هو المحيط. المساحة تُحسب حين نغطّي السطح من الداخل (عشب أو بلاط).', 5, 'mcq', NULL, NULL)
ON CONFLICT (id) DO UPDATE SET
  exercise_id = EXCLUDED.exercise_id,
  prompt = EXCLUDED.prompt,
  options = EXCLUDED.options,
  correct_option = EXCLUDED.correct_option,
  explanation = EXCLUDED.explanation,
  display_order = EXCLUDED.display_order,
  question_type = EXCLUDED.question_type,
  answer_key = EXCLUDED.answer_key,
  distractor_tags = EXCLUDED.distractor_tags;

INSERT INTO public.exercises (id, chapter_id, subject_id, title, difficulty, xp_reward, reward_coins, mode, source, display_order) VALUES
  ('4972d18f-a808-5101-941b-23f9433c29a0', '2066e3e8-629b-5c4e-a2a1-9a6cf7a2961d', 'math-5eme', '⭐ تمرين: محيطٌ ومساحة', 1, 50, 10, 'practice', 'admin', 1)
ON CONFLICT (id) DO UPDATE SET
  chapter_id = EXCLUDED.chapter_id,
  subject_id = EXCLUDED.subject_id,
  title = EXCLUDED.title,
  difficulty = EXCLUDED.difficulty,
  xp_reward = EXCLUDED.xp_reward,
  reward_coins = EXCLUDED.reward_coins,
  mode = EXCLUDED.mode,
  display_order = EXCLUDED.display_order;

INSERT INTO public.questions (id, exercise_id, prompt, options, correct_option, explanation, display_order, question_type, answer_key, distractor_tags) VALUES
  ('43260436-3894-5a21-98d2-ef0e2af065dc', '4972d18f-a808-5101-941b-23f9433c29a0', 'ما محيط مربّعٍ طول ضلعه 9 cm؟', '[{"id":"a","text":"13 cm"},{"id":"b","text":"18 cm"},{"id":"c","text":"36 cm"},{"id":"d","text":"81 cm"}]'::jsonb, 'c', 'محيط المربّع = الضلع × 4 = 9 × 4 = 36 cm. نضرب الضلع في 4 لأنّ أضلاع المربّع الأربعة متساوية.', 1, 'mcq', NULL, NULL)
ON CONFLICT (id) DO UPDATE SET
  exercise_id = EXCLUDED.exercise_id,
  prompt = EXCLUDED.prompt,
  options = EXCLUDED.options,
  correct_option = EXCLUDED.correct_option,
  explanation = EXCLUDED.explanation,
  display_order = EXCLUDED.display_order,
  question_type = EXCLUDED.question_type,
  answer_key = EXCLUDED.answer_key,
  distractor_tags = EXCLUDED.distractor_tags;

INSERT INTO public.questions (id, exercise_id, prompt, options, correct_option, explanation, display_order, question_type, answer_key, distractor_tags) VALUES
  ('60aa23fe-bd8e-5175-934d-31dbd6f182d0', '4972d18f-a808-5101-941b-23f9433c29a0', 'ما مساحة مربّعٍ طول ضلعه 4 cm؟
<svg viewBox="0 0 66 76"><title>مربّعٌ طول ضلعه 4 cm</title><rect x="8" y="18" width="50" height="50" fill="#e5e7eb" stroke="currentColor" stroke-width="2.5"/><text x="33" y="14" font-size="10" text-anchor="middle" fill="currentColor">4 cm</text></svg>', '[{"id":"a","text":"8 cm²"},{"id":"b","text":"12 cm²"},{"id":"c","text":"16 cm"},{"id":"d","text":"16 cm²"}]'::jsonb, 'd', 'مساحة المربّع = الضلع × الضلع = 4 × 4 = 16 cm². الوحدة مربّعة (cm²) لأنّنا ضربنا طولًا في طول.', 2, 'mcq', NULL, NULL)
ON CONFLICT (id) DO UPDATE SET
  exercise_id = EXCLUDED.exercise_id,
  prompt = EXCLUDED.prompt,
  options = EXCLUDED.options,
  correct_option = EXCLUDED.correct_option,
  explanation = EXCLUDED.explanation,
  display_order = EXCLUDED.display_order,
  question_type = EXCLUDED.question_type,
  answer_key = EXCLUDED.answer_key,
  distractor_tags = EXCLUDED.distractor_tags;

INSERT INTO public.questions (id, exercise_id, prompt, options, correct_option, explanation, display_order, question_type, answer_key, distractor_tags) VALUES
  ('f6007b9f-516e-5831-91b7-2d0cff1737fb', '4972d18f-a808-5101-941b-23f9433c29a0', 'ما مساحة مستطيلٍ طوله 8 cm وعرضه 2 cm؟', '[{"id":"a","text":"16 cm²"},{"id":"b","text":"10 cm²"},{"id":"c","text":"20 cm²"},{"id":"d","text":"16 cm"}]'::jsonb, 'a', 'مساحة المستطيل = الطول × العرض = 8 × 2 = 16 cm². نضرب الطول في العرض، والناتج بوحدةٍ مربّعة.', 3, 'mcq', NULL, NULL)
ON CONFLICT (id) DO UPDATE SET
  exercise_id = EXCLUDED.exercise_id,
  prompt = EXCLUDED.prompt,
  options = EXCLUDED.options,
  correct_option = EXCLUDED.correct_option,
  explanation = EXCLUDED.explanation,
  display_order = EXCLUDED.display_order,
  question_type = EXCLUDED.question_type,
  answer_key = EXCLUDED.answer_key,
  distractor_tags = EXCLUDED.distractor_tags;

INSERT INTO public.questions (id, exercise_id, prompt, options, correct_option, explanation, display_order, question_type, answer_key, distractor_tags) VALUES
  ('de19dbbc-df8a-5210-994c-c568bdc777e4', '4972d18f-a808-5101-941b-23f9433c29a0', 'بأيّ وحدةٍ نقيس مساحة صفحة دفتر؟', '[{"id":"a","text":"km²"},{"id":"b","text":"cm²"},{"id":"c","text":"cm"},{"id":"d","text":"m"}]'::jsonb, 'b', 'صفحة الدفتر سطحٌ صغير، فمساحتها تُعبَّر بالصنتيمتر المربّع cm². الوحدة km² للمساحات الكبيرة جدًّا، وcm وحدة طولٍ لا مساحة.', 4, 'mcq', NULL, NULL)
ON CONFLICT (id) DO UPDATE SET
  exercise_id = EXCLUDED.exercise_id,
  prompt = EXCLUDED.prompt,
  options = EXCLUDED.options,
  correct_option = EXCLUDED.correct_option,
  explanation = EXCLUDED.explanation,
  display_order = EXCLUDED.display_order,
  question_type = EXCLUDED.question_type,
  answer_key = EXCLUDED.answer_key,
  distractor_tags = EXCLUDED.distractor_tags;

INSERT INTO public.questions (id, exercise_id, prompt, options, correct_option, explanation, display_order, question_type, answer_key, distractor_tags) VALUES
  ('e65e1545-acf9-5f1b-ba71-307d034178ba', '4972d18f-a808-5101-941b-23f9433c29a0', 'ما محيط مستطيلٍ طوله 10 cm وعرضه 5 cm؟', '[{"id":"a","text":"15 cm"},{"id":"b","text":"50 cm²"},{"id":"c","text":"50 cm"},{"id":"d","text":"30 cm"}]'::jsonb, 'd', 'محيط المستطيل = (الطول + العرض) × 2 = (10 + 5) × 2 = 15 × 2 = 30 cm. نضرب المجموع في 2، والمحيط طولٌ فوحدته cm.', 5, 'mcq', NULL, NULL)
ON CONFLICT (id) DO UPDATE SET
  exercise_id = EXCLUDED.exercise_id,
  prompt = EXCLUDED.prompt,
  options = EXCLUDED.options,
  correct_option = EXCLUDED.correct_option,
  explanation = EXCLUDED.explanation,
  display_order = EXCLUDED.display_order,
  question_type = EXCLUDED.question_type,
  answer_key = EXCLUDED.answer_key,
  distractor_tags = EXCLUDED.distractor_tags;

INSERT INTO public.questions (id, exercise_id, prompt, options, correct_option, explanation, display_order, question_type, answer_key, distractor_tags) VALUES
  ('afe915ad-3fe5-5eb7-969a-3c1e68142017', '4972d18f-a808-5101-941b-23f9433c29a0', 'ما محيط هذا المربّع؟ <svg viewBox="0 0 100 100"><rect x="26" y="22" width="52" height="52" fill="#e5e7eb" stroke="currentColor" stroke-width="2.5"/><text x="42" y="17" font-size="10" fill="currentColor">8 cm</text></svg>', '[{"id":"a","text":"32 cm"},{"id":"b","text":"24 cm"},{"id":"c","text":"16 cm"},{"id":"d","text":"64 cm"}]'::jsonb, 'a', 'ضلع المربّع في الرسم 8 cm، فالمحيط = الضلع × 4 = 8 × 4 = 32 cm. الناتج 64 خطأٌ لأنّه 8 × 8 وهو حساب المساحة لا المحيط.', 6, 'mcq', NULL, NULL)
ON CONFLICT (id) DO UPDATE SET
  exercise_id = EXCLUDED.exercise_id,
  prompt = EXCLUDED.prompt,
  options = EXCLUDED.options,
  correct_option = EXCLUDED.correct_option,
  explanation = EXCLUDED.explanation,
  display_order = EXCLUDED.display_order,
  question_type = EXCLUDED.question_type,
  answer_key = EXCLUDED.answer_key,
  distractor_tags = EXCLUDED.distractor_tags;

INSERT INTO public.exercises (id, chapter_id, subject_id, title, difficulty, xp_reward, reward_coins, mode, source, display_order) VALUES
  ('f1a57f55-07de-500f-8140-3c4df12ef87b', '2066e3e8-629b-5c4e-a2a1-9a6cf7a2961d', 'math-5eme', '⚔️ زعيم الفصل ⭐⭐⭐: معركة المحيط والمساحة', 3, 120, 30, 'boss', 'admin', 2)
ON CONFLICT (id) DO UPDATE SET
  chapter_id = EXCLUDED.chapter_id,
  subject_id = EXCLUDED.subject_id,
  title = EXCLUDED.title,
  difficulty = EXCLUDED.difficulty,
  xp_reward = EXCLUDED.xp_reward,
  reward_coins = EXCLUDED.reward_coins,
  mode = EXCLUDED.mode,
  display_order = EXCLUDED.display_order;

INSERT INTO public.questions (id, exercise_id, prompt, options, correct_option, explanation, display_order, question_type, answer_key, distractor_tags) VALUES
  ('cf376686-8ed4-5c4a-adda-96da924ae9e9', 'f1a57f55-07de-500f-8140-3c4df12ef87b', 'ما مساحة مستطيلٍ طوله 12 cm وعرضه 5 cm؟
<svg viewBox="0 0 134 66"><title>مستطيلٌ طوله 12 cm وعرضه 5 cm</title><rect x="34" y="18" width="92" height="40" fill="#e5e7eb" stroke="currentColor" stroke-width="2.5"/><text x="80" y="14" font-size="10" text-anchor="middle" fill="currentColor">12 cm</text><text x="28" y="41.5" font-size="10" text-anchor="end" fill="currentColor">5 cm</text></svg>', '[{"id":"a","text":"17 cm²"},{"id":"b","text":"34 cm²"},{"id":"c","text":"60 cm²"},{"id":"d","text":"60 cm"}]'::jsonb, 'c', 'مساحة المستطيل = الطول × العرض = 12 × 5 = 60 cm². الخطأ الشائع: جمع الطول والعرض (12 + 5 = 17) بدل ضربهما، وهذا حسابُ نصف المحيط لا المساحة.', 1, 'mcq', NULL, NULL)
ON CONFLICT (id) DO UPDATE SET
  exercise_id = EXCLUDED.exercise_id,
  prompt = EXCLUDED.prompt,
  options = EXCLUDED.options,
  correct_option = EXCLUDED.correct_option,
  explanation = EXCLUDED.explanation,
  display_order = EXCLUDED.display_order,
  question_type = EXCLUDED.question_type,
  answer_key = EXCLUDED.answer_key,
  distractor_tags = EXCLUDED.distractor_tags;

INSERT INTO public.questions (id, exercise_id, prompt, options, correct_option, explanation, display_order, question_type, answer_key, distractor_tags) VALUES
  ('a44e86be-9974-5cbe-848e-1079d58ed516', 'f1a57f55-07de-500f-8140-3c4df12ef87b', 'مربّعٌ طول ضلعه 6 m. ما الفرق بين محيطه ومساحته (عددًا)؟', '[{"id":"a","text":"المحيط 24 m والمساحة 36 m²"},{"id":"b","text":"المحيط 36 m والمساحة 24 m²"},{"id":"c","text":"المحيط 24 m² والمساحة 36 m"},{"id":"d","text":"المحيط 12 m والمساحة 36 m²"}]'::jsonb, 'a', 'المحيط = الضلع × 4 = 6 × 4 = 24 m، والمساحة = الضلع × الضلع = 6 × 6 = 36 m². الخطأ الشائع: قلب العمليّتين أو الخلط بين الوحدتين؛ المحيط وحدته m والمساحة وحدتها m².', 2, 'mcq', NULL, NULL)
ON CONFLICT (id) DO UPDATE SET
  exercise_id = EXCLUDED.exercise_id,
  prompt = EXCLUDED.prompt,
  options = EXCLUDED.options,
  correct_option = EXCLUDED.correct_option,
  explanation = EXCLUDED.explanation,
  display_order = EXCLUDED.display_order,
  question_type = EXCLUDED.question_type,
  answer_key = EXCLUDED.answer_key,
  distractor_tags = EXCLUDED.distractor_tags;

INSERT INTO public.questions (id, exercise_id, prompt, options, correct_option, explanation, display_order, question_type, answer_key, distractor_tags) VALUES
  ('81ff07fe-fb01-506b-a0f2-360efb232574', 'f1a57f55-07de-500f-8140-3c4df12ef87b', 'ما مساحة هذا المستطيل؟ <svg viewBox="0 0 100 100"><rect x="12" y="32" width="76" height="42" fill="#e5e7eb" stroke="currentColor" stroke-width="2.5"/><text x="38" y="27" font-size="10" fill="currentColor">9 cm</text><text x="2" y="56" font-size="10" fill="currentColor">4 cm</text></svg>', '[{"id":"a","text":"13 cm²"},{"id":"b","text":"26 cm²"},{"id":"c","text":"36 cm"},{"id":"d","text":"36 cm²"}]'::jsonb, 'd', 'من الرسم الطول 9 cm والعرض 4 cm، فالمساحة = الطول × العرض = 9 × 4 = 36 cm². الخطأ الشائع: حساب المحيط (9 + 4) × 2 = 26 cm بدل المساحة المطلوبة، أو نسيان أنّ وحدة المساحة مربّعة (cm² لا cm).', 3, 'mcq', NULL, NULL)
ON CONFLICT (id) DO UPDATE SET
  exercise_id = EXCLUDED.exercise_id,
  prompt = EXCLUDED.prompt,
  options = EXCLUDED.options,
  correct_option = EXCLUDED.correct_option,
  explanation = EXCLUDED.explanation,
  display_order = EXCLUDED.display_order,
  question_type = EXCLUDED.question_type,
  answer_key = EXCLUDED.answer_key,
  distractor_tags = EXCLUDED.distractor_tags;

INSERT INTO public.questions (id, exercise_id, prompt, options, correct_option, explanation, display_order, question_type, answer_key, distractor_tags) VALUES
  ('2055461a-70d5-513d-a0c2-23a978bdf774', 'f1a57f55-07de-500f-8140-3c4df12ef87b', 'أرضيّة غرفةٍ مربّعةٍ طول ضلعها 5 m. نريد تبليطها كاملةً. ما المساحة التي نغطّيها؟', '[{"id":"a","text":"10 m²"},{"id":"b","text":"20 m²"},{"id":"c","text":"25 m²"},{"id":"d","text":"25 m"}]'::jsonb, 'c', 'البلاط يغطّي السطح فنحسب المساحة = الضلع × الضلع = 5 × 5 = 25 m². الخطأ الشائع: حساب المحيط 5 × 4 = 20 m، لكنّ المحيط للسياج لا للبلاط، والبلاط مساحةٌ بوحدة m².', 4, 'mcq', NULL, NULL)
ON CONFLICT (id) DO UPDATE SET
  exercise_id = EXCLUDED.exercise_id,
  prompt = EXCLUDED.prompt,
  options = EXCLUDED.options,
  correct_option = EXCLUDED.correct_option,
  explanation = EXCLUDED.explanation,
  display_order = EXCLUDED.display_order,
  question_type = EXCLUDED.question_type,
  answer_key = EXCLUDED.answer_key,
  distractor_tags = EXCLUDED.distractor_tags;

INSERT INTO public.questions (id, exercise_id, prompt, options, correct_option, explanation, display_order, question_type, answer_key, distractor_tags) VALUES
  ('23981e69-21a9-506f-9ab6-8185394deb17', 'f1a57f55-07de-500f-8140-3c4df12ef87b', 'ما مساحة هذا الشكل المركّب على شكل حرف L؟ <svg viewBox="0 0 110 100"><polygon points="15,15 60,15 60,50 95,50 95,85 15,85" fill="#e5e7eb" stroke="currentColor" stroke-width="2.5"/><line x1="15" y1="50" x2="60" y2="50" stroke="currentColor" stroke-width="1.5" stroke-dasharray="4 3"/><text x="32" y="11" font-size="8" fill="currentColor">5 cm</text><text x="2" y="35" font-size="8" fill="currentColor">4 cm</text><text x="44" y="71" font-size="8" fill="currentColor">8 cm</text><text x="2" y="71" font-size="8" fill="currentColor">3 cm</text></svg>', '[{"id":"a","text":"24 cm²"},{"id":"b","text":"44 cm²"},{"id":"c","text":"20 cm²"},{"id":"d","text":"40 cm²"}]'::jsonb, 'b', 'نقسّم الشكل بالخطّ المتقطّع إلى مستطيلين: علويٌّ 5 × 4 = 20 cm²، وسفليٌّ 8 × 3 = 24 cm². المساحة = 20 + 24 = 44 cm². الخطأ الشائع: حساب مستطيلٍ واحدٍ فقط (20 أو 24) ونسيان جمع الجزأين.', 5, 'mcq', NULL, NULL)
ON CONFLICT (id) DO UPDATE SET
  exercise_id = EXCLUDED.exercise_id,
  prompt = EXCLUDED.prompt,
  options = EXCLUDED.options,
  correct_option = EXCLUDED.correct_option,
  explanation = EXCLUDED.explanation,
  display_order = EXCLUDED.display_order,
  question_type = EXCLUDED.question_type,
  answer_key = EXCLUDED.answer_key,
  distractor_tags = EXCLUDED.distractor_tags;

INSERT INTO public.questions (id, exercise_id, prompt, options, correct_option, explanation, display_order, question_type, answer_key, distractor_tags) VALUES
  ('4ffb6c9f-049f-5292-a1f1-8cbe8a735c9b', 'f1a57f55-07de-500f-8140-3c4df12ef87b', 'مستطيلٌ مساحته 48 cm² وطوله 8 cm. ما عرضه؟
<svg viewBox="0 0 100 76"><title>مستطيلٌ مساحته 48 cm² وطوله 8 cm</title><rect x="8" y="18" width="84" height="50" fill="#e5e7eb" stroke="currentColor" stroke-width="2.5"/><text x="50" y="14" font-size="10" text-anchor="middle" fill="currentColor">8 cm</text><text x="50" y="46.5" font-size="10" text-anchor="middle" fill="currentColor">S = 48 cm²</text></svg>', '[{"id":"a","text":"6 cm"},{"id":"b","text":"40 cm"},{"id":"c","text":"16 cm"},{"id":"d","text":"384 cm"}]'::jsonb, 'a', 'بما أنّ المساحة = الطول × العرض، فالعرض = المساحة ÷ الطول = 48 ÷ 8 = 6 cm. تحقّق: 8 × 6 = 48 cm² ✓. الخطأ الشائع: طرح الطول من المساحة (48 − 8 = 40) بدل القسمة عليه.', 6, 'mcq', NULL, NULL)
ON CONFLICT (id) DO UPDATE SET
  exercise_id = EXCLUDED.exercise_id,
  prompt = EXCLUDED.prompt,
  options = EXCLUDED.options,
  correct_option = EXCLUDED.correct_option,
  explanation = EXCLUDED.explanation,
  display_order = EXCLUDED.display_order,
  question_type = EXCLUDED.question_type,
  answer_key = EXCLUDED.answer_key,
  distractor_tags = EXCLUDED.distractor_tags;

INSERT INTO public.exercises (id, chapter_id, subject_id, title, difficulty, xp_reward, reward_coins, mode, source, display_order) VALUES
  ('ef192471-4797-59da-b075-abf262b47963', '2066e3e8-629b-5c4e-a2a1-9a6cf7a2961d', 'math-5eme', '⭐⭐ تمرين مراجعة (نمط امتحان): المحيط والمساحة', 2, 75, 15, 'practice', 'admin', 3)
ON CONFLICT (id) DO UPDATE SET
  chapter_id = EXCLUDED.chapter_id,
  subject_id = EXCLUDED.subject_id,
  title = EXCLUDED.title,
  difficulty = EXCLUDED.difficulty,
  xp_reward = EXCLUDED.xp_reward,
  reward_coins = EXCLUDED.reward_coins,
  mode = EXCLUDED.mode,
  display_order = EXCLUDED.display_order;

INSERT INTO public.questions (id, exercise_id, prompt, options, correct_option, explanation, display_order, question_type, answer_key, distractor_tags) VALUES
  ('51be34ac-8f94-5d29-a7c5-925be9f74f05', 'ef192471-4797-59da-b075-abf262b47963', 'لوحةٌ مستطيلةٌ طولها 15 cm وعرضها 10 cm. ما محيطها؟', '[{"id":"a","text":"25 cm"},{"id":"b","text":"50 cm"},{"id":"c","text":"150 cm"},{"id":"d","text":"150 cm²"}]'::jsonb, 'b', 'محيط المستطيل = (الطول + العرض) × 2 = (15 + 10) × 2 = 25 × 2 = 50 cm. السؤال عن المحيط (طول الإطار) فوحدته cm لا cm².', 1, 'mcq', NULL, NULL)
ON CONFLICT (id) DO UPDATE SET
  exercise_id = EXCLUDED.exercise_id,
  prompt = EXCLUDED.prompt,
  options = EXCLUDED.options,
  correct_option = EXCLUDED.correct_option,
  explanation = EXCLUDED.explanation,
  display_order = EXCLUDED.display_order,
  question_type = EXCLUDED.question_type,
  answer_key = EXCLUDED.answer_key,
  distractor_tags = EXCLUDED.distractor_tags;

INSERT INTO public.questions (id, exercise_id, prompt, options, correct_option, explanation, display_order, question_type, answer_key, distractor_tags) VALUES
  ('fcc3105e-e2b5-5cca-afc2-c4b86978f2e0', 'ef192471-4797-59da-b075-abf262b47963', 'حقلٌ مربّعٌ طول ضلعه 20 m. ما مساحته؟', '[{"id":"a","text":"40 m²"},{"id":"b","text":"80 m²"},{"id":"c","text":"400 m"},{"id":"d","text":"400 m²"}]'::jsonb, 'd', 'مساحة المربّع = الضلع × الضلع = 20 × 20 = 400 m². الناتج 80 خطأٌ لأنّه المحيط 20 × 4، والمساحة وحدتها m² لا m.', 2, 'mcq', NULL, NULL)
ON CONFLICT (id) DO UPDATE SET
  exercise_id = EXCLUDED.exercise_id,
  prompt = EXCLUDED.prompt,
  options = EXCLUDED.options,
  correct_option = EXCLUDED.correct_option,
  explanation = EXCLUDED.explanation,
  display_order = EXCLUDED.display_order,
  question_type = EXCLUDED.question_type,
  answer_key = EXCLUDED.answer_key,
  distractor_tags = EXCLUDED.distractor_tags;

INSERT INTO public.questions (id, exercise_id, prompt, options, correct_option, explanation, display_order, question_type, answer_key, distractor_tags) VALUES
  ('0edcaf47-f9f2-5094-97f3-4b9976d41d28', 'ef192471-4797-59da-b075-abf262b47963', 'أيّ عبارةٍ صحيحة؟', '[{"id":"a","text":"المحيط يُقاس بـ cm² والمساحة بـ cm"},{"id":"b","text":"المحيط والمساحة يُقاسان بـ cm"},{"id":"c","text":"المحيط والمساحة يُقاسان بـ cm²"},{"id":"d","text":"المحيط يُقاس بـ cm والمساحة بـ cm²"}]'::jsonb, 'd', 'المحيط طولُ الحافّة، فوحدته وحدة طولٍ cm. المساحة سطحٌ (طول × عرض)، فوحدتها مربّعة cm². لكلٍّ وحدتُه المختلفة.', 3, 'mcq', NULL, NULL)
ON CONFLICT (id) DO UPDATE SET
  exercise_id = EXCLUDED.exercise_id,
  prompt = EXCLUDED.prompt,
  options = EXCLUDED.options,
  correct_option = EXCLUDED.correct_option,
  explanation = EXCLUDED.explanation,
  display_order = EXCLUDED.display_order,
  question_type = EXCLUDED.question_type,
  answer_key = EXCLUDED.answer_key,
  distractor_tags = EXCLUDED.distractor_tags;

INSERT INTO public.questions (id, exercise_id, prompt, options, correct_option, explanation, display_order, question_type, answer_key, distractor_tags) VALUES
  ('75a87df3-7adb-5d51-b35a-1a7fae3d1337', 'ef192471-4797-59da-b075-abf262b47963', 'ما مساحة هذا المستطيل؟ <svg viewBox="0 0 100 100"><rect x="14" y="34" width="72" height="38" fill="#e5e7eb" stroke="currentColor" stroke-width="2.5"/><text x="38" y="29" font-size="10" fill="currentColor">11 cm</text><text x="2" y="56" font-size="10" fill="currentColor">3 cm</text></svg>', '[{"id":"a","text":"14 cm²"},{"id":"b","text":"28 cm²"},{"id":"c","text":"33 cm²"},{"id":"d","text":"33 cm"}]'::jsonb, 'c', 'من الرسم الطول 11 cm والعرض 3 cm، فالمساحة = 11 × 3 = 33 cm². الناتج 28 خطأٌ لأنّه المحيط (11 + 3) × 2، والسؤال عن المساحة.', 4, 'mcq', NULL, NULL)
ON CONFLICT (id) DO UPDATE SET
  exercise_id = EXCLUDED.exercise_id,
  prompt = EXCLUDED.prompt,
  options = EXCLUDED.options,
  correct_option = EXCLUDED.correct_option,
  explanation = EXCLUDED.explanation,
  display_order = EXCLUDED.display_order,
  question_type = EXCLUDED.question_type,
  answer_key = EXCLUDED.answer_key,
  distractor_tags = EXCLUDED.distractor_tags;

INSERT INTO public.questions (id, exercise_id, prompt, options, correct_option, explanation, display_order, question_type, answer_key, distractor_tags) VALUES
  ('b93f490b-9a54-5f87-a8a5-cd3b9488f9f1', 'ef192471-4797-59da-b075-abf262b47963', 'مربّعٌ محيطه 32 cm. ما طول ضلعه؟', '[{"id":"a","text":"8 cm"},{"id":"b","text":"16 cm"},{"id":"c","text":"28 cm"},{"id":"d","text":"128 cm"}]'::jsonb, 'a', 'في المربّع: الضلع = المحيط ÷ 4 = 32 ÷ 4 = 8 cm. تحقّق: 8 × 4 = 32 cm ✓. الناتج 128 خطأٌ لأنّه ضربٌ في 4 بدل القسمة عليه.', 5, 'mcq', NULL, NULL)
ON CONFLICT (id) DO UPDATE SET
  exercise_id = EXCLUDED.exercise_id,
  prompt = EXCLUDED.prompt,
  options = EXCLUDED.options,
  correct_option = EXCLUDED.correct_option,
  explanation = EXCLUDED.explanation,
  display_order = EXCLUDED.display_order,
  question_type = EXCLUDED.question_type,
  answer_key = EXCLUDED.answer_key,
  distractor_tags = EXCLUDED.distractor_tags;

INSERT INTO public.questions (id, exercise_id, prompt, options, correct_option, explanation, display_order, question_type, answer_key, distractor_tags) VALUES
  ('fbc53652-200a-58e3-b43c-f9831b6b1621', 'ef192471-4797-59da-b075-abf262b47963', 'بلاطةٌ مربّعةٌ طول ضلعها 30 cm، ومستطيلٌ طوله 60 cm وعرضه 20 cm. أيّهما مساحته أكبر؟', '[{"id":"a","text":"البلاطة المربّعة (900 cm²)"},{"id":"b","text":"المستطيل (1 200 cm²)"},{"id":"c","text":"متساويان في المساحة"},{"id":"d","text":"لا يمكن المقارنة"}]'::jsonb, 'b', 'مساحة المربّع = 30 × 30 = 900 cm²، ومساحة المستطيل = 60 × 20 = 1 200 cm². بما أنّ 1 200 أكبر من 900، فمساحة المستطيل أكبر.', 6, 'mcq', NULL, NULL)
ON CONFLICT (id) DO UPDATE SET
  exercise_id = EXCLUDED.exercise_id,
  prompt = EXCLUDED.prompt,
  options = EXCLUDED.options,
  correct_option = EXCLUDED.correct_option,
  explanation = EXCLUDED.explanation,
  display_order = EXCLUDED.display_order,
  question_type = EXCLUDED.question_type,
  answer_key = EXCLUDED.answer_key,
  distractor_tags = EXCLUDED.distractor_tags;

INSERT INTO public.exercises (id, chapter_id, subject_id, title, difficulty, xp_reward, reward_coins, mode, source, display_order) VALUES
  ('de876987-1446-5507-900e-1949b8169c32', '2066e3e8-629b-5c4e-a2a1-9a6cf7a2961d', 'math-5eme', '👑 تحدّي النخبة ⭐⭐⭐⭐: سيّد المحيط والمساحة', 4, 300, 60, 'challenge', 'admin', 4)
ON CONFLICT (id) DO UPDATE SET
  chapter_id = EXCLUDED.chapter_id,
  subject_id = EXCLUDED.subject_id,
  title = EXCLUDED.title,
  difficulty = EXCLUDED.difficulty,
  xp_reward = EXCLUDED.xp_reward,
  reward_coins = EXCLUDED.reward_coins,
  mode = EXCLUDED.mode,
  display_order = EXCLUDED.display_order;

INSERT INTO public.questions (id, exercise_id, prompt, options, correct_option, explanation, display_order, question_type, answer_key, distractor_tags) VALUES
  ('a59ca625-72c8-54ef-97da-0d5d05b7c56f', 'de876987-1446-5507-900e-1949b8169c32', 'مستطيلٌ مساحته 54 m² وعرضه 6 m. ما محيطه؟
<svg viewBox="0 0 134 76"><title>مستطيلٌ مساحته 54 m² وعرضه 6 m</title><rect x="34" y="18" width="92" height="50" fill="#e5e7eb" stroke="currentColor" stroke-width="2.5"/><text x="28" y="46.5" font-size="10" text-anchor="end" fill="currentColor">6 m</text><text x="80" y="46.5" font-size="10" text-anchor="middle" fill="currentColor">S = 54 m²</text></svg>', '[{"id":"a","text":"15 m"},{"id":"b","text":"30 m"},{"id":"c","text":"60 m"},{"id":"d","text":"9 m"}]'::jsonb, 'b', 'أوّلًا الطول = المساحة ÷ العرض = 54 ÷ 6 = 9 m. ثمّ المحيط = (الطول + العرض) × 2 = (9 + 6) × 2 = 15 × 2 = 30 m. تحقّق: 9 × 6 = 54 m² ✓. الخطأ الشائع: التوقّف عند الطول 9 m وعدّه جوابًا للمحيط.', 1, 'mcq', NULL, NULL)
ON CONFLICT (id) DO UPDATE SET
  exercise_id = EXCLUDED.exercise_id,
  prompt = EXCLUDED.prompt,
  options = EXCLUDED.options,
  correct_option = EXCLUDED.correct_option,
  explanation = EXCLUDED.explanation,
  display_order = EXCLUDED.display_order,
  question_type = EXCLUDED.question_type,
  answer_key = EXCLUDED.answer_key,
  distractor_tags = EXCLUDED.distractor_tags;

INSERT INTO public.questions (id, exercise_id, prompt, options, correct_option, explanation, display_order, question_type, answer_key, distractor_tags) VALUES
  ('c752b9a0-9b97-5029-b5d6-18bea409ee66', 'de876987-1446-5507-900e-1949b8169c32', 'أرضٌ مربّعةٌ مساحتها 49 m². كم مترًا من السياج نحتاج لإحاطتها؟', '[{"id":"a","text":"7 m"},{"id":"b","text":"14 m"},{"id":"c","text":"28 m"},{"id":"d","text":"196 m"}]'::jsonb, 'c', 'نجد الضلع أوّلًا: المساحة = الضلع × الضلع = 49، والعدد الذي ضربُه في نفسه 49 هو 7، فالضلع 7 m. السياج محيطٌ = 7 × 4 = 28 m. الخطأ الشائع: عدّ المساحة 49 جوابًا للسياج، لكنّ السياج محيطٌ بوحدة m لا m².', 2, 'mcq', NULL, NULL)
ON CONFLICT (id) DO UPDATE SET
  exercise_id = EXCLUDED.exercise_id,
  prompt = EXCLUDED.prompt,
  options = EXCLUDED.options,
  correct_option = EXCLUDED.correct_option,
  explanation = EXCLUDED.explanation,
  display_order = EXCLUDED.display_order,
  question_type = EXCLUDED.question_type,
  answer_key = EXCLUDED.answer_key,
  distractor_tags = EXCLUDED.distractor_tags;

INSERT INTO public.questions (id, exercise_id, prompt, options, correct_option, explanation, display_order, question_type, answer_key, distractor_tags) VALUES
  ('a1ed2fdf-a154-5f8a-9eb7-8ba92fdb20e4', 'de876987-1446-5507-900e-1949b8169c32', 'ما مساحة هذا الشكل المركّب؟ <svg viewBox="0 0 120 100"><polygon points="15,15 105,15 105,45 55,45 55,85 15,85" fill="#e5e7eb" stroke="currentColor" stroke-width="2.5"/><line x1="55" y1="45" x2="55" y2="15" stroke="currentColor" stroke-width="1.5" stroke-dasharray="4 3"/><text x="72" y="11" font-size="8" fill="currentColor">9 cm</text><text x="107" y="33" font-size="8" fill="currentColor">3 cm</text><text x="28" y="11" font-size="8" fill="currentColor">4 cm</text><text x="2" y="53" font-size="8" fill="currentColor">7 cm</text></svg>', '[{"id":"a","text":"27 cm²"},{"id":"b","text":"28 cm²"},{"id":"c","text":"63 cm²"},{"id":"d","text":"55 cm²"}]'::jsonb, 'd', 'نقسّم الشكل بالخطّ المتقطّع إلى مستطيلين: يمينٌ علويٌّ طوله 9 وعرضه 3 ⟵ 9 × 3 = 27 cm²، ويسارٌ طوله 4 وارتفاعه 7 ⟵ 4 × 7 = 28 cm². المساحة = 27 + 28 = 55 cm². الخطأ الشائع: حساب مستطيلٍ واحدٍ فقط (27 أو 28) ونسيان الجمع.', 3, 'mcq', NULL, NULL)
ON CONFLICT (id) DO UPDATE SET
  exercise_id = EXCLUDED.exercise_id,
  prompt = EXCLUDED.prompt,
  options = EXCLUDED.options,
  correct_option = EXCLUDED.correct_option,
  explanation = EXCLUDED.explanation,
  display_order = EXCLUDED.display_order,
  question_type = EXCLUDED.question_type,
  answer_key = EXCLUDED.answer_key,
  distractor_tags = EXCLUDED.distractor_tags;

INSERT INTO public.questions (id, exercise_id, prompt, options, correct_option, explanation, display_order, question_type, answer_key, distractor_tags) VALUES
  ('7b824c08-7e44-5db5-8d4e-ba144ce44fae', 'de876987-1446-5507-900e-1949b8169c32', 'غرفةٌ مستطيلةٌ طولها 6 m وعرضها 4 m. نبلّطها ببلاطاتٍ مربّعةٍ ضلع كلٍّ منها 1 m. كم بلاطةً نحتاج؟', '[{"id":"a","text":"10 بلاطة"},{"id":"b","text":"20 بلاطة"},{"id":"c","text":"24 بلاطة"},{"id":"d","text":"24 m"}]'::jsonb, 'c', 'عدد البلاطات = مساحة الغرفة ÷ مساحة البلاطة. مساحة الغرفة = 6 × 4 = 24 m²، ومساحة كلّ بلاطة = 1 × 1 = 1 m²، فالعدد = 24 ÷ 1 = 24 بلاطة. الخطأ الشائع: حساب المحيط (6 + 4) × 2 = 20 بدل المساحة.', 4, 'mcq', NULL, NULL)
ON CONFLICT (id) DO UPDATE SET
  exercise_id = EXCLUDED.exercise_id,
  prompt = EXCLUDED.prompt,
  options = EXCLUDED.options,
  correct_option = EXCLUDED.correct_option,
  explanation = EXCLUDED.explanation,
  display_order = EXCLUDED.display_order,
  question_type = EXCLUDED.question_type,
  answer_key = EXCLUDED.answer_key,
  distractor_tags = EXCLUDED.distractor_tags;

INSERT INTO public.questions (id, exercise_id, prompt, options, correct_option, explanation, display_order, question_type, answer_key, distractor_tags) VALUES
  ('371acd69-9011-5eab-a3ad-bfd6d1c4f017', 'de876987-1446-5507-900e-1949b8169c32', 'مستطيلٌ ومربّعٌ لهما نفس المحيط. ضلع المربّع 8 cm، وعرض المستطيل 5 cm. ما مساحة المستطيل؟', '[{"id":"a","text":"40 cm²"},{"id":"b","text":"55 cm²"},{"id":"c","text":"64 cm²"},{"id":"d","text":"32 cm²"}]'::jsonb, 'b', 'محيط المربّع = 8 × 4 = 32 cm، وهو نفسه محيط المستطيل. نصف المحيط = 32 ÷ 2 = 16 = الطول + العرض، فالطول = 16 − 5 = 11 cm. مساحة المستطيل = 11 × 5 = 55 cm². الخطأ الشائع: طرح العرض من المحيط كاملًا (32 − 5) دون أخذ نصف المحيط أوّلًا.', 5, 'mcq', NULL, NULL)
ON CONFLICT (id) DO UPDATE SET
  exercise_id = EXCLUDED.exercise_id,
  prompt = EXCLUDED.prompt,
  options = EXCLUDED.options,
  correct_option = EXCLUDED.correct_option,
  explanation = EXCLUDED.explanation,
  display_order = EXCLUDED.display_order,
  question_type = EXCLUDED.question_type,
  answer_key = EXCLUDED.answer_key,
  distractor_tags = EXCLUDED.distractor_tags;

INSERT INTO public.questions (id, exercise_id, prompt, options, correct_option, explanation, display_order, question_type, answer_key, distractor_tags) VALUES
  ('63c59a2a-f8b1-5846-941d-7c5283b77d8e', 'de876987-1446-5507-900e-1949b8169c32', 'بستانٌ مستطيلٌ طوله 30 m وعرضه 20 m، في وسطه حوضٌ مربّعٌ ضلعه 10 m لا يُزرع. ما المساحة المزروعة؟
<svg viewBox="0 0 138 90"><title>بستانٌ مستطيلٌ 30 m × 20 m وفي وسطه حوضٌ مربّعٌ ضلعه 10 m (المنطقة الرماديّة مزروعة)</title><rect x="34" y="18" width="96" height="64" fill="#e5e7eb" stroke="currentColor" stroke-width="2.5"/><rect x="66" y="34" width="32" height="32" fill="#ffffff" stroke="currentColor" stroke-width="2.5"/><text x="82" y="14" font-size="10" text-anchor="middle" fill="currentColor">30 m</text><text x="28" y="53.5" font-size="10" text-anchor="end" fill="currentColor">20 m</text><text x="82" y="31" font-size="9" text-anchor="middle" fill="currentColor">10 m</text><text x="82" y="53.5" font-size="9" text-anchor="middle" fill="#1f2937">حوض</text></svg>', '[{"id":"a","text":"500 m²"},{"id":"b","text":"100 m²"},{"id":"c","text":"600 m²"},{"id":"d","text":"700 m²"}]'::jsonb, 'a', 'المساحة المزروعة = مساحة البستان − مساحة الحوض. مساحة البستان = 30 × 20 = 600 m²، ومساحة الحوض = 10 × 10 = 100 m²، فالمزروع = 600 − 100 = 500 m². الخطأ الشائع: نسيان طرح الحوض وعدّ 600 m² كلّها مزروعة.', 6, 'mcq', NULL, NULL)
ON CONFLICT (id) DO UPDATE SET
  exercise_id = EXCLUDED.exercise_id,
  prompt = EXCLUDED.prompt,
  options = EXCLUDED.options,
  correct_option = EXCLUDED.correct_option,
  explanation = EXCLUDED.explanation,
  display_order = EXCLUDED.display_order,
  question_type = EXCLUDED.question_type,
  answer_key = EXCLUDED.answer_key,
  distractor_tags = EXCLUDED.distractor_tags;

INSERT INTO public.exercises (id, chapter_id, subject_id, title, difficulty, xp_reward, reward_coins, mode, source, display_order) VALUES
  ('235b4fe8-bcaf-5ce3-80d9-e683bbfb770d', '2066e3e8-629b-5c4e-a2a1-9a6cf7a2961d', 'math-5eme', '📝 تدريب ⭐⭐⭐: المحيط والمساحة (مراجعة شاملة)', 3, 120, 30, 'boss', 'admin', 5)
ON CONFLICT (id) DO UPDATE SET
  chapter_id = EXCLUDED.chapter_id,
  subject_id = EXCLUDED.subject_id,
  title = EXCLUDED.title,
  difficulty = EXCLUDED.difficulty,
  xp_reward = EXCLUDED.xp_reward,
  reward_coins = EXCLUDED.reward_coins,
  mode = EXCLUDED.mode,
  display_order = EXCLUDED.display_order;

INSERT INTO public.questions (id, exercise_id, prompt, options, correct_option, explanation, display_order, question_type, answer_key, distractor_tags) VALUES
  ('cb9dced1-95f8-505b-982b-37b71320d400', '235b4fe8-bcaf-5ce3-80d9-e683bbfb770d', 'ما محيط مربّعٍ طول ضلعه 12 cm؟', '[{"id":"a","text":"24 cm"},{"id":"b","text":"48 cm"},{"id":"c","text":"144 cm"},{"id":"d","text":"48 cm²"}]'::jsonb, 'b', 'محيط المربّع = الضلع × 4 = 12 × 4 = 48 cm. الخطأ الشائع: حساب 12 × 12 = 144 وهو المساحة لا المحيط؛ والمحيط وحدته cm.', 1, 'mcq', NULL, NULL)
ON CONFLICT (id) DO UPDATE SET
  exercise_id = EXCLUDED.exercise_id,
  prompt = EXCLUDED.prompt,
  options = EXCLUDED.options,
  correct_option = EXCLUDED.correct_option,
  explanation = EXCLUDED.explanation,
  display_order = EXCLUDED.display_order,
  question_type = EXCLUDED.question_type,
  answer_key = EXCLUDED.answer_key,
  distractor_tags = EXCLUDED.distractor_tags;

INSERT INTO public.questions (id, exercise_id, prompt, options, correct_option, explanation, display_order, question_type, answer_key, distractor_tags) VALUES
  ('523674a0-ac36-5359-860d-0cfd44af7250', '235b4fe8-bcaf-5ce3-80d9-e683bbfb770d', 'ما مساحة مستطيلٍ طوله 7 m وعرضه 5 m؟', '[{"id":"a","text":"12 m²"},{"id":"b","text":"24 m²"},{"id":"c","text":"35 m²"},{"id":"d","text":"35 m"}]'::jsonb, 'c', 'مساحة المستطيل = الطول × العرض = 7 × 5 = 35 m². الخطأ الشائع: جمع 7 + 5 = 12 بدل الضرب، أو نسيان أنّ وحدة المساحة مربّعة (m²).', 2, 'mcq', NULL, NULL)
ON CONFLICT (id) DO UPDATE SET
  exercise_id = EXCLUDED.exercise_id,
  prompt = EXCLUDED.prompt,
  options = EXCLUDED.options,
  correct_option = EXCLUDED.correct_option,
  explanation = EXCLUDED.explanation,
  display_order = EXCLUDED.display_order,
  question_type = EXCLUDED.question_type,
  answer_key = EXCLUDED.answer_key,
  distractor_tags = EXCLUDED.distractor_tags;

INSERT INTO public.questions (id, exercise_id, prompt, options, correct_option, explanation, display_order, question_type, answer_key, distractor_tags) VALUES
  ('c3897ede-27bb-5186-abc6-a235accca855', '235b4fe8-bcaf-5ce3-80d9-e683bbfb770d', 'ما محيط هذا المستطيل؟ <svg viewBox="0 0 100 100"><rect x="12" y="32" width="76" height="42" fill="#e5e7eb" stroke="currentColor" stroke-width="2.5"/><text x="38" y="27" font-size="10" fill="currentColor">14 cm</text><text x="2" y="56" font-size="10" fill="currentColor">6 cm</text></svg>', '[{"id":"a","text":"20 cm"},{"id":"b","text":"40 cm"},{"id":"c","text":"84 cm"},{"id":"d","text":"40 cm²"}]'::jsonb, 'b', 'من الرسم الطول 14 cm والعرض 6 cm، فالمحيط = (14 + 6) × 2 = 20 × 2 = 40 cm. الخطأ الشائع: حساب المساحة 14 × 6 = 84 cm² بدل المحيط المطلوب.', 3, 'mcq', NULL, NULL)
ON CONFLICT (id) DO UPDATE SET
  exercise_id = EXCLUDED.exercise_id,
  prompt = EXCLUDED.prompt,
  options = EXCLUDED.options,
  correct_option = EXCLUDED.correct_option,
  explanation = EXCLUDED.explanation,
  display_order = EXCLUDED.display_order,
  question_type = EXCLUDED.question_type,
  answer_key = EXCLUDED.answer_key,
  distractor_tags = EXCLUDED.distractor_tags;

INSERT INTO public.questions (id, exercise_id, prompt, options, correct_option, explanation, display_order, question_type, answer_key, distractor_tags) VALUES
  ('ec1c890e-ee6f-54f0-b97d-ffbc62c10364', '235b4fe8-bcaf-5ce3-80d9-e683bbfb770d', 'مستطيلٌ مساحته 72 cm² وطوله 9 cm. ما عرضه؟', '[{"id":"a","text":"8 cm"},{"id":"b","text":"63 cm"},{"id":"c","text":"36 cm"},{"id":"d","text":"648 cm"}]'::jsonb, 'a', 'العرض = المساحة ÷ الطول = 72 ÷ 9 = 8 cm. تحقّق: 9 × 8 = 72 cm² ✓. الخطأ الشائع: طرح الطول من المساحة (72 − 9 = 63) بدل القسمة عليه.', 4, 'mcq', NULL, NULL)
ON CONFLICT (id) DO UPDATE SET
  exercise_id = EXCLUDED.exercise_id,
  prompt = EXCLUDED.prompt,
  options = EXCLUDED.options,
  correct_option = EXCLUDED.correct_option,
  explanation = EXCLUDED.explanation,
  display_order = EXCLUDED.display_order,
  question_type = EXCLUDED.question_type,
  answer_key = EXCLUDED.answer_key,
  distractor_tags = EXCLUDED.distractor_tags;

INSERT INTO public.questions (id, exercise_id, prompt, options, correct_option, explanation, display_order, question_type, answer_key, distractor_tags) VALUES
  ('3923c81d-7394-560e-b63c-053c54720c73', '235b4fe8-bcaf-5ce3-80d9-e683bbfb770d', 'ما مساحة هذا الشكل المركّب على شكل حرف L؟ <svg viewBox="0 0 110 100"><polygon points="15,15 55,15 55,55 95,55 95,85 15,85" fill="#e5e7eb" stroke="currentColor" stroke-width="2.5"/><line x1="55" y1="55" x2="15" y2="55" stroke="currentColor" stroke-width="1.5" stroke-dasharray="4 3"/><text x="30" y="11" font-size="8" fill="currentColor">4 cm</text><text x="2" y="38" font-size="8" fill="currentColor">4 cm</text><text x="50" y="75" font-size="8" fill="currentColor">8 cm</text><text x="2" y="75" font-size="8" fill="currentColor">3 cm</text></svg>', '[{"id":"a","text":"16 cm²"},{"id":"b","text":"24 cm²"},{"id":"c","text":"40 cm²"},{"id":"d","text":"32 cm²"}]'::jsonb, 'c', 'نقسّم بالخطّ المتقطّع إلى مستطيلين: علويٌّ 4 × 4 = 16 cm²، وسفليٌّ 8 × 3 = 24 cm². المساحة = 16 + 24 = 40 cm². الخطأ الشائع: حساب جزءٍ واحدٍ فقط ونسيان جمع المستطيلين.', 5, 'mcq', NULL, NULL)
ON CONFLICT (id) DO UPDATE SET
  exercise_id = EXCLUDED.exercise_id,
  prompt = EXCLUDED.prompt,
  options = EXCLUDED.options,
  correct_option = EXCLUDED.correct_option,
  explanation = EXCLUDED.explanation,
  display_order = EXCLUDED.display_order,
  question_type = EXCLUDED.question_type,
  answer_key = EXCLUDED.answer_key,
  distractor_tags = EXCLUDED.distractor_tags;

INSERT INTO public.questions (id, exercise_id, prompt, options, correct_option, explanation, display_order, question_type, answer_key, distractor_tags) VALUES
  ('960a30a7-11b3-5c21-988f-7242a4b9dc09', '235b4fe8-bcaf-5ce3-80d9-e683bbfb770d', 'قاعةٌ مستطيلةٌ طولها 8 m وعرضها 5 m. نريد وضع شريطٍ زخرفيٍّ حول حافّتها وفرشَ سجّادٍ يغطّي أرضها. ما طول الشريط وما مساحة السجّاد؟', '[{"id":"a","text":"الشريط 26 m والسجّاد 40 m²"},{"id":"b","text":"الشريط 40 m والسجّاد 26 m²"},{"id":"c","text":"الشريط 13 m والسجّاد 40 m²"},{"id":"d","text":"الشريط 26 m² والسجّاد 40 m"}]'::jsonb, 'a', 'الشريط يحيط بالحافّة فهو محيطٌ = (8 + 5) × 2 = 26 m. والسجّاد يغطّي السطح فهو مساحةٌ = 8 × 5 = 40 m². الخطأ الشائع: قلب المقدارين (محيط للسجّاد ومساحة للشريط) أو الخلط بين وحدتي m وm².', 6, 'mcq', NULL, NULL)
ON CONFLICT (id) DO UPDATE SET
  exercise_id = EXCLUDED.exercise_id,
  prompt = EXCLUDED.prompt,
  options = EXCLUDED.options,
  correct_option = EXCLUDED.correct_option,
  explanation = EXCLUDED.explanation,
  display_order = EXCLUDED.display_order,
  question_type = EXCLUDED.question_type,
  answer_key = EXCLUDED.answer_key,
  distractor_tags = EXCLUDED.distractor_tags;

INSERT INTO public.exercises (id, chapter_id, subject_id, title, difficulty, xp_reward, reward_coins, mode, source, display_order) VALUES
  ('167d6edc-6121-5fb2-be09-e3b475279006', '4462f581-db3b-5244-86df-6c9a87ddcc9f', 'math-5eme', 'اختبار فهم الدرس ⭐', 1, 20, 5, 'quiz', 'admin', 0)
ON CONFLICT (id) DO UPDATE SET
  chapter_id = EXCLUDED.chapter_id,
  subject_id = EXCLUDED.subject_id,
  title = EXCLUDED.title,
  difficulty = EXCLUDED.difficulty,
  xp_reward = EXCLUDED.xp_reward,
  reward_coins = EXCLUDED.reward_coins,
  mode = EXCLUDED.mode,
  display_order = EXCLUDED.display_order;

INSERT INTO public.questions (id, exercise_id, prompt, options, correct_option, explanation, display_order, question_type, answer_key, distractor_tags) VALUES
  ('58a35102-a121-5479-99cb-9a0a8468024e', '167d6edc-6121-5fb2-be09-e3b475279006', 'متى نقول إنّ جدولًا هو جدول تناسب؟', '[{"id":"a","text":"إذا أضفنا العدد نفسه في كلّ مرّة"},{"id":"b","text":"إذا ضربنا في العدد نفسه دائمًا للانتقال بين السطرين"},{"id":"c","text":"إذا كانت كلّ الأعداد زوجيّة"},{"id":"d","text":"إذا كان السطر الثاني أكبر من الأوّل"}]'::jsonb, 'b', 'في جدول التناسب ننتقل من سطرٍ إلى آخر بالضرب في العدد نفسه دائمًا، وهو معامل التناسب. الإضافة ليست تناسبًا.', 1, 'mcq', NULL, NULL)
ON CONFLICT (id) DO UPDATE SET
  exercise_id = EXCLUDED.exercise_id,
  prompt = EXCLUDED.prompt,
  options = EXCLUDED.options,
  correct_option = EXCLUDED.correct_option,
  explanation = EXCLUDED.explanation,
  display_order = EXCLUDED.display_order,
  question_type = EXCLUDED.question_type,
  answer_key = EXCLUDED.answer_key,
  distractor_tags = EXCLUDED.distractor_tags;

INSERT INTO public.questions (id, exercise_id, prompt, options, correct_option, explanation, display_order, question_type, answer_key, distractor_tags) VALUES
  ('7bf212e3-3a9a-5a65-9799-ea52c957dbf6', '167d6edc-6121-5fb2-be09-e3b475279006', 'في جدول تناسبٍ: 2 يوافق 6، و 5 يوافق 15. ما معامل التناسب؟', '[{"id":"a","text":"2"},{"id":"b","text":"4"},{"id":"c","text":"3"},{"id":"d","text":"5"}]'::jsonb, 'c', 'معامل التناسب = الناتج ÷ المدخل = 6 ÷ 2 = 3، ونتحقّق: 15 ÷ 5 = 3 أيضًا. المعامل هو 3.', 2, 'mcq', NULL, NULL)
ON CONFLICT (id) DO UPDATE SET
  exercise_id = EXCLUDED.exercise_id,
  prompt = EXCLUDED.prompt,
  options = EXCLUDED.options,
  correct_option = EXCLUDED.correct_option,
  explanation = EXCLUDED.explanation,
  display_order = EXCLUDED.display_order,
  question_type = EXCLUDED.question_type,
  answer_key = EXCLUDED.answer_key,
  distractor_tags = EXCLUDED.distractor_tags;

INSERT INTO public.questions (id, exercise_id, prompt, options, correct_option, explanation, display_order, question_type, answer_key, distractor_tags) VALUES
  ('50ec472d-74ad-5e90-889d-6308b1bfdc6b', '167d6edc-6121-5fb2-be09-e3b475279006', 'كم يساوي 50% من 40؟', '[{"id":"a","text":"20"},{"id":"b","text":"10"},{"id":"c","text":"4"},{"id":"d","text":"80"}]'::jsonb, 'a', '50% تعني النصف، والنصف نحسبه بالقسمة على 2: 40 ÷ 2 = 20. إذن 50% من 40 = 20.', 3, 'mcq', NULL, NULL)
ON CONFLICT (id) DO UPDATE SET
  exercise_id = EXCLUDED.exercise_id,
  prompt = EXCLUDED.prompt,
  options = EXCLUDED.options,
  correct_option = EXCLUDED.correct_option,
  explanation = EXCLUDED.explanation,
  display_order = EXCLUDED.display_order,
  question_type = EXCLUDED.question_type,
  answer_key = EXCLUDED.answer_key,
  distractor_tags = EXCLUDED.distractor_tags;

INSERT INTO public.questions (id, exercise_id, prompt, options, correct_option, explanation, display_order, question_type, answer_key, distractor_tags) VALUES
  ('32ae1aea-b7f9-5605-9e9f-4c4318a80af6', '167d6edc-6121-5fb2-be09-e3b475279006', '4 كرّاساتٍ ثمنها 12 د. في وضعية تناسبٍ، كم ثمن 6 كرّاسات؟', '[{"id":"a","text":"14 د"},{"id":"b","text":"16 د"},{"id":"c","text":"24 د"},{"id":"d","text":"18 د"}]'::jsonb, 'd', 'المعامل = 12 ÷ 4 = 3 (د لكلّ كرّاسة)، إذن ثمن 6 = 6 × 3 = 18 د. لا نجمع 12 + 6.', 4, 'mcq', NULL, NULL)
ON CONFLICT (id) DO UPDATE SET
  exercise_id = EXCLUDED.exercise_id,
  prompt = EXCLUDED.prompt,
  options = EXCLUDED.options,
  correct_option = EXCLUDED.correct_option,
  explanation = EXCLUDED.explanation,
  display_order = EXCLUDED.display_order,
  question_type = EXCLUDED.question_type,
  answer_key = EXCLUDED.answer_key,
  distractor_tags = EXCLUDED.distractor_tags;

INSERT INTO public.questions (id, exercise_id, prompt, options, correct_option, explanation, display_order, question_type, answer_key, distractor_tags) VALUES
  ('cee0cc0c-a507-50ba-a2b2-36d76d498071', '167d6edc-6121-5fb2-be09-e3b475279006', 'كم يساوي 25% من 80؟', '[{"id":"a","text":"40"},{"id":"b","text":"20"},{"id":"c","text":"25"},{"id":"d","text":"8"}]'::jsonb, 'b', '25% تعني الرّبع، والرّبع نحسبه بالقسمة على 4: 80 ÷ 4 = 20. إذن 25% من 80 = 20.', 5, 'mcq', NULL, NULL)
ON CONFLICT (id) DO UPDATE SET
  exercise_id = EXCLUDED.exercise_id,
  prompt = EXCLUDED.prompt,
  options = EXCLUDED.options,
  correct_option = EXCLUDED.correct_option,
  explanation = EXCLUDED.explanation,
  display_order = EXCLUDED.display_order,
  question_type = EXCLUDED.question_type,
  answer_key = EXCLUDED.answer_key,
  distractor_tags = EXCLUDED.distractor_tags;

INSERT INTO public.exercises (id, chapter_id, subject_id, title, difficulty, xp_reward, reward_coins, mode, source, display_order) VALUES
  ('5728c4b8-cf83-5913-b069-2dc4f36fa844', '4462f581-db3b-5244-86df-6c9a87ddcc9f', 'math-5eme', '⭐ تمرين: أوّل خطوات في التناسب والنسبة المئوية', 1, 50, 10, 'practice', 'admin', 1)
ON CONFLICT (id) DO UPDATE SET
  chapter_id = EXCLUDED.chapter_id,
  subject_id = EXCLUDED.subject_id,
  title = EXCLUDED.title,
  difficulty = EXCLUDED.difficulty,
  xp_reward = EXCLUDED.xp_reward,
  reward_coins = EXCLUDED.reward_coins,
  mode = EXCLUDED.mode,
  display_order = EXCLUDED.display_order;

INSERT INTO public.questions (id, exercise_id, prompt, options, correct_option, explanation, display_order, question_type, answer_key, distractor_tags) VALUES
  ('67d573d8-6f0b-5dbd-a13f-864f8b00cd67', '5728c4b8-cf83-5913-b069-2dc4f36fa844', 'ثمن قارورةٍ واحدة 3 د. في وضعية تناسبٍ، كم ثمن 4 قوارير؟', '[{"id":"a","text":"7 د"},{"id":"b","text":"12 د"},{"id":"c","text":"9 د"},{"id":"d","text":"34 د"}]'::jsonb, 'b', 'المعامل هو ثمن الواحدة = 3 د، إذن ثمن 4 قوارير = 4 × 3 = 12 د.', 1, 'mcq', NULL, NULL)
ON CONFLICT (id) DO UPDATE SET
  exercise_id = EXCLUDED.exercise_id,
  prompt = EXCLUDED.prompt,
  options = EXCLUDED.options,
  correct_option = EXCLUDED.correct_option,
  explanation = EXCLUDED.explanation,
  display_order = EXCLUDED.display_order,
  question_type = EXCLUDED.question_type,
  answer_key = EXCLUDED.answer_key,
  distractor_tags = EXCLUDED.distractor_tags;

INSERT INTO public.questions (id, exercise_id, prompt, options, correct_option, explanation, display_order, question_type, answer_key, distractor_tags) VALUES
  ('4736b620-6703-501a-9b28-5d2af289fd83', '5728c4b8-cf83-5913-b069-2dc4f36fa844', 'في جدول تناسبٍ ينتقل من السطر الأوّل إلى الثاني: 3 يوافق 12. ما معامل التناسب؟', '[{"id":"a","text":"4"},{"id":"b","text":"3"},{"id":"c","text":"9"},{"id":"d","text":"15"}]'::jsonb, 'a', 'معامل التناسب = 12 ÷ 3 = 4. للانتقال نزولًا نضرب في 4، وللرجوع صعودًا نقسم على 4.', 2, 'mcq', NULL, NULL)
ON CONFLICT (id) DO UPDATE SET
  exercise_id = EXCLUDED.exercise_id,
  prompt = EXCLUDED.prompt,
  options = EXCLUDED.options,
  correct_option = EXCLUDED.correct_option,
  explanation = EXCLUDED.explanation,
  display_order = EXCLUDED.display_order,
  question_type = EXCLUDED.question_type,
  answer_key = EXCLUDED.answer_key,
  distractor_tags = EXCLUDED.distractor_tags;

INSERT INTO public.questions (id, exercise_id, prompt, options, correct_option, explanation, display_order, question_type, answer_key, distractor_tags) VALUES
  ('e8ebaf1d-cc87-5db4-bc13-8fa9505610d8', '5728c4b8-cf83-5913-b069-2dc4f36fa844', 'كم يساوي 50% من 50؟', '[{"id":"a","text":"100"},{"id":"b","text":"5"},{"id":"c","text":"25"},{"id":"d","text":"10"}]'::jsonb, 'c', '50% تعني النصف، فنقسم على 2: 50 ÷ 2 = 25. إذن 50% من 50 = 25.', 3, 'mcq', NULL, NULL)
ON CONFLICT (id) DO UPDATE SET
  exercise_id = EXCLUDED.exercise_id,
  prompt = EXCLUDED.prompt,
  options = EXCLUDED.options,
  correct_option = EXCLUDED.correct_option,
  explanation = EXCLUDED.explanation,
  display_order = EXCLUDED.display_order,
  question_type = EXCLUDED.question_type,
  answer_key = EXCLUDED.answer_key,
  distractor_tags = EXCLUDED.distractor_tags;

INSERT INTO public.questions (id, exercise_id, prompt, options, correct_option, explanation, display_order, question_type, answer_key, distractor_tags) VALUES
  ('b04fa38c-494c-5e00-a14e-a6e710833c07', '5728c4b8-cf83-5913-b069-2dc4f36fa844', 'كم يساوي 10% من 70؟', '[{"id":"a","text":"70"},{"id":"b","text":"17"},{"id":"c","text":"10"},{"id":"d","text":"7"}]'::jsonb, 'd', '10% تعني العُشر، فنقسم على 10: 70 ÷ 10 = 7. إذن 10% من 70 = 7.', 4, 'mcq', NULL, NULL)
ON CONFLICT (id) DO UPDATE SET
  exercise_id = EXCLUDED.exercise_id,
  prompt = EXCLUDED.prompt,
  options = EXCLUDED.options,
  correct_option = EXCLUDED.correct_option,
  explanation = EXCLUDED.explanation,
  display_order = EXCLUDED.display_order,
  question_type = EXCLUDED.question_type,
  answer_key = EXCLUDED.answer_key,
  distractor_tags = EXCLUDED.distractor_tags;

INSERT INTO public.questions (id, exercise_id, prompt, options, correct_option, explanation, display_order, question_type, answer_key, distractor_tags) VALUES
  ('37a6756a-d5f8-54ca-a473-a31769bb1df8', '5728c4b8-cf83-5913-b069-2dc4f36fa844', 'قلمٌ واحد ثمنه 3 د. أكمل جدول التناسب: كم ثمن 4 أقلام؟', '[{"id":"a","text":"7 د"},{"id":"b","text":"10 د"},{"id":"c","text":"12 د"},{"id":"d","text":"15 د"}]'::jsonb, 'c', 'ثمن قلمٍ = 3 د هو المعامل، إذن ثمن 4 أقلام = 4 × 3 = 12 د. لا نجمع 4 + 3.', 5, 'mcq', NULL, NULL)
ON CONFLICT (id) DO UPDATE SET
  exercise_id = EXCLUDED.exercise_id,
  prompt = EXCLUDED.prompt,
  options = EXCLUDED.options,
  correct_option = EXCLUDED.correct_option,
  explanation = EXCLUDED.explanation,
  display_order = EXCLUDED.display_order,
  question_type = EXCLUDED.question_type,
  answer_key = EXCLUDED.answer_key,
  distractor_tags = EXCLUDED.distractor_tags;

INSERT INTO public.questions (id, exercise_id, prompt, options, correct_option, explanation, display_order, question_type, answer_key, distractor_tags) VALUES
  ('08802457-97b3-5e72-b732-836e3f4a2f6e', '5728c4b8-cf83-5913-b069-2dc4f36fa844', 'كم يساوي 25% من 40؟', '[{"id":"a","text":"20"},{"id":"b","text":"10"},{"id":"c","text":"4"},{"id":"d","text":"15"}]'::jsonb, 'b', '25% تعني الرّبع، فنقسم على 4: 40 ÷ 4 = 10. إذن 25% من 40 = 10.', 6, 'mcq', NULL, NULL)
ON CONFLICT (id) DO UPDATE SET
  exercise_id = EXCLUDED.exercise_id,
  prompt = EXCLUDED.prompt,
  options = EXCLUDED.options,
  correct_option = EXCLUDED.correct_option,
  explanation = EXCLUDED.explanation,
  display_order = EXCLUDED.display_order,
  question_type = EXCLUDED.question_type,
  answer_key = EXCLUDED.answer_key,
  distractor_tags = EXCLUDED.distractor_tags;

INSERT INTO public.exercises (id, chapter_id, subject_id, title, difficulty, xp_reward, reward_coins, mode, source, display_order) VALUES
  ('4c8d7fc9-b70e-51c7-b74f-6c7e951d6aab', '4462f581-db3b-5244-86df-6c9a87ddcc9f', 'math-5eme', '⚔️ زعيم الفصل ⭐⭐⭐: سيّد التناسب والنسبة المئوية', 3, 120, 30, 'boss', 'admin', 2)
ON CONFLICT (id) DO UPDATE SET
  chapter_id = EXCLUDED.chapter_id,
  subject_id = EXCLUDED.subject_id,
  title = EXCLUDED.title,
  difficulty = EXCLUDED.difficulty,
  xp_reward = EXCLUDED.xp_reward,
  reward_coins = EXCLUDED.reward_coins,
  mode = EXCLUDED.mode,
  display_order = EXCLUDED.display_order;

INSERT INTO public.questions (id, exercise_id, prompt, options, correct_option, explanation, display_order, question_type, answer_key, distractor_tags) VALUES
  ('368e8642-5fca-5c12-9f5f-f22c0824bcd9', '4c8d7fc9-b70e-51c7-b74f-6c7e951d6aab', '5 كعكاتٍ تحتاج 200 غ سكّر. في وضعية تناسبٍ، كم يلزم من السكّر لـ 8 كعكات؟', '[{"id":"a","text":"203 غ"},{"id":"b","text":"320 غ"},{"id":"c","text":"250 غ"},{"id":"d","text":"280 غ"}]'::jsonb, 'b', 'المعامل = 200 ÷ 5 = 40 غ لكلّ كعكة، إذن 8 كعكات تحتاج 8 × 40 = 320 غ. الخطأ الشائع هو جمع 200 + 8 بدل الضرب في المعامل.', 1, 'mcq', NULL, NULL)
ON CONFLICT (id) DO UPDATE SET
  exercise_id = EXCLUDED.exercise_id,
  prompt = EXCLUDED.prompt,
  options = EXCLUDED.options,
  correct_option = EXCLUDED.correct_option,
  explanation = EXCLUDED.explanation,
  display_order = EXCLUDED.display_order,
  question_type = EXCLUDED.question_type,
  answer_key = EXCLUDED.answer_key,
  distractor_tags = EXCLUDED.distractor_tags;

INSERT INTO public.questions (id, exercise_id, prompt, options, correct_option, explanation, display_order, question_type, answer_key, distractor_tags) VALUES
  ('24c7ec34-796b-5d81-94fb-741110289e5e', '4c8d7fc9-b70e-51c7-b74f-6c7e951d6aab', 'كم يساوي 50% من 120؟', '[{"id":"a","text":"60"},{"id":"b","text":"40"},{"id":"c","text":"24"},{"id":"d","text":"70"}]'::jsonb, 'a', '50% تعني النصف، فنقسم على 2: 120 ÷ 2 = 60. إذن 50% من 120 = 60.', 2, 'mcq', NULL, NULL)
ON CONFLICT (id) DO UPDATE SET
  exercise_id = EXCLUDED.exercise_id,
  prompt = EXCLUDED.prompt,
  options = EXCLUDED.options,
  correct_option = EXCLUDED.correct_option,
  explanation = EXCLUDED.explanation,
  display_order = EXCLUDED.display_order,
  question_type = EXCLUDED.question_type,
  answer_key = EXCLUDED.answer_key,
  distractor_tags = EXCLUDED.distractor_tags;

INSERT INTO public.questions (id, exercise_id, prompt, options, correct_option, explanation, display_order, question_type, answer_key, distractor_tags) VALUES
  ('a47eff83-7ed2-52a7-a1d1-7645c625c0e9', '4c8d7fc9-b70e-51c7-b74f-6c7e951d6aab', 'أيُّ جدولٍ ممّا يلي **ليس** جدول تناسب؟', '[{"id":"a","text":"1 يوافق 5، و 2 يوافق 10، و 3 يوافق 15"},{"id":"b","text":"2 يوافق 6، و 4 يوافق 12، و 5 يوافق 15"},{"id":"c","text":"1 يوافق 4، و 3 يوافق 12، و 5 يوافق 20"},{"id":"d","text":"3 يوافق 5، و 6 يوافق 8، و 9 يوافق 11"}]'::jsonb, 'd', 'في الجداول a و b و c نضرب في عددٍ ثابت (5، ثمّ 3، ثمّ 4). أمّا في d فقد أضفنا 3 في الأعلى و 3 في الأسفل: 5 ÷ 3 لا يساوي 8 ÷ 6، فالنسبة تغيّرت وليس تناسبًا (إضافةٌ لا ضرب).', 3, 'mcq', NULL, NULL)
ON CONFLICT (id) DO UPDATE SET
  exercise_id = EXCLUDED.exercise_id,
  prompt = EXCLUDED.prompt,
  options = EXCLUDED.options,
  correct_option = EXCLUDED.correct_option,
  explanation = EXCLUDED.explanation,
  display_order = EXCLUDED.display_order,
  question_type = EXCLUDED.question_type,
  answer_key = EXCLUDED.answer_key,
  distractor_tags = EXCLUDED.distractor_tags;

INSERT INTO public.questions (id, exercise_id, prompt, options, correct_option, explanation, display_order, question_type, answer_key, distractor_tags) VALUES
  ('e925b1d6-fed0-5e4f-abe7-11c2530210bb', '4c8d7fc9-b70e-51c7-b74f-6c7e951d6aab', 'في جدول تناسبٍ: 2 يوافق 6، و 5 يوافق 15. باستعمال الخاصية الجمعية، كم يوافق 7؟', '[{"id":"a","text":"18"},{"id":"b","text":"20"},{"id":"c","text":"21"},{"id":"d","text":"9"}]'::jsonb, 'c', 'بما أنّ 7 = 2 + 5، فإنّ ما يوافق 7 = (ما يوافق 2) + (ما يوافق 5) = 6 + 15 = 21. ونتحقّق بالمعامل: 6 ÷ 2 = 3، و 7 × 3 = 21. ✓ الخطأ الشائع هو جمع 7 + 2 أو نسيان أنّ 7 = 2 + 5.', 4, 'mcq', NULL, NULL)
ON CONFLICT (id) DO UPDATE SET
  exercise_id = EXCLUDED.exercise_id,
  prompt = EXCLUDED.prompt,
  options = EXCLUDED.options,
  correct_option = EXCLUDED.correct_option,
  explanation = EXCLUDED.explanation,
  display_order = EXCLUDED.display_order,
  question_type = EXCLUDED.question_type,
  answer_key = EXCLUDED.answer_key,
  distractor_tags = EXCLUDED.distractor_tags;

INSERT INTO public.questions (id, exercise_id, prompt, options, correct_option, explanation, display_order, question_type, answer_key, distractor_tags) VALUES
  ('79aade7c-9734-585e-979a-40b8c2e004d1', '4c8d7fc9-b70e-51c7-b74f-6c7e951d6aab', 'كم يساوي 10% من 250؟', '[{"id":"a","text":"25"},{"id":"b","text":"2,5"},{"id":"c","text":"50"},{"id":"d","text":"100"}]'::jsonb, 'a', '10% تعني العُشر، فنقسم على 10: 250 ÷ 10 = 25. الخطأ الشائع هو حذف رقمين بدل صفرٍ واحد فيُكتب 2,5 بدل 25.', 5, 'mcq', NULL, NULL)
ON CONFLICT (id) DO UPDATE SET
  exercise_id = EXCLUDED.exercise_id,
  prompt = EXCLUDED.prompt,
  options = EXCLUDED.options,
  correct_option = EXCLUDED.correct_option,
  explanation = EXCLUDED.explanation,
  display_order = EXCLUDED.display_order,
  question_type = EXCLUDED.question_type,
  answer_key = EXCLUDED.answer_key,
  distractor_tags = EXCLUDED.distractor_tags;

INSERT INTO public.questions (id, exercise_id, prompt, options, correct_option, explanation, display_order, question_type, answer_key, distractor_tags) VALUES
  ('e32c9d5e-b84e-5f5c-8692-58c6b0919516', '4c8d7fc9-b70e-51c7-b74f-6c7e951d6aab', '3 أمتارٍ من القماش ثمنها 15 د. في وضعية تناسبٍ، كم ثمن 7 أمتار؟', '[{"id":"a","text":"19 د"},{"id":"b","text":"35 د"},{"id":"c","text":"30 د"},{"id":"d","text":"45 د"}]'::jsonb, 'b', 'المعامل = 15 ÷ 3 = 5 د لكلّ متر، إذن ثمن 7 أمتار = 7 × 5 = 35 د. الخطأ الشائع هو جمع 15 + 4 (الفرق بين 3 و 7) بدل الضرب في المعامل.', 6, 'mcq', NULL, NULL)
ON CONFLICT (id) DO UPDATE SET
  exercise_id = EXCLUDED.exercise_id,
  prompt = EXCLUDED.prompt,
  options = EXCLUDED.options,
  correct_option = EXCLUDED.correct_option,
  explanation = EXCLUDED.explanation,
  display_order = EXCLUDED.display_order,
  question_type = EXCLUDED.question_type,
  answer_key = EXCLUDED.answer_key,
  distractor_tags = EXCLUDED.distractor_tags;

INSERT INTO public.exercises (id, chapter_id, subject_id, title, difficulty, xp_reward, reward_coins, mode, source, display_order) VALUES
  ('40cacf00-7c25-559c-814a-eca2dbc04b28', '4462f581-db3b-5244-86df-6c9a87ddcc9f', 'math-5eme', '⭐⭐ تمرين مراجعة (نمط امتحان): التناسب والنسبة المئوية', 2, 75, 15, 'practice', 'admin', 3)
ON CONFLICT (id) DO UPDATE SET
  chapter_id = EXCLUDED.chapter_id,
  subject_id = EXCLUDED.subject_id,
  title = EXCLUDED.title,
  difficulty = EXCLUDED.difficulty,
  xp_reward = EXCLUDED.xp_reward,
  reward_coins = EXCLUDED.reward_coins,
  mode = EXCLUDED.mode,
  display_order = EXCLUDED.display_order;

INSERT INTO public.questions (id, exercise_id, prompt, options, correct_option, explanation, display_order, question_type, answer_key, distractor_tags) VALUES
  ('e35751e4-da37-58ee-98cc-15efac7da4a8', '40cacf00-7c25-559c-814a-eca2dbc04b28', 'في جدول تناسبٍ: 6 يوافق 18. كم يوافق 4؟', '[{"id":"a","text":"16"},{"id":"b","text":"12"},{"id":"c","text":"10"},{"id":"d","text":"8"}]'::jsonb, 'b', 'المعامل = 18 ÷ 6 = 3، إذن ما يوافق 4 = 4 × 3 = 12. ونتحقّق: 12 ÷ 4 = 3. ✓', 1, 'mcq', NULL, NULL)
ON CONFLICT (id) DO UPDATE SET
  exercise_id = EXCLUDED.exercise_id,
  prompt = EXCLUDED.prompt,
  options = EXCLUDED.options,
  correct_option = EXCLUDED.correct_option,
  explanation = EXCLUDED.explanation,
  display_order = EXCLUDED.display_order,
  question_type = EXCLUDED.question_type,
  answer_key = EXCLUDED.answer_key,
  distractor_tags = EXCLUDED.distractor_tags;

INSERT INTO public.questions (id, exercise_id, prompt, options, correct_option, explanation, display_order, question_type, answer_key, distractor_tags) VALUES
  ('3b708bbf-1db9-5d7c-8030-b3fd1b028384', '40cacf00-7c25-559c-814a-eca2dbc04b28', 'كم يساوي 25% من 200؟', '[{"id":"a","text":"100"},{"id":"b","text":"25"},{"id":"c","text":"50"},{"id":"d","text":"20"}]'::jsonb, 'c', '25% تعني الرّبع، فنقسم على 4: 200 ÷ 4 = 50. إذن 25% من 200 = 50.', 2, 'mcq', NULL, NULL)
ON CONFLICT (id) DO UPDATE SET
  exercise_id = EXCLUDED.exercise_id,
  prompt = EXCLUDED.prompt,
  options = EXCLUDED.options,
  correct_option = EXCLUDED.correct_option,
  explanation = EXCLUDED.explanation,
  display_order = EXCLUDED.display_order,
  question_type = EXCLUDED.question_type,
  answer_key = EXCLUDED.answer_key,
  distractor_tags = EXCLUDED.distractor_tags;

INSERT INTO public.questions (id, exercise_id, prompt, options, correct_option, explanation, display_order, question_type, answer_key, distractor_tags) VALUES
  ('bae71654-4f47-50ae-8ff7-cd3cda363c17', '40cacf00-7c25-559c-814a-eca2dbc04b28', 'في صفٍّ فيه 100 تلميذ، 20 منهم يلبسون نظّارات. ما نسبتهم المئوية؟', '[{"id":"a","text":"20%"},{"id":"b","text":"2%"},{"id":"c","text":"80%"},{"id":"d","text":"100%"}]'::jsonb, 'a', 'النسبة المئوية تعني «من بين 100». بما أنّ العدد الكلّي 100 و 20 منهم بنظّارات، فالنسبة = 20%.', 3, 'mcq', NULL, NULL)
ON CONFLICT (id) DO UPDATE SET
  exercise_id = EXCLUDED.exercise_id,
  prompt = EXCLUDED.prompt,
  options = EXCLUDED.options,
  correct_option = EXCLUDED.correct_option,
  explanation = EXCLUDED.explanation,
  display_order = EXCLUDED.display_order,
  question_type = EXCLUDED.question_type,
  answer_key = EXCLUDED.answer_key,
  distractor_tags = EXCLUDED.distractor_tags;

INSERT INTO public.questions (id, exercise_id, prompt, options, correct_option, explanation, display_order, question_type, answer_key, distractor_tags) VALUES
  ('866e3741-cdbb-5c22-905e-e73c6603ca96', '40cacf00-7c25-559c-814a-eca2dbc04b28', '2 كغ من التفّاح ثمنها 6 د. في وضعية تناسبٍ، كم ثمن 5 كغ؟', '[{"id":"a","text":"9 د"},{"id":"b","text":"11 د"},{"id":"c","text":"12 د"},{"id":"d","text":"15 د"}]'::jsonb, 'd', 'المعامل = 6 ÷ 2 = 3 د لكلّ كيلوغرام، إذن ثمن 5 كغ = 5 × 3 = 15 د. لا نجمع 6 + 3.', 4, 'mcq', NULL, NULL)
ON CONFLICT (id) DO UPDATE SET
  exercise_id = EXCLUDED.exercise_id,
  prompt = EXCLUDED.prompt,
  options = EXCLUDED.options,
  correct_option = EXCLUDED.correct_option,
  explanation = EXCLUDED.explanation,
  display_order = EXCLUDED.display_order,
  question_type = EXCLUDED.question_type,
  answer_key = EXCLUDED.answer_key,
  distractor_tags = EXCLUDED.distractor_tags;

INSERT INTO public.questions (id, exercise_id, prompt, options, correct_option, explanation, display_order, question_type, answer_key, distractor_tags) VALUES
  ('868605bd-8d9b-5f63-8fc9-a348cd49a005', '40cacf00-7c25-559c-814a-eca2dbc04b28', 'كم يساوي 50% من 90؟', '[{"id":"a","text":"45"},{"id":"b","text":"9"},{"id":"c","text":"40"},{"id":"d","text":"180"}]'::jsonb, 'a', '50% تعني النصف، فنقسم على 2: 90 ÷ 2 = 45. إذن 50% من 90 = 45.', 5, 'mcq', NULL, NULL)
ON CONFLICT (id) DO UPDATE SET
  exercise_id = EXCLUDED.exercise_id,
  prompt = EXCLUDED.prompt,
  options = EXCLUDED.options,
  correct_option = EXCLUDED.correct_option,
  explanation = EXCLUDED.explanation,
  display_order = EXCLUDED.display_order,
  question_type = EXCLUDED.question_type,
  answer_key = EXCLUDED.answer_key,
  distractor_tags = EXCLUDED.distractor_tags;

INSERT INTO public.questions (id, exercise_id, prompt, options, correct_option, explanation, display_order, question_type, answer_key, distractor_tags) VALUES
  ('4230dce6-bb6d-5bd4-a594-c0560e777c12', '40cacf00-7c25-559c-814a-eca2dbc04b28', 'في جدول تناسبٍ معامله 5: العمود الأوّل مدخله 4. ما ناتجه؟', '[{"id":"a","text":"9"},{"id":"b","text":"20"},{"id":"c","text":"45"},{"id":"d","text":"54"}]'::jsonb, 'b', 'في جدول التناسب نضرب المدخل في المعامل: 4 × 5 = 20. إذن الناتج هو 20.', 6, 'mcq', NULL, NULL)
ON CONFLICT (id) DO UPDATE SET
  exercise_id = EXCLUDED.exercise_id,
  prompt = EXCLUDED.prompt,
  options = EXCLUDED.options,
  correct_option = EXCLUDED.correct_option,
  explanation = EXCLUDED.explanation,
  display_order = EXCLUDED.display_order,
  question_type = EXCLUDED.question_type,
  answer_key = EXCLUDED.answer_key,
  distractor_tags = EXCLUDED.distractor_tags;

INSERT INTO public.exercises (id, chapter_id, subject_id, title, difficulty, xp_reward, reward_coins, mode, source, display_order) VALUES
  ('6761c369-c470-560b-986a-3ba55c15d263', '4462f581-db3b-5244-86df-6c9a87ddcc9f', 'math-5eme', '👑 تحدّي النخبة ⭐⭐⭐⭐: أسرار التناسب والنسبة المئوية', 4, 300, 60, 'challenge', 'admin', 4)
ON CONFLICT (id) DO UPDATE SET
  chapter_id = EXCLUDED.chapter_id,
  subject_id = EXCLUDED.subject_id,
  title = EXCLUDED.title,
  difficulty = EXCLUDED.difficulty,
  xp_reward = EXCLUDED.xp_reward,
  reward_coins = EXCLUDED.reward_coins,
  mode = EXCLUDED.mode,
  display_order = EXCLUDED.display_order;

INSERT INTO public.questions (id, exercise_id, prompt, options, correct_option, explanation, display_order, question_type, answer_key, distractor_tags) VALUES
  ('19d0162a-4867-53c0-bd1e-5bffd78a9c3c', '6761c369-c470-560b-986a-3ba55c15d263', 'كم يساوي 25% من 120؟', '[{"id":"a","text":"60"},{"id":"b","text":"30"},{"id":"c","text":"25"},{"id":"d","text":"12"}]'::jsonb, 'b', '25% تعني الرّبع، فنقسم على 4: 120 ÷ 4 = 30. إذن 25% من 120 = 30. الخطأ الشائع هو القسمة على 2 (وهي تعطي 50%) فيُحصَل خطأً على 60.', 1, 'mcq', NULL, NULL)
ON CONFLICT (id) DO UPDATE SET
  exercise_id = EXCLUDED.exercise_id,
  prompt = EXCLUDED.prompt,
  options = EXCLUDED.options,
  correct_option = EXCLUDED.correct_option,
  explanation = EXCLUDED.explanation,
  display_order = EXCLUDED.display_order,
  question_type = EXCLUDED.question_type,
  answer_key = EXCLUDED.answer_key,
  distractor_tags = EXCLUDED.distractor_tags;

INSERT INTO public.questions (id, exercise_id, prompt, options, correct_option, explanation, display_order, question_type, answer_key, distractor_tags) VALUES
  ('31b8b584-aa7b-5cb4-a266-b041141f64b0', '6761c369-c470-560b-986a-3ba55c15d263', 'في جدول تناسبٍ: 4 يوافق 10، و 6 يوافق 15. باستعمال الخاصية الجمعية، كم يوافق 10؟', '[{"id":"a","text":"20"},{"id":"b","text":"30"},{"id":"c","text":"25"},{"id":"d","text":"19"}]'::jsonb, 'c', 'بما أنّ 10 = 4 + 6، فإنّ ما يوافق 10 = (ما يوافق 4) + (ما يوافق 6) = 10 + 15 = 25. ونتحقّق بالمعامل: 10 ÷ 4 = 2,5، و 10 × 2,5 = 25. ✓ الخطأ الشائع هو جمع 10 + 6 بدل ملاحظة أنّ 10 = 4 + 6.', 2, 'mcq', NULL, NULL)
ON CONFLICT (id) DO UPDATE SET
  exercise_id = EXCLUDED.exercise_id,
  prompt = EXCLUDED.prompt,
  options = EXCLUDED.options,
  correct_option = EXCLUDED.correct_option,
  explanation = EXCLUDED.explanation,
  display_order = EXCLUDED.display_order,
  question_type = EXCLUDED.question_type,
  answer_key = EXCLUDED.answer_key,
  distractor_tags = EXCLUDED.distractor_tags;

INSERT INTO public.questions (id, exercise_id, prompt, options, correct_option, explanation, display_order, question_type, answer_key, distractor_tags) VALUES
  ('043f5fc4-b5e7-5d48-93eb-6382dc3bc5d1', '6761c369-c470-560b-986a-3ba55c15d263', '3 كرّاساتٍ ثمنها 9 د. في وضعية تناسبٍ، كم ثمن 8 كرّاسات؟', '[{"id":"a","text":"14 د"},{"id":"b","text":"27 د"},{"id":"c","text":"72 د"},{"id":"d","text":"24 د"}]'::jsonb, 'd', 'المعامل = 9 ÷ 3 = 3 د لكلّ كرّاسة، إذن ثمن 8 = 8 × 3 = 24 د. الخطأ الشائع هو جمع 9 + 5 (الفرق بين 3 و 8) فيُحصَل خطأً على 14.', 3, 'mcq', NULL, NULL)
ON CONFLICT (id) DO UPDATE SET
  exercise_id = EXCLUDED.exercise_id,
  prompt = EXCLUDED.prompt,
  options = EXCLUDED.options,
  correct_option = EXCLUDED.correct_option,
  explanation = EXCLUDED.explanation,
  display_order = EXCLUDED.display_order,
  question_type = EXCLUDED.question_type,
  answer_key = EXCLUDED.answer_key,
  distractor_tags = EXCLUDED.distractor_tags;

INSERT INTO public.questions (id, exercise_id, prompt, options, correct_option, explanation, display_order, question_type, answer_key, distractor_tags) VALUES
  ('1e3c29f7-9c29-5834-ba27-d3798fa4b1db', '6761c369-c470-560b-986a-3ba55c15d263', 'أيُّ جدولٍ ممّا يلي **ليس** جدول تناسب؟', '[{"id":"a","text":"2 يوافق 10، و 3 يوافق 15، و 4 يوافق 20"},{"id":"b","text":"1 يوافق 6، و 2 يوافق 12، و 4 يوافق 24"},{"id":"c","text":"4 يوافق 7، و 8 يوافق 11، و 12 يوافق 15"},{"id":"d","text":"3 يوافق 9، و 5 يوافق 15، و 7 يوافق 21"}]'::jsonb, 'c', 'في a و b و d المعامل ثابت (5، ثمّ 6، ثمّ 3). أمّا في c فقد أضفنا 4 في الأعلى و 4 في الأسفل: 7 ÷ 4 لا يساوي 11 ÷ 8، فالنسبة تتغيّر. الخطأ الشائع هو الظنّ أنّ زيادةً ثابتةً في السطرين تكفي للتناسب، والصحيح أنّ التناسب ضربٌ في معاملٍ ثابت.', 4, 'mcq', NULL, NULL)
ON CONFLICT (id) DO UPDATE SET
  exercise_id = EXCLUDED.exercise_id,
  prompt = EXCLUDED.prompt,
  options = EXCLUDED.options,
  correct_option = EXCLUDED.correct_option,
  explanation = EXCLUDED.explanation,
  display_order = EXCLUDED.display_order,
  question_type = EXCLUDED.question_type,
  answer_key = EXCLUDED.answer_key,
  distractor_tags = EXCLUDED.distractor_tags;

INSERT INTO public.questions (id, exercise_id, prompt, options, correct_option, explanation, display_order, question_type, answer_key, distractor_tags) VALUES
  ('58802ae1-d4ec-5fa7-8cba-df1f1955dd14', '6761c369-c470-560b-986a-3ba55c15d263', 'قاعةٌ فيها 100 مقعد، شُغِل منها 65. ما النسبة المئوية للمقاعد المشغولة؟', '[{"id":"a","text":"100%"},{"id":"b","text":"65%"},{"id":"c","text":"35%"},{"id":"d","text":"6,5%"}]'::jsonb, 'b', 'النسبة المئوية «من بين 100»، والعدد الكلّي 100 مقعد، فالمشغول 65 يعطي 65%. الخطأ الشائع هو حساب الفارغ (35%) بدل المشغول المطلوب.', 5, 'mcq', NULL, NULL)
ON CONFLICT (id) DO UPDATE SET
  exercise_id = EXCLUDED.exercise_id,
  prompt = EXCLUDED.prompt,
  options = EXCLUDED.options,
  correct_option = EXCLUDED.correct_option,
  explanation = EXCLUDED.explanation,
  display_order = EXCLUDED.display_order,
  question_type = EXCLUDED.question_type,
  answer_key = EXCLUDED.answer_key,
  distractor_tags = EXCLUDED.distractor_tags;

INSERT INTO public.questions (id, exercise_id, prompt, options, correct_option, explanation, display_order, question_type, answer_key, distractor_tags) VALUES
  ('ae5a4a02-6bf6-50bb-a73e-e542b7564c75', '6761c369-c470-560b-986a-3ba55c15d263', 'في جدول تناسبٍ: 6 يوافق 30. أيُّ مدخلٍ يوافقه الناتج 20؟', '[{"id":"a","text":"4"},{"id":"b","text":"5"},{"id":"c","text":"14"},{"id":"d","text":"100"}]'::jsonb, 'a', 'المعامل = 30 ÷ 6 = 5، وللرجوع من الناتج إلى المدخل نقسم على المعامل: 20 ÷ 5 = 4. ونتحقّق: 4 × 5 = 20. ✓ الخطأ الشائع هو ضرب 20 × 5 = 100 بدل القسمة عند الرجوع صعودًا.', 6, 'mcq', NULL, NULL)
ON CONFLICT (id) DO UPDATE SET
  exercise_id = EXCLUDED.exercise_id,
  prompt = EXCLUDED.prompt,
  options = EXCLUDED.options,
  correct_option = EXCLUDED.correct_option,
  explanation = EXCLUDED.explanation,
  display_order = EXCLUDED.display_order,
  question_type = EXCLUDED.question_type,
  answer_key = EXCLUDED.answer_key,
  distractor_tags = EXCLUDED.distractor_tags;

INSERT INTO public.exercises (id, chapter_id, subject_id, title, difficulty, xp_reward, reward_coins, mode, source, display_order) VALUES
  ('9892d96e-953a-5f73-a813-c3c5588aecb3', '4462f581-db3b-5244-86df-6c9a87ddcc9f', 'math-5eme', '📝 تدريب ⭐⭐⭐: التناسب والنسبة المئوية (مراجعة شاملة)', 3, 120, 30, 'boss', 'admin', 5)
ON CONFLICT (id) DO UPDATE SET
  chapter_id = EXCLUDED.chapter_id,
  subject_id = EXCLUDED.subject_id,
  title = EXCLUDED.title,
  difficulty = EXCLUDED.difficulty,
  xp_reward = EXCLUDED.xp_reward,
  reward_coins = EXCLUDED.reward_coins,
  mode = EXCLUDED.mode,
  display_order = EXCLUDED.display_order;

INSERT INTO public.questions (id, exercise_id, prompt, options, correct_option, explanation, display_order, question_type, answer_key, distractor_tags) VALUES
  ('05c2efe6-2d2d-5aec-9f69-906338bb78e7', '9892d96e-953a-5f73-a813-c3c5588aecb3', 'في جدول تناسبٍ: 7 يوافق 21. ما معامل التناسب؟', '[{"id":"a","text":"3"},{"id":"b","text":"7"},{"id":"c","text":"14"},{"id":"d","text":"28"}]'::jsonb, 'a', 'معامل التناسب = 21 ÷ 7 = 3. للانتقال نزولًا نضرب في 3، وللرجوع صعودًا نقسم على 3.', 1, 'mcq', NULL, NULL)
ON CONFLICT (id) DO UPDATE SET
  exercise_id = EXCLUDED.exercise_id,
  prompt = EXCLUDED.prompt,
  options = EXCLUDED.options,
  correct_option = EXCLUDED.correct_option,
  explanation = EXCLUDED.explanation,
  display_order = EXCLUDED.display_order,
  question_type = EXCLUDED.question_type,
  answer_key = EXCLUDED.answer_key,
  distractor_tags = EXCLUDED.distractor_tags;

INSERT INTO public.questions (id, exercise_id, prompt, options, correct_option, explanation, display_order, question_type, answer_key, distractor_tags) VALUES
  ('b262d364-82b9-5452-8839-10bbeb08f308', '9892d96e-953a-5f73-a813-c3c5588aecb3', 'كم يساوي 50% من 140؟', '[{"id":"a","text":"40"},{"id":"b","text":"70"},{"id":"c","text":"14"},{"id":"d","text":"280"}]'::jsonb, 'b', '50% تعني النصف، فنقسم على 2: 140 ÷ 2 = 70. إذن 50% من 140 = 70.', 2, 'mcq', NULL, NULL)
ON CONFLICT (id) DO UPDATE SET
  exercise_id = EXCLUDED.exercise_id,
  prompt = EXCLUDED.prompt,
  options = EXCLUDED.options,
  correct_option = EXCLUDED.correct_option,
  explanation = EXCLUDED.explanation,
  display_order = EXCLUDED.display_order,
  question_type = EXCLUDED.question_type,
  answer_key = EXCLUDED.answer_key,
  distractor_tags = EXCLUDED.distractor_tags;

INSERT INTO public.questions (id, exercise_id, prompt, options, correct_option, explanation, display_order, question_type, answer_key, distractor_tags) VALUES
  ('3acbf939-e8ed-5e9e-b6fb-b19786c604fb', '9892d96e-953a-5f73-a813-c3c5588aecb3', 'كم يساوي 10% من 60؟', '[{"id":"a","text":"6"},{"id":"b","text":"16"},{"id":"c","text":"30"},{"id":"d","text":"60"}]'::jsonb, 'a', '10% تعني العُشر، فنقسم على 10: 60 ÷ 10 = 6. إذن 10% من 60 = 6.', 3, 'mcq', NULL, NULL)
ON CONFLICT (id) DO UPDATE SET
  exercise_id = EXCLUDED.exercise_id,
  prompt = EXCLUDED.prompt,
  options = EXCLUDED.options,
  correct_option = EXCLUDED.correct_option,
  explanation = EXCLUDED.explanation,
  display_order = EXCLUDED.display_order,
  question_type = EXCLUDED.question_type,
  answer_key = EXCLUDED.answer_key,
  distractor_tags = EXCLUDED.distractor_tags;

INSERT INTO public.questions (id, exercise_id, prompt, options, correct_option, explanation, display_order, question_type, answer_key, distractor_tags) VALUES
  ('e8348bbc-38d0-56b7-809b-f2d3f8422ee8', '9892d96e-953a-5f73-a813-c3c5588aecb3', 'في جدول تناسبٍ: 3 يوافق 12، و 4 يوافق 16. باستعمال الخاصية الجمعية، كم يوافق 7؟', '[{"id":"a","text":"21"},{"id":"b","text":"30"},{"id":"c","text":"28"},{"id":"d","text":"19"}]'::jsonb, 'c', 'بما أنّ 7 = 3 + 4، فإنّ ما يوافق 7 = 12 + 16 = 28. ونتحقّق بالمعامل: 12 ÷ 3 = 4، و 7 × 4 = 28. ✓ الخطأ الشائع هو جمع 7 + 4 بدل ملاحظة أنّ 7 = 3 + 4.', 4, 'mcq', NULL, NULL)
ON CONFLICT (id) DO UPDATE SET
  exercise_id = EXCLUDED.exercise_id,
  prompt = EXCLUDED.prompt,
  options = EXCLUDED.options,
  correct_option = EXCLUDED.correct_option,
  explanation = EXCLUDED.explanation,
  display_order = EXCLUDED.display_order,
  question_type = EXCLUDED.question_type,
  answer_key = EXCLUDED.answer_key,
  distractor_tags = EXCLUDED.distractor_tags;

INSERT INTO public.questions (id, exercise_id, prompt, options, correct_option, explanation, display_order, question_type, answer_key, distractor_tags) VALUES
  ('758a3d95-f639-5be2-a34f-3b07a02fbc14', '9892d96e-953a-5f73-a813-c3c5588aecb3', 'وصفةٌ لـ 4 أشخاصٍ تحتاج 8 بيضات. في وضعية تناسبٍ، كم بيضةً نحتاج لـ 6 أشخاص؟', '[{"id":"a","text":"10"},{"id":"b","text":"14"},{"id":"c","text":"16"},{"id":"d","text":"12"}]'::jsonb, 'd', 'المعامل = 8 ÷ 4 = 2 بيضةٍ لكلّ شخص، إذن 6 أشخاص يحتاجون 6 × 2 = 12 بيضة. الخطأ الشائع هو جمع 8 + 2 (الفرق بين 4 و 6) فيُحصَل خطأً على 10.', 5, 'mcq', NULL, NULL)
ON CONFLICT (id) DO UPDATE SET
  exercise_id = EXCLUDED.exercise_id,
  prompt = EXCLUDED.prompt,
  options = EXCLUDED.options,
  correct_option = EXCLUDED.correct_option,
  explanation = EXCLUDED.explanation,
  display_order = EXCLUDED.display_order,
  question_type = EXCLUDED.question_type,
  answer_key = EXCLUDED.answer_key,
  distractor_tags = EXCLUDED.distractor_tags;

INSERT INTO public.questions (id, exercise_id, prompt, options, correct_option, explanation, display_order, question_type, answer_key, distractor_tags) VALUES
  ('417b0930-afbb-53e1-8736-27ee5c387344', '9892d96e-953a-5f73-a813-c3c5588aecb3', 'حصل لاعبٌ على 75 نقطةً من بين 100 في مباراة. ما نسبته المئوية؟', '[{"id":"a","text":"25%"},{"id":"b","text":"7,5%"},{"id":"c","text":"75%"},{"id":"d","text":"100%"}]'::jsonb, 'c', 'النسبة المئوية «من بين 100»، والمجموع الكلّي 100 نقطة، فـ 75 نقطةً تعني 75%. الخطأ الشائع هو حساب النقاط الضائعة (25%) بدل المطلوب.', 6, 'mcq', NULL, NULL)
ON CONFLICT (id) DO UPDATE SET
  exercise_id = EXCLUDED.exercise_id,
  prompt = EXCLUDED.prompt,
  options = EXCLUDED.options,
  correct_option = EXCLUDED.correct_option,
  explanation = EXCLUDED.explanation,
  display_order = EXCLUDED.display_order,
  question_type = EXCLUDED.question_type,
  answer_key = EXCLUDED.answer_key,
  distractor_tags = EXCLUDED.distractor_tags;

INSERT INTO public.exercises (id, chapter_id, subject_id, title, difficulty, xp_reward, reward_coins, mode, source, display_order) VALUES
  ('d1cb3f71-07d5-5669-bd88-0ecd6a31d7dd', '9cee0386-651b-5a63-b23c-07ed1c8aa60d', 'math-5eme', 'اختبار فهم الدرس ⭐', 1, 20, 5, 'quiz', 'admin', 0)
ON CONFLICT (id) DO UPDATE SET
  chapter_id = EXCLUDED.chapter_id,
  subject_id = EXCLUDED.subject_id,
  title = EXCLUDED.title,
  difficulty = EXCLUDED.difficulty,
  xp_reward = EXCLUDED.xp_reward,
  reward_coins = EXCLUDED.reward_coins,
  mode = EXCLUDED.mode,
  display_order = EXCLUDED.display_order;

INSERT INTO public.questions (id, exercise_id, prompt, options, correct_option, explanation, display_order, question_type, answer_key, distractor_tags) VALUES
  ('4ff35599-a452-5e3a-a3ab-570c89b4e83f', 'd1cb3f71-07d5-5669-bd88-0ecd6a31d7dd', 'ما رمزُ التوازي بين مستقيمين؟', '[{"id":"a","text":"⊥"},{"id":"b","text":"∥"},{"id":"c","text":"="},{"id":"d","text":"×"}]'::jsonb, 'b', 'رمزُ التوازي هو ∥، أمّا ⊥ فهو رمزُ التعامد بين مستقيمين.', 1, 'mcq', NULL, NULL)
ON CONFLICT (id) DO UPDATE SET
  exercise_id = EXCLUDED.exercise_id,
  prompt = EXCLUDED.prompt,
  options = EXCLUDED.options,
  correct_option = EXCLUDED.correct_option,
  explanation = EXCLUDED.explanation,
  display_order = EXCLUDED.display_order,
  question_type = EXCLUDED.question_type,
  answer_key = EXCLUDED.answer_key,
  distractor_tags = EXCLUDED.distractor_tags;

INSERT INTO public.questions (id, exercise_id, prompt, options, correct_option, explanation, display_order, question_type, answer_key, distractor_tags) VALUES
  ('e47012b5-f51e-5af4-9507-5dd671921b79', 'd1cb3f71-07d5-5669-bd88-0ecd6a31d7dd', 'ما نوعُ هذه الزاوية؟ <svg viewBox="0 0 100 100"><line x1="50" y1="82" x2="95" y2="82" stroke="currentColor" stroke-width="2.5"/><line x1="50" y1="82" x2="50" y2="33" stroke="currentColor" stroke-width="2.5"/><rect x="50" y="72" width="10" height="10" fill="none" stroke="#1f2937" stroke-width="1.5"/><circle cx="50" cy="82" r="2.5" fill="currentColor"/></svg>', '[{"id":"a","text":"حادّة"},{"id":"b","text":"منفرجة"},{"id":"c","text":"قائمة"},{"id":"d","text":"مستقيمة"}]'::jsonb, 'c', 'المربّعُ الصغير عند الرأس علامةُ الزاوية القائمة التي قيسُها 90°.', 2, 'mcq', NULL, NULL)
ON CONFLICT (id) DO UPDATE SET
  exercise_id = EXCLUDED.exercise_id,
  prompt = EXCLUDED.prompt,
  options = EXCLUDED.options,
  correct_option = EXCLUDED.correct_option,
  explanation = EXCLUDED.explanation,
  display_order = EXCLUDED.display_order,
  question_type = EXCLUDED.question_type,
  answer_key = EXCLUDED.answer_key,
  distractor_tags = EXCLUDED.distractor_tags;

INSERT INTO public.questions (id, exercise_id, prompt, options, correct_option, explanation, display_order, question_type, answer_key, distractor_tags) VALUES
  ('635378f7-9adf-542a-be6e-29bf775ee9e7', 'd1cb3f71-07d5-5669-bd88-0ecd6a31d7dd', 'مثلّثٌ أطوالُ أضلاعه 6 cm و6 cm و6 cm. ما نوعُه حسب الأضلاع؟', '[{"id":"a","text":"مختلف الأضلاع"},{"id":"b","text":"متساوي الساقين"},{"id":"c","text":"قائم الزاوية"},{"id":"d","text":"متساوي الأضلاع"}]'::jsonb, 'd', 'أضلاعُه الثلاثة متساوية (6 = 6 = 6)، فهو متساوي الأضلاع.', 3, 'mcq', NULL, NULL)
ON CONFLICT (id) DO UPDATE SET
  exercise_id = EXCLUDED.exercise_id,
  prompt = EXCLUDED.prompt,
  options = EXCLUDED.options,
  correct_option = EXCLUDED.correct_option,
  explanation = EXCLUDED.explanation,
  display_order = EXCLUDED.display_order,
  question_type = EXCLUDED.question_type,
  answer_key = EXCLUDED.answer_key,
  distractor_tags = EXCLUDED.distractor_tags;

INSERT INTO public.questions (id, exercise_id, prompt, options, correct_option, explanation, display_order, question_type, answer_key, distractor_tags) VALUES
  ('3f50f101-7f80-5a1d-9338-fb82610c25f4', 'd1cb3f71-07d5-5669-bd88-0ecd6a31d7dd', 'في متوازي الأضلاع، الأضلاعُ المتقابلة:', '[{"id":"a","text":"متوازية ومتساوية"},{"id":"b","text":"متعامدة دائمًا"},{"id":"c","text":"مختلفة الأطوال"},{"id":"d","text":"غيرُ متوازية"}]'::jsonb, 'a', 'من خاصيات متوازي الأضلاع أنّ كلَّ ضلعين متقابلين متوازيان ومتساويان في الطول.', 4, 'mcq', NULL, NULL)
ON CONFLICT (id) DO UPDATE SET
  exercise_id = EXCLUDED.exercise_id,
  prompt = EXCLUDED.prompt,
  options = EXCLUDED.options,
  correct_option = EXCLUDED.correct_option,
  explanation = EXCLUDED.explanation,
  display_order = EXCLUDED.display_order,
  question_type = EXCLUDED.question_type,
  answer_key = EXCLUDED.answer_key,
  distractor_tags = EXCLUDED.distractor_tags;

INSERT INTO public.questions (id, exercise_id, prompt, options, correct_option, explanation, display_order, question_type, answer_key, distractor_tags) VALUES
  ('2b3070ff-af38-5249-9cb7-a6ee68b857fb', 'd1cb3f71-07d5-5669-bd88-0ecd6a31d7dd', 'دائرةٌ شعاعُها 7 cm. ما طولُ قطرها؟', '[{"id":"a","text":"7 cm"},{"id":"b","text":"14 cm"},{"id":"c","text":"3,5 cm"},{"id":"d","text":"21 cm"}]'::jsonb, 'b', 'القطرُ ضعفُ الشعاع: d = 2 × r = 2 × 7 = 14 cm.', 5, 'mcq', NULL, NULL)
ON CONFLICT (id) DO UPDATE SET
  exercise_id = EXCLUDED.exercise_id,
  prompt = EXCLUDED.prompt,
  options = EXCLUDED.options,
  correct_option = EXCLUDED.correct_option,
  explanation = EXCLUDED.explanation,
  display_order = EXCLUDED.display_order,
  question_type = EXCLUDED.question_type,
  answer_key = EXCLUDED.answer_key,
  distractor_tags = EXCLUDED.distractor_tags;

INSERT INTO public.exercises (id, chapter_id, subject_id, title, difficulty, xp_reward, reward_coins, mode, source, display_order) VALUES
  ('9138d2da-c3d3-54b9-9f6b-f5c24268a145', '9cee0386-651b-5a63-b23c-07ed1c8aa60d', 'math-5eme', '⭐ تمرين: أوّلُ خطوات في الهندسة', 1, 50, 10, 'practice', 'admin', 1)
ON CONFLICT (id) DO UPDATE SET
  chapter_id = EXCLUDED.chapter_id,
  subject_id = EXCLUDED.subject_id,
  title = EXCLUDED.title,
  difficulty = EXCLUDED.difficulty,
  xp_reward = EXCLUDED.xp_reward,
  reward_coins = EXCLUDED.reward_coins,
  mode = EXCLUDED.mode,
  display_order = EXCLUDED.display_order;

INSERT INTO public.questions (id, exercise_id, prompt, options, correct_option, explanation, display_order, question_type, answer_key, distractor_tags) VALUES
  ('fc035178-ceb3-5fd4-846b-446a12d1bd97', '9138d2da-c3d3-54b9-9f6b-f5c24268a145', 'ما رمزُ التعامد بين مستقيمين؟', '[{"id":"a","text":"∥"},{"id":"b","text":"⊥"},{"id":"c","text":"="},{"id":"d","text":"+"}]'::jsonb, 'b', 'رمزُ التعامد هو ⊥، أمّا ∥ فهو رمزُ التوازي.', 1, 'mcq', NULL, NULL)
ON CONFLICT (id) DO UPDATE SET
  exercise_id = EXCLUDED.exercise_id,
  prompt = EXCLUDED.prompt,
  options = EXCLUDED.options,
  correct_option = EXCLUDED.correct_option,
  explanation = EXCLUDED.explanation,
  display_order = EXCLUDED.display_order,
  question_type = EXCLUDED.question_type,
  answer_key = EXCLUDED.answer_key,
  distractor_tags = EXCLUDED.distractor_tags;

INSERT INTO public.questions (id, exercise_id, prompt, options, correct_option, explanation, display_order, question_type, answer_key, distractor_tags) VALUES
  ('197a5f67-de63-57c9-a8b1-0381d6408da9', '9138d2da-c3d3-54b9-9f6b-f5c24268a145', 'ماذا يمثّل هذا الشكل؟ <svg viewBox="0 0 100 100"><line x1="8" y1="38" x2="92" y2="38" stroke="currentColor" stroke-width="2.5"/><line x1="8" y1="66" x2="92" y2="66" stroke="currentColor" stroke-width="2.5"/><polyline points="46,32 53,38 46,44" fill="none" stroke="#1f2937" stroke-width="1.6"/><polyline points="46,60 53,66 46,72" fill="none" stroke="#1f2937" stroke-width="1.6"/></svg>', '[{"id":"a","text":"مثلّث"},{"id":"b","text":"زاوية قائمة"},{"id":"c","text":"مستقيمان متعامدان"},{"id":"d","text":"مستقيمان متوازيان"}]'::jsonb, 'd', 'المستقيمان لا يتقاطعان والسهمان المتماثلان يدلّان على التوازي، فهما متوازيان.', 2, 'mcq', NULL, NULL)
ON CONFLICT (id) DO UPDATE SET
  exercise_id = EXCLUDED.exercise_id,
  prompt = EXCLUDED.prompt,
  options = EXCLUDED.options,
  correct_option = EXCLUDED.correct_option,
  explanation = EXCLUDED.explanation,
  display_order = EXCLUDED.display_order,
  question_type = EXCLUDED.question_type,
  answer_key = EXCLUDED.answer_key,
  distractor_tags = EXCLUDED.distractor_tags;

INSERT INTO public.questions (id, exercise_id, prompt, options, correct_option, explanation, display_order, question_type, answer_key, distractor_tags) VALUES
  ('63ea89a8-560a-539a-be5a-61f278057736', '9138d2da-c3d3-54b9-9f6b-f5c24268a145', 'ما نوعُ هذه الزاوية؟ <svg viewBox="0 0 100 100"><line x1="50" y1="82" x2="95" y2="82" stroke="currentColor" stroke-width="2.5"/><line x1="50" y1="82" x2="89" y2="60" stroke="currentColor" stroke-width="2.5"/><circle cx="50" cy="82" r="2.5" fill="currentColor"/></svg>', '[{"id":"a","text":"حادّة"},{"id":"b","text":"قائمة"},{"id":"c","text":"منفرجة"},{"id":"d","text":"مستقيمة"}]'::jsonb, 'a', 'الفتحةُ صغيرةٌ وأقلّ من 90°، فالزاوية حادّة.', 3, 'mcq', NULL, NULL)
ON CONFLICT (id) DO UPDATE SET
  exercise_id = EXCLUDED.exercise_id,
  prompt = EXCLUDED.prompt,
  options = EXCLUDED.options,
  correct_option = EXCLUDED.correct_option,
  explanation = EXCLUDED.explanation,
  display_order = EXCLUDED.display_order,
  question_type = EXCLUDED.question_type,
  answer_key = EXCLUDED.answer_key,
  distractor_tags = EXCLUDED.distractor_tags;

INSERT INTO public.questions (id, exercise_id, prompt, options, correct_option, explanation, display_order, question_type, answer_key, distractor_tags) VALUES
  ('bf4f0c83-45fc-555c-8656-a46a628bddfd', '9138d2da-c3d3-54b9-9f6b-f5c24268a145', 'كم ضلعًا للرباعيّ؟', '[{"id":"a","text":"3"},{"id":"b","text":"4"},{"id":"c","text":"5"},{"id":"d","text":"6"}]'::jsonb, 'b', 'الرباعيُّ مضلّعٌ له 4 أضلاع و4 رؤوس (مثل المربّع والمستطيل والمعيّن ومتوازي الأضلاع).', 4, 'mcq', NULL, NULL)
ON CONFLICT (id) DO UPDATE SET
  exercise_id = EXCLUDED.exercise_id,
  prompt = EXCLUDED.prompt,
  options = EXCLUDED.options,
  correct_option = EXCLUDED.correct_option,
  explanation = EXCLUDED.explanation,
  display_order = EXCLUDED.display_order,
  question_type = EXCLUDED.question_type,
  answer_key = EXCLUDED.answer_key,
  distractor_tags = EXCLUDED.distractor_tags;

INSERT INTO public.questions (id, exercise_id, prompt, options, correct_option, explanation, display_order, question_type, answer_key, distractor_tags) VALUES
  ('825aa199-0cf6-575d-8624-a484636669a1', '9138d2da-c3d3-54b9-9f6b-f5c24268a145', 'مثلّثٌ أطوالُ أضلاعه 4 cm و4 cm و6 cm. ما نوعُه حسب الأضلاع؟', '[{"id":"a","text":"متساوي الأضلاع"},{"id":"b","text":"مختلف الأضلاع"},{"id":"c","text":"متساوي الساقين"},{"id":"d","text":"قائم الزاوية"}]'::jsonb, 'c', 'له ضلعان متساويان فقط (4 = 4) والثالث مختلف، فهو متساوي الساقين.', 5, 'mcq', NULL, NULL)
ON CONFLICT (id) DO UPDATE SET
  exercise_id = EXCLUDED.exercise_id,
  prompt = EXCLUDED.prompt,
  options = EXCLUDED.options,
  correct_option = EXCLUDED.correct_option,
  explanation = EXCLUDED.explanation,
  display_order = EXCLUDED.display_order,
  question_type = EXCLUDED.question_type,
  answer_key = EXCLUDED.answer_key,
  distractor_tags = EXCLUDED.distractor_tags;

INSERT INTO public.questions (id, exercise_id, prompt, options, correct_option, explanation, display_order, question_type, answer_key, distractor_tags) VALUES
  ('06c79039-9907-5e98-bf18-a16096008e65', '9138d2da-c3d3-54b9-9f6b-f5c24268a145', 'دائرةٌ قطرُها 12 cm. ما طولُ شعاعها؟', '[{"id":"a","text":"24 cm"},{"id":"b","text":"12 cm"},{"id":"c","text":"6 cm"},{"id":"d","text":"10 cm"}]'::jsonb, 'c', 'الشعاعُ نصفُ القطر: r = d ÷ 2 = 12 ÷ 2 = 6 cm.', 6, 'mcq', NULL, NULL)
ON CONFLICT (id) DO UPDATE SET
  exercise_id = EXCLUDED.exercise_id,
  prompt = EXCLUDED.prompt,
  options = EXCLUDED.options,
  correct_option = EXCLUDED.correct_option,
  explanation = EXCLUDED.explanation,
  display_order = EXCLUDED.display_order,
  question_type = EXCLUDED.question_type,
  answer_key = EXCLUDED.answer_key,
  distractor_tags = EXCLUDED.distractor_tags;

INSERT INTO public.exercises (id, chapter_id, subject_id, title, difficulty, xp_reward, reward_coins, mode, source, display_order) VALUES
  ('9ef183bf-ef81-5713-a53a-bdc5b961f985', '9cee0386-651b-5a63-b23c-07ed1c8aa60d', 'math-5eme', '⚔️ زعيم الفصل ⭐⭐⭐: معركة الأشكال والزوايا', 3, 120, 30, 'boss', 'admin', 2)
ON CONFLICT (id) DO UPDATE SET
  chapter_id = EXCLUDED.chapter_id,
  subject_id = EXCLUDED.subject_id,
  title = EXCLUDED.title,
  difficulty = EXCLUDED.difficulty,
  xp_reward = EXCLUDED.xp_reward,
  reward_coins = EXCLUDED.reward_coins,
  mode = EXCLUDED.mode,
  display_order = EXCLUDED.display_order;

INSERT INTO public.questions (id, exercise_id, prompt, options, correct_option, explanation, display_order, question_type, answer_key, distractor_tags) VALUES
  ('f95b309c-832f-5545-9e8a-a9edf084762c', '9ef183bf-ef81-5713-a53a-bdc5b961f985', 'ما طبيعةُ هذين المستقيمين؟ <svg viewBox="0 0 100 100"><line x1="8" y1="72" x2="92" y2="72" stroke="currentColor" stroke-width="2.5"/><line x1="22" y1="92" x2="78" y2="24" stroke="currentColor" stroke-width="2.5"/></svg>', '[{"id":"a","text":"متعامدان"},{"id":"b","text":"متوازيان"},{"id":"c","text":"متقاطعان وغيرُ متعامدين"},{"id":"d","text":"منفصلان"}]'::jsonb, 'c', 'المستقيمان يتقاطعان لكن لا يوجد مربّعٌ صغير، فالزاويةُ ليست قائمة: متقاطعان غيرُ متعامدين.', 1, 'mcq', NULL, NULL)
ON CONFLICT (id) DO UPDATE SET
  exercise_id = EXCLUDED.exercise_id,
  prompt = EXCLUDED.prompt,
  options = EXCLUDED.options,
  correct_option = EXCLUDED.correct_option,
  explanation = EXCLUDED.explanation,
  display_order = EXCLUDED.display_order,
  question_type = EXCLUDED.question_type,
  answer_key = EXCLUDED.answer_key,
  distractor_tags = EXCLUDED.distractor_tags;

INSERT INTO public.questions (id, exercise_id, prompt, options, correct_option, explanation, display_order, question_type, answer_key, distractor_tags) VALUES
  ('5bc70f74-656b-524e-84fe-7f0602a3f064', '9ef183bf-ef81-5713-a53a-bdc5b961f985', 'بأيّ أداةٍ نقيس الزوايا بالدرجات؟', '[{"id":"a","text":"المسطرة"},{"id":"b","text":"المنقلة"},{"id":"c","text":"البركار"},{"id":"d","text":"الكوس"}]'::jsonb, 'b', 'نقيس الزوايا بالدرجات (°) باستعمال المنقلة؛ البركارُ للدوائر والكوسُ للزوايا القائمة.', 2, 'mcq', NULL, NULL)
ON CONFLICT (id) DO UPDATE SET
  exercise_id = EXCLUDED.exercise_id,
  prompt = EXCLUDED.prompt,
  options = EXCLUDED.options,
  correct_option = EXCLUDED.correct_option,
  explanation = EXCLUDED.explanation,
  display_order = EXCLUDED.display_order,
  question_type = EXCLUDED.question_type,
  answer_key = EXCLUDED.answer_key,
  distractor_tags = EXCLUDED.distractor_tags;

INSERT INTO public.questions (id, exercise_id, prompt, options, correct_option, explanation, display_order, question_type, answer_key, distractor_tags) VALUES
  ('0dbe1252-1703-5cb0-ad71-38dc1109c3a8', '9ef183bf-ef81-5713-a53a-bdc5b961f985', 'ما هذا الرباعيّ (4 أضلاع متساوية وزواياه ليست قائمة)؟ <svg viewBox="0 0 100 90"><polygon points="50,16 86,46 50,76 14,46" fill="none" stroke="currentColor" stroke-width="2.5"/><path d="M 66 28 l 3 4" stroke="#1f2937" stroke-width="1.5"/><path d="M 66 64 l 3 -4" stroke="#1f2937" stroke-width="1.5"/><path d="M 34 28 l -3 4" stroke="#1f2937" stroke-width="1.5"/><path d="M 34 64 l -3 -4" stroke="#1f2937" stroke-width="1.5"/></svg>', '[{"id":"a","text":"مربّع"},{"id":"b","text":"مستطيل"},{"id":"c","text":"معيّن"},{"id":"d","text":"متوازي الأضلاع مختلف الأضلاع"}]'::jsonb, 'c', 'التشريطاتُ تدلّ على تساوي الأضلاع الأربعة، والزوايا ليست قائمة، فهو معيّن. الخطأ الشائع: تسميتُه مربّعًا — المربّعُ يلزمه كذلك زوايا قائمة (90°).', 3, 'mcq', NULL, NULL)
ON CONFLICT (id) DO UPDATE SET
  exercise_id = EXCLUDED.exercise_id,
  prompt = EXCLUDED.prompt,
  options = EXCLUDED.options,
  correct_option = EXCLUDED.correct_option,
  explanation = EXCLUDED.explanation,
  display_order = EXCLUDED.display_order,
  question_type = EXCLUDED.question_type,
  answer_key = EXCLUDED.answer_key,
  distractor_tags = EXCLUDED.distractor_tags;

INSERT INTO public.questions (id, exercise_id, prompt, options, correct_option, explanation, display_order, question_type, answer_key, distractor_tags) VALUES
  ('01ae2eae-803d-5c7a-b496-210d0d58c7c4', '9ef183bf-ef81-5713-a53a-bdc5b961f985', 'في الشكل، الضلعُ الأوّل على 0° والضلعُ الآخر يمرّ على التدريج. كم قيسُ الزاوية وما نوعُها؟ <svg viewBox="0 0 120 80"><path d="M 18 66 A 42 42 0 0 1 102 66" fill="none" stroke="currentColor" stroke-width="2"/><line x1="18" y1="66" x2="102" y2="66" stroke="currentColor" stroke-width="1.2"/><line x1="60" y1="66" x2="102" y2="66" stroke="#1f2937" stroke-width="2.5"/><line x1="60" y1="66" x2="42" y2="28" stroke="#1f2937" stroke-width="2.5"/><circle cx="60" cy="66" r="2.5" fill="currentColor"/><text x="30" y="40" font-size="11" fill="currentColor">120°</text></svg>', '[{"id":"a","text":"120° منفرجة"},{"id":"b","text":"60° حادّة"},{"id":"c","text":"120° حادّة"},{"id":"d","text":"90° قائمة"}]'::jsonb, 'a', 'الضلعُ الآخر يمرّ على 120° مائلًا نحو اليسار، والقيسُ بين 90° و180° فالزاوية منفرجة. الخطأ الشائع: قراءةُ 60° بالعدّ من 180° (التدريج المقلوب) بدل العدّ من الصفر.', 4, 'mcq', NULL, NULL)
ON CONFLICT (id) DO UPDATE SET
  exercise_id = EXCLUDED.exercise_id,
  prompt = EXCLUDED.prompt,
  options = EXCLUDED.options,
  correct_option = EXCLUDED.correct_option,
  explanation = EXCLUDED.explanation,
  display_order = EXCLUDED.display_order,
  question_type = EXCLUDED.question_type,
  answer_key = EXCLUDED.answer_key,
  distractor_tags = EXCLUDED.distractor_tags;

INSERT INTO public.questions (id, exercise_id, prompt, options, correct_option, explanation, display_order, question_type, answer_key, distractor_tags) VALUES
  ('6924286b-d4fb-5a06-b98f-6b480f926143', '9ef183bf-ef81-5713-a53a-bdc5b961f985', 'أيُّ مستقيمٍ هو الموسّط العمودي للقطعة [AB]؟ <svg viewBox="0 0 120 90"><line x1="20" y1="60" x2="100" y2="60" stroke="currentColor" stroke-width="2.5"/><line x1="60" y1="14" x2="60" y2="84" stroke="#1f2937" stroke-width="2.5"/><rect x="60" y="50" width="10" height="10" fill="none" stroke="#1f2937" stroke-width="1.5"/><line x1="38" y1="56" x2="42" y2="64" stroke="#1f2937" stroke-width="1.5"/><line x1="78" y1="56" x2="82" y2="64" stroke="#1f2937" stroke-width="1.5"/><circle cx="20" cy="60" r="2.4" fill="currentColor"/><circle cx="100" cy="60" r="2.4" fill="currentColor"/><text x="14" y="74" font-size="11" fill="currentColor">A</text><text x="97" y="74" font-size="11" fill="currentColor">B</text></svg>', '[{"id":"a","text":"المستقيمُ العمودي على [AB] المارُّ بمنتصفها"},{"id":"b","text":"أيُّ مستقيمٍ يمرّ بالمنتصف ولو كان مائلًا"},{"id":"c","text":"أيُّ مستقيمٍ عمودي على [AB] ولو بعيدًا عن المنتصف"},{"id":"d","text":"المستقيمُ الموازي للقطعة [AB]"}]'::jsonb, 'a', 'الموسّطُ العمودي يحقّق الشرطين معًا: عمودي على [AB] (المربّع الصغير) ويمرّ بمنتصفها (التشريطان: المنتصف على بُعدٍ متساوٍ من A وB). الخطأ الشائع: الاكتفاءُ بشرطٍ واحد (المرور بالمنتصف وحدَه أو التعامد وحدَه).', 5, 'mcq', NULL, NULL)
ON CONFLICT (id) DO UPDATE SET
  exercise_id = EXCLUDED.exercise_id,
  prompt = EXCLUDED.prompt,
  options = EXCLUDED.options,
  correct_option = EXCLUDED.correct_option,
  explanation = EXCLUDED.explanation,
  display_order = EXCLUDED.display_order,
  question_type = EXCLUDED.question_type,
  answer_key = EXCLUDED.answer_key,
  distractor_tags = EXCLUDED.distractor_tags;

INSERT INTO public.questions (id, exercise_id, prompt, options, correct_option, explanation, display_order, question_type, answer_key, distractor_tags) VALUES
  ('796dd212-00ed-5901-ac48-fe57aa6c640d', '9ef183bf-ef81-5713-a53a-bdc5b961f985', 'المستقيمان (د1) و(د2) كلاهما عمودي على المستقيم نفسِه (د). ماذا نستنتج عن (د1) و(د2)؟', '[{"id":"a","text":"متعامدان فيما بينهما"},{"id":"b","text":"يتقاطعان بزاوية حادّة"},{"id":"c","text":"لا يمكن معرفة العلاقة"},{"id":"d","text":"متوازيان فيما بينهما"}]'::jsonb, 'd', 'إذا كان مستقيمان عموديين على مستقيمٍ ثالثٍ نفسِه فهما متوازيان: (د1) ⊥ (د) و(د2) ⊥ (د) ⟹ (د1) ∥ (د2). الخطأ الشائع: ظنُّ أنّهما يصيران متعامدين فيما بينهما.', 6, 'mcq', NULL, NULL)
ON CONFLICT (id) DO UPDATE SET
  exercise_id = EXCLUDED.exercise_id,
  prompt = EXCLUDED.prompt,
  options = EXCLUDED.options,
  correct_option = EXCLUDED.correct_option,
  explanation = EXCLUDED.explanation,
  display_order = EXCLUDED.display_order,
  question_type = EXCLUDED.question_type,
  answer_key = EXCLUDED.answer_key,
  distractor_tags = EXCLUDED.distractor_tags;

INSERT INTO public.exercises (id, chapter_id, subject_id, title, difficulty, xp_reward, reward_coins, mode, source, display_order) VALUES
  ('1c679634-890a-5d92-b9a8-f58f43774564', '9cee0386-651b-5a63-b23c-07ed1c8aa60d', 'math-5eme', '⭐⭐ تمرين مراجعة (نمط امتحان): جولة في الهندسة', 2, 75, 15, 'practice', 'admin', 3)
ON CONFLICT (id) DO UPDATE SET
  chapter_id = EXCLUDED.chapter_id,
  subject_id = EXCLUDED.subject_id,
  title = EXCLUDED.title,
  difficulty = EXCLUDED.difficulty,
  xp_reward = EXCLUDED.xp_reward,
  reward_coins = EXCLUDED.reward_coins,
  mode = EXCLUDED.mode,
  display_order = EXCLUDED.display_order;

INSERT INTO public.questions (id, exercise_id, prompt, options, correct_option, explanation, display_order, question_type, answer_key, distractor_tags) VALUES
  ('d6ccc832-6d65-56f0-a618-7d58e1cc1c44', '1c679634-890a-5d92-b9a8-f58f43774564', 'الزاويةُ المنفرجة قيسُها:', '[{"id":"a","text":"يساوي 90°"},{"id":"b","text":"أصغر من 90°"},{"id":"c","text":"أكبر من 90° وأصغر من 180°"},{"id":"d","text":"يساوي 180°"}]'::jsonb, 'c', 'الزاويةُ المنفرجة فتحتُها واسعة: قيسُها أكبرُ من 90° وأصغرُ من 180°.', 1, 'mcq', NULL, NULL)
ON CONFLICT (id) DO UPDATE SET
  exercise_id = EXCLUDED.exercise_id,
  prompt = EXCLUDED.prompt,
  options = EXCLUDED.options,
  correct_option = EXCLUDED.correct_option,
  explanation = EXCLUDED.explanation,
  display_order = EXCLUDED.display_order,
  question_type = EXCLUDED.question_type,
  answer_key = EXCLUDED.answer_key,
  distractor_tags = EXCLUDED.distractor_tags;

INSERT INTO public.questions (id, exercise_id, prompt, options, correct_option, explanation, display_order, question_type, answer_key, distractor_tags) VALUES
  ('7b5889cb-4e97-5386-8e29-4149f1157450', '1c679634-890a-5d92-b9a8-f58f43774564', 'ما نوعُ المثلّث المبيّن في الشكل حسب زواياه؟ <svg viewBox="0 0 100 80"><polygon points="22,70 22,26 72,70" fill="none" stroke="currentColor" stroke-width="2.5"/><rect x="22" y="60" width="10" height="10" fill="none" stroke="#1f2937" stroke-width="1.5"/></svg>', '[{"id":"a","text":"حادّ الزوايا"},{"id":"b","text":"قائم الزاوية"},{"id":"c","text":"منفرج الزاوية"},{"id":"d","text":"متساوي الأضلاع"}]'::jsonb, 'b', 'المربّعُ الصغير عند الرأس يدلّ على زاوية قائمة (90°)، فالمثلّثُ قائمُ الزاوية.', 2, 'mcq', NULL, NULL)
ON CONFLICT (id) DO UPDATE SET
  exercise_id = EXCLUDED.exercise_id,
  prompt = EXCLUDED.prompt,
  options = EXCLUDED.options,
  correct_option = EXCLUDED.correct_option,
  explanation = EXCLUDED.explanation,
  display_order = EXCLUDED.display_order,
  question_type = EXCLUDED.question_type,
  answer_key = EXCLUDED.answer_key,
  distractor_tags = EXCLUDED.distractor_tags;

INSERT INTO public.questions (id, exercise_id, prompt, options, correct_option, explanation, display_order, question_type, answer_key, distractor_tags) VALUES
  ('e4816102-6d79-5fe2-b20c-641801f58199', '1c679634-890a-5d92-b9a8-f58f43774564', 'ما هذا الرباعيّ؟ <svg viewBox="0 0 100 100"><rect x="16" y="32" width="68" height="40" fill="none" stroke="currentColor" stroke-width="2.5"/><rect x="16" y="32" width="9" height="9" fill="none" stroke="#1f2937" stroke-width="1.3"/></svg>', '[{"id":"a","text":"مربّع"},{"id":"b","text":"معيّن"},{"id":"c","text":"مستطيل"},{"id":"d","text":"متوازي أضلاع مائل"}]'::jsonb, 'c', 'زواياه قائمة (المربّع الصغير) وطولُه أكبرُ من عرضه (الأضلاع المتقابلة فقط متساوية)، فهو مستطيل.', 3, 'mcq', NULL, NULL)
ON CONFLICT (id) DO UPDATE SET
  exercise_id = EXCLUDED.exercise_id,
  prompt = EXCLUDED.prompt,
  options = EXCLUDED.options,
  correct_option = EXCLUDED.correct_option,
  explanation = EXCLUDED.explanation,
  display_order = EXCLUDED.display_order,
  question_type = EXCLUDED.question_type,
  answer_key = EXCLUDED.answer_key,
  distractor_tags = EXCLUDED.distractor_tags;

INSERT INTO public.questions (id, exercise_id, prompt, options, correct_option, explanation, display_order, question_type, answer_key, distractor_tags) VALUES
  ('d8a3656c-5153-547b-bf9a-92fde8504509', '1c679634-890a-5d92-b9a8-f58f43774564', 'دائرةٌ شعاعُها 9 cm. ما طولُ قطرها؟', '[{"id":"a","text":"9 cm"},{"id":"b","text":"18 cm"},{"id":"c","text":"4,5 cm"},{"id":"d","text":"27 cm"}]'::jsonb, 'b', 'القطرُ ضعفُ الشعاع: d = 2 × r = 2 × 9 = 18 cm.', 4, 'mcq', NULL, NULL)
ON CONFLICT (id) DO UPDATE SET
  exercise_id = EXCLUDED.exercise_id,
  prompt = EXCLUDED.prompt,
  options = EXCLUDED.options,
  correct_option = EXCLUDED.correct_option,
  explanation = EXCLUDED.explanation,
  display_order = EXCLUDED.display_order,
  question_type = EXCLUDED.question_type,
  answer_key = EXCLUDED.answer_key,
  distractor_tags = EXCLUDED.distractor_tags;

INSERT INTO public.questions (id, exercise_id, prompt, options, correct_option, explanation, display_order, question_type, answer_key, distractor_tags) VALUES
  ('c34643b7-4f05-55fa-ac84-2737d10e20d0', '1c679634-890a-5d92-b9a8-f58f43774564', 'أيُّ عبارةٍ صحيحةٌ حول التوازي والتعامد؟', '[{"id":"a","text":"المستقيمان المتوازيان لا يتقاطعان مهما امتدّا"},{"id":"b","text":"المستقيمان المتعامدان لا يتقاطعان أبدًا"},{"id":"c","text":"كلُّ مستقيمين متقاطعين متعامدان"},{"id":"d","text":"المتوازيان يتقاطعان بزاوية قائمة"}]'::jsonb, 'a', 'المتوازيان لا يتقاطعان ويبقى البعدُ بينهما ثابتًا؛ أمّا المتعامدان فيتقاطعان بزاوية قائمة 90°.', 5, 'mcq', NULL, NULL)
ON CONFLICT (id) DO UPDATE SET
  exercise_id = EXCLUDED.exercise_id,
  prompt = EXCLUDED.prompt,
  options = EXCLUDED.options,
  correct_option = EXCLUDED.correct_option,
  explanation = EXCLUDED.explanation,
  display_order = EXCLUDED.display_order,
  question_type = EXCLUDED.question_type,
  answer_key = EXCLUDED.answer_key,
  distractor_tags = EXCLUDED.distractor_tags;

INSERT INTO public.questions (id, exercise_id, prompt, options, correct_option, explanation, display_order, question_type, answer_key, distractor_tags) VALUES
  ('6b545c43-bc9d-58b1-b21e-c40ca45d0919', '1c679634-890a-5d92-b9a8-f58f43774564', 'ما القطعةُ التي تصلُ نقطتين على الدائرة مارّةً بالمركز؟', '[{"id":"a","text":"الشعاع"},{"id":"b","text":"الموسّط"},{"id":"c","text":"الضلع"},{"id":"d","text":"القطر"}]'::jsonb, 'd', 'القطرُ يصل نقطتين على الدائرة ويمرّ بالمركز، وطولُه ضعفُ الشعاع؛ أمّا الشعاعُ فيصل المركزَ بنقطةٍ واحدة على الدائرة.', 6, 'mcq', NULL, NULL)
ON CONFLICT (id) DO UPDATE SET
  exercise_id = EXCLUDED.exercise_id,
  prompt = EXCLUDED.prompt,
  options = EXCLUDED.options,
  correct_option = EXCLUDED.correct_option,
  explanation = EXCLUDED.explanation,
  display_order = EXCLUDED.display_order,
  question_type = EXCLUDED.question_type,
  answer_key = EXCLUDED.answer_key,
  distractor_tags = EXCLUDED.distractor_tags;

INSERT INTO public.exercises (id, chapter_id, subject_id, title, difficulty, xp_reward, reward_coins, mode, source, display_order) VALUES
  ('db24cda7-c791-5bbb-8732-fa9cca504722', '9cee0386-651b-5a63-b23c-07ed1c8aa60d', 'math-5eme', '👑 تحدّي النخبة ⭐⭐⭐⭐: أسرار الهندسة', 4, 300, 60, 'challenge', 'admin', 4)
ON CONFLICT (id) DO UPDATE SET
  chapter_id = EXCLUDED.chapter_id,
  subject_id = EXCLUDED.subject_id,
  title = EXCLUDED.title,
  difficulty = EXCLUDED.difficulty,
  xp_reward = EXCLUDED.xp_reward,
  reward_coins = EXCLUDED.reward_coins,
  mode = EXCLUDED.mode,
  display_order = EXCLUDED.display_order;

INSERT INTO public.questions (id, exercise_id, prompt, options, correct_option, explanation, display_order, question_type, answer_key, distractor_tags) VALUES
  ('0b5f1bdc-d055-5d8d-94f1-623a2e00fdb4', 'db24cda7-c791-5bbb-8732-fa9cca504722', 'زاويةٌ قيسُها 90° قُسّمت بنصفٍ إلى زاويتين متساويتين. ما نوعُ كلِّ زاوية ناتجة؟', '[{"id":"a","text":"حادّة (45°)"},{"id":"b","text":"قائمة (90°)"},{"id":"c","text":"منفرجة"},{"id":"d","text":"مستقيمة (180°)"}]'::jsonb, 'a', 'نصفُ الزاوية القائمة = 90° ÷ 2 = 45°، وهو أصغرُ من 90° فالزاوية حادّة.', 1, 'mcq', NULL, NULL)
ON CONFLICT (id) DO UPDATE SET
  exercise_id = EXCLUDED.exercise_id,
  prompt = EXCLUDED.prompt,
  options = EXCLUDED.options,
  correct_option = EXCLUDED.correct_option,
  explanation = EXCLUDED.explanation,
  display_order = EXCLUDED.display_order,
  question_type = EXCLUDED.question_type,
  answer_key = EXCLUDED.answer_key,
  distractor_tags = EXCLUDED.distractor_tags;

INSERT INTO public.questions (id, exercise_id, prompt, options, correct_option, explanation, display_order, question_type, answer_key, distractor_tags) VALUES
  ('c161760c-6c52-5a28-8ab1-113a979c0571', 'db24cda7-c791-5bbb-8732-fa9cca504722', 'مثلّثٌ فيه زاويةٌ قائمة وله ضلعان متساويان. أيُّ وصفٍ يطابقه؟', '[{"id":"a","text":"قائم الزاوية ومتساوي الساقين معًا"},{"id":"b","text":"متساوي الأضلاع فقط"},{"id":"c","text":"لا يمكن أن يجتمع الوصفان"},{"id":"d","text":"مختلف الأضلاع"}]'::jsonb, 'a', 'التصنيفُ حسب الزوايا مستقلٌّ عن التصنيف حسب الأضلاع، فيجوز اجتماعُهما: قائمُ الزاوية (زاوية 90°) ومتساوي الساقين (ضلعان متساويان). الخطأ الشائع: ظنُّ أنّ النوعين يتنافيان.', 2, 'mcq', NULL, NULL)
ON CONFLICT (id) DO UPDATE SET
  exercise_id = EXCLUDED.exercise_id,
  prompt = EXCLUDED.prompt,
  options = EXCLUDED.options,
  correct_option = EXCLUDED.correct_option,
  explanation = EXCLUDED.explanation,
  display_order = EXCLUDED.display_order,
  question_type = EXCLUDED.question_type,
  answer_key = EXCLUDED.answer_key,
  distractor_tags = EXCLUDED.distractor_tags;

INSERT INTO public.questions (id, exercise_id, prompt, options, correct_option, explanation, display_order, question_type, answer_key, distractor_tags) VALUES
  ('1029ee5c-3465-5afe-8206-aa774cf30f94', 'db24cda7-c791-5bbb-8732-fa9cca504722', 'رباعيٌّ أضلاعُه الأربعة متساوية وزواياه الأربعة قائمة. ما أدقُّ اسمٍ له؟', '[{"id":"a","text":"معيّن فقط"},{"id":"b","text":"مستطيل فقط"},{"id":"c","text":"مربّع"},{"id":"d","text":"متوازي أضلاع مختلف الأضلاع"}]'::jsonb, 'c', 'تساوي الأضلاع الأربعة + الزوايا القائمة = مربّع (وهو في الوقت نفسه معيّن ومستطيل). الخطأ الشائع: التوقّفُ عند «معيّن» وإهمالُ شرط الزوايا القائمة الذي يجعله مربّعًا.', 3, 'mcq', NULL, NULL)
ON CONFLICT (id) DO UPDATE SET
  exercise_id = EXCLUDED.exercise_id,
  prompt = EXCLUDED.prompt,
  options = EXCLUDED.options,
  correct_option = EXCLUDED.correct_option,
  explanation = EXCLUDED.explanation,
  display_order = EXCLUDED.display_order,
  question_type = EXCLUDED.question_type,
  answer_key = EXCLUDED.answer_key,
  distractor_tags = EXCLUDED.distractor_tags;

INSERT INTO public.questions (id, exercise_id, prompt, options, correct_option, explanation, display_order, question_type, answer_key, distractor_tags) VALUES
  ('02a71467-a583-5668-973e-1234c12de59a', 'db24cda7-c791-5bbb-8732-fa9cca504722', 'نقطةٌ M تقع على الموسّط العمودي للقطعة [AB]. ماذا نستنتج عن بُعدَيها عن A وعن B؟', '[{"id":"a","text":"MA أكبرُ من MB دائمًا"},{"id":"b","text":"MA أصغرُ من MB دائمًا"},{"id":"c","text":"لا علاقة بينهما"},{"id":"d","text":"MA = MB (متساويان)"}]'::jsonb, 'd', 'كلُّ نقطةٍ على الموسّط العمودي للقطعة [AB] تبعُد بُعدًا متساويًا عن طرفيها: MA = MB. الخطأ الشائع: الخلطُ بين الموسّط (تساوي البعدين) والمستقيم المائل العشوائي.', 4, 'mcq', NULL, NULL)
ON CONFLICT (id) DO UPDATE SET
  exercise_id = EXCLUDED.exercise_id,
  prompt = EXCLUDED.prompt,
  options = EXCLUDED.options,
  correct_option = EXCLUDED.correct_option,
  explanation = EXCLUDED.explanation,
  display_order = EXCLUDED.display_order,
  question_type = EXCLUDED.question_type,
  answer_key = EXCLUDED.answer_key,
  distractor_tags = EXCLUDED.distractor_tags;

INSERT INTO public.questions (id, exercise_id, prompt, options, correct_option, explanation, display_order, question_type, answer_key, distractor_tags) VALUES
  ('d1cbfb0b-74e3-5f3c-9504-ae6c8af43883', 'db24cda7-c791-5bbb-8732-fa9cca504722', 'نريد رسمَ زاوية قيسُها 50° بالمنقلة. ما الترتيبُ الصحيح؟ (1) نرسم ضلعًا  (2) نضع مركزَ المنقلة على طرفه ونطابق الصفر مع الضلع  (3) نُعلّم نقطةً عند 50° ونصلُها بالرأس', '[{"id":"a","text":"3 ثمّ 2 ثمّ 1"},{"id":"b","text":"1 ثمّ 2 ثمّ 3"},{"id":"c","text":"2 ثمّ 1 ثمّ 3"},{"id":"d","text":"1 ثمّ 3 ثمّ 2"}]'::jsonb, 'b', 'نرسم الضلعَ أوّلًا (1)، ثمّ نضع المنقلةَ ونطابق الصفر (2)، ثمّ نعلّم 50° ونصل (3). الخطأ الشائع: وضعُ المنقلة قبل رسم الضلع، فلا يكون للزاوية رأسٌ نضع عليه المركز.', 5, 'mcq', NULL, NULL)
ON CONFLICT (id) DO UPDATE SET
  exercise_id = EXCLUDED.exercise_id,
  prompt = EXCLUDED.prompt,
  options = EXCLUDED.options,
  correct_option = EXCLUDED.correct_option,
  explanation = EXCLUDED.explanation,
  display_order = EXCLUDED.display_order,
  question_type = EXCLUDED.question_type,
  answer_key = EXCLUDED.answer_key,
  distractor_tags = EXCLUDED.distractor_tags;

INSERT INTO public.questions (id, exercise_id, prompt, options, correct_option, explanation, display_order, question_type, answer_key, distractor_tags) VALUES
  ('de5c736d-efd2-5669-a589-fbe2bf145002', 'db24cda7-c791-5bbb-8732-fa9cca504722', 'رباعيٌّ أضلاعُه المتقابلة متوازية ومتساوية، لكنّ زواياه ليست قائمة وأضلاعُه المتجاورة مختلفة الطول. ما اسمُه؟', '[{"id":"a","text":"معيّن"},{"id":"b","text":"مربّع"},{"id":"c","text":"مستطيل"},{"id":"d","text":"متوازي الأضلاع"}]'::jsonb, 'd', 'الأضلاعُ المتقابلة متوازية ومتساوية لكن لا تساويَ للأضلاع الأربعة ولا زوايا قائمة، فهو متوازي أضلاع عامّ. الخطأ الشائع: تسميتُه معيّنًا (يلزمه تساوي الأضلاع الأربعة) أو مستطيلًا (يلزمه زوايا قائمة).', 6, 'mcq', NULL, NULL)
ON CONFLICT (id) DO UPDATE SET
  exercise_id = EXCLUDED.exercise_id,
  prompt = EXCLUDED.prompt,
  options = EXCLUDED.options,
  correct_option = EXCLUDED.correct_option,
  explanation = EXCLUDED.explanation,
  display_order = EXCLUDED.display_order,
  question_type = EXCLUDED.question_type,
  answer_key = EXCLUDED.answer_key,
  distractor_tags = EXCLUDED.distractor_tags;

INSERT INTO public.exercises (id, chapter_id, subject_id, title, difficulty, xp_reward, reward_coins, mode, source, display_order) VALUES
  ('c9449f98-daed-5594-a683-c1e9ac2ed0b1', '9cee0386-651b-5a63-b23c-07ed1c8aa60d', 'math-5eme', '📝 تدريب ⭐⭐⭐ على الهندسة (مراجعة شاملة)', 3, 120, 30, 'boss', 'admin', 5)
ON CONFLICT (id) DO UPDATE SET
  chapter_id = EXCLUDED.chapter_id,
  subject_id = EXCLUDED.subject_id,
  title = EXCLUDED.title,
  difficulty = EXCLUDED.difficulty,
  xp_reward = EXCLUDED.xp_reward,
  reward_coins = EXCLUDED.reward_coins,
  mode = EXCLUDED.mode,
  display_order = EXCLUDED.display_order;

INSERT INTO public.questions (id, exercise_id, prompt, options, correct_option, explanation, display_order, question_type, answer_key, distractor_tags) VALUES
  ('f0653de5-678f-52ff-9e2e-00ce8159bef1', 'c9449f98-daed-5594-a683-c1e9ac2ed0b1', 'كم رأسًا للمثلّث؟', '[{"id":"a","text":"4"},{"id":"b","text":"3"},{"id":"c","text":"2"},{"id":"d","text":"6"}]'::jsonb, 'b', 'للمثلّث 3 رؤوس، وكذلك 3 أضلاع و3 زوايا.', 1, 'mcq', NULL, NULL)
ON CONFLICT (id) DO UPDATE SET
  exercise_id = EXCLUDED.exercise_id,
  prompt = EXCLUDED.prompt,
  options = EXCLUDED.options,
  correct_option = EXCLUDED.correct_option,
  explanation = EXCLUDED.explanation,
  display_order = EXCLUDED.display_order,
  question_type = EXCLUDED.question_type,
  answer_key = EXCLUDED.answer_key,
  distractor_tags = EXCLUDED.distractor_tags;

INSERT INTO public.questions (id, exercise_id, prompt, options, correct_option, explanation, display_order, question_type, answer_key, distractor_tags) VALUES
  ('ec77195a-681a-5037-90eb-ed231d2bf86e', 'c9449f98-daed-5594-a683-c1e9ac2ed0b1', 'ما اسمُ القطعة الملوّنة (من المركز إلى نقطةٍ على الدائرة)؟ <svg viewBox="0 0 100 100"><circle cx="50" cy="50" r="32" fill="none" stroke="currentColor" stroke-width="2.5"/><circle cx="50" cy="50" r="2.5" fill="currentColor"/><line x1="50" y1="50" x2="82" y2="50" stroke="#1f2937" stroke-width="2.5"/><text x="60" y="45" font-size="12" fill="currentColor">r</text></svg>', '[{"id":"a","text":"الشعاع"},{"id":"b","text":"القطر"},{"id":"c","text":"الموسّط"},{"id":"d","text":"الزاوية"}]'::jsonb, 'a', 'القطعةُ تصلُ المركزَ بنقطةٍ واحدة على الدائرة، فهي الشعاع (r)؛ القطرُ يمرّ بالمركز ويصل نقطتين.', 2, 'mcq', NULL, NULL)
ON CONFLICT (id) DO UPDATE SET
  exercise_id = EXCLUDED.exercise_id,
  prompt = EXCLUDED.prompt,
  options = EXCLUDED.options,
  correct_option = EXCLUDED.correct_option,
  explanation = EXCLUDED.explanation,
  display_order = EXCLUDED.display_order,
  question_type = EXCLUDED.question_type,
  answer_key = EXCLUDED.answer_key,
  distractor_tags = EXCLUDED.distractor_tags;

INSERT INTO public.questions (id, exercise_id, prompt, options, correct_option, explanation, display_order, question_type, answer_key, distractor_tags) VALUES
  ('ee433cab-9e91-516f-9dbd-4282ad47dd40', 'c9449f98-daed-5594-a683-c1e9ac2ed0b1', 'كم قيسُ الزاوية المستقيمة؟', '[{"id":"a","text":"90°"},{"id":"b","text":"45°"},{"id":"c","text":"180°"},{"id":"d","text":"360°"}]'::jsonb, 'c', 'الزاويةُ المستقيمة ضلعاها على استقامةٍ واحدة وقيسُها 180°.', 3, 'mcq', NULL, NULL)
ON CONFLICT (id) DO UPDATE SET
  exercise_id = EXCLUDED.exercise_id,
  prompt = EXCLUDED.prompt,
  options = EXCLUDED.options,
  correct_option = EXCLUDED.correct_option,
  explanation = EXCLUDED.explanation,
  display_order = EXCLUDED.display_order,
  question_type = EXCLUDED.question_type,
  answer_key = EXCLUDED.answer_key,
  distractor_tags = EXCLUDED.distractor_tags;

INSERT INTO public.questions (id, exercise_id, prompt, options, correct_option, explanation, display_order, question_type, answer_key, distractor_tags) VALUES
  ('fd4e5eac-a65d-5ee0-a794-3933bb32d4f4', 'c9449f98-daed-5594-a683-c1e9ac2ed0b1', 'بأيّ أداةٍ نرسم دائرةً بشعاعٍ معطى؟', '[{"id":"a","text":"المنقلة"},{"id":"b","text":"الكوس"},{"id":"c","text":"المسطرة وحدَها"},{"id":"d","text":"البركار"}]'::jsonb, 'd', 'نرسم الدائرةَ بالبركار: نثبّت إبرتَه في المركز ونفتحه بطول الشعاع ثمّ ندير.', 4, 'mcq', NULL, NULL)
ON CONFLICT (id) DO UPDATE SET
  exercise_id = EXCLUDED.exercise_id,
  prompt = EXCLUDED.prompt,
  options = EXCLUDED.options,
  correct_option = EXCLUDED.correct_option,
  explanation = EXCLUDED.explanation,
  display_order = EXCLUDED.display_order,
  question_type = EXCLUDED.question_type,
  answer_key = EXCLUDED.answer_key,
  distractor_tags = EXCLUDED.distractor_tags;

INSERT INTO public.questions (id, exercise_id, prompt, options, correct_option, explanation, display_order, question_type, answer_key, distractor_tags) VALUES
  ('4e705cc7-04c7-51cd-ae0a-58c84fc9318b', 'c9449f98-daed-5594-a683-c1e9ac2ed0b1', 'ما طبيعةُ هذين المستقيمين؟ <svg viewBox="0 0 100 100"><line x1="20" y1="20" x2="20" y2="84" stroke="currentColor" stroke-width="2.5"/><line x1="12" y1="58" x2="90" y2="58" stroke="currentColor" stroke-width="2.5"/><rect x="20" y="48" width="10" height="10" fill="none" stroke="#1f2937" stroke-width="1.5"/></svg>', '[{"id":"a","text":"متوازيان"},{"id":"b","text":"متعامدان"},{"id":"c","text":"متقاطعان وغيرُ متعامدين"},{"id":"d","text":"منفصلان"}]'::jsonb, 'b', 'المربّعُ الصغير عند التقاطع يدلّ على زاوية قائمة (90°)، فالمستقيمان متعامدان.', 5, 'mcq', NULL, NULL)
ON CONFLICT (id) DO UPDATE SET
  exercise_id = EXCLUDED.exercise_id,
  prompt = EXCLUDED.prompt,
  options = EXCLUDED.options,
  correct_option = EXCLUDED.correct_option,
  explanation = EXCLUDED.explanation,
  display_order = EXCLUDED.display_order,
  question_type = EXCLUDED.question_type,
  answer_key = EXCLUDED.answer_key,
  distractor_tags = EXCLUDED.distractor_tags;

INSERT INTO public.questions (id, exercise_id, prompt, options, correct_option, explanation, display_order, question_type, answer_key, distractor_tags) VALUES
  ('b4a44b41-6de7-5779-8233-d8acbdb7f29a', 'c9449f98-daed-5594-a683-c1e9ac2ed0b1', 'أيُّ مجموعةٍ من الرباعيّات زواياها كلُّها قائمة؟', '[{"id":"a","text":"المربّع والمستطيل"},{"id":"b","text":"المعيّن ومتوازي الأضلاع"},{"id":"c","text":"المعيّن والمستطيل"},{"id":"d","text":"متوازي الأضلاع والمربّع"}]'::jsonb, 'a', 'المربّعُ والمستطيلُ وحدَهما زواياهما الأربعة قائمة؛ أمّا المعيّنُ ومتوازي الأضلاع فزواياهما ليست قائمة (وإن كانت أضلاعُهما متوازية).', 6, 'mcq', NULL, NULL)
ON CONFLICT (id) DO UPDATE SET
  exercise_id = EXCLUDED.exercise_id,
  prompt = EXCLUDED.prompt,
  options = EXCLUDED.options,
  correct_option = EXCLUDED.correct_option,
  explanation = EXCLUDED.explanation,
  display_order = EXCLUDED.display_order,
  question_type = EXCLUDED.question_type,
  answer_key = EXCLUDED.answer_key,
  distractor_tags = EXCLUDED.distractor_tags;

INSERT INTO public.exercises (id, chapter_id, subject_id, title, difficulty, xp_reward, reward_coins, mode, source, display_order) VALUES
  ('7ff6c22e-f0eb-5eb0-b38c-3d328472e4c2', '242785f0-beea-54f0-9857-d477e24852c0', 'math-5eme', 'اختبار فهم الدرس ⭐', 1, 20, 5, 'quiz', 'admin', 0)
ON CONFLICT (id) DO UPDATE SET
  chapter_id = EXCLUDED.chapter_id,
  subject_id = EXCLUDED.subject_id,
  title = EXCLUDED.title,
  difficulty = EXCLUDED.difficulty,
  xp_reward = EXCLUDED.xp_reward,
  reward_coins = EXCLUDED.reward_coins,
  mode = EXCLUDED.mode,
  display_order = EXCLUDED.display_order;

INSERT INTO public.questions (id, exercise_id, prompt, options, correct_option, explanation, display_order, question_type, answer_key, distractor_tags) VALUES
  ('e58a65cc-be4b-5c68-9a8f-3b8106497635', '7ff6c22e-f0eb-5eb0-b38c-3d328472e4c2', 'ما هو محورُ التناظر؟', '[{"id":"a","text":"المستقيمُ الذي إذا طوينا الورقة عليه انطبق الشكلُ على نظيره"},{"id":"b","text":"النقطةُ الواقعة في منتصف الشكل"},{"id":"c","text":"أطولُ ضلعٍ في الشكل"},{"id":"d","text":"أيُّ مستقيمٍ يمرّ بالشكل"}]'::jsonb, 'a', 'محورُ التناظر هو المستقيمُ الذي إذا طوينا الورقة عليه انطبق نصفا الشكل أحدُهما على الآخر، فيكون كلُّ جزءٍ نظيرًا للآخر.', 1, 'mcq', NULL, NULL)
ON CONFLICT (id) DO UPDATE SET
  exercise_id = EXCLUDED.exercise_id,
  prompt = EXCLUDED.prompt,
  options = EXCLUDED.options,
  correct_option = EXCLUDED.correct_option,
  explanation = EXCLUDED.explanation,
  display_order = EXCLUDED.display_order,
  question_type = EXCLUDED.question_type,
  answer_key = EXCLUDED.answer_key,
  distractor_tags = EXCLUDED.distractor_tags;

INSERT INTO public.questions (id, exercise_id, prompt, options, correct_option, explanation, display_order, question_type, answer_key, distractor_tags) VALUES
  ('fec6b80d-7218-571d-9265-f579ae96babe', '7ff6c22e-f0eb-5eb0-b38c-3d328472e4c2', 'نظيرُ نقطة A بالنسبة إلى مستقيم (d) هو نقطةٌ A′ تكون:', '[{"id":"a","text":"على المستقيم (d) نفسه دائمًا"},{"id":"b","text":"على بُعدٍ متساوٍ من (d) وعلى العمود من (d)"},{"id":"c","text":"أقربَ إلى (d) من النقطة A"},{"id":"d","text":"على الجهة نفسها من (d) مثل A"}]'::jsonb, 'b', 'النظيرُ A′ يكون على الجهة المقابلة، على نفس العمود المرسوم من A إلى (d)، وعلى بُعدٍ مساوٍ لبُعد A عن (d).', 2, 'mcq', NULL, NULL)
ON CONFLICT (id) DO UPDATE SET
  exercise_id = EXCLUDED.exercise_id,
  prompt = EXCLUDED.prompt,
  options = EXCLUDED.options,
  correct_option = EXCLUDED.correct_option,
  explanation = EXCLUDED.explanation,
  display_order = EXCLUDED.display_order,
  question_type = EXCLUDED.question_type,
  answer_key = EXCLUDED.answer_key,
  distractor_tags = EXCLUDED.distractor_tags;

INSERT INTO public.questions (id, exercise_id, prompt, options, correct_option, explanation, display_order, question_type, answer_key, distractor_tags) VALUES
  ('47f62019-005d-57c4-a6d4-a1845062daa1', '7ff6c22e-f0eb-5eb0-b38c-3d328472e4c2', 'النقطة A تبعد 3 مربّعاتٍ عن المحور المتقطّع. كم مربّعًا يبعد نظيرُها A′ عن المحور؟ <svg viewBox="0 0 110 100"><line x1="10" y1="30" x2="100" y2="30" stroke="#cbd5e1" stroke-width="0.5"/><line x1="10" y1="50" x2="100" y2="50" stroke="#cbd5e1" stroke-width="0.5"/><line x1="10" y1="70" x2="100" y2="70" stroke="#cbd5e1" stroke-width="0.5"/><line x1="25" y1="15" x2="25" y2="85" stroke="#cbd5e1" stroke-width="0.5"/><line x1="35" y1="15" x2="35" y2="85" stroke="#cbd5e1" stroke-width="0.5"/><line x1="45" y1="15" x2="45" y2="85" stroke="#cbd5e1" stroke-width="0.5"/><line x1="65" y1="15" x2="65" y2="85" stroke="#cbd5e1" stroke-width="0.5"/><line x1="75" y1="15" x2="75" y2="85" stroke="#cbd5e1" stroke-width="0.5"/><line x1="85" y1="15" x2="85" y2="85" stroke="#cbd5e1" stroke-width="0.5"/><line x1="55" y1="12" x2="55" y2="88" stroke="currentColor" stroke-width="1.6" stroke-dasharray="5 3"/><circle cx="25" cy="50" r="2.6" fill="currentColor"/><text x="16" y="48" font-size="11" fill="currentColor">A</text><text x="57" y="20" font-size="9" fill="currentColor">(d)</text></svg>', '[{"id":"a","text":"صفر (على المحور)"},{"id":"b","text":"مربّعان"},{"id":"c","text":"3 مربّعات"},{"id":"d","text":"6 مربّعات"}]'::jsonb, 'c', 'التناظرُ يحفظ البُعد عن المحور: بما أنّ A تبعد 3 مربّعات، فنظيرُها A′ يبعد 3 مربّعاتٍ أيضًا على الجهة المقابلة.', 3, 'mcq', NULL, NULL)
ON CONFLICT (id) DO UPDATE SET
  exercise_id = EXCLUDED.exercise_id,
  prompt = EXCLUDED.prompt,
  options = EXCLUDED.options,
  correct_option = EXCLUDED.correct_option,
  explanation = EXCLUDED.explanation,
  display_order = EXCLUDED.display_order,
  question_type = EXCLUDED.question_type,
  answer_key = EXCLUDED.answer_key,
  distractor_tags = EXCLUDED.distractor_tags;

INSERT INTO public.questions (id, exercise_id, prompt, options, correct_option, explanation, display_order, question_type, answer_key, distractor_tags) VALUES
  ('89097fed-dd2d-5b4c-bbf0-79b57e7752f0', '7ff6c22e-f0eb-5eb0-b38c-3d328472e4c2', 'كم محورَ تناظرٍ للمربّع؟', '[{"id":"a","text":"لا محورَ له"},{"id":"b","text":"محورٌ واحد"},{"id":"c","text":"محوران"},{"id":"d","text":"4 محاور"}]'::jsonb, 'd', 'للمربّع 4 محاور تناظر: المستقيمان المارّان بمنتصفَي الأضلاع المتقابلة، والقُطران.', 4, 'mcq', NULL, NULL)
ON CONFLICT (id) DO UPDATE SET
  exercise_id = EXCLUDED.exercise_id,
  prompt = EXCLUDED.prompt,
  options = EXCLUDED.options,
  correct_option = EXCLUDED.correct_option,
  explanation = EXCLUDED.explanation,
  display_order = EXCLUDED.display_order,
  question_type = EXCLUDED.question_type,
  answer_key = EXCLUDED.answer_key,
  distractor_tags = EXCLUDED.distractor_tags;

INSERT INTO public.questions (id, exercise_id, prompt, options, correct_option, explanation, display_order, question_type, answer_key, distractor_tags) VALUES
  ('9ffb806b-9f6c-5643-a496-0c454caf604b', '7ff6c22e-f0eb-5eb0-b38c-3d328472e4c2', 'التناظرُ المحوري يحفظ أطوالَ القطع وقيسَ الزوايا. ماذا يتغيّر فيه؟', '[{"id":"a","text":"أطوالُ الأضلاع"},{"id":"b","text":"قيسُ الزوايا"},{"id":"c","text":"الاتّجاه (ينقلب اليمين يسارًا)"},{"id":"d","text":"حجمُ الشكل"}]'::jsonb, 'c', 'التناظرُ يحفظ الأطوال والزوايا والحجم (تطابق)؛ الشيءُ الوحيد الذي يتغيّر هو الاتّجاه، فينقلب اليمينُ يسارًا كما في المرآة.', 5, 'mcq', NULL, NULL)
ON CONFLICT (id) DO UPDATE SET
  exercise_id = EXCLUDED.exercise_id,
  prompt = EXCLUDED.prompt,
  options = EXCLUDED.options,
  correct_option = EXCLUDED.correct_option,
  explanation = EXCLUDED.explanation,
  display_order = EXCLUDED.display_order,
  question_type = EXCLUDED.question_type,
  answer_key = EXCLUDED.answer_key,
  distractor_tags = EXCLUDED.distractor_tags;

INSERT INTO public.exercises (id, chapter_id, subject_id, title, difficulty, xp_reward, reward_coins, mode, source, display_order) VALUES
  ('f7921d17-23eb-57e8-8e2c-3f4777ab6d34', '242785f0-beea-54f0-9857-d477e24852c0', 'math-5eme', '⭐ تمرين: أوّلُ خطوات في عالم المرآة', 1, 50, 10, 'practice', 'admin', 1)
ON CONFLICT (id) DO UPDATE SET
  chapter_id = EXCLUDED.chapter_id,
  subject_id = EXCLUDED.subject_id,
  title = EXCLUDED.title,
  difficulty = EXCLUDED.difficulty,
  xp_reward = EXCLUDED.xp_reward,
  reward_coins = EXCLUDED.reward_coins,
  mode = EXCLUDED.mode,
  display_order = EXCLUDED.display_order;

INSERT INTO public.questions (id, exercise_id, prompt, options, correct_option, explanation, display_order, question_type, answer_key, distractor_tags) VALUES
  ('7be0e181-f62a-55bb-9e70-e58da7b4b048', 'f7921d17-23eb-57e8-8e2c-3f4777ab6d34', 'إذا طوينا الورقة على محور التناظر، فإنّ الشكلَ ونظيرَه:', '[{"id":"a","text":"يختفيان معًا"},{"id":"b","text":"ينطبقُ أحدُهما على الآخر تمامًا"},{"id":"c","text":"يبتعدُ أحدُهما عن الآخر"},{"id":"d","text":"يكبرُ أحدُهما"}]'::jsonb, 'b', 'محورُ التناظر هو خطُّ الطيّ الذي ينطبق عنده الشكلُ على نظيره تمامًا، فهما متطابقان.', 1, 'mcq', NULL, NULL)
ON CONFLICT (id) DO UPDATE SET
  exercise_id = EXCLUDED.exercise_id,
  prompt = EXCLUDED.prompt,
  options = EXCLUDED.options,
  correct_option = EXCLUDED.correct_option,
  explanation = EXCLUDED.explanation,
  display_order = EXCLUDED.display_order,
  question_type = EXCLUDED.question_type,
  answer_key = EXCLUDED.answer_key,
  distractor_tags = EXCLUDED.distractor_tags;

INSERT INTO public.questions (id, exercise_id, prompt, options, correct_option, explanation, display_order, question_type, answer_key, distractor_tags) VALUES
  ('7a230127-b63c-5683-b485-9cbbb7d7a019', 'f7921d17-23eb-57e8-8e2c-3f4777ab6d34', 'نظيرُ نقطةٍ تقع على محور التناظر نفسه هو:', '[{"id":"a","text":"نقطةٌ على بُعد وحدةٍ واحدة"},{"id":"b","text":"منتصفُ الشكل"},{"id":"c","text":"نقطةٌ خارج الورقة"},{"id":"d","text":"النقطةُ نفسها (لا تتحرّك)"}]'::jsonb, 'd', 'النقطةُ الواقعة على المحور بُعدُها عنه صفر، فنظيرُها على نفس البُعد (صفر) أي هي نفسها؛ نقاطُ المحور ثابتة.', 2, 'mcq', NULL, NULL)
ON CONFLICT (id) DO UPDATE SET
  exercise_id = EXCLUDED.exercise_id,
  prompt = EXCLUDED.prompt,
  options = EXCLUDED.options,
  correct_option = EXCLUDED.correct_option,
  explanation = EXCLUDED.explanation,
  display_order = EXCLUDED.display_order,
  question_type = EXCLUDED.question_type,
  answer_key = EXCLUDED.answer_key,
  distractor_tags = EXCLUDED.distractor_tags;

INSERT INTO public.questions (id, exercise_id, prompt, options, correct_option, explanation, display_order, question_type, answer_key, distractor_tags) VALUES
  ('cb0765b0-09e1-57ac-84d2-b198c369a069', 'f7921d17-23eb-57e8-8e2c-3f4777ab6d34', 'أيُّ النقاط (P أو Q أو R) هي نظيرُ A بالنسبة إلى المحور المتقطّع؟ <svg viewBox="0 0 110 100"><line x1="10" y1="30" x2="100" y2="30" stroke="#cbd5e1" stroke-width="0.5"/><line x1="10" y1="50" x2="100" y2="50" stroke="#cbd5e1" stroke-width="0.5"/><line x1="10" y1="70" x2="100" y2="70" stroke="#cbd5e1" stroke-width="0.5"/><line x1="25" y1="15" x2="25" y2="85" stroke="#cbd5e1" stroke-width="0.5"/><line x1="35" y1="15" x2="35" y2="85" stroke="#cbd5e1" stroke-width="0.5"/><line x1="45" y1="15" x2="45" y2="85" stroke="#cbd5e1" stroke-width="0.5"/><line x1="65" y1="15" x2="65" y2="85" stroke="#cbd5e1" stroke-width="0.5"/><line x1="75" y1="15" x2="75" y2="85" stroke="#cbd5e1" stroke-width="0.5"/><line x1="85" y1="15" x2="85" y2="85" stroke="#cbd5e1" stroke-width="0.5"/><line x1="55" y1="12" x2="55" y2="88" stroke="currentColor" stroke-width="1.6" stroke-dasharray="5 3"/><circle cx="25" cy="50" r="2.6" fill="currentColor"/><text x="17" y="48" font-size="10" fill="currentColor">A</text><circle cx="85" cy="50" r="2.6" fill="currentColor"/><text x="87" y="48" font-size="10" fill="currentColor">P</text><circle cx="85" cy="30" r="2.6" fill="currentColor"/><text x="87" y="28" font-size="10" fill="currentColor">Q</text><circle cx="75" cy="50" r="2.6" fill="currentColor"/><text x="70" y="63" font-size="10" fill="currentColor">R</text><text x="57" y="20" font-size="9" fill="currentColor">(d)</text></svg>', '[{"id":"a","text":"النقطة P"},{"id":"b","text":"النقطة Q"},{"id":"c","text":"النقطة R"},{"id":"d","text":"لا توجد نظير"}]'::jsonb, 'a', 'A تبعد 3 مربّعات عن المحور على السطر نفسه، فنظيرُها على نفس السطر وعلى بُعد 3 مربّعات: هي P. أمّا Q فأُزيحت إلى أعلى (سطر مختلف)، وR بُعدُها مربّعان فقط.', 3, 'mcq', NULL, NULL)
ON CONFLICT (id) DO UPDATE SET
  exercise_id = EXCLUDED.exercise_id,
  prompt = EXCLUDED.prompt,
  options = EXCLUDED.options,
  correct_option = EXCLUDED.correct_option,
  explanation = EXCLUDED.explanation,
  display_order = EXCLUDED.display_order,
  question_type = EXCLUDED.question_type,
  answer_key = EXCLUDED.answer_key,
  distractor_tags = EXCLUDED.distractor_tags;

INSERT INTO public.questions (id, exercise_id, prompt, options, correct_option, explanation, display_order, question_type, answer_key, distractor_tags) VALUES
  ('1ed5b8a0-a08b-5bbf-8935-07acfedf822e', 'f7921d17-23eb-57e8-8e2c-3f4777ab6d34', 'كم محورَ تناظرٍ للمستطيل (غير المربّع)؟', '[{"id":"a","text":"محورٌ واحد"},{"id":"b","text":"لا محورَ له"},{"id":"c","text":"محوران"},{"id":"d","text":"4 محاور"}]'::jsonb, 'c', 'للمستطيل محورا تناظر: المستقيمان المارّان بمنتصفَي الضلعين المتقابلين. قُطراه ليسا محورَي تناظر.', 4, 'mcq', NULL, NULL)
ON CONFLICT (id) DO UPDATE SET
  exercise_id = EXCLUDED.exercise_id,
  prompt = EXCLUDED.prompt,
  options = EXCLUDED.options,
  correct_option = EXCLUDED.correct_option,
  explanation = EXCLUDED.explanation,
  display_order = EXCLUDED.display_order,
  question_type = EXCLUDED.question_type,
  answer_key = EXCLUDED.answer_key,
  distractor_tags = EXCLUDED.distractor_tags;

INSERT INTO public.questions (id, exercise_id, prompt, options, correct_option, explanation, display_order, question_type, answer_key, distractor_tags) VALUES
  ('fab4c346-3208-5bbc-822a-319ff7b4627c', 'f7921d17-23eb-57e8-8e2c-3f4777ab6d34', 'أيُّ شكلٍ من هذه له عددٌ لا نهائيٌّ من محاور التناظر؟', '[{"id":"a","text":"الدائرة"},{"id":"b","text":"المربّع"},{"id":"c","text":"المستطيل"},{"id":"d","text":"المثلّث متساوي الساقين"}]'::jsonb, 'a', 'كلُّ قُطرٍ في الدائرة محورُ تناظر، وعددُ الأقطار لا نهائيّ، فللدائرة عددٌ لا نهائيٌّ من محاور التناظر.', 5, 'mcq', NULL, NULL)
ON CONFLICT (id) DO UPDATE SET
  exercise_id = EXCLUDED.exercise_id,
  prompt = EXCLUDED.prompt,
  options = EXCLUDED.options,
  correct_option = EXCLUDED.correct_option,
  explanation = EXCLUDED.explanation,
  display_order = EXCLUDED.display_order,
  question_type = EXCLUDED.question_type,
  answer_key = EXCLUDED.answer_key,
  distractor_tags = EXCLUDED.distractor_tags;

INSERT INTO public.questions (id, exercise_id, prompt, options, correct_option, explanation, display_order, question_type, answer_key, distractor_tags) VALUES
  ('1860cc20-9cf2-566b-a599-4c6dcfccb3e5', 'f7921d17-23eb-57e8-8e2c-3f4777ab6d34', 'التناظرُ المحوري يحفظ الأطوال. إذا كان طولُ القطعة [A B] يساوي 5 سم، فما طولُ نظيرتها [A′ B′]؟', '[{"id":"a","text":"يتغيّر حسب المحور"},{"id":"b","text":"5 سم"},{"id":"c","text":"10 سم"},{"id":"d","text":"2,5 سم"}]'::jsonb, 'b', 'التناظرُ المحوري يحفظ الأطوال، فطولُ نظيرة القطعة يساوي طولَها: [A′ B′] = [A B] = 5 سم.', 6, 'mcq', NULL, NULL)
ON CONFLICT (id) DO UPDATE SET
  exercise_id = EXCLUDED.exercise_id,
  prompt = EXCLUDED.prompt,
  options = EXCLUDED.options,
  correct_option = EXCLUDED.correct_option,
  explanation = EXCLUDED.explanation,
  display_order = EXCLUDED.display_order,
  question_type = EXCLUDED.question_type,
  answer_key = EXCLUDED.answer_key,
  distractor_tags = EXCLUDED.distractor_tags;

INSERT INTO public.exercises (id, chapter_id, subject_id, title, difficulty, xp_reward, reward_coins, mode, source, display_order) VALUES
  ('24784e63-dcdf-5565-81ef-c825778d0ed8', '242785f0-beea-54f0-9857-d477e24852c0', 'math-5eme', '⚔️ زعيم الفصل ⭐⭐⭐: معركة المرآة الكبرى', 3, 120, 30, 'boss', 'admin', 2)
ON CONFLICT (id) DO UPDATE SET
  chapter_id = EXCLUDED.chapter_id,
  subject_id = EXCLUDED.subject_id,
  title = EXCLUDED.title,
  difficulty = EXCLUDED.difficulty,
  xp_reward = EXCLUDED.xp_reward,
  reward_coins = EXCLUDED.reward_coins,
  mode = EXCLUDED.mode,
  display_order = EXCLUDED.display_order;

INSERT INTO public.questions (id, exercise_id, prompt, options, correct_option, explanation, display_order, question_type, answer_key, distractor_tags) VALUES
  ('de6a2367-3a0e-5e2b-af47-ff3bdc12a585', '24784e63-dcdf-5565-81ef-c825778d0ed8', 'لإيجاد نظير مثلّثٍ بالنسبة إلى مستقيم، نوجد:', '[{"id":"a","text":"منتصفَ كلِّ ضلع"},{"id":"b","text":"مركزَ المثلّث"},{"id":"c","text":"نظيرَ كلِّ رأسٍ من رؤوسه ثمّ نصل بينها بالترتيب نفسه"},{"id":"d","text":"نظيرَ رأسٍ واحدٍ فقط ونكتفي به"}]'::jsonb, 'c', 'نظيرُ شكلٍ هو الشكلُ المكوّنُ من نظائر رؤوسه: نوجد نظيرَ كلِّ رأسٍ ثمّ نصلها بالترتيب نفسه فنحصل على نظير المثلّث المطابق له.', 1, 'mcq', NULL, NULL)
ON CONFLICT (id) DO UPDATE SET
  exercise_id = EXCLUDED.exercise_id,
  prompt = EXCLUDED.prompt,
  options = EXCLUDED.options,
  correct_option = EXCLUDED.correct_option,
  explanation = EXCLUDED.explanation,
  display_order = EXCLUDED.display_order,
  question_type = EXCLUDED.question_type,
  answer_key = EXCLUDED.answer_key,
  distractor_tags = EXCLUDED.distractor_tags;

INSERT INTO public.questions (id, exercise_id, prompt, options, correct_option, explanation, display_order, question_type, answer_key, distractor_tags) VALUES
  ('5a3cea6e-1941-517c-9a4f-c0c0d993a055', '24784e63-dcdf-5565-81ef-c825778d0ed8', 'كم محورَ تناظرٍ لهذا الشكل (معيّن)؟ <svg viewBox="0 0 100 100"><polygon points="50,16 74,50 50,84 26,50" fill="none" stroke="currentColor" stroke-width="2.5"/><line x1="50" y1="15" x2="50" y2="85" stroke="#ef4444" stroke-width="1.3" stroke-dasharray="4 3"/><line x1="15" y1="50" x2="85" y2="50" stroke="#ef4444" stroke-width="1.3" stroke-dasharray="4 3"/></svg>', '[{"id":"a","text":"محوران (قُطراه)"},{"id":"b","text":"4 محاور"},{"id":"c","text":"محورٌ واحد"},{"id":"d","text":"لا محورَ له"}]'::jsonb, 'a', 'للمعيّن محورا تناظرٍ هما قُطراه (المتقطّعان في الشكل). الخطأ الشائع: ظنُّ أنّ له 4 محاورٍ كالمربّع؛ لكنّ المستقيمين المارّين بمنتصفَي ضلعيه ليسا محورَي تناظرٍ لأنّ زواياه ليست قائمة.', 2, 'mcq', NULL, NULL)
ON CONFLICT (id) DO UPDATE SET
  exercise_id = EXCLUDED.exercise_id,
  prompt = EXCLUDED.prompt,
  options = EXCLUDED.options,
  correct_option = EXCLUDED.correct_option,
  explanation = EXCLUDED.explanation,
  display_order = EXCLUDED.display_order,
  question_type = EXCLUDED.question_type,
  answer_key = EXCLUDED.answer_key,
  distractor_tags = EXCLUDED.distractor_tags;

INSERT INTO public.questions (id, exercise_id, prompt, options, correct_option, explanation, display_order, question_type, answer_key, distractor_tags) VALUES
  ('d2a35f4c-ce37-558d-82de-a0893c97712b', '24784e63-dcdf-5565-81ef-c825778d0ed8', 'نقطةٌ B تبعد 4 وحداتٍ يمينَ المحور. أين يقع نظيرُها B′؟', '[{"id":"a","text":"على بُعد وحدتين يسارَ المحور"},{"id":"b","text":"على بُعد 4 وحداتٍ يسارَ المحور، على نفس العمود"},{"id":"c","text":"على بُعد 4 وحداتٍ يمينَ المحور (نفس الجهة)"},{"id":"d","text":"على بُعد 8 وحداتٍ يسارَ المحور"}]'::jsonb, 'b', 'النظيرُ يقع على الجهة المقابلة (اليسار) على نفس العمود وبنفس البُعد: 4 وحدات. الخطأ الشائع: ترك النقطة على الجهة نفسها (يمين)، أو مضاعفة البُعد إلى 8 وحدات؛ كلاهما يخالف تساوي البُعد عن المحور.', 3, 'mcq', NULL, NULL)
ON CONFLICT (id) DO UPDATE SET
  exercise_id = EXCLUDED.exercise_id,
  prompt = EXCLUDED.prompt,
  options = EXCLUDED.options,
  correct_option = EXCLUDED.correct_option,
  explanation = EXCLUDED.explanation,
  display_order = EXCLUDED.display_order,
  question_type = EXCLUDED.question_type,
  answer_key = EXCLUDED.answer_key,
  distractor_tags = EXCLUDED.distractor_tags;

INSERT INTO public.questions (id, exercise_id, prompt, options, correct_option, explanation, display_order, question_type, answer_key, distractor_tags) VALUES
  ('d1c65de0-f3f4-5b29-8893-29b7f089d404', '24784e63-dcdf-5565-81ef-c825778d0ed8', 'أيُّ هذه الأشكال **ليس** له أيُّ محور تناظر؟', '[{"id":"a","text":"المثلّث متساوي الساقين"},{"id":"b","text":"المستطيل"},{"id":"c","text":"المربّع"},{"id":"d","text":"المثلّث مختلفُ الأضلاع"}]'::jsonb, 'd', 'المثلّثُ مختلفُ الأضلاع أضلاعُه الثلاثة مختلفة، فلا يوجد خطُّ طيٍّ ينطبق عنده نصفاه: 0 محاور. أمّا متساوي الساقين فله محورٌ واحد، والمستطيل 2، والمربّع 4.', 4, 'mcq', NULL, NULL)
ON CONFLICT (id) DO UPDATE SET
  exercise_id = EXCLUDED.exercise_id,
  prompt = EXCLUDED.prompt,
  options = EXCLUDED.options,
  correct_option = EXCLUDED.correct_option,
  explanation = EXCLUDED.explanation,
  display_order = EXCLUDED.display_order,
  question_type = EXCLUDED.question_type,
  answer_key = EXCLUDED.answer_key,
  distractor_tags = EXCLUDED.distractor_tags;

INSERT INTO public.questions (id, exercise_id, prompt, options, correct_option, explanation, display_order, question_type, answer_key, distractor_tags) VALUES
  ('b7e02cd4-a7cb-5929-a4f7-cc1f8050e755', '24784e63-dcdf-5565-81ef-c825778d0ed8', 'نظيرُ مستقيمٍ بالنسبة إلى محورٍ هو:', '[{"id":"a","text":"مستقيمٌ أيضًا"},{"id":"b","text":"منحنٍ"},{"id":"c","text":"نقطةٌ واحدة"},{"id":"d","text":"خطٌّ منكسر"}]'::jsonb, 'a', 'التناظرُ المحوري يحفظ الاستقامة، فصورةُ (نظيرُ) كلِّ مستقيمٍ مستقيمٌ مثلُه. الخطأ الشائع: ظنُّ أنّ الانعكاس «يقوّس» الخطّ؛ بل يحفظ شكلَه ويغيّر اتّجاهه فقط.', 5, 'mcq', NULL, NULL)
ON CONFLICT (id) DO UPDATE SET
  exercise_id = EXCLUDED.exercise_id,
  prompt = EXCLUDED.prompt,
  options = EXCLUDED.options,
  correct_option = EXCLUDED.correct_option,
  explanation = EXCLUDED.explanation,
  display_order = EXCLUDED.display_order,
  question_type = EXCLUDED.question_type,
  answer_key = EXCLUDED.answer_key,
  distractor_tags = EXCLUDED.distractor_tags;

INSERT INTO public.questions (id, exercise_id, prompt, options, correct_option, explanation, display_order, question_type, answer_key, distractor_tags) VALUES
  ('6855cd8e-00c3-51c0-b98d-8cdb344dcc2d', '24784e63-dcdf-5565-81ef-c825778d0ed8', 'للحرف H محوران للتناظر، وللحرف A محورٌ واحد. كم محورًا لهما معًا؟', '[{"id":"a","text":"4 محاور"},{"id":"b","text":"محورٌ واحد"},{"id":"c","text":"3 محاور"},{"id":"d","text":"محوران"}]'::jsonb, 'c', 'للحرف H محوران (عموديٌّ وأفقيّ) وللحرف A محورٌ واحد (عموديّ)، والمجموع 2 + 1 = 3 محاور.', 6, 'mcq', NULL, NULL)
ON CONFLICT (id) DO UPDATE SET
  exercise_id = EXCLUDED.exercise_id,
  prompt = EXCLUDED.prompt,
  options = EXCLUDED.options,
  correct_option = EXCLUDED.correct_option,
  explanation = EXCLUDED.explanation,
  display_order = EXCLUDED.display_order,
  question_type = EXCLUDED.question_type,
  answer_key = EXCLUDED.answer_key,
  distractor_tags = EXCLUDED.distractor_tags;

INSERT INTO public.exercises (id, chapter_id, subject_id, title, difficulty, xp_reward, reward_coins, mode, source, display_order) VALUES
  ('4f453598-9e51-5e3a-b66f-431e2d8215e9', '242785f0-beea-54f0-9857-d477e24852c0', 'math-5eme', '⭐⭐ تمرين مراجعة (نمط امتحان): التناظر المحوري', 2, 75, 15, 'practice', 'admin', 3)
ON CONFLICT (id) DO UPDATE SET
  chapter_id = EXCLUDED.chapter_id,
  subject_id = EXCLUDED.subject_id,
  title = EXCLUDED.title,
  difficulty = EXCLUDED.difficulty,
  xp_reward = EXCLUDED.xp_reward,
  reward_coins = EXCLUDED.reward_coins,
  mode = EXCLUDED.mode,
  display_order = EXCLUDED.display_order;

INSERT INTO public.questions (id, exercise_id, prompt, options, correct_option, explanation, display_order, question_type, answer_key, distractor_tags) VALUES
  ('eceb8aa2-a45e-5eb9-b8a8-5d036d2a5dcf', '4f453598-9e51-5e3a-b66f-431e2d8215e9', 'في التناظر المحوري، المستقيمُ الذي يصل بين نقطةٍ ونظيرها يكون مع المحور:', '[{"id":"a","text":"متوازيًا"},{"id":"b","text":"منطبقًا"},{"id":"c","text":"مائلًا بزاوية 45° دائمًا"},{"id":"d","text":"متعامدًا (يصنع زاوية قائمة)"}]'::jsonb, 'd', 'المحورُ عموديٌّ على القطعة [A A′] الواصلة بين النقطة ونظيرها، أي يصنع معها زاوية قائمة ويمرّ بمنتصفها.', 1, 'mcq', NULL, NULL)
ON CONFLICT (id) DO UPDATE SET
  exercise_id = EXCLUDED.exercise_id,
  prompt = EXCLUDED.prompt,
  options = EXCLUDED.options,
  correct_option = EXCLUDED.correct_option,
  explanation = EXCLUDED.explanation,
  display_order = EXCLUDED.display_order,
  question_type = EXCLUDED.question_type,
  answer_key = EXCLUDED.answer_key,
  distractor_tags = EXCLUDED.distractor_tags;

INSERT INTO public.questions (id, exercise_id, prompt, options, correct_option, explanation, display_order, question_type, answer_key, distractor_tags) VALUES
  ('85dbbdc5-9415-516a-a515-79f1902c955c', '4f453598-9e51-5e3a-b66f-431e2d8215e9', 'كم محورَ تناظرٍ للمثلّث متساوي الأضلاع؟', '[{"id":"a","text":"لا محورَ له"},{"id":"b","text":"3 محاور"},{"id":"c","text":"محورٌ واحد"},{"id":"d","text":"محوران"}]'::jsonb, 'b', 'للمثلّث متساوي الأضلاع 3 محاور تناظر، كلُّ محورٍ يمرّ برأسٍ وبمنتصف الضلع المقابل له.', 2, 'mcq', NULL, NULL)
ON CONFLICT (id) DO UPDATE SET
  exercise_id = EXCLUDED.exercise_id,
  prompt = EXCLUDED.prompt,
  options = EXCLUDED.options,
  correct_option = EXCLUDED.correct_option,
  explanation = EXCLUDED.explanation,
  display_order = EXCLUDED.display_order,
  question_type = EXCLUDED.question_type,
  answer_key = EXCLUDED.answer_key,
  distractor_tags = EXCLUDED.distractor_tags;

INSERT INTO public.questions (id, exercise_id, prompt, options, correct_option, explanation, display_order, question_type, answer_key, distractor_tags) VALUES
  ('7ed735b1-e565-5d33-bdef-67cacb7b6909', '4f453598-9e51-5e3a-b66f-431e2d8215e9', 'كم محورَ تناظرٍ لهذا المستطيل؟ <svg viewBox="0 0 100 100"><rect x="18" y="34" width="64" height="32" fill="none" stroke="currentColor" stroke-width="2.5"/><line x1="50" y1="26" x2="50" y2="74" stroke="#ef4444" stroke-width="1.3" stroke-dasharray="4 3"/><line x1="12" y1="50" x2="88" y2="50" stroke="#ef4444" stroke-width="1.3" stroke-dasharray="4 3"/></svg>', '[{"id":"a","text":"محوران"},{"id":"b","text":"4 محاور"},{"id":"c","text":"محورٌ واحد"},{"id":"d","text":"3 محاور"}]'::jsonb, 'a', 'للمستطيل محورا تناظرٍ هما المستقيمان المارّان بمنتصفَي الضلعين المتقابلين (المتقطّعان في الشكل)؛ قُطراه ليسا محورَي تناظر.', 3, 'mcq', NULL, NULL)
ON CONFLICT (id) DO UPDATE SET
  exercise_id = EXCLUDED.exercise_id,
  prompt = EXCLUDED.prompt,
  options = EXCLUDED.options,
  correct_option = EXCLUDED.correct_option,
  explanation = EXCLUDED.explanation,
  display_order = EXCLUDED.display_order,
  question_type = EXCLUDED.question_type,
  answer_key = EXCLUDED.answer_key,
  distractor_tags = EXCLUDED.distractor_tags;

INSERT INTO public.questions (id, exercise_id, prompt, options, correct_option, explanation, display_order, question_type, answer_key, distractor_tags) VALUES
  ('dd7709cf-4444-56f7-b5f7-9d514042f058', '4f453598-9e51-5e3a-b66f-431e2d8215e9', 'نقطةٌ A تبعد مربّعين عن المحور. لإنشاء نظيرها A′ على الورق المرصّع نعدّ من المحور:', '[{"id":"a","text":"4 مربّعاتٍ على الجهة المقابلة"},{"id":"b","text":"مربّعين على الجهة نفسها مثل A"},{"id":"c","text":"مربّعين على الجهة المقابلة، على نفس العمود"},{"id":"d","text":"مربّعًا واحدًا على الجهة المقابلة"}]'::jsonb, 'c', 'نحفظُ البُعد نفسه (مربّعان) وننتقل إلى الجهة المقابلة على نفس العمود (الخطّ العمودي على المحور)، فنحصل على A′.', 4, 'mcq', NULL, NULL)
ON CONFLICT (id) DO UPDATE SET
  exercise_id = EXCLUDED.exercise_id,
  prompt = EXCLUDED.prompt,
  options = EXCLUDED.options,
  correct_option = EXCLUDED.correct_option,
  explanation = EXCLUDED.explanation,
  display_order = EXCLUDED.display_order,
  question_type = EXCLUDED.question_type,
  answer_key = EXCLUDED.answer_key,
  distractor_tags = EXCLUDED.distractor_tags;

INSERT INTO public.questions (id, exercise_id, prompt, options, correct_option, explanation, display_order, question_type, answer_key, distractor_tags) VALUES
  ('9d01f743-7402-5520-9340-538e46fc4160', '4f453598-9e51-5e3a-b66f-431e2d8215e9', 'زاويةٌ قيسُها 50° طبّقنا عليها تناظرًا محوريًّا. كم قيسُ نظيرتها؟', '[{"id":"a","text":"130°"},{"id":"b","text":"50°"},{"id":"c","text":"100°"},{"id":"d","text":"25°"}]'::jsonb, 'b', 'التناظرُ المحوري يحفظ قيسَ الزوايا، فنظيرةُ زاويةٍ قيسُها 50° قيسُها 50° أيضًا.', 5, 'mcq', NULL, NULL)
ON CONFLICT (id) DO UPDATE SET
  exercise_id = EXCLUDED.exercise_id,
  prompt = EXCLUDED.prompt,
  options = EXCLUDED.options,
  correct_option = EXCLUDED.correct_option,
  explanation = EXCLUDED.explanation,
  display_order = EXCLUDED.display_order,
  question_type = EXCLUDED.question_type,
  answer_key = EXCLUDED.answer_key,
  distractor_tags = EXCLUDED.distractor_tags;

INSERT INTO public.questions (id, exercise_id, prompt, options, correct_option, explanation, display_order, question_type, answer_key, distractor_tags) VALUES
  ('cd61f8d3-e7af-5aaf-87ae-f8298e8be3f9', '4f453598-9e51-5e3a-b66f-431e2d8215e9', 'أيُّ جملةٍ صحيحةٌ عن محاور تناظر الأشكال؟', '[{"id":"a","text":"للمربّع 4 محاور وللمستطيل والمعيّن محوران لكلٍّ منهما"},{"id":"b","text":"للمربّع والمستطيل العددُ نفسه من المحاور"},{"id":"c","text":"للدائرة 4 محاور فقط"},{"id":"d","text":"للمثلّث مختلف الأضلاع 3 محاور"}]'::jsonb, 'a', 'للمربّع 4 محاور، وللمستطيل 2، وللمعيّن 2، فالجملة الصحيحة هي أنّ للمربّع 4 محاور وللمستطيل والمعيّن محوران لكلٍّ منهما. أمّا الدائرة فمحاورُها لا نهائية، والمثلّثُ مختلفُ الأضلاع لا محورَ له.', 6, 'mcq', NULL, NULL)
ON CONFLICT (id) DO UPDATE SET
  exercise_id = EXCLUDED.exercise_id,
  prompt = EXCLUDED.prompt,
  options = EXCLUDED.options,
  correct_option = EXCLUDED.correct_option,
  explanation = EXCLUDED.explanation,
  display_order = EXCLUDED.display_order,
  question_type = EXCLUDED.question_type,
  answer_key = EXCLUDED.answer_key,
  distractor_tags = EXCLUDED.distractor_tags;

INSERT INTO public.exercises (id, chapter_id, subject_id, title, difficulty, xp_reward, reward_coins, mode, source, display_order) VALUES
  ('359e9446-ba97-5fe3-9a41-ffd9ca28f62f', '242785f0-beea-54f0-9857-d477e24852c0', 'math-5eme', '👑 تحدّي النخبة ⭐⭐⭐⭐: ألغاز المرآة', 4, 300, 60, 'challenge', 'admin', 4)
ON CONFLICT (id) DO UPDATE SET
  chapter_id = EXCLUDED.chapter_id,
  subject_id = EXCLUDED.subject_id,
  title = EXCLUDED.title,
  difficulty = EXCLUDED.difficulty,
  xp_reward = EXCLUDED.xp_reward,
  reward_coins = EXCLUDED.reward_coins,
  mode = EXCLUDED.mode,
  display_order = EXCLUDED.display_order;

INSERT INTO public.questions (id, exercise_id, prompt, options, correct_option, explanation, display_order, question_type, answer_key, distractor_tags) VALUES
  ('cb9d2b0f-78a6-575e-9813-496c0ffc6d9e', '359e9446-ba97-5fe3-9a41-ffd9ca28f62f', 'نقطةٌ M تقع على بُعد 3 مربّعاتٍ يمينَ المحور وعلى بُعد مربّعين فوق نقطةٍ على المحور. أين يقع نظيرُها M′؟', '[{"id":"a","text":"3 مربّعاتٍ يسارَ المحور، على نفس الارتفاع"},{"id":"b","text":"3 مربّعاتٍ يسارَ المحور، مربّعين أسفل"},{"id":"c","text":"3 مربّعاتٍ يمينَ المحور، مربّعين أسفل"},{"id":"d","text":"مربّعين يسارَ المحور، على نفس الارتفاع"}]'::jsonb, 'a', 'في التناظر بالنسبة لمحورٍ عموديّ، تتغيّر الجهة (يمين ↔ يسار) ويبقى البُعد الأفقي 3 والارتفاع نفسه. الخطأ الشائع: تغيير الارتفاع أيضًا (مربّعين أسفل)، أو إنقاص البُعد إلى مربّعين؛ المحورُ العمودي لا يغيّر الارتفاع.', 1, 'mcq', NULL, NULL)
ON CONFLICT (id) DO UPDATE SET
  exercise_id = EXCLUDED.exercise_id,
  prompt = EXCLUDED.prompt,
  options = EXCLUDED.options,
  correct_option = EXCLUDED.correct_option,
  explanation = EXCLUDED.explanation,
  display_order = EXCLUDED.display_order,
  question_type = EXCLUDED.question_type,
  answer_key = EXCLUDED.answer_key,
  distractor_tags = EXCLUDED.distractor_tags;

INSERT INTO public.questions (id, exercise_id, prompt, options, correct_option, explanation, display_order, question_type, answer_key, distractor_tags) VALUES
  ('2d0ba5d9-0af3-5561-8d7e-9fff35df69e8', '359e9446-ba97-5fe3-9a41-ffd9ca28f62f', 'نظيرُ هذا المثلّث بالنسبة إلى المحور المتقطّع رُسم على اليمين. ما العلاقةُ بين المثلّث ونظيره؟ <svg viewBox="0 0 110 100"><line x1="10" y1="25" x2="100" y2="25" stroke="#cbd5e1" stroke-width="0.5"/><line x1="10" y1="45" x2="100" y2="45" stroke="#cbd5e1" stroke-width="0.5"/><line x1="10" y1="65" x2="100" y2="65" stroke="#cbd5e1" stroke-width="0.5"/><line x1="10" y1="85" x2="100" y2="85" stroke="#cbd5e1" stroke-width="0.5"/><line x1="55" y1="12" x2="55" y2="90" stroke="currentColor" stroke-width="1.6" stroke-dasharray="5 3"/><polygon points="25,85 25,45 45,65" fill="none" stroke="currentColor" stroke-width="2.5"/><polygon points="85,85 85,45 65,65" fill="none" stroke="currentColor" stroke-width="2.5"/><text x="57" y="19" font-size="9" fill="currentColor">(d)</text></svg>', '[{"id":"a","text":"النظيرُ أصغرُ من الأصل"},{"id":"b","text":"النظيرُ منقولٌ دون انعكاسٍ (بنفس الاتّجاه)"},{"id":"c","text":"متطابقان في الحجم لكنّهما معكوسان (يمين ↔ يسار)"},{"id":"d","text":"النظيرُ أكبرُ من الأصل"}]'::jsonb, 'c', 'التناظرُ يحفظ الأطوال والزوايا، فالمثلّثان متطابقان في الحجم؛ لكنّ الرأس المدبّب يتّجه يمينًا في الأصل ويسارًا في النظير. الخطأ الشائع: ظنُّ النظير منقولًا بنفس الاتّجاه دون انعكاس؛ لو كان كذلك لاتّجه الرأسان نفسَ الجهة.', 2, 'mcq', NULL, NULL)
ON CONFLICT (id) DO UPDATE SET
  exercise_id = EXCLUDED.exercise_id,
  prompt = EXCLUDED.prompt,
  options = EXCLUDED.options,
  correct_option = EXCLUDED.correct_option,
  explanation = EXCLUDED.explanation,
  display_order = EXCLUDED.display_order,
  question_type = EXCLUDED.question_type,
  answer_key = EXCLUDED.answer_key,
  distractor_tags = EXCLUDED.distractor_tags;

INSERT INTO public.questions (id, exercise_id, prompt, options, correct_option, explanation, display_order, question_type, answer_key, distractor_tags) VALUES
  ('80cd5601-d6ef-56a4-9cab-ada539919db0', '359e9446-ba97-5fe3-9a41-ffd9ca28f62f', 'للمربّع 4 محاور تناظر وللمعيّن محوران. كم محورًا لهما معًا، وكم محورًا أكثرُ للمربّع؟', '[{"id":"a","text":"محوران معًا، والمربّعُ يزيد بمحورٍ واحد"},{"id":"b","text":"6 محاورٍ معًا، والمربّعُ يزيد بمحورين"},{"id":"c","text":"6 محاورٍ معًا، والمربّعُ يزيد بـ 4 محاور"},{"id":"d","text":"8 محاورٍ معًا، والمربّعُ يزيد بمحورين"}]'::jsonb, 'b', 'المجموع 4 + 2 = 6 محاور، والفرق 4 − 2 = 2، فالمربّعُ يزيد بمحورين. سببُ الفرق أنّ زوايا المربّع قائمة، فيضيف محورَي منتصفَي الأضلاع إلى قُطريه؛ أمّا المعيّن فقُطراه فقط.', 3, 'mcq', NULL, NULL)
ON CONFLICT (id) DO UPDATE SET
  exercise_id = EXCLUDED.exercise_id,
  prompt = EXCLUDED.prompt,
  options = EXCLUDED.options,
  correct_option = EXCLUDED.correct_option,
  explanation = EXCLUDED.explanation,
  display_order = EXCLUDED.display_order,
  question_type = EXCLUDED.question_type,
  answer_key = EXCLUDED.answer_key,
  distractor_tags = EXCLUDED.distractor_tags;

INSERT INTO public.questions (id, exercise_id, prompt, options, correct_option, explanation, display_order, question_type, answer_key, distractor_tags) VALUES
  ('c77ae57d-d9a0-5ec3-b13b-b02c2afad8a8', '359e9446-ba97-5fe3-9a41-ffd9ca28f62f', 'إذا كان نظيرُ النقطة A هو A نفسها بالنسبة إلى محورٍ ما، فماذا نستنتج عن موضع A؟', '[{"id":"a","text":"النقطة A تبعد وحدةً عن المحور"},{"id":"b","text":"النقطة A خارج الورقة"},{"id":"c","text":"لا يمكن أن يحدث ذلك أبدًا"},{"id":"d","text":"النقطة A تقع على المحور نفسه"}]'::jsonb, 'd', 'النقطةُ تنطبق على نظيرها فقط عندما يكون بُعدُها عن المحور صفرًا، أي تقع على المحور. كلُّ نقاط المحور ثابتةٌ بالتناظر (نظيرُها هي نفسها).', 4, 'mcq', NULL, NULL)
ON CONFLICT (id) DO UPDATE SET
  exercise_id = EXCLUDED.exercise_id,
  prompt = EXCLUDED.prompt,
  options = EXCLUDED.options,
  correct_option = EXCLUDED.correct_option,
  explanation = EXCLUDED.explanation,
  display_order = EXCLUDED.display_order,
  question_type = EXCLUDED.question_type,
  answer_key = EXCLUDED.answer_key,
  distractor_tags = EXCLUDED.distractor_tags;

INSERT INTO public.questions (id, exercise_id, prompt, options, correct_option, explanation, display_order, question_type, answer_key, distractor_tags) VALUES
  ('079672aa-2bbb-5ea3-94c3-024a2e924dfb', '359e9446-ba97-5fe3-9a41-ffd9ca28f62f', 'قطعةٌ [A B] طولُها 6 سم، ومنتصفُها I. ما طولُ نظيرتها [A′ B′]، وأين يقع نظيرُ المنتصف I′؟', '[{"id":"a","text":"6 سم، وI′ منتصفُ [A′ B′]"},{"id":"b","text":"3 سم، وI′ منتصفُ [A′ B′]"},{"id":"c","text":"6 سم، وI′ أحدُ طرفَي [A′ B′]"},{"id":"d","text":"12 سم، وI′ خارجَ القطعة"}]'::jsonb, 'a', 'التناظرُ يحفظ الأطوال، فطولُ [A′ B′] = 6 سم، ويحفظ النِّسَب، فنظيرُ المنتصف يبقى منتصفًا: I′ منتصفُ [A′ B′]. الخطأ الشائع: تنصيفُ الطول إلى 3 سم ظنًّا أنّ الانعكاس يصغّر القطعة.', 5, 'mcq', NULL, NULL)
ON CONFLICT (id) DO UPDATE SET
  exercise_id = EXCLUDED.exercise_id,
  prompt = EXCLUDED.prompt,
  options = EXCLUDED.options,
  correct_option = EXCLUDED.correct_option,
  explanation = EXCLUDED.explanation,
  display_order = EXCLUDED.display_order,
  question_type = EXCLUDED.question_type,
  answer_key = EXCLUDED.answer_key,
  distractor_tags = EXCLUDED.distractor_tags;

INSERT INTO public.questions (id, exercise_id, prompt, options, correct_option, explanation, display_order, question_type, answer_key, distractor_tags) VALUES
  ('176e5c43-d10f-5d45-a2bc-fa2d5443e818', '359e9446-ba97-5fe3-9a41-ffd9ca28f62f', 'شكلٌ له محورُ تناظرٍ واحدٌ فقط، وأضلاعُه الثلاثة ليست كلُّها متساوية. ما هو على الأرجح؟', '[{"id":"a","text":"مربّع"},{"id":"b","text":"مثلّثٌ مختلفُ الأضلاع"},{"id":"c","text":"مثلّثٌ متساوي الساقين"},{"id":"d","text":"مثلّثٌ متساوي الأضلاع"}]'::jsonb, 'c', 'المثلّثُ ذو المحور الواحد هو متساوي الساقين (محورُه يمرّ بالرأس بين الضلعين المتساويين). متساوي الأضلاع له 3 محاور، ومختلفُ الأضلاع لا محورَ له، والمربّعُ ليس مثلّثًا.', 6, 'mcq', NULL, NULL)
ON CONFLICT (id) DO UPDATE SET
  exercise_id = EXCLUDED.exercise_id,
  prompt = EXCLUDED.prompt,
  options = EXCLUDED.options,
  correct_option = EXCLUDED.correct_option,
  explanation = EXCLUDED.explanation,
  display_order = EXCLUDED.display_order,
  question_type = EXCLUDED.question_type,
  answer_key = EXCLUDED.answer_key,
  distractor_tags = EXCLUDED.distractor_tags;

INSERT INTO public.exercises (id, chapter_id, subject_id, title, difficulty, xp_reward, reward_coins, mode, source, display_order) VALUES
  ('c44b76b7-e6e0-5a24-b931-6de717b9371e', '242785f0-beea-54f0-9857-d477e24852c0', 'math-5eme', '📝 تدريب ⭐⭐⭐: إتقان التناظر المحوري (مراجعة شاملة)', 3, 120, 30, 'boss', 'admin', 5)
ON CONFLICT (id) DO UPDATE SET
  chapter_id = EXCLUDED.chapter_id,
  subject_id = EXCLUDED.subject_id,
  title = EXCLUDED.title,
  difficulty = EXCLUDED.difficulty,
  xp_reward = EXCLUDED.xp_reward,
  reward_coins = EXCLUDED.reward_coins,
  mode = EXCLUDED.mode,
  display_order = EXCLUDED.display_order;

INSERT INTO public.questions (id, exercise_id, prompt, options, correct_option, explanation, display_order, question_type, answer_key, distractor_tags) VALUES
  ('971d5c34-fa4a-5d8b-89b8-019102ffaac3', 'c44b76b7-e6e0-5a24-b931-6de717b9371e', 'لإنشاء نظير نقطةٍ بالأدوات (بالمسطرة والكوس)، نرسم من النقطة خطًّا:', '[{"id":"a","text":"موازيًا للمحور، ثمّ ننقل البُعد"},{"id":"b","text":"عموديًّا على المحور، ثمّ ننقل البُعد نفسه على الجهة الأخرى"},{"id":"c","text":"يمرّ بأيِّ نقطةٍ من المحور"},{"id":"d","text":"بزاوية 45° مع المحور"}]'::jsonb, 'b', 'نرسم من النقطة عمودًا على المحور بالكوس، نقيس بُعدَها عن المحور، ثمّ ننقل البُعد نفسه على الجهة المقابلة على نفس العمود، فنحصل على النظير.', 1, 'mcq', NULL, NULL)
ON CONFLICT (id) DO UPDATE SET
  exercise_id = EXCLUDED.exercise_id,
  prompt = EXCLUDED.prompt,
  options = EXCLUDED.options,
  correct_option = EXCLUDED.correct_option,
  explanation = EXCLUDED.explanation,
  display_order = EXCLUDED.display_order,
  question_type = EXCLUDED.question_type,
  answer_key = EXCLUDED.answer_key,
  distractor_tags = EXCLUDED.distractor_tags;

INSERT INTO public.questions (id, exercise_id, prompt, options, correct_option, explanation, display_order, question_type, answer_key, distractor_tags) VALUES
  ('1ab6edec-d6aa-5c75-8bc6-777284f4bce7', 'c44b76b7-e6e0-5a24-b931-6de717b9371e', 'نظيرُ المثلّث متساوي الأضلاع بالنسبة إلى محورٍ هو مثلّثٌ:', '[{"id":"a","text":"متساوي الأضلاع أيضًا (مطابق له)"},{"id":"b","text":"متساوي الساقين فقط"},{"id":"c","text":"مختلفُ الأضلاع"},{"id":"d","text":"قائمُ الزاوية"}]'::jsonb, 'a', 'التناظرُ يحفظ الأطوال، فأضلاعُ النظير الثلاثة تبقى متساوية مثلَ الأصل: النظيرُ مثلّثٌ متساوي الأضلاع مطابقٌ له.', 2, 'mcq', NULL, NULL)
ON CONFLICT (id) DO UPDATE SET
  exercise_id = EXCLUDED.exercise_id,
  prompt = EXCLUDED.prompt,
  options = EXCLUDED.options,
  correct_option = EXCLUDED.correct_option,
  explanation = EXCLUDED.explanation,
  display_order = EXCLUDED.display_order,
  question_type = EXCLUDED.question_type,
  answer_key = EXCLUDED.answer_key,
  distractor_tags = EXCLUDED.distractor_tags;

INSERT INTO public.questions (id, exercise_id, prompt, options, correct_option, explanation, display_order, question_type, answer_key, distractor_tags) VALUES
  ('02a846b7-f852-5631-b5a1-1de91a26bcc3', 'c44b76b7-e6e0-5a24-b931-6de717b9371e', 'كم محورَ تناظرٍ لهذا المربّع؟ <svg viewBox="0 0 100 100"><rect x="28" y="28" width="44" height="44" fill="none" stroke="currentColor" stroke-width="2.5"/><line x1="50" y1="20" x2="50" y2="80" stroke="#ef4444" stroke-width="1.3" stroke-dasharray="4 3"/><line x1="20" y1="50" x2="80" y2="50" stroke="#ef4444" stroke-width="1.3" stroke-dasharray="4 3"/><line x1="28" y1="28" x2="72" y2="72" stroke="#ef4444" stroke-width="1.3" stroke-dasharray="4 3"/><line x1="72" y1="28" x2="28" y2="72" stroke="#ef4444" stroke-width="1.3" stroke-dasharray="4 3"/></svg>', '[{"id":"a","text":"محوران"},{"id":"b","text":"3 محاور"},{"id":"c","text":"4 محاور"},{"id":"d","text":"عددٌ لا نهائيّ"}]'::jsonb, 'c', 'للمربّع 4 محاور تناظرٍ ظاهرةٌ في الشكل: محورا منتصفَي الأضلاع (عموديٌّ وأفقيّ) والقُطران. الخطأ الشائع: عدُّ محورين فقط كالمستطيل ونسيانُ القُطرين.', 3, 'mcq', NULL, NULL)
ON CONFLICT (id) DO UPDATE SET
  exercise_id = EXCLUDED.exercise_id,
  prompt = EXCLUDED.prompt,
  options = EXCLUDED.options,
  correct_option = EXCLUDED.correct_option,
  explanation = EXCLUDED.explanation,
  display_order = EXCLUDED.display_order,
  question_type = EXCLUDED.question_type,
  answer_key = EXCLUDED.answer_key,
  distractor_tags = EXCLUDED.distractor_tags;

INSERT INTO public.questions (id, exercise_id, prompt, options, correct_option, explanation, display_order, question_type, answer_key, distractor_tags) VALUES
  ('aa6b9752-0fa9-5145-9192-6f67886fadea', 'c44b76b7-e6e0-5a24-b931-6de717b9371e', 'نقطتان A و A′ متناظرتان بالنسبة إلى مستقيم (d). إذا كان طولُ [A A′] يساوي 8 سم، فكم تبعد A عن المحور (d)؟', '[{"id":"a","text":"4 سم"},{"id":"b","text":"8 سم"},{"id":"c","text":"16 سم"},{"id":"d","text":"2 سم"}]'::jsonb, 'a', 'المحورُ يمرّ بمنتصف [A A′]، فبُعدُ A عنه نصفُ الطول: 8 ÷ 2 = 4 سم. الخطأ الشائع: أخذُ الطول كلِّه (8 سم)، لكنّ A لا تبعد إلّا نصفَ المسافة بينها وبين نظيرها.', 4, 'mcq', NULL, NULL)
ON CONFLICT (id) DO UPDATE SET
  exercise_id = EXCLUDED.exercise_id,
  prompt = EXCLUDED.prompt,
  options = EXCLUDED.options,
  correct_option = EXCLUDED.correct_option,
  explanation = EXCLUDED.explanation,
  display_order = EXCLUDED.display_order,
  question_type = EXCLUDED.question_type,
  answer_key = EXCLUDED.answer_key,
  distractor_tags = EXCLUDED.distractor_tags;

INSERT INTO public.questions (id, exercise_id, prompt, options, correct_option, explanation, display_order, question_type, answer_key, distractor_tags) VALUES
  ('ce67b0fb-a8e4-5679-b939-bfdca65363e6', 'c44b76b7-e6e0-5a24-b931-6de717b9371e', 'أيُّ هذه الجمل **خاطئة**؟', '[{"id":"a","text":"نظيرُ نقطةٍ على المحور هو النقطةُ نفسها"},{"id":"b","text":"للمعيّن محورا تناظر"},{"id":"c","text":"نظيرُ مستقيمٍ مستقيم"},{"id":"d","text":"التناظرُ المحوري يضاعفُ أطوالَ الأضلاع"}]'::jsonb, 'd', 'الجملةُ الخاطئة هي «التناظرُ يضاعفُ الأطوال»: بل هو يحفظ الأطوال ولا يغيّرها. أمّا الجمل الأخرى فصحيحة: نقاطُ المحور ثابتة، وللمعيّن محوران، ونظيرُ المستقيم مستقيم.', 5, 'mcq', NULL, NULL)
ON CONFLICT (id) DO UPDATE SET
  exercise_id = EXCLUDED.exercise_id,
  prompt = EXCLUDED.prompt,
  options = EXCLUDED.options,
  correct_option = EXCLUDED.correct_option,
  explanation = EXCLUDED.explanation,
  display_order = EXCLUDED.display_order,
  question_type = EXCLUDED.question_type,
  answer_key = EXCLUDED.answer_key,
  distractor_tags = EXCLUDED.distractor_tags;

INSERT INTO public.questions (id, exercise_id, prompt, options, correct_option, explanation, display_order, question_type, answer_key, distractor_tags) VALUES
  ('d9ee6d60-ce2a-5efa-87d5-db7844cdcefa', 'c44b76b7-e6e0-5a24-b931-6de717b9371e', 'للحرف A محورُ تناظرٍ واحد، وللحرف F لا محورَ له. كم محورًا لهما معًا؟', '[{"id":"a","text":"لا محورَ لهما"},{"id":"b","text":"محورٌ واحد"},{"id":"c","text":"محوران"},{"id":"d","text":"3 محاور"}]'::jsonb, 'b', 'للحرف A محورٌ عموديٌّ واحد، وللحرف F لا محورَ له (نصفاه لا ينطبقان بأيِّ طيّ)، فالمجموع 1 + 0 = 1 محور.', 6, 'mcq', NULL, NULL)
ON CONFLICT (id) DO UPDATE SET
  exercise_id = EXCLUDED.exercise_id,
  prompt = EXCLUDED.prompt,
  options = EXCLUDED.options,
  correct_option = EXCLUDED.correct_option,
  explanation = EXCLUDED.explanation,
  display_order = EXCLUDED.display_order,
  question_type = EXCLUDED.question_type,
  answer_key = EXCLUDED.answer_key,
  distractor_tags = EXCLUDED.distractor_tags;

-- Converge question → competency mappings for this subject (étude 07 D-2).
DO $$
BEGIN
  IF to_regclass('public.question_competencies') IS NOT NULL THEN
    DELETE FROM public.question_competencies qc
    USING public.questions q, public.exercises e
    WHERE qc.question_id = q.id
      AND q.exercise_id = e.id
      AND e.subject_id = 'math-5eme'
      AND e.source = 'admin';
  END IF;
END $$;

